mine_name,district,mineral_type,lease_area_ha,latitude,longitude,status
Mine_00001,Perambalur,Marble,52.67,11.292622,76.702084,Closed
Mine_00002,Namakkal,Sand,80.45,11.306133,79.186327,Active
Mine_00003,Salem,Salt,9.55,9.000037,76.82532,Active
Mine_00004,Theni,Limestone,22.62,9.60176,78.753338,Active
Mine_00005,Dindigul,Salt,18.25,10.508385,79.533292,Active
Mine_00006,Namakkal,Marble,35.9,8.255477,78.733952,Active
Mine_00007,Karur,Sand,114.03,11.098085,77.734374,Active
Mine_00008,Salem,Marble,45.99,11.354982,79.749377,Active
Mine_00009,Dharmapuri,Silica Sand,8.05,12.154488,77.913201,Active
Mine_00010,Dindigul,Marble,139.71,12.263231,80.227745,Active
Mine_00011,Vellore,Silica Sand,15.81,11.137442,78.343754,Active
Mine_00012,Ariyalur,Sandstone,12.66,12.558056,77.60539,Active
Mine_00013,Virudhunagar,Granite,7.23,8.086,77.905307,Active
Mine_00014,Krishnagiri,Marble,1.0,9.093633,79.201039,Active
Mine_00015,Dharmapuri,Granite,104.31,11.580924,80.117319,Active
Mine_00016,Karur,Salt,4.01,10.0395,79.009786,Active
Mine_00017,Tiruvannamalai,Iron Ore,12.85,11.086839,77.723171,Active
Mine_00018,Tirunelveli,Silica Sand,51.17,9.297917,77.152307,Active
Mine_00019,Karur,Sand,1.03,8.593403,76.141431,Active
Mine_00020,Perambalur,Granite,28.42,12.991616,77.121815,Active
Mine_00021,Virudhunagar,Sand,10.39,8.42339,77.303882,Active
Mine_00022,Salem,Limestone,40.14,12.793033,79.616524,Active
Mine_00023,Theni,Marble,31.0,12.440921,80.032411,Active
Mine_00024,Perambalur,Silica Sand,10.35,10.349093,79.681066,Active
Mine_00025,Karur,Iron Ore,28.6,10.295761,76.999485,Active
Mine_00026,Namakkal,Limestone,114.52,9.777616,78.334558,Active
Mine_00027,Karur,Marble,142.71,13.29346,77.13302,Active
Mine_00028,Salem,Iron Ore,13.41,8.202878,78.74304,Active
Mine_00029,Salem,Marble,13.07,12.995462,77.078029,Active
Mine_00030,Salem,Sandstone,169.76,9.331304,79.02461,Active
Mine_00031,Madurai,Salt,52.11,10.022807,78.845376,Active
Mine_00032,Cuddalore,Silica Sand,3.79,12.594164,77.44351,Active
Mine_00033,Cuddalore,Salt,35.75,11.726604,76.074645,Active
Mine_00034,Dharmapuri,Sand,41.44,8.959015,79.10922,Active
Mine_00035,Perambalur,Limestone,45.04,12.043689,76.940822,Active
Mine_00036,Dindigul,Iron Ore,7.69,13.401926,78.324862,Active
Mine_00037,Coimbatore,Limestone,134.58,11.070614,79.971864,Closed
Mine_00038,Karur,Granite,51.78,12.934106,79.991889,Active
Mine_00039,Krishnagiri,Salt,109.73,12.319374,79.010447,Active
Mine_00040,Dharmapuri,Salt,43.57,8.027839,76.723636,Active
Mine_00041,Erode,Limestone,42.22,9.233481,79.204806,Active
Mine_00042,Krishnagiri,Silica Sand,54.89,11.572981,79.821505,Active
Mine_00043,Coimbatore,Salt,3.93,10.022437,77.193411,Active
Mine_00044,Tuticorin,Silica Sand,19.98,12.906256,78.840124,Closed
Mine_00045,Salem,Sandstone,34.41,10.708847,76.878593,Active
Mine_00046,Kanyakumari,Iron Ore,58.54,8.239821,80.475477,Active
Mine_00047,Tuticorin,Sandstone,55.09,13.241895,77.488376,Active
Mine_00048,Tuticorin,Sandstone,157.15,8.414404,77.375637,Active
Mine_00049,Krishnagiri,Salt,18.65,10.170803,79.798959,Active
Mine_00050,Dharmapuri,Salt,9.37,11.691289,77.613911,Active
Mine_00051,Dindigul,Limestone,75.53,8.751417,79.190099,Active
Mine_00052,Perambalur,Sandstone,21.77,9.409138,78.751812,Active
Mine_00053,Perambalur,Granite,8.64,8.390175,77.785527,Active
Mine_00054,Tuticorin,Marble,1.12,11.183757,77.973134,Active
Mine_00055,Namakkal,Granite,160.34,12.614134,79.871821,Active
Mine_00056,Coimbatore,Marble,14.45,10.953953,77.469931,Active
Mine_00057,Ariyalur,Sandstone,134.39,10.514958,79.789104,Active
Mine_00058,Tiruppur,Silica Sand,40.58,11.993502,80.391334,Active
Mine_00059,Dindigul,Silica Sand,20.35,10.384364,79.348192,Active
Mine_00060,Tiruvannamalai,Limestone,72.31,11.827858,77.840288,Closed
Mine_00061,Krishnagiri,Sand,31.87,11.930278,78.970888,Active
Mine_00062,Krishnagiri,Salt,42.81,10.396201,79.285177,Active
Mine_00063,Dharmapuri,Marble,6.91,8.660906,77.538459,Active
Mine_00064,Tiruvannamalai,Sand,77.37,11.870118,78.133782,Active
Mine_00065,Kanyakumari,Sandstone,7.61,10.386184,77.793271,Active
Mine_00066,Dindigul,Silica Sand,1.85,10.060369,78.81637,Active
Mine_00067,Krishnagiri,Salt,7.11,8.388128,78.890887,Active
Mine_00068,Coimbatore,Marble,112.69,11.165108,77.746765,Active
Mine_00069,Krishnagiri,Granite,68.73,11.442668,79.691921,Active
Mine_00070,Ariyalur,Limestone,12.81,9.18024,77.697666,Active
Mine_00071,Namakkal,Limestone,2.95,9.754366,79.801939,Active
Mine_00072,Salem,Iron Ore,5.03,11.832054,78.830243,Active
Mine_00073,Vellore,Granite,13.25,8.975917,79.377766,Active
Mine_00074,Dharmapuri,Granite,5.46,9.37509,78.612448,Active
Mine_00075,Tiruvannamalai,Marble,55.59,12.149986,76.464057,Active
Mine_00076,Coimbatore,Granite,70.05,9.760273,80.029855,Active
Mine_00077,Coimbatore,Marble,94.32,8.502077,77.436911,Active
Mine_00078,Tuticorin,Sand,34.08,11.475105,78.018005,Closed
Mine_00079,Dharmapuri,Marble,44.65,12.13806,79.562106,Active
Mine_00080,Perambalur,Sandstone,146.37,13.477622,76.25142,Closed
Mine_00081,Dharmapuri,Sand,48.94,13.327586,79.096135,Active
Mine_00082,Theni,Granite,3.51,11.85533,76.327434,Active
Mine_00083,Erode,Iron Ore,3.39,8.466607,80.439878,Active
Mine_00084,Kanyakumari,Sandstone,67.02,13.209867,80.437005,Active
Mine_00085,Vellore,Marble,3.49,12.274308,78.512819,Active
Mine_00086,Dindigul,Limestone,22.8,9.395252,77.823409,Active
Mine_00087,Tiruppur,Marble,69.22,12.093164,79.064677,Active
Mine_00088,Coimbatore,Granite,10.12,13.297724,76.054695,Active
Mine_00089,Virudhunagar,Sandstone,1.77,13.085538,80.136021,Active
Mine_00090,Vellore,Iron Ore,3.14,8.914185,76.975641,Active
Mine_00091,Tirunelveli,Sand,47.75,10.11311,79.316953,Closed
Mine_00092,Madurai,Marble,2.38,10.16987,76.480402,Closed
Mine_00093,Ariyalur,Limestone,24.92,9.943437,78.626453,Active
Mine_00094,Tiruvannamalai,Granite,24.15,8.177738,77.258936,Active
Mine_00095,Tiruppur,Sandstone,7.1,13.0101,79.701418,Active
Mine_00096,Erode,Iron Ore,38.02,10.300337,80.197278,Active
Mine_00097,Erode,Iron Ore,1.07,10.070549,79.64749,Active
Mine_00098,Tirunelveli,Granite,55.38,10.161442,79.731239,Active
Mine_00099,Coimbatore,Sandstone,1.5,8.736187,76.061524,Active
Mine_00100,Cuddalore,Marble,326.9,13.481503,78.499443,Active
Mine_00101,Tiruvannamalai,Sandstone,75.79,9.360415,78.027449,Closed
Mine_00102,Tuticorin,Granite,37.27,9.257535,79.022653,Closed
Mine_00103,Salem,Marble,1.0,10.739909,78.142948,Active
Mine_00104,Dharmapuri,Iron Ore,67.8,13.323856,76.397837,Active
Mine_00105,Coimbatore,Salt,21.83,12.315675,78.877126,Active
Mine_00106,Madurai,Iron Ore,38.42,13.392545,78.736395,Closed
Mine_00107,Erode,Silica Sand,3.82,11.995184,78.463508,Active
Mine_00108,Krishnagiri,Salt,14.15,10.879813,79.139388,Closed
Mine_00109,Vellore,Limestone,27.1,9.420344,78.066111,Closed
Mine_00110,Salem,Silica Sand,15.94,11.483705,77.080655,Active
Mine_00111,Namakkal,Sand,5.48,8.835465,76.624722,Active
Mine_00112,Ariyalur,Marble,16.97,12.932336,78.132827,Active
Mine_00113,Erode,Sandstone,1.67,8.929143,77.253657,Active
Mine_00114,Cuddalore,Granite,17.6,12.918195,76.579368,Active
Mine_00115,Virudhunagar,Iron Ore,64.26,11.453452,76.367916,Active
Mine_00116,Madurai,Sand,1.0,12.775656,76.380327,Active
Mine_00117,Dharmapuri,Sandstone,30.77,13.08223,77.062524,Closed
Mine_00118,Tuticorin,Salt,2.57,8.812565,76.599026,Active
Mine_00119,Dharmapuri,Sand,55.39,8.167597,79.902467,Active
Mine_00120,Cuddalore,Iron Ore,4.43,12.055729,76.820277,Active
Mine_00121,Perambalur,Granite,3.74,10.944346,77.049474,Active
Mine_00122,Virudhunagar,Marble,17.55,11.568526,78.158119,Active
Mine_00123,Vellore,Sand,32.63,11.225945,78.540063,Active
Mine_00124,Dindigul,Granite,91.96,11.341554,77.099589,Active
Mine_00125,Virudhunagar,Silica Sand,10.83,8.559804,76.687866,Active
Mine_00126,Kanyakumari,Marble,3.68,12.432257,76.250441,Active
Mine_00127,Karur,Sand,1.0,11.833288,80.48765,Active
Mine_00128,Cuddalore,Limestone,99.75,8.02915,80.387802,Active
Mine_00129,Cuddalore,Iron Ore,50.7,10.942702,78.144788,Active
Mine_00130,Virudhunagar,Marble,137.67,11.910239,76.897781,Active
Mine_00131,Tiruppur,Granite,49.13,12.222787,76.392806,Active
Mine_00132,Madurai,Sand,30.42,8.285029,77.514719,Active
Mine_00133,Dindigul,Sandstone,184.05,9.772946,79.644435,Active
Mine_00134,Krishnagiri,Sand,57.12,11.276013,78.122093,Active
Mine_00135,Dharmapuri,Silica Sand,76.08,12.10286,77.838332,Active
Mine_00136,Madurai,Granite,19.07,13.095472,79.247184,Active
Mine_00137,Ariyalur,Iron Ore,9.01,8.900108,76.739196,Active
Mine_00138,Tiruvannamalai,Iron Ore,29.62,9.973568,79.947402,Active
Mine_00139,Erode,Salt,50.04,12.948171,78.808457,Active
Mine_00140,Krishnagiri,Sand,34.46,9.954493,77.761669,Active
Mine_00141,Salem,Silica Sand,10.4,10.985671,77.941877,Active
Mine_00142,Dharmapuri,Sand,47.33,8.917019,79.953831,Active
Mine_00143,Krishnagiri,Marble,34.05,13.487309,79.385814,Active
Mine_00144,Tiruvannamalai,Iron Ore,1.36,11.134393,79.431064,Active
Mine_00145,Dindigul,Granite,30.76,10.083519,78.056501,Active
Mine_00146,Tiruppur,Salt,31.05,10.674966,77.840298,Active
Mine_00147,Virudhunagar,Limestone,36.5,11.110296,79.222806,Active
Mine_00148,Tiruvannamalai,Marble,95.64,11.208655,77.803831,Active
Mine_00149,Tirunelveli,Limestone,6.66,11.224264,78.276499,Closed
Mine_00150,Krishnagiri,Sand,35.95,8.56217,80.134377,Active
Mine_00151,Tiruvannamalai,Salt,42.15,12.241857,77.684959,Active
Mine_00152,Karur,Silica Sand,4.4,12.622418,80.098088,Active
Mine_00153,Krishnagiri,Silica Sand,7.24,9.024765,79.768709,Active
Mine_00154,Krishnagiri,Sand,10.32,11.343419,77.706876,Active
Mine_00155,Karur,Limestone,1.0,9.834245,77.791759,Active
Mine_00156,Madurai,Silica Sand,17.04,12.056257,78.034981,Active
Mine_00157,Madurai,Iron Ore,6.07,8.970128,78.242655,Active
Mine_00158,Cuddalore,Sandstone,18.0,11.193236,78.845189,Closed
Mine_00159,Erode,Sandstone,148.43,10.524439,78.507874,Active
Mine_00160,Ariyalur,Granite,14.84,10.18525,77.92055,Active
Mine_00161,Namakkal,Silica Sand,8.46,8.201023,78.124301,Active
Mine_00162,Ariyalur,Iron Ore,59.76,10.493089,78.359756,Active
Mine_00163,Coimbatore,Limestone,57.99,8.566398,77.504633,Active
Mine_00164,Perambalur,Iron Ore,12.63,11.541997,77.839304,Active
Mine_00165,Erode,Sand,1.1,9.220847,77.039837,Active
Mine_00166,Ariyalur,Silica Sand,33.71,12.881033,78.505247,Active
Mine_00167,Ariyalur,Limestone,179.42,11.317586,79.630826,Active
Mine_00168,Kanyakumari,Marble,6.08,10.235158,77.457955,Closed
Mine_00169,Erode,Sand,53.26,12.664705,76.552496,Active
Mine_00170,Namakkal,Marble,48.69,13.008432,78.811426,Active
Mine_00171,Madurai,Limestone,18.04,8.188255,79.737945,Active
Mine_00172,Tiruvannamalai,Silica Sand,18.02,12.735874,76.987797,Active
Mine_00173,Theni,Salt,33.37,13.41952,78.119795,Active
Mine_00174,Coimbatore,Limestone,12.52,10.978988,78.850652,Active
Mine_00175,Perambalur,Granite,72.06,13.414212,78.365606,Active
Mine_00176,Virudhunagar,Limestone,1.0,13.028643,76.52988,Active
Mine_00177,Vellore,Granite,32.31,11.582812,79.733838,Active
Mine_00178,Dindigul,Silica Sand,92.11,12.806395,78.688359,Active
Mine_00179,Theni,Sandstone,7.71,13.029266,77.884467,Active
Mine_00180,Tuticorin,Salt,127.41,9.01404,76.406516,Active
Mine_00181,Namakkal,Limestone,72.58,10.404564,80.119812,Active
Mine_00182,Perambalur,Salt,25.85,11.650191,80.215734,Active
Mine_00183,Tiruvannamalai,Salt,1.27,9.442452,78.677851,Active
Mine_00184,Madurai,Granite,36.34,9.838341,79.469105,Active
Mine_00185,Karur,Granite,21.3,11.877091,78.692287,Active
Mine_00186,Perambalur,Iron Ore,64.26,11.820831,77.224653,Active
Mine_00187,Salem,Marble,3.84,13.045225,76.615684,Active
Mine_00188,Dindigul,Granite,8.19,10.980455,79.928256,Active
Mine_00189,Ariyalur,Sand,43.01,11.807521,79.82138,Active
Mine_00190,Erode,Granite,47.26,8.283777,79.014629,Active
Mine_00191,Dindigul,Salt,7.97,11.123699,80.119697,Closed
Mine_00192,Tuticorin,Sand,14.12,13.084179,80.369762,Active
Mine_00193,Erode,Sand,74.46,9.755053,79.73012,Active
Mine_00194,Coimbatore,Silica Sand,10.46,8.663118,76.346289,Active
Mine_00195,Tiruvannamalai,Iron Ore,51.61,8.35946,77.418807,Active
Mine_00196,Coimbatore,Marble,15.35,11.442403,79.9869,Active
Mine_00197,Dindigul,Marble,1.0,12.785544,76.095712,Active
Mine_00198,Virudhunagar,Sandstone,107.88,8.385163,76.042684,Active
Mine_00199,Coimbatore,Sandstone,26.14,11.194165,77.222591,Active
Mine_00200,Dindigul,Silica Sand,21.88,12.056703,77.074497,Active
Mine_00201,Dharmapuri,Sandstone,13.54,9.629695,77.051235,Active
Mine_00202,Kanyakumari,Granite,1.85,8.602072,77.762336,Closed
Mine_00203,Vellore,Marble,63.98,9.424405,78.648494,Closed
Mine_00204,Perambalur,Salt,36.73,12.970482,80.451332,Active
Mine_00205,Perambalur,Marble,20.54,12.608042,77.037561,Active
Mine_00206,Namakkal,Sandstone,1.92,10.112498,76.165294,Active
Mine_00207,Dharmapuri,Salt,2.38,13.330064,79.977036,Active
Mine_00208,Dharmapuri,Marble,7.64,10.179331,79.412073,Closed
Mine_00209,Coimbatore,Salt,24.9,11.426156,79.365422,Active
Mine_00210,Karur,Marble,3.84,12.826035,77.1952,Active
Mine_00211,Karur,Iron Ore,79.26,12.452338,78.948589,Closed
Mine_00212,Tiruvannamalai,Iron Ore,21.0,10.049787,77.168892,Active
Mine_00213,Tiruvannamalai,Salt,3.38,9.211008,79.074664,Active
Mine_00214,Tiruvannamalai,Sandstone,27.34,10.643226,78.665835,Active
Mine_00215,Dharmapuri,Salt,31.39,12.754711,79.302595,Active
Mine_00216,Namakkal,Salt,76.04,12.770118,79.187633,Active
Mine_00217,Madurai,Sandstone,45.59,11.402363,79.387225,Active
Mine_00218,Perambalur,Sandstone,82.18,8.16086,79.716175,Active
Mine_00219,Dindigul,Salt,54.43,8.884179,79.680852,Active
Mine_00220,Tuticorin,Sandstone,1.0,9.57871,78.776171,Active
Mine_00221,Coimbatore,Granite,12.03,11.487031,78.429934,Active
Mine_00222,Dharmapuri,Salt,57.26,10.976966,80.333464,Active
Mine_00223,Tirunelveli,Silica Sand,62.2,8.955644,79.468843,Active
Mine_00224,Vellore,Iron Ore,58.96,11.897146,78.131082,Active
Mine_00225,Erode,Limestone,45.09,10.452771,78.914081,Closed
Mine_00226,Tiruppur,Sandstone,2.72,12.518321,77.673251,Active
Mine_00227,Namakkal,Iron Ore,23.62,9.504947,80.48706,Active
Mine_00228,Coimbatore,Iron Ore,7.15,12.371453,79.12157,Active
Mine_00229,Tiruppur,Salt,45.64,11.599812,77.229668,Active
Mine_00230,Coimbatore,Silica Sand,22.65,13.189888,77.888773,Active
Mine_00231,Tiruppur,Silica Sand,23.36,9.715736,77.443342,Active
Mine_00232,Cuddalore,Sand,8.94,12.774675,79.217158,Active
Mine_00233,Erode,Sand,31.34,8.875852,76.916656,Active
Mine_00234,Ariyalur,Sand,30.23,8.09824,79.58559,Active
Mine_00235,Theni,Sandstone,137.07,9.020024,78.079438,Closed
Mine_00236,Tuticorin,Sand,46.28,10.366682,76.902361,Active
Mine_00237,Salem,Salt,166.29,8.822694,78.090694,Active
Mine_00238,Erode,Silica Sand,51.19,11.613411,79.406767,Closed
Mine_00239,Cuddalore,Granite,26.2,8.577116,77.089203,Active
Mine_00240,Tuticorin,Salt,26.34,9.156923,77.557075,Active
Mine_00241,Ariyalur,Salt,3.01,10.938332,79.971401,Closed
Mine_00242,Krishnagiri,Sandstone,20.23,8.729937,78.553934,Active
Mine_00243,Tuticorin,Limestone,8.93,8.921154,76.470555,Active
Mine_00244,Madurai,Sandstone,1.28,13.149167,76.233871,Active
Mine_00245,Karur,Limestone,117.76,11.439176,79.525402,Closed
Mine_00246,Tirunelveli,Iron Ore,43.25,11.041508,78.688641,Active
Mine_00247,Dharmapuri,Sand,52.61,8.448965,76.271584,Active
Mine_00248,Theni,Sandstone,38.26,9.809596,78.115822,Active
Mine_00249,Virudhunagar,Salt,22.74,8.240139,76.727526,Active
Mine_00250,Cuddalore,Limestone,16.16,10.983632,78.219746,Active
Mine_00251,Dindigul,Iron Ore,3.0,8.168589,77.159573,Active
Mine_00252,Theni,Granite,51.96,12.084886,77.91472,Active
Mine_00253,Vellore,Marble,175.76,8.220601,79.901642,Active
Mine_00254,Karur,Marble,20.14,11.334038,78.689756,Active
Mine_00255,Vellore,Silica Sand,193.8,9.5612,77.61618,Active
Mine_00256,Dharmapuri,Sandstone,72.32,9.296857,79.492001,Active
Mine_00257,Vellore,Salt,40.05,10.050668,78.306768,Active
Mine_00258,Tiruvannamalai,Sandstone,22.99,8.535664,77.822594,Active
Mine_00259,Tuticorin,Salt,43.46,8.523938,78.934555,Active
Mine_00260,Salem,Iron Ore,15.73,12.254102,76.588931,Active
Mine_00261,Virudhunagar,Sand,10.77,8.404232,76.763911,Active
Mine_00262,Dindigul,Sandstone,70.62,10.369881,77.119214,Active
Mine_00263,Madurai,Marble,7.31,8.921906,76.165021,Active
Mine_00264,Tiruvannamalai,Sand,25.75,12.642937,79.625516,Active
Mine_00265,Tirunelveli,Sand,31.05,8.188033,80.440118,Active
Mine_00266,Karur,Sand,2.12,11.520016,77.011155,Active
Mine_00267,Tiruvannamalai,Sandstone,4.36,11.215689,79.096935,Active
Mine_00268,Tiruppur,Sandstone,46.33,8.095589,77.454088,Active
Mine_00269,Perambalur,Sand,29.5,9.884594,78.395102,Active
Mine_00270,Virudhunagar,Marble,9.02,11.703878,80.364604,Active
Mine_00271,Krishnagiri,Sand,23.46,12.774782,76.797174,Active
Mine_00272,Salem,Granite,115.74,11.757864,78.237286,Active
Mine_00273,Coimbatore,Limestone,33.82,8.167129,80.189269,Active
Mine_00274,Tuticorin,Marble,9.72,11.62387,77.77239,Active
Mine_00275,Tiruvannamalai,Granite,42.9,13.496775,76.216954,Active
Mine_00276,Karur,Granite,81.84,12.30312,78.551573,Active
Mine_00277,Karur,Iron Ore,20.71,9.798682,79.00417,Active
Mine_00278,Cuddalore,Limestone,63.94,10.395708,79.680254,Active
Mine_00279,Perambalur,Granite,39.79,11.354075,78.535475,Active
Mine_00280,Namakkal,Marble,36.3,11.001278,77.999888,Active
Mine_00281,Cuddalore,Limestone,7.38,11.534168,79.417049,Active
Mine_00282,Karur,Iron Ore,121.03,12.65942,80.114064,Active
Mine_00283,Theni,Sandstone,34.72,10.934814,78.735573,Active
Mine_00284,Kanyakumari,Sand,50.65,13.25538,76.082047,Active
Mine_00285,Madurai,Sand,2.96,13.25063,78.946119,Active
Mine_00286,Namakkal,Sand,26.09,9.070071,76.748492,Active
Mine_00287,Vellore,Salt,44.36,13.112832,78.395171,Active
Mine_00288,Ariyalur,Salt,50.58,10.199479,80.395264,Active
Mine_00289,Madurai,Sand,8.01,10.888399,79.190708,Active
Mine_00290,Coimbatore,Limestone,99.92,10.334901,76.391675,Active
Mine_00291,Krishnagiri,Marble,40.11,13.232718,78.707253,Active
Mine_00292,Karur,Limestone,37.77,10.260657,79.779376,Active
Mine_00293,Ariyalur,Salt,10.81,12.29289,77.236627,Active
Mine_00294,Namakkal,Marble,44.05,8.525444,78.807367,Active
Mine_00295,Krishnagiri,Sand,7.36,12.052806,79.882587,Active
Mine_00296,Coimbatore,Silica Sand,41.09,11.339017,78.460138,Active
Mine_00297,Dindigul,Granite,36.1,10.732218,80.445035,Active
Mine_00298,Dharmapuri,Sand,20.72,10.355098,79.22919,Active
Mine_00299,Coimbatore,Iron Ore,5.5,8.572603,79.259525,Closed
Mine_00300,Dindigul,Salt,3.31,8.47112,80.023859,Active
Mine_00301,Dharmapuri,Granite,10.28,9.95248,76.312407,Active
Mine_00302,Coimbatore,Marble,64.45,9.285416,78.430054,Active
Mine_00303,Cuddalore,Salt,30.45,9.783836,77.498509,Active
Mine_00304,Cuddalore,Limestone,43.37,11.067809,79.287927,Closed
Mine_00305,Tiruppur,Salt,3.72,13.289162,78.85732,Active
Mine_00306,Tirunelveli,Granite,21.07,10.32479,79.698129,Active
Mine_00307,Theni,Granite,159.03,10.611876,77.721368,Active
Mine_00308,Namakkal,Salt,53.45,12.227299,77.096455,Active
Mine_00309,Tiruppur,Silica Sand,62.03,12.755774,78.738189,Active
Mine_00310,Theni,Silica Sand,2.61,8.64707,77.023108,Active
Mine_00311,Virudhunagar,Limestone,17.01,9.314804,78.293759,Active
Mine_00312,Dharmapuri,Marble,114.16,12.803352,76.727939,Active
Mine_00313,Madurai,Sand,76.27,9.146808,80.187678,Closed
Mine_00314,Dindigul,Silica Sand,19.16,12.828859,79.906255,Active
Mine_00315,Cuddalore,Iron Ore,14.54,8.445056,77.813411,Active
Mine_00316,Salem,Iron Ore,16.99,13.365856,78.884374,Active
Mine_00317,Salem,Granite,15.06,11.33504,76.626391,Active
Mine_00318,Kanyakumari,Silica Sand,15.28,13.240386,79.713403,Active
Mine_00319,Virudhunagar,Sandstone,26.02,10.783592,77.046481,Active
Mine_00320,Virudhunagar,Marble,5.21,11.268599,80.214021,Active
Mine_00321,Tiruppur,Limestone,76.27,8.001829,76.079595,Active
Mine_00322,Salem,Marble,19.54,11.104426,76.863021,Active
Mine_00323,Salem,Silica Sand,2.38,11.822694,80.426555,Closed
Mine_00324,Namakkal,Granite,5.18,9.668013,76.454706,Active
Mine_00325,Kanyakumari,Salt,28.49,13.481833,79.662866,Active
Mine_00326,Perambalur,Marble,39.12,10.898728,77.917375,Active
Mine_00327,Tiruvannamalai,Marble,42.46,9.948299,78.364771,Active
Mine_00328,Tuticorin,Sand,58.67,8.060672,77.872693,Active
Mine_00329,Cuddalore,Sand,45.7,9.043322,78.785267,Active
Mine_00330,Virudhunagar,Sandstone,39.69,9.09371,76.290775,Active
Mine_00331,Vellore,Granite,31.76,10.499075,79.799607,Active
Mine_00332,Vellore,Limestone,53.48,10.6181,77.691497,Active
Mine_00333,Tiruppur,Sandstone,61.49,12.906466,80.299006,Active
Mine_00334,Coimbatore,Salt,46.61,10.406817,77.146018,Active
Mine_00335,Dindigul,Limestone,92.81,10.538126,78.867407,Active
Mine_00336,Salem,Salt,40.5,11.376635,76.299934,Active
Mine_00337,Virudhunagar,Iron Ore,177.84,10.438002,76.215239,Active
Mine_00338,Ariyalur,Granite,43.04,12.411718,76.474154,Active
Mine_00339,Coimbatore,Sandstone,19.61,10.540708,80.462148,Active
Mine_00340,Tiruppur,Sand,61.27,9.951627,77.854589,Closed
Mine_00341,Tiruvannamalai,Silica Sand,2.85,10.333633,76.371779,Active
Mine_00342,Kanyakumari,Marble,61.02,9.253133,80.391959,Active
Mine_00343,Tirunelveli,Limestone,11.8,9.433923,76.311644,Active
Mine_00344,Erode,Limestone,13.86,13.389837,78.708467,Active
Mine_00345,Kanyakumari,Salt,6.81,8.240546,76.498636,Active
Mine_00346,Erode,Sand,18.86,11.025506,77.748938,Active
Mine_00347,Erode,Silica Sand,105.42,11.717903,78.232215,Active
Mine_00348,Coimbatore,Salt,44.52,9.743074,79.956709,Closed
Mine_00349,Theni,Granite,40.43,9.215849,80.402788,Active
Mine_00350,Tuticorin,Salt,7.97,8.29622,77.440269,Active
Mine_00351,Madurai,Granite,1.77,8.906481,76.592779,Closed
Mine_00352,Tirunelveli,Marble,9.61,10.78219,79.783164,Active
Mine_00353,Virudhunagar,Silica Sand,35.7,10.795983,77.338968,Active
Mine_00354,Namakkal,Sand,82.64,11.499602,79.425047,Active
Mine_00355,Tirunelveli,Salt,1.0,9.356734,79.269078,Active
Mine_00356,Krishnagiri,Marble,20.53,12.40039,76.91816,Active
Mine_00357,Dindigul,Sandstone,38.28,9.034136,77.599231,Active
Mine_00358,Virudhunagar,Granite,1.0,12.185449,76.158901,Active
Mine_00359,Coimbatore,Silica Sand,126.87,10.023674,77.471192,Active
Mine_00360,Namakkal,Sand,83.71,13.479839,77.657393,Active
Mine_00361,Vellore,Marble,9.8,8.758026,78.983689,Active
Mine_00362,Ariyalur,Sand,38.66,9.955212,79.573888,Active
Mine_00363,Tiruppur,Granite,26.23,11.53279,76.291841,Active
Mine_00364,Kanyakumari,Limestone,32.9,11.319182,79.044106,Active
Mine_00365,Erode,Iron Ore,69.73,10.740406,76.346762,Active
Mine_00366,Virudhunagar,Marble,49.2,12.337382,78.327711,Active
Mine_00367,Kanyakumari,Sandstone,15.91,10.387107,76.398702,Active
Mine_00368,Tiruppur,Granite,53.22,13.490911,80.19901,Active
Mine_00369,Virudhunagar,Granite,40.44,12.321084,76.532513,Active
Mine_00370,Cuddalore,Sand,19.37,11.145297,78.644962,Active
Mine_00371,Tiruppur,Sandstone,7.23,11.851386,78.636146,Closed
Mine_00372,Virudhunagar,Silica Sand,14.19,13.173736,77.166835,Active
Mine_00373,Tuticorin,Limestone,73.79,9.023558,79.611895,Active
Mine_00374,Dindigul,Salt,5.73,8.443308,79.275727,Active
Mine_00375,Erode,Iron Ore,52.3,12.210321,76.715087,Active
Mine_00376,Theni,Marble,102.36,10.596332,76.060312,Active
Mine_00377,Theni,Limestone,12.14,9.358383,80.078146,Active
Mine_00378,Dindigul,Salt,22.41,12.646342,77.206626,Active
Mine_00379,Karur,Sandstone,1.9,11.408347,78.528968,Active
Mine_00380,Vellore,Limestone,17.07,12.949083,76.098205,Active
Mine_00381,Madurai,Marble,85.53,10.163963,79.725408,Active
Mine_00382,Tuticorin,Granite,155.59,8.797308,79.263201,Active
Mine_00383,Tiruvannamalai,Salt,14.77,13.208698,80.353103,Active
Mine_00384,Karur,Granite,10.21,9.380317,79.827772,Active
Mine_00385,Krishnagiri,Granite,10.32,10.221878,78.441456,Closed
Mine_00386,Perambalur,Silica Sand,37.96,9.243809,79.811134,Active
Mine_00387,Dindigul,Sandstone,43.65,9.188497,76.439031,Active
Mine_00388,Kanyakumari,Salt,55.34,9.598232,79.541366,Active
Mine_00389,Cuddalore,Marble,152.78,12.366943,78.237652,Active
Mine_00390,Perambalur,Sandstone,16.03,12.162133,78.337236,Active
Mine_00391,Ariyalur,Sandstone,7.05,9.405213,80.259871,Active
Mine_00392,Ariyalur,Limestone,32.66,11.038825,76.423684,Active
Mine_00393,Dharmapuri,Salt,19.82,12.390893,77.673697,Active
Mine_00394,Erode,Iron Ore,133.5,9.120716,78.354983,Active
Mine_00395,Karur,Marble,14.98,11.534711,76.881284,Active
Mine_00396,Tuticorin,Salt,23.74,11.068011,76.747154,Active
Mine_00397,Kanyakumari,Iron Ore,90.99,8.928698,78.28173,Active
Mine_00398,Krishnagiri,Sand,89.77,11.598609,76.684469,Active
Mine_00399,Vellore,Silica Sand,3.49,12.85329,79.616216,Active
Mine_00400,Tuticorin,Sand,21.63,13.412607,79.00564,Closed
Mine_00401,Virudhunagar,Limestone,85.46,10.351193,76.73005,Active
Mine_00402,Tiruvannamalai,Granite,1.19,12.526271,76.943888,Active
Mine_00403,Tiruvannamalai,Iron Ore,78.13,12.504849,78.433572,Active
Mine_00404,Namakkal,Marble,25.48,12.519003,78.066693,Active
Mine_00405,Salem,Silica Sand,16.33,8.955689,79.204063,Active
Mine_00406,Krishnagiri,Sandstone,94.31,12.068192,76.860672,Active
Mine_00407,Madurai,Granite,34.44,12.05938,79.627881,Active
Mine_00408,Tirunelveli,Iron Ore,5.4,11.718977,77.462968,Active
Mine_00409,Ariyalur,Salt,7.69,12.706555,77.022308,Active
Mine_00410,Ariyalur,Sand,41.19,11.817828,78.306946,Active
Mine_00411,Cuddalore,Sand,1.35,9.671705,78.939233,Active
Mine_00412,Tuticorin,Marble,58.11,12.33646,78.992432,Active
Mine_00413,Erode,Iron Ore,44.44,11.082423,76.499453,Closed
Mine_00414,Tuticorin,Silica Sand,19.23,8.708668,77.857425,Active
Mine_00415,Tuticorin,Iron Ore,1.72,12.069473,80.131344,Active
Mine_00416,Kanyakumari,Granite,96.66,12.14679,79.62208,Active
Mine_00417,Tiruppur,Sandstone,51.88,9.676131,79.732276,Closed
Mine_00418,Namakkal,Sand,9.86,8.66136,76.307534,Active
Mine_00419,Coimbatore,Silica Sand,33.5,9.561056,79.710407,Active
Mine_00420,Dharmapuri,Granite,54.38,8.264786,80.063027,Active
Mine_00421,Ariyalur,Limestone,35.98,12.907664,76.833986,Active
Mine_00422,Kanyakumari,Sandstone,13.44,10.360504,77.204995,Active
Mine_00423,Tuticorin,Limestone,43.01,9.38769,76.991014,Active
Mine_00424,Theni,Granite,29.8,8.179551,79.908482,Active
Mine_00425,Salem,Salt,1.02,11.819478,76.369932,Closed
Mine_00426,Theni,Silica Sand,36.84,12.908878,77.99521,Active
Mine_00427,Ariyalur,Sandstone,35.83,11.864486,77.068451,Active
Mine_00428,Perambalur,Marble,19.41,10.682169,78.935009,Active
Mine_00429,Salem,Salt,54.44,10.784463,78.853468,Active
Mine_00430,Cuddalore,Silica Sand,17.97,10.598713,76.205419,Active
Mine_00431,Ariyalur,Iron Ore,142.36,9.822409,78.169185,Active
Mine_00432,Ariyalur,Silica Sand,13.18,9.138459,78.324577,Active
Mine_00433,Cuddalore,Granite,9.89,8.201967,76.486116,Active
Mine_00434,Perambalur,Sandstone,9.86,10.182383,76.199745,Active
Mine_00435,Karur,Granite,13.39,12.500137,78.392198,Active
Mine_00436,Perambalur,Sand,27.21,11.862423,80.467676,Active
Mine_00437,Virudhunagar,Sand,20.07,10.320055,77.849595,Active
Mine_00438,Ariyalur,Sandstone,37.45,9.70155,79.707057,Active
Mine_00439,Perambalur,Marble,1.0,11.500208,76.230109,Active
Mine_00440,Virudhunagar,Sand,37.03,11.776245,76.515194,Active
Mine_00441,Krishnagiri,Sand,3.87,11.279768,78.473126,Active
Mine_00442,Coimbatore,Granite,15.49,12.124179,77.857039,Active
Mine_00443,Karur,Limestone,36.02,8.055722,78.862432,Active
Mine_00444,Karur,Granite,7.54,11.508324,79.334416,Active
Mine_00445,Cuddalore,Iron Ore,6.13,8.064386,77.899154,Active
Mine_00446,Dharmapuri,Iron Ore,34.43,8.240565,76.553515,Active
Mine_00447,Coimbatore,Sand,52.25,11.587604,79.80522,Active
Mine_00448,Madurai,Limestone,3.23,10.983939,79.877841,Active
Mine_00449,Theni,Limestone,23.92,11.185965,79.41708,Active
Mine_00450,Ariyalur,Iron Ore,18.56,11.305908,79.175136,Active
Mine_00451,Krishnagiri,Salt,7.3,10.367911,76.641674,Active
Mine_00452,Krishnagiri,Granite,16.61,10.844817,77.705096,Closed
Mine_00453,Dharmapuri,Iron Ore,62.75,11.277939,76.45567,Active
Mine_00454,Tiruvannamalai,Salt,9.83,13.434198,78.043007,Active
Mine_00455,Vellore,Granite,26.59,8.151452,78.274548,Active
Mine_00456,Madurai,Sandstone,1.59,8.170257,77.74594,Active
Mine_00457,Dindigul,Iron Ore,56.46,10.521877,77.301601,Active
Mine_00458,Tiruvannamalai,Limestone,124.87,9.726817,79.997817,Active
Mine_00459,Vellore,Limestone,165.44,9.58623,80.32511,Active
Mine_00460,Tiruppur,Granite,16.64,10.977742,76.693653,Active
Mine_00461,Coimbatore,Sandstone,57.4,12.585075,77.981986,Active
Mine_00462,Dindigul,Limestone,8.66,8.317062,77.541016,Active
Mine_00463,Theni,Sandstone,32.63,9.910024,78.612104,Closed
Mine_00464,Dharmapuri,Sandstone,26.85,10.209783,80.472318,Active
Mine_00465,Erode,Salt,62.91,10.53795,79.288681,Active
Mine_00466,Ariyalur,Marble,49.64,12.988185,76.595676,Active
Mine_00467,Salem,Iron Ore,24.53,8.208899,79.35637,Active
Mine_00468,Perambalur,Marble,45.67,10.567301,76.155076,Active
Mine_00469,Cuddalore,Granite,28.77,8.515198,79.395795,Closed
Mine_00470,Cuddalore,Sand,27.05,10.873443,78.532203,Active
Mine_00471,Tirunelveli,Iron Ore,27.12,11.175035,79.895097,Active
Mine_00472,Tuticorin,Iron Ore,70.3,12.204903,78.58088,Active
Mine_00473,Virudhunagar,Iron Ore,4.63,12.696791,77.976174,Active
Mine_00474,Coimbatore,Granite,2.58,12.859056,78.017436,Active
Mine_00475,Virudhunagar,Sand,104.35,8.105139,78.145796,Active
Mine_00476,Madurai,Iron Ore,5.77,9.646676,77.61422,Active
Mine_00477,Salem,Granite,9.46,13.265964,76.039885,Active
Mine_00478,Namakkal,Limestone,70.52,9.620407,76.064419,Active
Mine_00479,Krishnagiri,Marble,53.96,8.785677,79.390426,Active
Mine_00480,Tiruvannamalai,Marble,58.12,12.652568,78.761219,Active
Mine_00481,Ariyalur,Sand,3.23,10.241487,77.831979,Active
Mine_00482,Cuddalore,Iron Ore,4.71,12.445294,80.264596,Active
Mine_00483,Salem,Sandstone,29.57,9.647611,76.345879,Closed
Mine_00484,Salem,Limestone,26.02,8.798581,79.195495,Active
Mine_00485,Tirunelveli,Sand,13.2,12.419155,80.181526,Active
Mine_00486,Perambalur,Sandstone,31.85,9.206007,76.151511,Active
Mine_00487,Namakkal,Sandstone,57.02,9.033136,79.239062,Active
Mine_00488,Dindigul,Limestone,32.36,11.504,78.368253,Active
Mine_00489,Erode,Marble,14.45,9.594836,78.5348,Active
Mine_00490,Vellore,Sandstone,51.01,10.207951,76.713809,Closed
Mine_00491,Salem,Limestone,51.17,9.493509,77.81101,Active
Mine_00492,Coimbatore,Limestone,50.22,11.264172,80.03077,Active
Mine_00493,Erode,Salt,11.34,12.074972,77.423216,Active
Mine_00494,Madurai,Granite,12.61,12.634915,77.410066,Active
Mine_00495,Vellore,Limestone,22.75,13.004687,77.697931,Active
Mine_00496,Theni,Iron Ore,46.46,10.715977,77.74442,Active
Mine_00497,Dindigul,Sand,49.94,11.66512,80.347214,Active
Mine_00498,Theni,Iron Ore,48.5,9.639287,76.474142,Closed
Mine_00499,Namakkal,Iron Ore,1.98,9.980278,80.305599,Active
Mine_00500,Karur,Iron Ore,9.37,10.027889,77.66416,Active
Mine_00501,Perambalur,Granite,32.12,10.286886,79.238442,Active
Mine_00502,Karur,Granite,52.45,11.562422,79.583083,Active
Mine_00503,Virudhunagar,Sandstone,5.88,11.584019,79.323689,Active
Mine_00504,Cuddalore,Marble,45.85,10.574848,78.606289,Active
Mine_00505,Madurai,Iron Ore,69.33,12.301084,78.447126,Active
Mine_00506,Tirunelveli,Sandstone,11.08,13.010878,79.772194,Active
Mine_00507,Coimbatore,Marble,1.28,12.049102,77.486093,Closed
Mine_00508,Theni,Silica Sand,51.62,12.827059,76.187456,Active
Mine_00509,Cuddalore,Granite,59.49,12.251068,78.345832,Active
Mine_00510,Theni,Iron Ore,3.18,10.104192,77.654801,Active
Mine_00511,Tiruvannamalai,Silica Sand,16.14,9.87992,79.32562,Active
Mine_00512,Perambalur,Marble,33.82,11.124509,78.983533,Active
Mine_00513,Virudhunagar,Sand,45.03,11.008298,79.733934,Active
Mine_00514,Ariyalur,Sandstone,14.43,8.361322,77.027059,Active
Mine_00515,Salem,Limestone,55.04,10.605954,76.2603,Active
Mine_00516,Ariyalur,Granite,30.26,11.580265,78.90066,Active
Mine_00517,Karur,Granite,8.72,8.774416,78.800861,Active
Mine_00518,Dindigul,Iron Ore,6.36,12.461181,78.861796,Active
Mine_00519,Tirunelveli,Sand,12.04,9.898557,80.128686,Active
Mine_00520,Tirunelveli,Sand,2.57,8.810167,76.035287,Active
Mine_00521,Tiruppur,Granite,5.77,13.268638,78.383469,Active
Mine_00522,Tirunelveli,Salt,45.53,8.419316,77.236167,Active
Mine_00523,Erode,Silica Sand,22.68,8.24145,76.745874,Active
Mine_00524,Ariyalur,Marble,44.88,8.753495,80.477416,Active
Mine_00525,Erode,Iron Ore,43.05,8.598913,78.864424,Active
Mine_00526,Kanyakumari,Salt,158.84,11.132469,77.167938,Active
Mine_00527,Erode,Iron Ore,9.63,8.071663,76.063855,Active
Mine_00528,Theni,Iron Ore,17.54,11.840711,77.778427,Active
Mine_00529,Kanyakumari,Limestone,19.96,12.69822,79.478901,Closed
Mine_00530,Vellore,Sand,24.52,12.297419,80.320755,Active
Mine_00531,Erode,Silica Sand,36.96,12.594743,79.529894,Active
Mine_00532,Dindigul,Sand,10.05,9.769185,79.816189,Active
Mine_00533,Ariyalur,Salt,22.39,8.160434,78.164006,Active
Mine_00534,Virudhunagar,Sandstone,13.64,10.188101,80.13789,Active
Mine_00535,Namakkal,Granite,57.25,10.044482,77.766062,Active
Mine_00536,Dharmapuri,Iron Ore,34.43,9.964166,79.543971,Closed
Mine_00537,Tiruppur,Sandstone,17.76,11.611471,77.081795,Active
Mine_00538,Virudhunagar,Marble,28.21,9.21469,76.175185,Active
Mine_00539,Krishnagiri,Granite,45.52,9.236896,77.941213,Active
Mine_00540,Madurai,Salt,29.08,12.173269,77.271232,Active
Mine_00541,Perambalur,Sand,74.79,10.20518,79.433988,Closed
Mine_00542,Dindigul,Marble,9.16,11.251217,76.837612,Active
Mine_00543,Namakkal,Salt,9.28,8.391371,76.310534,Active
Mine_00544,Tirunelveli,Iron Ore,21.07,12.459832,79.761217,Active
Mine_00545,Vellore,Limestone,17.39,12.536333,78.320467,Active
Mine_00546,Coimbatore,Sand,13.7,13.120555,77.763208,Active
Mine_00547,Karur,Granite,2.53,9.991969,79.254077,Active
Mine_00548,Ariyalur,Sand,1.0,10.406151,79.972305,Active
Mine_00549,Tirunelveli,Marble,10.16,11.64676,79.338533,Closed
Mine_00550,Tiruvannamalai,Sandstone,14.43,9.789123,79.206796,Active
Mine_00551,Namakkal,Silica Sand,16.44,13.497492,77.82588,Active
Mine_00552,Kanyakumari,Salt,31.28,8.822808,77.713104,Active
Mine_00553,Dindigul,Limestone,12.53,10.84678,77.20981,Active
Mine_00554,Dindigul,Silica Sand,36.81,9.63108,79.214909,Active
Mine_00555,Tiruvannamalai,Silica Sand,49.31,8.946491,80.37589,Active
Mine_00556,Salem,Salt,4.14,12.41935,76.549137,Active
Mine_00557,Perambalur,Sandstone,12.81,12.43889,76.878583,Active
Mine_00558,Virudhunagar,Silica Sand,153.64,12.710955,79.155264,Active
Mine_00559,Theni,Salt,117.57,10.729423,77.71233,Active
Mine_00560,Tirunelveli,Marble,53.04,10.113953,76.11337,Active
Mine_00561,Tiruppur,Iron Ore,48.66,13.336414,77.969476,Active
Mine_00562,Vellore,Salt,67.96,11.005367,80.351659,Active
Mine_00563,Namakkal,Sandstone,50.7,12.744523,76.80665,Active
Mine_00564,Dharmapuri,Iron Ore,5.65,12.759127,76.707729,Active
Mine_00565,Vellore,Marble,82.05,11.699866,79.585066,Active
Mine_00566,Perambalur,Silica Sand,33.92,12.580567,80.077392,Active
Mine_00567,Erode,Marble,2.13,11.018723,77.294347,Active
Mine_00568,Madurai,Sandstone,38.84,9.837275,79.297146,Active
Mine_00569,Tuticorin,Sandstone,61.25,9.571671,77.947451,Active
Mine_00570,Namakkal,Silica Sand,2.33,10.056566,80.250019,Active
Mine_00571,Virudhunagar,Marble,40.02,9.094457,77.882502,Active
Mine_00572,Tiruppur,Sandstone,113.39,13.031021,76.051663,Active
Mine_00573,Dindigul,Granite,31.74,13.384266,78.499729,Active
Mine_00574,Erode,Limestone,9.15,10.858373,76.33319,Active
Mine_00575,Dharmapuri,Limestone,53.91,11.468853,78.473228,Active
Mine_00576,Cuddalore,Silica Sand,36.19,8.946608,80.16485,Active
Mine_00577,Tiruppur,Iron Ore,47.6,10.519122,76.414429,Active
Mine_00578,Salem,Silica Sand,48.67,10.052929,78.53647,Active
Mine_00579,Karur,Granite,35.04,10.891659,77.12286,Active
Mine_00580,Salem,Sandstone,4.98,10.469966,78.755162,Active
Mine_00581,Namakkal,Salt,59.19,11.438626,77.680997,Active
Mine_00582,Virudhunagar,Marble,19.49,13.149469,78.438955,Active
Mine_00583,Namakkal,Granite,51.75,11.39487,79.327337,Active
Mine_00584,Cuddalore,Salt,27.57,12.085537,77.471701,Active
Mine_00585,Tiruppur,Iron Ore,65.84,12.737258,79.677635,Active
Mine_00586,Karur,Iron Ore,35.61,11.373104,78.869597,Active
Mine_00587,Dindigul,Limestone,3.83,9.095987,79.948615,Active
Mine_00588,Tiruppur,Sand,17.6,8.086973,76.347153,Active
Mine_00589,Salem,Salt,22.12,9.184394,78.686931,Active
Mine_00590,Kanyakumari,Limestone,16.2,12.867304,77.724779,Active
Mine_00591,Vellore,Iron Ore,61.82,10.185965,78.31125,Active
Mine_00592,Tuticorin,Salt,18.55,13.064216,78.63002,Active
Mine_00593,Perambalur,Granite,98.73,12.729031,76.157536,Active
Mine_00594,Salem,Sandstone,40.64,12.585037,78.247443,Active
Mine_00595,Erode,Marble,61.3,10.306643,78.250361,Active
Mine_00596,Madurai,Limestone,14.33,10.764472,76.252792,Active
Mine_00597,Vellore,Marble,57.83,10.253191,78.948282,Active
Mine_00598,Krishnagiri,Silica Sand,7.0,8.387706,76.83541,Active
Mine_00599,Erode,Sand,70.06,10.454107,79.6263,Active
Mine_00600,Krishnagiri,Marble,23.43,11.043591,77.14697,Closed
Mine_00601,Tiruppur,Salt,14.71,13.025836,80.287668,Active
Mine_00602,Vellore,Silica Sand,28.18,13.176164,79.943437,Active
Mine_00603,Karur,Silica Sand,27.98,9.066247,79.864675,Active
Mine_00604,Dindigul,Sand,78.29,12.115957,77.976448,Active
Mine_00605,Karur,Sandstone,21.18,11.970611,77.731616,Active
Mine_00606,Kanyakumari,Sand,53.98,12.746348,78.393501,Active
Mine_00607,Theni,Limestone,31.18,9.898765,77.863904,Active
Mine_00608,Dindigul,Iron Ore,17.5,8.5794,77.000626,Active
Mine_00609,Karur,Limestone,11.26,8.317527,77.759648,Active
Mine_00610,Namakkal,Silica Sand,128.62,11.389653,78.505953,Active
Mine_00611,Tirunelveli,Granite,31.14,11.830364,79.159657,Active
Mine_00612,Krishnagiri,Sandstone,21.24,12.787898,78.841385,Active
Mine_00613,Kanyakumari,Sand,37.22,8.644621,77.51743,Active
Mine_00614,Coimbatore,Sand,57.89,11.733937,79.47844,Active
Mine_00615,Perambalur,Sandstone,37.8,12.715199,79.029609,Active
Mine_00616,Dharmapuri,Sand,10.04,11.930527,79.967036,Active
Mine_00617,Karur,Salt,25.02,12.807939,76.915464,Active
Mine_00618,Theni,Iron Ore,30.34,10.80809,79.692694,Active
Mine_00619,Karur,Sandstone,1.0,10.253566,78.914984,Active
Mine_00620,Erode,Iron Ore,9.33,8.23092,78.15667,Active
Mine_00621,Tirunelveli,Granite,75.34,11.000719,80.417683,Active
Mine_00622,Erode,Limestone,181.19,9.273516,80.241457,Active
Mine_00623,Dindigul,Sandstone,2.9,12.010791,78.73784,Active
Mine_00624,Vellore,Iron Ore,1.86,9.924697,80.181798,Active
Mine_00625,Madurai,Limestone,26.47,8.029224,79.620226,Active
Mine_00626,Tirunelveli,Salt,58.19,11.210425,79.51882,Active
Mine_00627,Virudhunagar,Silica Sand,29.19,8.771785,79.020209,Active
Mine_00628,Theni,Sandstone,43.45,9.908295,77.758398,Active
Mine_00629,Coimbatore,Salt,36.37,11.59773,80.001076,Active
Mine_00630,Tiruvannamalai,Sandstone,6.81,10.606567,79.223787,Active
Mine_00631,Kanyakumari,Salt,8.2,11.298742,79.876812,Active
Mine_00632,Theni,Limestone,8.33,8.423344,79.132703,Active
Mine_00633,Theni,Iron Ore,43.09,12.379328,77.223757,Active
Mine_00634,Cuddalore,Granite,111.92,11.500059,77.460303,Active
Mine_00635,Virudhunagar,Salt,47.45,9.202936,78.678865,Active
Mine_00636,Dindigul,Sand,68.96,10.538376,80.424875,Active
Mine_00637,Tiruppur,Limestone,18.38,10.377904,76.140171,Active
Mine_00638,Cuddalore,Sandstone,11.16,11.065354,76.175407,Active
Mine_00639,Erode,Salt,91.28,12.88465,77.463808,Active
Mine_00640,Perambalur,Salt,3.96,12.114026,79.657211,Active
Mine_00641,Cuddalore,Salt,93.36,13.134641,79.606066,Active
Mine_00642,Dindigul,Iron Ore,11.06,8.22193,77.850362,Closed
Mine_00643,Coimbatore,Iron Ore,17.88,12.31056,78.547813,Active
Mine_00644,Kanyakumari,Sandstone,1.0,12.203944,78.806844,Active
Mine_00645,Vellore,Salt,28.67,8.029404,80.222862,Active
Mine_00646,Tiruvannamalai,Sandstone,19.81,8.381306,78.87245,Active
Mine_00647,Namakkal,Iron Ore,5.96,11.183621,78.56268,Active
Mine_00648,Madurai,Silica Sand,38.55,11.4819,78.111784,Active
Mine_00649,Theni,Limestone,65.27,11.933051,78.669212,Active
Mine_00650,Madurai,Salt,44.93,11.726424,77.679052,Active
Mine_00651,Madurai,Sandstone,2.24,11.543412,80.384114,Active
Mine_00652,Dindigul,Silica Sand,40.42,11.296162,76.807102,Active
Mine_00653,Theni,Silica Sand,44.08,12.605519,76.763778,Active
Mine_00654,Tiruppur,Limestone,37.63,11.848018,79.771697,Active
Mine_00655,Tiruppur,Silica Sand,40.76,13.244443,79.96727,Closed
Mine_00656,Salem,Sandstone,41.15,8.432068,79.332541,Active
Mine_00657,Theni,Salt,48.51,8.365902,77.038576,Active
Mine_00658,Coimbatore,Salt,11.31,11.798739,78.685494,Active
Mine_00659,Kanyakumari,Sandstone,46.01,10.064926,79.60033,Closed
Mine_00660,Karur,Iron Ore,9.75,11.801665,78.713678,Active
Mine_00661,Ariyalur,Sand,2.58,9.844035,76.301574,Active
Mine_00662,Theni,Granite,88.99,9.683283,78.483447,Active
Mine_00663,Salem,Limestone,7.36,10.61223,76.248501,Active
Mine_00664,Dindigul,Salt,6.37,13.351922,79.416816,Active
Mine_00665,Ariyalur,Salt,13.05,12.390613,77.468143,Active
Mine_00666,Ariyalur,Sandstone,5.56,9.410547,77.598939,Active
Mine_00667,Virudhunagar,Salt,7.46,12.940309,79.495615,Closed
Mine_00668,Cuddalore,Sand,12.66,8.542206,79.731914,Closed
Mine_00669,Madurai,Marble,6.78,10.631729,79.512502,Active
Mine_00670,Tuticorin,Salt,12.79,10.683089,76.370225,Active
Mine_00671,Dindigul,Granite,13.25,10.000953,76.858267,Active
Mine_00672,Kanyakumari,Limestone,60.03,12.742116,77.41244,Active
Mine_00673,Perambalur,Sandstone,88.12,10.04307,76.878249,Closed
Mine_00674,Erode,Sandstone,27.14,10.657495,79.772037,Active
Mine_00675,Perambalur,Granite,20.89,9.805282,78.042955,Active
Mine_00676,Ariyalur,Sandstone,68.12,10.805816,79.313079,Active
Mine_00677,Tuticorin,Sand,140.58,13.127775,79.337212,Active
Mine_00678,Cuddalore,Sand,8.2,9.532537,76.984194,Active
Mine_00679,Virudhunagar,Silica Sand,13.46,13.099181,80.364669,Active
Mine_00680,Ariyalur,Silica Sand,18.77,12.387527,77.653258,Active
Mine_00681,Theni,Granite,34.06,9.857071,80.448347,Active
Mine_00682,Karur,Sand,82.88,9.373179,77.184613,Active
Mine_00683,Virudhunagar,Sandstone,62.92,11.450309,79.376196,Active
Mine_00684,Vellore,Granite,8.9,9.61672,77.066881,Active
Mine_00685,Virudhunagar,Sand,9.3,9.309807,80.087955,Active
Mine_00686,Perambalur,Sandstone,57.18,8.849707,78.192694,Active
Mine_00687,Erode,Sand,308.94,12.231969,77.790396,Active
Mine_00688,Erode,Sandstone,57.57,8.249989,78.909702,Active
Mine_00689,Namakkal,Marble,25.27,12.25454,76.555304,Active
Mine_00690,Tiruppur,Silica Sand,23.06,12.615492,76.723058,Active
Mine_00691,Dharmapuri,Iron Ore,10.84,8.272879,79.260692,Active
Mine_00692,Tuticorin,Granite,13.2,8.954228,77.708882,Active
Mine_00693,Ariyalur,Limestone,55.58,8.690175,79.477471,Active
Mine_00694,Ariyalur,Sand,18.22,9.749273,79.372417,Closed
Mine_00695,Namakkal,Silica Sand,13.3,10.302203,77.316324,Active
Mine_00696,Namakkal,Limestone,108.25,9.46023,78.751586,Active
Mine_00697,Namakkal,Salt,75.38,13.209388,79.981848,Active
Mine_00698,Vellore,Silica Sand,13.23,13.298482,76.04628,Active
Mine_00699,Coimbatore,Granite,22.88,12.369644,77.251581,Active
Mine_00700,Tuticorin,Salt,75.76,8.489443,80.462632,Active
Mine_00701,Krishnagiri,Sand,111.87,10.490475,76.89321,Closed
Mine_00702,Karur,Sand,36.18,8.827597,80.356344,Active
Mine_00703,Salem,Iron Ore,25.47,11.640525,79.380297,Active
Mine_00704,Ariyalur,Limestone,13.94,8.631383,80.236898,Active
Mine_00705,Coimbatore,Sand,80.09,9.37202,79.227043,Active
Mine_00706,Erode,Marble,13.99,9.643714,76.481757,Active
Mine_00707,Salem,Silica Sand,37.03,12.747245,79.701226,Closed
Mine_00708,Krishnagiri,Marble,27.16,9.649681,78.682369,Active
Mine_00709,Tuticorin,Granite,4.96,11.006826,80.060859,Active
Mine_00710,Kanyakumari,Marble,43.0,13.123552,79.694415,Active
Mine_00711,Ariyalur,Sand,21.16,11.083189,80.241966,Active
Mine_00712,Ariyalur,Sand,60.56,8.543055,76.340475,Active
Mine_00713,Tiruvannamalai,Salt,35.19,9.244514,80.030641,Active
Mine_00714,Salem,Granite,38.38,12.749062,77.003779,Active
Mine_00715,Perambalur,Limestone,55.16,11.086906,77.108099,Active
Mine_00716,Karur,Sand,22.57,9.911353,76.226573,Closed
Mine_00717,Tiruppur,Granite,24.49,9.245869,78.762866,Active
Mine_00718,Krishnagiri,Granite,17.8,12.529537,79.693133,Active
Mine_00719,Cuddalore,Iron Ore,18.01,12.43143,77.476808,Active
Mine_00720,Virudhunagar,Granite,17.75,13.020908,78.545597,Active
Mine_00721,Tuticorin,Sand,34.37,12.19036,79.516775,Active
Mine_00722,Dharmapuri,Marble,108.57,11.761265,78.392075,Active
Mine_00723,Tirunelveli,Sandstone,11.5,11.597881,78.786576,Active
Mine_00724,Vellore,Granite,74.54,9.231904,77.076141,Closed
Mine_00725,Tirunelveli,Iron Ore,1.8,11.813343,78.917062,Active
Mine_00726,Tiruppur,Marble,112.66,8.257322,77.438434,Active
Mine_00727,Coimbatore,Sand,4.48,9.951937,77.859276,Active
Mine_00728,Tuticorin,Sandstone,20.12,8.999784,76.705657,Active
Mine_00729,Kanyakumari,Silica Sand,9.94,10.850519,79.195516,Active
Mine_00730,Dharmapuri,Silica Sand,138.53,9.442886,77.408726,Active
Mine_00731,Salem,Salt,24.99,10.087892,77.42464,Active
Mine_00732,Kanyakumari,Iron Ore,15.12,8.236788,79.514337,Active
Mine_00733,Perambalur,Marble,89.62,11.619302,76.036266,Active
Mine_00734,Tuticorin,Marble,98.63,9.381431,79.798955,Active
Mine_00735,Ariyalur,Limestone,14.75,11.151732,77.46345,Active
Mine_00736,Dharmapuri,Limestone,153.32,13.31161,77.778199,Active
Mine_00737,Karur,Iron Ore,44.48,12.429865,80.260403,Active
Mine_00738,Tiruppur,Silica Sand,12.37,13.446828,76.115963,Active
Mine_00739,Theni,Sand,22.55,9.674709,76.89143,Active
Mine_00740,Dindigul,Iron Ore,21.78,10.732925,80.126239,Active
Mine_00741,Salem,Sandstone,23.35,12.384661,79.259046,Active
Mine_00742,Tuticorin,Limestone,65.38,8.288152,76.718312,Active
Mine_00743,Kanyakumari,Limestone,10.71,12.56583,80.267132,Active
Mine_00744,Perambalur,Sand,13.13,9.527455,76.161686,Active
Mine_00745,Erode,Silica Sand,21.79,8.053278,79.860798,Active
Mine_00746,Kanyakumari,Silica Sand,15.06,9.363303,79.139723,Active
Mine_00747,Virudhunagar,Marble,31.43,9.513815,79.192475,Closed
Mine_00748,Ariyalur,Sand,28.79,9.069462,76.419383,Active
Mine_00749,Virudhunagar,Silica Sand,10.03,9.74655,77.167248,Active
Mine_00750,Ariyalur,Sandstone,8.59,8.278076,78.819057,Active
Mine_00751,Tiruvannamalai,Silica Sand,16.14,11.64538,79.917852,Active
Mine_00752,Tiruvannamalai,Sandstone,20.07,10.914673,76.726153,Active
Mine_00753,Dindigul,Sandstone,57.11,8.846449,76.671623,Active
Mine_00754,Cuddalore,Sand,21.0,11.738335,76.255062,Active
Mine_00755,Vellore,Silica Sand,47.78,9.063894,78.88677,Active
Mine_00756,Vellore,Silica Sand,14.95,8.671613,76.500117,Active
Mine_00757,Cuddalore,Silica Sand,62.53,8.776092,78.45512,Active
Mine_00758,Erode,Limestone,42.73,10.943338,76.369107,Active
Mine_00759,Vellore,Sandstone,1.22,10.444905,78.270786,Closed
Mine_00760,Vellore,Iron Ore,17.34,12.189217,78.281871,Active
Mine_00761,Namakkal,Sand,38.64,10.261548,77.923689,Active
Mine_00762,Coimbatore,Salt,9.0,13.139382,79.100894,Active
Mine_00763,Krishnagiri,Iron Ore,60.48,8.089102,79.682712,Active
Mine_00764,Coimbatore,Granite,8.68,11.586512,79.514137,Active
Mine_00765,Perambalur,Limestone,28.67,8.335539,77.295241,Active
Mine_00766,Erode,Iron Ore,5.8,8.834765,80.003095,Closed
Mine_00767,Salem,Granite,34.26,10.359843,77.241652,Active
Mine_00768,Dindigul,Marble,15.65,11.636274,78.935059,Closed
Mine_00769,Tirunelveli,Sandstone,9.55,8.671041,79.156225,Active
Mine_00770,Karur,Salt,26.04,13.108728,77.493872,Active
Mine_00771,Theni,Limestone,3.4,9.422254,76.125335,Active
Mine_00772,Salem,Granite,51.53,10.709295,78.850353,Active
Mine_00773,Tuticorin,Limestone,88.43,11.172847,78.537638,Active
Mine_00774,Dindigul,Silica Sand,36.74,9.875272,80.127706,Active
Mine_00775,Theni,Silica Sand,50.17,9.613444,78.364616,Active
Mine_00776,Kanyakumari,Sandstone,62.85,11.719986,79.058349,Closed
Mine_00777,Erode,Silica Sand,1.0,9.49575,76.980511,Active
Mine_00778,Vellore,Sandstone,36.0,8.089339,79.279501,Active
Mine_00779,Kanyakumari,Granite,32.53,9.88502,76.605593,Active
Mine_00780,Theni,Granite,100.24,11.573834,76.465454,Active
Mine_00781,Tiruppur,Sand,60.53,8.650202,76.000138,Active
Mine_00782,Dharmapuri,Granite,6.42,8.506543,79.668743,Active
Mine_00783,Virudhunagar,Iron Ore,91.62,11.042116,79.655162,Active
Mine_00784,Salem,Sandstone,10.23,10.144449,78.160213,Closed
Mine_00785,Theni,Sand,70.81,13.372369,77.821263,Active
Mine_00786,Kanyakumari,Iron Ore,24.93,9.76015,78.144076,Active
Mine_00787,Krishnagiri,Granite,78.52,11.257658,79.125942,Active
Mine_00788,Krishnagiri,Iron Ore,43.94,8.657591,78.576893,Active
Mine_00789,Tiruppur,Granite,22.2,13.470763,76.416252,Active
Mine_00790,Madurai,Sandstone,58.35,9.691414,78.214245,Active
Mine_00791,Virudhunagar,Silica Sand,10.25,11.03078,78.356036,Active
Mine_00792,Namakkal,Limestone,13.02,12.243316,78.933554,Active
Mine_00793,Kanyakumari,Sand,25.71,8.366816,76.216415,Closed
Mine_00794,Dindigul,Iron Ore,29.63,9.494826,77.796251,Closed
Mine_00795,Tiruppur,Silica Sand,6.69,13.373674,78.451475,Active
Mine_00796,Tiruppur,Silica Sand,3.1,12.992545,80.484545,Active
Mine_00797,Theni,Limestone,16.46,13.178673,78.383713,Active
Mine_00798,Kanyakumari,Granite,71.64,9.666596,80.349464,Closed
Mine_00799,Vellore,Iron Ore,45.09,9.689814,77.66511,Closed
Mine_00800,Karur,Sand,15.31,11.188521,77.555312,Active
Mine_00801,Namakkal,Granite,7.07,11.619562,80.489872,Active
Mine_00802,Kanyakumari,Silica Sand,20.48,8.633304,79.974731,Active
Mine_00803,Namakkal,Silica Sand,43.12,10.431184,78.917051,Active
Mine_00804,Cuddalore,Salt,112.87,11.56821,80.295547,Active
Mine_00805,Karur,Limestone,36.83,11.199552,77.806578,Active
Mine_00806,Tiruppur,Granite,19.89,8.894634,79.304646,Active
Mine_00807,Madurai,Silica Sand,32.15,11.273764,79.923609,Active
Mine_00808,Dharmapuri,Salt,64.98,10.971534,76.356761,Active
Mine_00809,Tuticorin,Granite,14.06,8.789082,76.681505,Active
Mine_00810,Vellore,Sandstone,112.25,12.153235,78.639808,Active
Mine_00811,Vellore,Silica Sand,25.91,11.465512,79.728938,Active
Mine_00812,Erode,Limestone,113.13,8.683902,79.938101,Active
Mine_00813,Virudhunagar,Silica Sand,1.64,10.229826,78.323275,Active
Mine_00814,Tiruvannamalai,Silica Sand,26.26,12.453213,80.277398,Active
Mine_00815,Perambalur,Granite,1.0,9.246799,78.551018,Active
Mine_00816,Tirunelveli,Limestone,19.18,8.30011,78.697575,Active
Mine_00817,Madurai,Limestone,9.75,10.434175,76.217632,Active
Mine_00818,Madurai,Marble,12.29,10.769508,76.306491,Active
Mine_00819,Salem,Marble,25.1,10.449626,76.065552,Closed
Mine_00820,Kanyakumari,Sand,37.16,9.212682,78.815429,Active
Mine_00821,Karur,Limestone,2.46,11.323976,79.436615,Active
Mine_00822,Dindigul,Iron Ore,3.34,10.430085,76.73515,Active
Mine_00823,Namakkal,Limestone,19.56,8.281326,77.79007,Active
Mine_00824,Virudhunagar,Sandstone,19.3,12.615306,76.65397,Active
Mine_00825,Vellore,Iron Ore,2.95,11.156262,78.547083,Active
Mine_00826,Kanyakumari,Granite,128.55,8.267822,76.441035,Active
Mine_00827,Cuddalore,Limestone,31.17,11.550647,76.205133,Active
Mine_00828,Madurai,Salt,14.07,8.424531,76.764492,Active
Mine_00829,Coimbatore,Marble,29.24,9.352161,77.611629,Active
Mine_00830,Madurai,Silica Sand,119.02,8.784061,77.719628,Active
Mine_00831,Tuticorin,Marble,1.0,11.687389,78.888188,Active
Mine_00832,Tirunelveli,Granite,1.0,9.844544,76.79687,Active
Mine_00833,Salem,Salt,36.59,12.00761,77.419137,Closed
Mine_00834,Virudhunagar,Sandstone,2.09,11.39641,76.935025,Active
Mine_00835,Dindigul,Sand,16.14,12.298979,77.966732,Active
Mine_00836,Tirunelveli,Granite,74.25,9.787075,79.09283,Active
Mine_00837,Tuticorin,Silica Sand,26.92,11.468946,79.328573,Active
Mine_00838,Namakkal,Limestone,12.73,12.023592,77.674541,Active
Mine_00839,Tiruppur,Sandstone,126.05,12.895759,78.935238,Active
Mine_00840,Ariyalur,Salt,38.56,11.127037,76.266297,Active
Mine_00841,Kanyakumari,Iron Ore,5.71,8.873052,80.271729,Active
Mine_00842,Ariyalur,Sandstone,9.34,9.954916,79.011486,Closed
Mine_00843,Madurai,Iron Ore,17.71,11.265793,78.59017,Active
Mine_00844,Krishnagiri,Sandstone,32.25,11.136578,76.945482,Active
Mine_00845,Namakkal,Sand,17.53,12.29117,78.537518,Active
Mine_00846,Cuddalore,Iron Ore,33.52,12.37934,79.307613,Active
Mine_00847,Kanyakumari,Sandstone,5.72,9.437332,77.885948,Active
Mine_00848,Coimbatore,Marble,13.6,8.035554,78.233076,Active
Mine_00849,Cuddalore,Silica Sand,35.16,13.178108,76.784842,Active
Mine_00850,Dharmapuri,Granite,39.31,11.027924,77.833145,Active
Mine_00851,Virudhunagar,Iron Ore,8.74,8.124105,79.877492,Active
Mine_00852,Madurai,Limestone,36.35,12.455886,77.93353,Active
Mine_00853,Kanyakumari,Silica Sand,33.96,8.994318,77.209589,Closed
Mine_00854,Theni,Salt,14.64,11.053236,78.645962,Active
Mine_00855,Cuddalore,Salt,7.81,11.976894,79.477019,Active
Mine_00856,Tiruppur,Limestone,20.45,12.465264,76.06238,Active
Mine_00857,Ariyalur,Granite,13.9,9.462987,77.497514,Active
Mine_00858,Tiruppur,Sandstone,33.26,11.64665,79.0558,Active
Mine_00859,Virudhunagar,Marble,50.94,9.579717,79.958886,Closed
Mine_00860,Kanyakumari,Sand,91.07,9.409053,76.99293,Active
Mine_00861,Dindigul,Sandstone,21.53,9.961142,80.102766,Active
Mine_00862,Karur,Marble,45.64,13.124339,78.791671,Active
Mine_00863,Perambalur,Sandstone,14.46,12.3004,79.446364,Closed
Mine_00864,Erode,Marble,5.6,11.694399,79.281894,Active
Mine_00865,Perambalur,Marble,28.08,9.717044,77.923599,Active
Mine_00866,Tiruppur,Salt,20.32,8.037481,78.355332,Active
Mine_00867,Kanyakumari,Salt,18.5,12.132034,80.036479,Closed
Mine_00868,Tuticorin,Granite,41.04,8.140634,79.545866,Active
Mine_00869,Kanyakumari,Sand,66.94,8.453233,78.699855,Active
Mine_00870,Namakkal,Limestone,104.26,12.792234,79.532876,Active
Mine_00871,Vellore,Granite,4.1,12.693311,77.47672,Closed
Mine_00872,Coimbatore,Silica Sand,28.58,8.659741,77.404288,Active
Mine_00873,Dharmapuri,Iron Ore,5.91,13.238127,77.479702,Active
Mine_00874,Perambalur,Silica Sand,82.0,9.591925,79.52447,Closed
Mine_00875,Perambalur,Granite,36.44,8.450812,78.910768,Closed
Mine_00876,Dharmapuri,Iron Ore,14.68,12.728238,80.317625,Active
Mine_00877,Kanyakumari,Silica Sand,8.65,12.513037,79.044901,Active
Mine_00878,Krishnagiri,Limestone,34.49,9.693308,78.1474,Active
Mine_00879,Kanyakumari,Sandstone,107.82,13.136263,77.810007,Closed
Mine_00880,Tuticorin,Sand,102.14,8.780968,77.369088,Active
Mine_00881,Tiruppur,Sand,14.63,9.793593,76.319122,Active
Mine_00882,Tirunelveli,Limestone,12.62,9.368355,80.239262,Active
Mine_00883,Karur,Limestone,19.98,8.765897,76.048219,Active
Mine_00884,Coimbatore,Sandstone,18.43,9.964558,77.548412,Closed
Mine_00885,Salem,Limestone,84.78,10.780364,78.28491,Active
Mine_00886,Cuddalore,Silica Sand,11.51,8.403502,78.984158,Closed
Mine_00887,Tiruppur,Sandstone,68.07,12.922811,79.839591,Active
Mine_00888,Coimbatore,Iron Ore,11.86,12.136629,78.307936,Active
Mine_00889,Salem,Silica Sand,218.29,10.393943,80.143111,Active
Mine_00890,Kanyakumari,Iron Ore,9.14,10.302823,76.988357,Active
Mine_00891,Karur,Iron Ore,74.29,12.082607,76.755166,Closed
Mine_00892,Cuddalore,Iron Ore,51.5,13.108444,77.937411,Active
Mine_00893,Vellore,Marble,3.03,12.092157,79.199504,Active
Mine_00894,Dindigul,Granite,99.96,8.594159,77.046865,Active
Mine_00895,Erode,Limestone,39.2,8.446403,78.034911,Active
Mine_00896,Coimbatore,Sandstone,67.51,12.825987,79.479326,Active
Mine_00897,Namakkal,Silica Sand,24.7,13.438623,78.174544,Active
Mine_00898,Dindigul,Sand,11.43,10.961172,80.46461,Active
Mine_00899,Tiruppur,Limestone,49.02,9.900688,76.03142,Active
Mine_00900,Theni,Limestone,68.34,9.855318,79.723857,Active
Mine_00901,Cuddalore,Salt,11.04,9.28462,76.30684,Active
Mine_00902,Namakkal,Silica Sand,13.78,10.295671,77.695901,Active
Mine_00903,Madurai,Marble,53.49,10.953727,79.77999,Active
Mine_00904,Kanyakumari,Limestone,14.16,9.762207,76.739291,Active
Mine_00905,Tuticorin,Salt,40.3,8.681153,76.31741,Active
Mine_00906,Dharmapuri,Limestone,68.87,10.99547,76.350354,Active
Mine_00907,Namakkal,Granite,78.54,8.928455,79.842743,Active
Mine_00908,Ariyalur,Limestone,58.69,13.141375,80.09141,Active
Mine_00909,Perambalur,Marble,28.02,12.831287,80.286326,Active
Mine_00910,Tuticorin,Silica Sand,35.88,11.855145,76.874231,Active
Mine_00911,Coimbatore,Sandstone,42.54,10.261622,78.985131,Active
Mine_00912,Tirunelveli,Sandstone,63.03,9.212798,76.836827,Active
Mine_00913,Virudhunagar,Sand,139.75,12.040897,79.148184,Active
Mine_00914,Tiruvannamalai,Sandstone,70.68,10.794779,78.791086,Active
Mine_00915,Kanyakumari,Silica Sand,58.44,11.457115,78.849684,Active
Mine_00916,Krishnagiri,Granite,54.77,12.542675,79.134526,Active
Mine_00917,Madurai,Sand,33.01,11.692733,80.168387,Active
Mine_00918,Dindigul,Sand,46.69,11.03565,77.088272,Active
Mine_00919,Krishnagiri,Limestone,42.89,11.104175,80.198305,Closed
Mine_00920,Kanyakumari,Granite,56.97,11.919661,76.86922,Active
Mine_00921,Erode,Limestone,4.66,12.860262,77.543183,Active
Mine_00922,Krishnagiri,Iron Ore,37.65,9.324421,77.740633,Active
Mine_00923,Virudhunagar,Salt,14.15,8.493677,80.098718,Active
Mine_00924,Salem,Salt,5.26,9.692235,80.167268,Active
Mine_00925,Erode,Salt,50.17,9.321207,77.996971,Active
Mine_00926,Dindigul,Sandstone,52.21,9.658047,78.697178,Active
Mine_00927,Coimbatore,Granite,4.88,8.021104,78.259037,Active
Mine_00928,Tirunelveli,Iron Ore,15.08,10.745594,76.974606,Active
Mine_00929,Namakkal,Limestone,22.05,9.881729,80.326978,Closed
Mine_00930,Erode,Salt,17.33,13.002517,78.5603,Active
Mine_00931,Krishnagiri,Marble,16.73,10.385319,79.818123,Active
Mine_00932,Dharmapuri,Salt,113.2,11.427657,79.337323,Active
Mine_00933,Kanyakumari,Salt,20.1,8.281949,77.808443,Active
Mine_00934,Kanyakumari,Salt,55.29,9.963403,78.856349,Active
Mine_00935,Kanyakumari,Sand,31.56,9.122354,77.3136,Active
Mine_00936,Virudhunagar,Marble,136.78,11.933188,80.307107,Active
Mine_00937,Tuticorin,Marble,91.29,10.887771,79.182755,Active
Mine_00938,Salem,Marble,9.23,8.005189,76.176693,Active
Mine_00939,Karur,Sand,43.54,12.615048,78.477972,Active
Mine_00940,Tiruppur,Marble,36.68,12.021878,79.46386,Active
Mine_00941,Vellore,Silica Sand,16.72,11.566555,76.307983,Active
Mine_00942,Vellore,Silica Sand,73.83,11.377732,77.466211,Active
Mine_00943,Ariyalur,Sand,35.08,9.138465,79.831326,Active
Mine_00944,Tiruvannamalai,Salt,45.63,9.507662,79.724538,Active
Mine_00945,Tiruvannamalai,Sand,5.07,8.773009,77.289132,Active
Mine_00946,Ariyalur,Sandstone,48.74,13.107283,79.324346,Active
Mine_00947,Tuticorin,Sand,106.46,10.901734,77.165069,Active
Mine_00948,Karur,Limestone,5.17,9.665263,78.396119,Active
Mine_00949,Theni,Sand,7.27,10.088556,78.777374,Active
Mine_00950,Vellore,Limestone,102.35,12.192166,78.662726,Active
Mine_00951,Ariyalur,Sandstone,39.06,11.31358,78.204036,Active
Mine_00952,Ariyalur,Limestone,29.3,9.086557,79.623285,Active
Mine_00953,Ariyalur,Marble,22.93,11.620691,77.969726,Active
Mine_00954,Theni,Limestone,89.55,10.133088,77.295459,Active
Mine_00955,Cuddalore,Silica Sand,25.76,9.849779,80.142411,Active
Mine_00956,Cuddalore,Granite,2.61,9.78535,79.027402,Active
Mine_00957,Cuddalore,Sandstone,24.47,10.614622,79.523501,Active
Mine_00958,Tiruppur,Salt,4.85,9.404443,79.725894,Active
Mine_00959,Dindigul,Salt,25.11,12.355646,77.810382,Closed
Mine_00960,Ariyalur,Silica Sand,50.79,11.011348,80.247002,Active
Mine_00961,Salem,Limestone,19.99,11.39192,79.873595,Active
Mine_00962,Erode,Silica Sand,38.41,12.866444,77.041109,Active
Mine_00963,Tiruppur,Granite,140.36,12.757891,78.703565,Closed
Mine_00964,Ariyalur,Granite,39.85,10.506073,78.169078,Active
Mine_00965,Kanyakumari,Granite,21.73,8.623148,76.773607,Active
Mine_00966,Kanyakumari,Sandstone,2.64,9.745639,76.991436,Active
Mine_00967,Ariyalur,Iron Ore,55.74,12.984284,79.345458,Active
Mine_00968,Erode,Sandstone,47.49,8.058031,77.773406,Active
Mine_00969,Theni,Salt,54.85,12.41121,76.722672,Active
Mine_00970,Virudhunagar,Sandstone,50.81,9.493528,77.422968,Active
Mine_00971,Tirunelveli,Limestone,44.32,10.213052,77.341031,Active
Mine_00972,Tirunelveli,Salt,18.67,9.149704,79.131077,Active
Mine_00973,Tiruvannamalai,Sand,25.29,8.813771,80.430945,Active
Mine_00974,Ariyalur,Sandstone,9.1,12.229836,77.914775,Active
Mine_00975,Kanyakumari,Sand,1.4,10.452041,79.674949,Active
Mine_00976,Kanyakumari,Granite,30.92,13.022763,77.745877,Active
Mine_00977,Dharmapuri,Sandstone,8.28,10.449007,78.196529,Closed
Mine_00978,Tuticorin,Iron Ore,12.89,9.826949,79.153638,Closed
Mine_00979,Ariyalur,Sandstone,9.17,12.388989,79.323457,Closed
Mine_00980,Tiruvannamalai,Sandstone,13.29,9.674697,80.423261,Active
Mine_00981,Erode,Salt,150.23,10.07461,79.608281,Active
Mine_00982,Dharmapuri,Granite,7.97,13.212274,76.984473,Active
Mine_00983,Salem,Granite,26.87,8.733395,77.091449,Active
Mine_00984,Dindigul,Salt,14.26,10.608698,76.75609,Active
Mine_00985,Coimbatore,Salt,80.27,11.174688,79.03317,Closed
Mine_00986,Coimbatore,Silica Sand,21.74,11.856037,77.848292,Active
Mine_00987,Perambalur,Sand,47.07,11.637385,76.172804,Active
Mine_00988,Tirunelveli,Salt,28.9,12.712594,78.100951,Active
Mine_00989,Kanyakumari,Granite,79.91,10.512884,78.137988,Active
Mine_00990,Theni,Silica Sand,47.78,8.457727,79.883318,Closed
Mine_00991,Coimbatore,Marble,21.59,12.827622,76.917976,Active
Mine_00992,Tiruppur,Sand,14.92,10.209333,78.262376,Active
Mine_00993,Tiruvannamalai,Sandstone,38.19,8.966197,78.309355,Active
Mine_00994,Tiruppur,Marble,9.0,8.052488,76.338856,Closed
Mine_00995,Salem,Limestone,177.33,10.668768,76.806238,Active
Mine_00996,Tiruvannamalai,Limestone,49.47,13.410414,76.225789,Active
Mine_00997,Ariyalur,Granite,13.24,9.013658,76.177128,Active
Mine_00998,Karur,Granite,5.77,10.572463,78.726536,Active
Mine_00999,Cuddalore,Iron Ore,61.21,8.057823,79.428505,Active
Mine_01000,Krishnagiri,Silica Sand,30.68,10.623409,77.751439,Active
Mine_01001,Cuddalore,Granite,16.37,11.382884,80.171084,Active
Mine_01002,Tuticorin,Sand,31.7,12.897425,77.182244,Active
Mine_01003,Erode,Sand,13.09,10.227327,80.494568,Active
Mine_01004,Dharmapuri,Limestone,3.45,8.849865,77.978033,Active
Mine_01005,Cuddalore,Sandstone,15.22,8.478319,77.364489,Active
Mine_01006,Kanyakumari,Sand,11.97,9.909557,79.573821,Active
Mine_01007,Salem,Iron Ore,3.83,8.887962,80.323358,Closed
Mine_01008,Tiruppur,Granite,11.92,10.47469,79.11809,Active
Mine_01009,Coimbatore,Sandstone,13.56,10.960211,78.399956,Closed
Mine_01010,Vellore,Salt,151.69,12.693245,78.242499,Active
Mine_01011,Karur,Marble,47.49,10.833419,80.456283,Active
Mine_01012,Theni,Limestone,59.16,8.937544,77.730321,Active
Mine_01013,Tirunelveli,Salt,60.89,10.662952,79.573065,Active
Mine_01014,Namakkal,Sandstone,10.89,9.234106,78.270263,Active
Mine_01015,Tirunelveli,Iron Ore,41.8,10.811016,78.00483,Active
Mine_01016,Tuticorin,Salt,79.64,8.766976,78.561429,Active
Mine_01017,Theni,Salt,50.64,10.04624,76.416023,Active
Mine_01018,Cuddalore,Iron Ore,80.71,9.341974,80.350304,Active
Mine_01019,Dharmapuri,Limestone,17.11,12.925557,80.3498,Active
Mine_01020,Theni,Limestone,46.56,9.50411,79.314129,Active
Mine_01021,Cuddalore,Sand,19.53,9.944103,77.420349,Active
Mine_01022,Theni,Limestone,8.54,9.702083,80.387069,Active
Mine_01023,Erode,Limestone,34.37,13.408374,77.087206,Active
Mine_01024,Karur,Sand,19.18,10.728235,76.03495,Active
Mine_01025,Erode,Silica Sand,13.04,10.1748,79.092355,Closed
Mine_01026,Cuddalore,Limestone,14.82,13.158042,79.047152,Active
Mine_01027,Namakkal,Iron Ore,26.43,9.210495,77.142931,Active
Mine_01028,Salem,Marble,50.26,9.491282,79.421477,Active
Mine_01029,Dindigul,Granite,18.27,10.150046,80.394054,Active
Mine_01030,Dharmapuri,Iron Ore,14.46,11.941335,77.613976,Active
Mine_01031,Theni,Granite,78.17,12.646752,77.61854,Active
Mine_01032,Coimbatore,Marble,2.51,11.858609,76.044224,Active
Mine_01033,Tiruppur,Limestone,47.29,12.21435,77.368426,Active
Mine_01034,Dharmapuri,Iron Ore,165.17,13.00359,79.833057,Active
Mine_01035,Virudhunagar,Granite,33.66,10.923136,78.060834,Active
Mine_01036,Ariyalur,Silica Sand,12.84,10.609392,77.501995,Active
Mine_01037,Madurai,Silica Sand,33.69,11.474473,78.334365,Active
Mine_01038,Ariyalur,Sand,27.09,9.706294,76.817936,Active
Mine_01039,Tiruppur,Granite,23.64,11.046887,77.340797,Active
Mine_01040,Virudhunagar,Iron Ore,14.5,11.416085,77.3581,Active
Mine_01041,Tiruppur,Granite,1.58,10.747516,79.441493,Active
Mine_01042,Krishnagiri,Silica Sand,11.6,12.530605,76.383708,Active
Mine_01043,Tiruvannamalai,Silica Sand,14.07,9.458123,77.944048,Active
Mine_01044,Theni,Limestone,4.36,11.217693,78.198441,Active
Mine_01045,Salem,Silica Sand,12.43,13.008657,77.960524,Active
Mine_01046,Perambalur,Sandstone,41.21,9.736589,78.796834,Active
Mine_01047,Perambalur,Limestone,5.73,10.12683,79.695141,Active
Mine_01048,Tirunelveli,Salt,4.77,12.047562,77.237945,Active
Mine_01049,Namakkal,Sand,12.24,9.535218,80.188025,Closed
Mine_01050,Krishnagiri,Silica Sand,51.69,12.600082,80.384977,Active
Mine_01051,Tuticorin,Limestone,69.0,11.554705,78.91304,Active
Mine_01052,Dharmapuri,Iron Ore,161.78,13.015002,77.976088,Active
Mine_01053,Dharmapuri,Sand,70.04,11.858245,78.067046,Active
Mine_01054,Tiruvannamalai,Granite,25.32,13.107055,78.884887,Active
Mine_01055,Theni,Marble,2.73,13.349125,77.62027,Active
Mine_01056,Dindigul,Sandstone,45.89,11.642277,79.21895,Active
Mine_01057,Theni,Limestone,5.35,11.605305,76.179087,Active
Mine_01058,Tiruvannamalai,Iron Ore,88.59,10.469708,78.066867,Active
Mine_01059,Salem,Silica Sand,27.81,11.150183,76.617522,Active
Mine_01060,Madurai,Salt,31.99,9.058712,76.458454,Active
Mine_01061,Namakkal,Silica Sand,57.09,8.268215,79.79678,Active
Mine_01062,Erode,Granite,34.94,11.760835,79.389035,Active
Mine_01063,Kanyakumari,Marble,8.15,8.313513,78.645093,Active
Mine_01064,Ariyalur,Sandstone,2.01,11.150237,79.687731,Active
Mine_01065,Krishnagiri,Granite,36.29,9.508171,76.119738,Active
Mine_01066,Namakkal,Granite,34.77,12.079263,79.038539,Active
Mine_01067,Perambalur,Limestone,5.39,8.714214,79.042881,Active
Mine_01068,Krishnagiri,Sand,8.14,8.581077,79.657829,Active
Mine_01069,Cuddalore,Sandstone,48.6,12.58952,76.252963,Active
Mine_01070,Tiruvannamalai,Marble,13.48,11.52246,77.413729,Active
Mine_01071,Krishnagiri,Sandstone,34.68,8.91577,79.204991,Active
Mine_01072,Madurai,Salt,27.28,13.031592,76.952715,Active
Mine_01073,Dindigul,Iron Ore,10.06,9.144583,79.391741,Closed
Mine_01074,Namakkal,Silica Sand,34.13,9.929277,79.747122,Active
Mine_01075,Namakkal,Marble,20.8,13.412492,77.31512,Active
Mine_01076,Perambalur,Granite,33.26,9.387775,80.118805,Active
Mine_01077,Perambalur,Granite,4.37,11.611095,80.081435,Active
Mine_01078,Perambalur,Salt,24.12,13.201433,79.04569,Closed
Mine_01079,Krishnagiri,Marble,14.48,8.511596,76.647406,Active
Mine_01080,Kanyakumari,Limestone,4.54,10.329151,78.03565,Active
Mine_01081,Virudhunagar,Marble,31.5,8.477306,77.065823,Active
Mine_01082,Erode,Limestone,18.22,9.261664,76.982364,Active
Mine_01083,Theni,Sand,4.34,8.947086,77.939427,Active
Mine_01084,Namakkal,Granite,16.73,9.00883,76.030783,Active
Mine_01085,Tuticorin,Iron Ore,10.26,8.724938,79.991692,Active
Mine_01086,Salem,Iron Ore,77.82,12.494089,78.017559,Active
Mine_01087,Perambalur,Silica Sand,14.86,12.191713,80.212795,Active
Mine_01088,Dindigul,Iron Ore,83.1,12.055873,77.137768,Active
Mine_01089,Vellore,Limestone,97.31,11.482483,79.244746,Active
Mine_01090,Tirunelveli,Silica Sand,1.14,10.064267,78.82039,Active
Mine_01091,Coimbatore,Marble,109.6,13.388919,79.908488,Active
Mine_01092,Dindigul,Salt,34.66,13.019328,76.798081,Active
Mine_01093,Kanyakumari,Granite,3.2,10.275383,79.054993,Active
Mine_01094,Tiruppur,Sandstone,58.79,11.465963,80.448207,Active
Mine_01095,Virudhunagar,Granite,53.02,10.869534,76.959418,Active
Mine_01096,Dharmapuri,Limestone,3.7,9.88224,80.416225,Active
Mine_01097,Tuticorin,Marble,7.29,13.423972,79.693821,Active
Mine_01098,Karur,Limestone,2.33,8.66208,78.613459,Active
Mine_01099,Salem,Salt,74.05,10.452376,79.188626,Active
Mine_01100,Madurai,Sand,40.57,8.388831,77.626931,Active
Mine_01101,Dharmapuri,Sandstone,40.31,12.724128,77.551464,Active
Mine_01102,Coimbatore,Limestone,50.2,9.368384,80.095975,Active
Mine_01103,Erode,Sandstone,1.17,11.540459,77.24715,Active
Mine_01104,Erode,Iron Ore,15.43,10.783246,76.7313,Active
Mine_01105,Karur,Iron Ore,79.74,10.237256,79.430625,Active
Mine_01106,Ariyalur,Iron Ore,1.0,11.22631,78.049277,Active
Mine_01107,Erode,Limestone,54.88,8.800345,79.950903,Active
Mine_01108,Krishnagiri,Sand,19.31,8.978362,77.582741,Closed
Mine_01109,Dindigul,Marble,34.53,11.286978,79.325187,Active
Mine_01110,Krishnagiri,Iron Ore,26.77,9.123411,78.820612,Active
Mine_01111,Kanyakumari,Sandstone,26.17,10.672371,78.546333,Closed
Mine_01112,Coimbatore,Silica Sand,24.0,11.952846,78.63806,Active
Mine_01113,Ariyalur,Marble,24.94,9.352002,80.11679,Active
Mine_01114,Cuddalore,Limestone,39.94,10.986172,76.582213,Active
Mine_01115,Perambalur,Salt,39.02,10.457808,79.500932,Active
Mine_01116,Karur,Sand,76.73,13.134693,80.19671,Active
Mine_01117,Dharmapuri,Silica Sand,1.15,12.703409,77.614401,Active
Mine_01118,Coimbatore,Iron Ore,135.06,8.961317,78.916136,Active
Mine_01119,Madurai,Granite,59.99,11.703809,78.765248,Active
Mine_01120,Erode,Marble,16.07,9.365581,80.446063,Active
Mine_01121,Dharmapuri,Silica Sand,46.17,9.166447,77.07549,Active
Mine_01122,Tirunelveli,Marble,103.65,10.013622,76.466365,Active
Mine_01123,Namakkal,Limestone,248.14,12.719764,77.83572,Active
Mine_01124,Dharmapuri,Limestone,38.31,8.246733,78.801461,Active
Mine_01125,Erode,Granite,5.76,8.63668,79.798837,Active
Mine_01126,Cuddalore,Sand,26.46,12.936428,80.084926,Active
Mine_01127,Ariyalur,Limestone,69.84,12.352209,76.904101,Closed
Mine_01128,Tiruvannamalai,Granite,8.08,11.120938,77.696535,Closed
Mine_01129,Krishnagiri,Sand,1.0,13.282017,76.200646,Active
Mine_01130,Salem,Salt,107.69,11.662709,79.701959,Active
Mine_01131,Tiruvannamalai,Marble,24.62,10.744324,76.324959,Active
Mine_01132,Erode,Granite,57.95,10.669098,76.672217,Active
Mine_01133,Krishnagiri,Granite,82.35,11.372139,76.707417,Active
Mine_01134,Namakkal,Iron Ore,3.03,11.447581,77.139395,Active
Mine_01135,Tirunelveli,Silica Sand,154.43,10.760282,78.047306,Active
Mine_01136,Krishnagiri,Salt,44.26,12.482584,77.173038,Active
Mine_01137,Virudhunagar,Sandstone,131.98,13.046497,79.440557,Active
Mine_01138,Kanyakumari,Sand,4.3,8.087561,78.772823,Active
Mine_01139,Erode,Sand,40.78,9.296254,79.211471,Active
Mine_01140,Erode,Granite,21.64,8.2448,77.301115,Active
Mine_01141,Dharmapuri,Salt,24.15,12.692467,78.615945,Active
Mine_01142,Krishnagiri,Granite,25.74,9.988179,77.614272,Active
Mine_01143,Tiruppur,Silica Sand,27.17,10.595464,78.206406,Active
Mine_01144,Tuticorin,Granite,20.67,9.833149,78.213676,Active
Mine_01145,Coimbatore,Iron Ore,63.19,10.675655,77.503205,Active
Mine_01146,Vellore,Limestone,119.26,9.678048,76.759867,Active
Mine_01147,Coimbatore,Salt,83.92,9.59699,76.369048,Active
Mine_01148,Dharmapuri,Granite,15.95,9.529617,76.829958,Active
Mine_01149,Cuddalore,Salt,52.52,8.421423,78.988149,Active
Mine_01150,Cuddalore,Iron Ore,13.48,11.975228,80.253882,Active
Mine_01151,Virudhunagar,Limestone,24.84,12.500653,79.074969,Active
Mine_01152,Perambalur,Silica Sand,22.41,9.039421,77.268088,Active
Mine_01153,Coimbatore,Silica Sand,3.42,9.077891,80.246949,Active
Mine_01154,Tiruppur,Limestone,98.46,10.71449,78.041078,Active
Mine_01155,Ariyalur,Marble,30.04,9.111445,76.495332,Active
Mine_01156,Madurai,Sand,80.19,11.315655,79.273914,Active
Mine_01157,Namakkal,Marble,43.98,9.103921,79.960696,Active
Mine_01158,Madurai,Limestone,38.76,11.510925,79.147231,Active
Mine_01159,Cuddalore,Sand,30.44,10.59227,80.414939,Active
Mine_01160,Ariyalur,Sandstone,56.51,8.523869,76.123618,Active
Mine_01161,Dindigul,Iron Ore,7.69,11.699544,76.780282,Closed
Mine_01162,Perambalur,Silica Sand,45.57,9.115802,79.355327,Active
Mine_01163,Tirunelveli,Iron Ore,27.21,13.077457,76.071333,Active
Mine_01164,Virudhunagar,Sandstone,26.85,10.240743,80.439563,Active
Mine_01165,Tiruvannamalai,Sandstone,2.17,11.442127,76.245292,Active
Mine_01166,Madurai,Sand,29.95,11.08877,76.768662,Active
Mine_01167,Virudhunagar,Limestone,36.01,9.155648,76.523493,Active
Mine_01168,Tuticorin,Marble,1.0,9.980548,76.4042,Active
Mine_01169,Erode,Salt,41.18,12.305101,80.218665,Active
Mine_01170,Madurai,Silica Sand,11.16,12.632066,76.941877,Active
Mine_01171,Ariyalur,Marble,89.78,10.869415,77.182014,Active
Mine_01172,Tiruppur,Sandstone,26.44,9.735544,79.550253,Closed
Mine_01173,Ariyalur,Limestone,47.17,9.339406,80.192467,Active
Mine_01174,Krishnagiri,Granite,29.37,11.111581,76.068898,Active
Mine_01175,Tiruvannamalai,Limestone,20.86,12.451532,77.706775,Active
Mine_01176,Tuticorin,Sandstone,170.56,12.293751,77.756073,Active
Mine_01177,Perambalur,Silica Sand,32.31,8.959742,77.704165,Closed
Mine_01178,Tiruppur,Iron Ore,42.08,12.767518,80.022879,Active
Mine_01179,Perambalur,Silica Sand,52.26,10.751598,77.868201,Active
Mine_01180,Karur,Salt,1.0,8.502844,78.505774,Active
Mine_01181,Perambalur,Sand,15.88,8.635831,77.748839,Active
Mine_01182,Namakkal,Sand,44.73,13.449118,79.972704,Closed
Mine_01183,Namakkal,Silica Sand,8.46,10.541216,80.063625,Active
Mine_01184,Theni,Silica Sand,16.68,12.94732,80.23396,Active
Mine_01185,Salem,Granite,24.11,12.595471,80.327257,Active
Mine_01186,Ariyalur,Sandstone,37.34,12.672084,78.435417,Active
Mine_01187,Virudhunagar,Iron Ore,2.58,10.111709,77.999984,Active
Mine_01188,Tiruvannamalai,Granite,135.96,10.487183,76.642535,Active
Mine_01189,Dharmapuri,Limestone,15.41,12.77454,79.965628,Closed
Mine_01190,Tuticorin,Salt,1.0,11.867599,76.09765,Active
Mine_01191,Dharmapuri,Granite,33.35,10.771522,76.060811,Active
Mine_01192,Salem,Salt,75.51,12.887532,78.177325,Active
Mine_01193,Kanyakumari,Sandstone,108.37,11.97944,78.59734,Active
Mine_01194,Tiruvannamalai,Limestone,49.21,9.979958,76.345255,Active
Mine_01195,Tirunelveli,Silica Sand,44.19,9.73479,79.071697,Active
Mine_01196,Dindigul,Granite,154.38,10.125025,77.202664,Active
Mine_01197,Tuticorin,Sand,21.41,12.193445,80.051405,Active
Mine_01198,Theni,Salt,44.59,11.494854,79.625938,Active
Mine_01199,Tiruppur,Salt,21.39,11.838254,77.207127,Active
Mine_01200,Perambalur,Marble,6.44,12.267298,78.010527,Active
Mine_01201,Ariyalur,Granite,116.03,11.704854,76.292047,Active
Mine_01202,Theni,Granite,39.71,9.413029,79.603612,Active
Mine_01203,Tirunelveli,Sand,2.48,13.037642,78.769531,Active
Mine_01204,Ariyalur,Salt,9.4,8.216797,79.335889,Closed
Mine_01205,Tiruvannamalai,Salt,4.49,8.955194,79.10577,Active
Mine_01206,Namakkal,Iron Ore,52.8,10.795955,80.463243,Active
Mine_01207,Perambalur,Sandstone,22.26,11.568043,79.272708,Active
Mine_01208,Krishnagiri,Silica Sand,23.4,11.087911,79.820697,Active
Mine_01209,Ariyalur,Sand,23.22,11.018289,79.583286,Closed
Mine_01210,Erode,Marble,43.19,10.874902,76.106164,Closed
Mine_01211,Cuddalore,Sandstone,55.15,9.145527,76.92349,Active
Mine_01212,Coimbatore,Sand,22.12,10.120539,80.119373,Active
Mine_01213,Erode,Sand,178.17,10.559026,76.26207,Active
Mine_01214,Cuddalore,Salt,6.83,13.211608,79.45082,Active
Mine_01215,Tiruppur,Silica Sand,11.62,10.699457,76.3399,Active
Mine_01216,Cuddalore,Iron Ore,19.04,13.249325,79.93376,Active
Mine_01217,Tuticorin,Silica Sand,51.33,8.178676,78.678746,Active
Mine_01218,Erode,Limestone,26.48,8.349808,78.482596,Closed
Mine_01219,Salem,Limestone,22.51,9.761643,80.07994,Closed
Mine_01220,Perambalur,Silica Sand,20.82,8.225953,77.562798,Active
Mine_01221,Theni,Salt,118.87,9.47426,79.651597,Active
Mine_01222,Erode,Sandstone,2.93,13.137181,79.448581,Active
Mine_01223,Dindigul,Iron Ore,138.88,11.926769,80.160964,Active
Mine_01224,Tiruvannamalai,Granite,30.05,8.697801,78.666221,Active
Mine_01225,Erode,Sandstone,1.0,9.071623,78.210987,Active
Mine_01226,Erode,Marble,22.09,11.930828,78.717067,Active
Mine_01227,Dindigul,Sand,9.82,13.313118,76.587855,Active
Mine_01228,Perambalur,Sand,131.83,11.342271,80.425242,Active
Mine_01229,Madurai,Granite,65.93,12.243103,80.118125,Active
Mine_01230,Namakkal,Limestone,9.26,12.8076,76.13706,Closed
Mine_01231,Madurai,Sand,39.83,12.109799,76.94238,Active
Mine_01232,Madurai,Limestone,9.52,12.358969,76.841083,Active
Mine_01233,Virudhunagar,Sandstone,1.01,12.593842,77.644151,Closed
Mine_01234,Virudhunagar,Sandstone,92.76,13.094061,76.040942,Active
Mine_01235,Perambalur,Granite,44.26,12.885497,78.069739,Active
Mine_01236,Namakkal,Marble,65.38,13.320305,77.208695,Active
Mine_01237,Perambalur,Granite,32.76,10.765309,76.649964,Active
Mine_01238,Madurai,Granite,26.44,9.620318,77.164173,Active
Mine_01239,Karur,Silica Sand,32.29,8.008807,77.274486,Active
Mine_01240,Coimbatore,Silica Sand,20.66,11.720597,76.854697,Active
Mine_01241,Cuddalore,Marble,42.68,9.876321,79.363808,Active
Mine_01242,Perambalur,Marble,7.43,11.502518,80.386464,Active
Mine_01243,Tuticorin,Salt,18.88,13.090707,78.263697,Active
Mine_01244,Namakkal,Granite,82.79,10.760012,77.969408,Closed
Mine_01245,Coimbatore,Iron Ore,13.53,9.374382,77.603125,Active
Mine_01246,Tuticorin,Salt,38.31,10.655832,77.756466,Active
Mine_01247,Tuticorin,Marble,101.41,11.198739,78.400661,Active
Mine_01248,Tiruppur,Salt,29.63,8.642113,76.580793,Active
Mine_01249,Cuddalore,Marble,14.75,12.782476,79.43843,Closed
Mine_01250,Virudhunagar,Sandstone,4.3,12.006717,76.898514,Active
Mine_01251,Tirunelveli,Limestone,14.59,10.884753,78.933406,Active
Mine_01252,Dharmapuri,Limestone,144.02,9.572128,76.319998,Active
Mine_01253,Theni,Limestone,23.06,12.497836,78.471969,Active
Mine_01254,Virudhunagar,Limestone,2.87,10.510274,78.743601,Closed
Mine_01255,Karur,Limestone,56.48,12.36774,78.225687,Active
Mine_01256,Dharmapuri,Salt,21.15,12.942283,80.033155,Active
Mine_01257,Tirunelveli,Granite,3.72,12.757472,77.44279,Active
Mine_01258,Salem,Salt,29.46,8.823774,76.295106,Active
Mine_01259,Tiruvannamalai,Iron Ore,17.79,12.445968,77.746263,Active
Mine_01260,Vellore,Sand,20.07,12.359809,77.256149,Closed
Mine_01261,Tuticorin,Marble,2.61,8.724402,79.864352,Active
Mine_01262,Virudhunagar,Salt,1.78,9.435656,79.940931,Active
Mine_01263,Madurai,Iron Ore,29.11,10.91265,77.80397,Active
Mine_01264,Dindigul,Marble,9.32,12.394217,79.613667,Active
Mine_01265,Theni,Sand,13.36,10.652602,79.238107,Active
Mine_01266,Krishnagiri,Salt,19.28,9.674878,76.111868,Active
Mine_01267,Perambalur,Marble,20.86,12.681936,79.593179,Active
Mine_01268,Tiruppur,Sandstone,10.32,9.865805,78.241894,Active
Mine_01269,Erode,Marble,1.0,8.846798,79.174104,Active
Mine_01270,Tirunelveli,Sand,35.79,12.877625,79.999848,Active
Mine_01271,Tiruvannamalai,Sandstone,3.76,9.855475,76.403654,Active
Mine_01272,Krishnagiri,Limestone,24.62,9.229814,80.200548,Active
Mine_01273,Vellore,Sandstone,115.14,8.021067,77.071562,Active
Mine_01274,Salem,Salt,4.81,11.13603,79.878297,Active
Mine_01275,Dindigul,Granite,22.76,12.111784,80.498882,Active
Mine_01276,Tiruvannamalai,Granite,29.22,11.230413,76.783948,Active
Mine_01277,Theni,Granite,7.82,13.033419,78.093424,Active
Mine_01278,Coimbatore,Granite,7.17,9.568526,79.56778,Active
Mine_01279,Tuticorin,Marble,85.25,9.805403,76.507782,Active
Mine_01280,Vellore,Silica Sand,36.99,12.43728,76.706128,Active
Mine_01281,Tiruvannamalai,Sandstone,35.48,8.760557,77.917551,Active
Mine_01282,Krishnagiri,Sand,52.26,12.811109,80.224237,Active
Mine_01283,Tuticorin,Salt,21.13,9.831261,76.562305,Active
Mine_01284,Virudhunagar,Granite,12.03,9.400639,80.491878,Active
Mine_01285,Virudhunagar,Iron Ore,4.16,11.188929,78.825387,Active
Mine_01286,Dharmapuri,Sandstone,64.32,12.067111,77.918432,Active
Mine_01287,Virudhunagar,Iron Ore,4.2,8.299815,78.999366,Active
Mine_01288,Kanyakumari,Granite,2.25,10.945088,80.210872,Active
Mine_01289,Dharmapuri,Granite,64.41,13.12671,79.466029,Active
Mine_01290,Cuddalore,Limestone,8.79,9.174456,79.042419,Active
Mine_01291,Ariyalur,Salt,19.62,9.777568,80.208214,Active
Mine_01292,Tiruvannamalai,Limestone,4.49,11.687457,77.299777,Active
Mine_01293,Tiruppur,Sandstone,50.8,12.098828,78.315036,Active
Mine_01294,Tuticorin,Iron Ore,14.83,10.7913,77.805637,Active
Mine_01295,Vellore,Limestone,19.52,11.79403,78.710985,Active
Mine_01296,Cuddalore,Sand,53.19,13.456411,78.831161,Active
Mine_01297,Perambalur,Limestone,82.49,12.480109,77.052653,Active
Mine_01298,Vellore,Sand,15.13,9.685193,76.685306,Active
Mine_01299,Virudhunagar,Iron Ore,52.8,9.849695,77.47872,Active
Mine_01300,Karur,Salt,8.48,12.228203,77.195144,Active
Mine_01301,Karur,Granite,15.53,10.560178,80.244381,Active
Mine_01302,Madurai,Silica Sand,17.74,8.821697,78.294933,Active
Mine_01303,Karur,Iron Ore,72.05,12.157375,78.17531,Active
Mine_01304,Ariyalur,Limestone,30.15,10.64874,79.062551,Active
Mine_01305,Ariyalur,Marble,57.56,12.208988,77.603177,Active
Mine_01306,Vellore,Granite,18.94,12.968348,76.313608,Active
Mine_01307,Madurai,Marble,13.8,8.950165,77.707145,Active
Mine_01308,Theni,Salt,66.89,12.763128,76.774759,Active
Mine_01309,Tiruppur,Marble,31.89,11.608985,77.720068,Active
Mine_01310,Karur,Sandstone,79.18,11.597427,78.302158,Active
Mine_01311,Namakkal,Salt,25.79,9.744925,79.448368,Closed
Mine_01312,Dindigul,Silica Sand,66.85,12.769337,79.028537,Active
Mine_01313,Tiruppur,Sand,57.64,8.750767,77.029018,Active
Mine_01314,Tirunelveli,Salt,11.13,12.996009,76.418982,Active
Mine_01315,Theni,Marble,31.13,11.725154,79.161833,Active
Mine_01316,Madurai,Granite,20.41,13.24537,78.889496,Active
Mine_01317,Tuticorin,Silica Sand,43.21,10.58949,76.895184,Active
Mine_01318,Tuticorin,Salt,21.33,11.006382,77.962211,Active
Mine_01319,Tiruppur,Silica Sand,44.62,10.797806,79.245052,Active
Mine_01320,Tuticorin,Granite,14.45,10.361963,78.118177,Active
Mine_01321,Kanyakumari,Silica Sand,117.43,9.323919,77.07977,Active
Mine_01322,Cuddalore,Silica Sand,34.67,11.668703,80.102096,Closed
Mine_01323,Coimbatore,Sand,1.58,9.027249,79.740606,Active
Mine_01324,Perambalur,Iron Ore,18.92,10.934549,76.001085,Active
Mine_01325,Theni,Silica Sand,11.53,12.432482,77.258532,Active
Mine_01326,Salem,Sand,80.29,9.327423,76.353413,Active
Mine_01327,Namakkal,Salt,32.0,12.492364,80.318165,Active
Mine_01328,Karur,Sandstone,27.2,8.22038,80.429449,Active
Mine_01329,Krishnagiri,Salt,43.95,9.563586,78.636002,Active
Mine_01330,Karur,Sandstone,72.34,9.457319,78.018847,Active
Mine_01331,Tiruvannamalai,Sand,61.29,10.17144,78.907211,Active
Mine_01332,Erode,Silica Sand,46.62,12.317538,79.578795,Active
Mine_01333,Coimbatore,Granite,70.74,9.664736,78.104869,Active
Mine_01334,Karur,Silica Sand,87.51,10.503183,78.501604,Active
Mine_01335,Kanyakumari,Sand,45.22,12.281837,76.589566,Active
Mine_01336,Tirunelveli,Iron Ore,11.1,13.084719,78.347845,Active
Mine_01337,Ariyalur,Marble,144.42,9.21798,79.625237,Active
Mine_01338,Vellore,Salt,82.99,11.141012,76.040494,Closed
Mine_01339,Tiruppur,Sand,14.13,8.181213,78.655573,Active
Mine_01340,Madurai,Iron Ore,1.55,13.470268,78.168938,Active
Mine_01341,Krishnagiri,Granite,14.82,9.760606,79.772588,Active
Mine_01342,Tirunelveli,Silica Sand,137.36,9.76848,80.492053,Active
Mine_01343,Dindigul,Silica Sand,2.77,8.155052,77.101353,Active
Mine_01344,Kanyakumari,Sandstone,50.97,13.050568,77.836182,Active
Mine_01345,Tirunelveli,Sandstone,95.48,12.424059,76.296234,Active
Mine_01346,Dindigul,Sandstone,95.21,8.673648,78.403163,Active
Mine_01347,Namakkal,Limestone,58.04,8.383897,78.154158,Active
Mine_01348,Erode,Iron Ore,97.03,11.047694,78.372163,Active
Mine_01349,Dindigul,Iron Ore,39.37,11.679794,76.568276,Active
Mine_01350,Dharmapuri,Iron Ore,59.61,9.45649,80.201169,Active
Mine_01351,Dharmapuri,Sand,9.89,10.43672,78.780159,Active
Mine_01352,Tiruppur,Iron Ore,131.19,12.896214,77.216569,Active
Mine_01353,Tuticorin,Iron Ore,24.78,9.729388,78.614359,Active
Mine_01354,Salem,Silica Sand,39.69,11.846221,79.200048,Active
Mine_01355,Cuddalore,Silica Sand,11.07,10.656578,79.990742,Active
Mine_01356,Namakkal,Sandstone,4.07,10.618312,80.462588,Active
Mine_01357,Erode,Marble,15.7,13.397962,76.606363,Active
Mine_01358,Vellore,Limestone,25.5,8.966811,76.652196,Active
Mine_01359,Cuddalore,Limestone,4.8,12.165838,79.408968,Closed
Mine_01360,Kanyakumari,Sand,12.21,9.235077,78.094775,Active
Mine_01361,Cuddalore,Limestone,40.42,12.812432,76.372322,Active
Mine_01362,Coimbatore,Granite,26.99,10.412363,79.421402,Active
Mine_01363,Tiruppur,Limestone,93.13,12.796886,76.320662,Closed
Mine_01364,Cuddalore,Silica Sand,4.37,8.590779,76.455237,Active
Mine_01365,Perambalur,Iron Ore,145.07,10.412766,78.433409,Active
Mine_01366,Karur,Limestone,117.82,10.328469,76.041896,Active
Mine_01367,Perambalur,Marble,87.43,10.023179,76.642708,Active
Mine_01368,Tuticorin,Limestone,137.82,12.287541,76.101022,Active
Mine_01369,Vellore,Limestone,69.82,8.308013,78.160485,Active
Mine_01370,Tirunelveli,Limestone,15.57,10.421219,79.749444,Active
Mine_01371,Tuticorin,Silica Sand,20.1,9.397171,80.419608,Active
Mine_01372,Kanyakumari,Sandstone,11.84,9.047274,79.014791,Active
Mine_01373,Virudhunagar,Silica Sand,3.3,9.053193,77.738064,Active
Mine_01374,Tuticorin,Salt,15.47,13.301538,78.887109,Active
Mine_01375,Perambalur,Limestone,83.18,9.658009,76.425504,Active
Mine_01376,Krishnagiri,Granite,33.79,8.294671,76.632246,Active
Mine_01377,Krishnagiri,Sandstone,28.05,10.996849,77.275782,Active
Mine_01378,Tirunelveli,Salt,51.26,8.428966,76.477585,Active
Mine_01379,Krishnagiri,Salt,90.45,11.59253,77.570736,Active
Mine_01380,Erode,Limestone,39.82,9.611089,77.680931,Active
Mine_01381,Coimbatore,Marble,11.87,11.926455,78.160083,Active
Mine_01382,Coimbatore,Limestone,23.33,12.238806,77.188058,Active
Mine_01383,Tiruppur,Silica Sand,143.93,11.337546,76.539648,Active
Mine_01384,Karur,Silica Sand,37.43,10.214692,76.935297,Active
Mine_01385,Namakkal,Iron Ore,43.34,9.299851,76.440357,Active
Mine_01386,Karur,Iron Ore,29.23,9.937699,77.05326,Closed
Mine_01387,Perambalur,Marble,42.48,10.934893,80.248186,Active
Mine_01388,Vellore,Silica Sand,26.88,10.819169,77.204984,Active
Mine_01389,Karur,Silica Sand,49.05,13.17352,77.481946,Active
Mine_01390,Coimbatore,Iron Ore,31.45,8.926423,79.422091,Active
Mine_01391,Coimbatore,Sandstone,48.97,9.288095,77.213355,Active
Mine_01392,Theni,Marble,8.65,12.024238,76.693664,Active
Mine_01393,Karur,Sandstone,4.47,11.817398,78.336234,Active
Mine_01394,Ariyalur,Iron Ore,14.17,9.446642,76.736238,Active
Mine_01395,Tiruppur,Sandstone,3.74,10.370407,76.78654,Active
Mine_01396,Erode,Sandstone,46.52,9.789801,76.426325,Active
Mine_01397,Kanyakumari,Iron Ore,22.05,11.574252,76.111138,Active
Mine_01398,Tuticorin,Sand,53.72,12.46937,76.578608,Active
Mine_01399,Cuddalore,Iron Ore,2.71,11.798384,78.575835,Active
Mine_01400,Tiruvannamalai,Iron Ore,44.3,13.338674,76.790719,Active
Mine_01401,Coimbatore,Sand,23.67,9.39781,79.713107,Active
Mine_01402,Tiruppur,Limestone,14.2,9.061412,76.522813,Active
Mine_01403,Ariyalur,Sand,19.8,10.286761,78.111299,Active
Mine_01404,Vellore,Sand,14.82,11.650539,78.99603,Active
Mine_01405,Erode,Granite,8.6,9.157046,76.103712,Active
Mine_01406,Dharmapuri,Iron Ore,10.33,9.537808,76.573336,Active
Mine_01407,Vellore,Granite,41.4,9.868133,79.185765,Active
Mine_01408,Karur,Sand,71.73,9.073099,80.016751,Active
Mine_01409,Dharmapuri,Silica Sand,82.02,13.493976,78.734932,Active
Mine_01410,Krishnagiri,Marble,11.89,10.637002,77.65275,Active
Mine_01411,Tuticorin,Marble,19.35,12.601411,78.928547,Active
Mine_01412,Cuddalore,Sand,68.13,8.211001,79.918587,Active
Mine_01413,Kanyakumari,Silica Sand,76.93,8.77091,78.448824,Active
Mine_01414,Virudhunagar,Iron Ore,2.23,11.990129,76.364768,Active
Mine_01415,Virudhunagar,Salt,84.06,12.472325,80.310236,Active
Mine_01416,Perambalur,Salt,47.29,8.936425,77.222684,Active
Mine_01417,Perambalur,Granite,9.57,11.678143,78.442952,Active
Mine_01418,Salem,Sandstone,5.56,11.062501,80.258704,Active
Mine_01419,Vellore,Sand,37.33,13.117467,79.766175,Active
Mine_01420,Virudhunagar,Sand,58.72,10.685703,77.519736,Closed
Mine_01421,Dindigul,Marble,61.29,9.785348,79.245217,Active
Mine_01422,Dindigul,Iron Ore,107.0,12.341586,79.255276,Closed
Mine_01423,Erode,Salt,22.31,9.497323,77.728723,Active
Mine_01424,Tirunelveli,Silica Sand,73.41,11.857113,79.550683,Active
Mine_01425,Tiruppur,Salt,20.01,9.055303,76.275475,Active
Mine_01426,Tuticorin,Marble,7.3,8.256767,79.507893,Closed
Mine_01427,Cuddalore,Marble,48.69,13.201204,77.840173,Active
Mine_01428,Vellore,Salt,39.83,10.472794,76.848845,Active
Mine_01429,Virudhunagar,Marble,66.56,12.045364,78.987062,Active
Mine_01430,Perambalur,Granite,19.94,9.881125,79.745076,Active
Mine_01431,Cuddalore,Marble,18.3,10.98265,76.666454,Active
Mine_01432,Dindigul,Salt,7.39,11.194383,79.214744,Active
Mine_01433,Kanyakumari,Iron Ore,44.56,10.168876,76.00578,Active
Mine_01434,Karur,Iron Ore,44.97,10.295966,79.288056,Active
Mine_01435,Krishnagiri,Granite,115.29,8.263113,79.825774,Active
Mine_01436,Coimbatore,Limestone,66.52,10.058683,77.040914,Active
Mine_01437,Tiruvannamalai,Sand,7.78,11.191257,80.068157,Active
Mine_01438,Erode,Sandstone,8.33,11.436375,77.514027,Active
Mine_01439,Perambalur,Silica Sand,7.88,12.960539,77.787341,Active
Mine_01440,Kanyakumari,Marble,2.08,13.09454,80.327341,Active
Mine_01441,Virudhunagar,Salt,3.87,12.012343,77.562794,Active
Mine_01442,Erode,Salt,23.22,12.956477,79.378011,Active
Mine_01443,Vellore,Sandstone,15.76,13.409785,79.00308,Active
Mine_01444,Perambalur,Silica Sand,5.51,11.063537,80.022877,Active
Mine_01445,Virudhunagar,Salt,17.59,9.170918,79.401846,Active
Mine_01446,Coimbatore,Sand,26.43,11.769923,79.505524,Active
Mine_01447,Erode,Sandstone,33.69,12.4655,79.635721,Active
Mine_01448,Theni,Marble,51.1,8.860348,79.824719,Active
Mine_01449,Tiruvannamalai,Sandstone,17.7,9.525847,78.892609,Active
Mine_01450,Salem,Limestone,16.76,12.233748,78.526101,Active
Mine_01451,Tuticorin,Salt,29.16,11.178324,79.371919,Active
Mine_01452,Tiruvannamalai,Sandstone,106.09,8.948455,78.608346,Active
Mine_01453,Tirunelveli,Salt,27.67,9.497571,76.762284,Active
Mine_01454,Cuddalore,Salt,3.0,12.846078,77.154978,Active
Mine_01455,Vellore,Iron Ore,45.34,10.279364,79.102904,Closed
Mine_01456,Vellore,Granite,228.35,12.129346,78.90124,Active
Mine_01457,Tuticorin,Salt,1.26,11.047997,79.429147,Active
Mine_01458,Namakkal,Sand,1.36,10.017136,77.066817,Active
Mine_01459,Dindigul,Salt,6.25,11.823921,76.639634,Active
Mine_01460,Virudhunagar,Iron Ore,106.85,8.029419,79.367075,Active
Mine_01461,Salem,Salt,21.9,11.891445,78.082095,Active
Mine_01462,Ariyalur,Silica Sand,1.0,12.45577,76.394086,Active
Mine_01463,Cuddalore,Sandstone,9.36,11.659001,76.354144,Closed
Mine_01464,Kanyakumari,Marble,53.27,9.656772,78.08526,Active
Mine_01465,Karur,Limestone,54.14,9.664522,78.980673,Active
Mine_01466,Theni,Granite,88.04,10.856687,78.542646,Active
Mine_01467,Tuticorin,Silica Sand,36.92,11.077114,76.065404,Closed
Mine_01468,Kanyakumari,Salt,110.11,12.766802,80.421605,Active
Mine_01469,Erode,Salt,73.4,11.564174,77.524375,Active
Mine_01470,Krishnagiri,Sandstone,16.27,8.141583,77.534715,Active
Mine_01471,Perambalur,Silica Sand,29.21,10.505259,76.138711,Active
Mine_01472,Theni,Marble,13.9,10.197792,79.835937,Active
Mine_01473,Virudhunagar,Sandstone,19.9,9.44983,80.295881,Active
Mine_01474,Dindigul,Iron Ore,9.1,8.807918,79.851203,Closed
Mine_01475,Theni,Sand,1.54,8.676787,80.438575,Active
Mine_01476,Virudhunagar,Sand,4.53,11.95703,79.845559,Active
Mine_01477,Theni,Iron Ore,10.1,8.310836,76.465277,Active
Mine_01478,Krishnagiri,Granite,29.02,9.394216,80.232418,Active
Mine_01479,Madurai,Iron Ore,122.51,10.975424,79.218702,Active
Mine_01480,Dharmapuri,Silica Sand,8.14,10.40273,77.765719,Closed
Mine_01481,Kanyakumari,Salt,67.2,8.196714,78.37702,Active
Mine_01482,Tirunelveli,Granite,94.51,12.612021,78.119877,Active
Mine_01483,Karur,Silica Sand,52.37,8.724591,79.06107,Active
Mine_01484,Virudhunagar,Salt,80.52,8.183278,80.107543,Active
Mine_01485,Karur,Silica Sand,11.51,12.601038,78.305352,Active
Mine_01486,Tiruvannamalai,Limestone,20.96,11.637963,79.968565,Active
Mine_01487,Kanyakumari,Limestone,39.47,9.740065,80.379151,Active
Mine_01488,Dindigul,Limestone,17.72,8.046483,79.776436,Active
Mine_01489,Madurai,Sand,89.05,10.945371,78.44618,Closed
Mine_01490,Erode,Salt,41.68,8.246226,76.243214,Active
Mine_01491,Madurai,Limestone,87.51,8.575633,79.701916,Active
Mine_01492,Kanyakumari,Sand,15.23,10.200854,76.67723,Active
Mine_01493,Karur,Iron Ore,23.3,10.698375,79.819454,Active
Mine_01494,Cuddalore,Granite,21.48,10.243794,77.460493,Active
Mine_01495,Namakkal,Sand,26.05,8.245637,77.393017,Active
Mine_01496,Kanyakumari,Granite,3.67,12.431215,79.011326,Active
Mine_01497,Madurai,Iron Ore,45.54,11.349659,79.460411,Active
Mine_01498,Virudhunagar,Iron Ore,4.58,10.399344,80.373779,Active
Mine_01499,Tiruppur,Sand,12.08,12.693406,79.885712,Closed
Mine_01500,Tirunelveli,Salt,68.99,12.230878,78.685253,Active
Mine_01501,Tirunelveli,Silica Sand,4.8,9.932584,80.492001,Active
Mine_01502,Tirunelveli,Salt,33.14,11.563023,76.942906,Active
Mine_01503,Coimbatore,Granite,138.71,13.455411,79.553928,Closed
Mine_01504,Namakkal,Sandstone,7.52,8.434393,79.119839,Active
Mine_01505,Cuddalore,Iron Ore,98.03,12.839613,80.498836,Active
Mine_01506,Madurai,Limestone,35.32,9.436848,80.418574,Active
Mine_01507,Theni,Sandstone,46.63,11.322718,80.21117,Active
Mine_01508,Tiruvannamalai,Iron Ore,12.0,8.104102,76.161517,Active
Mine_01509,Perambalur,Sandstone,21.16,8.101044,77.217348,Active
Mine_01510,Tiruvannamalai,Sandstone,23.71,9.703511,78.172645,Active
Mine_01511,Virudhunagar,Sand,14.13,11.6287,76.61642,Active
Mine_01512,Theni,Iron Ore,4.97,9.502378,76.942837,Active
Mine_01513,Vellore,Sand,4.41,11.961474,79.092774,Closed
Mine_01514,Coimbatore,Limestone,20.74,8.343461,79.694853,Active
Mine_01515,Salem,Salt,2.33,11.700703,79.793666,Active
Mine_01516,Vellore,Iron Ore,20.54,9.652688,79.614685,Active
Mine_01517,Dindigul,Marble,27.56,12.629948,79.606084,Active
Mine_01518,Karur,Marble,9.61,8.058698,79.494509,Active
Mine_01519,Perambalur,Silica Sand,37.76,10.080137,79.57253,Active
Mine_01520,Tuticorin,Iron Ore,77.27,9.905581,80.378704,Active
Mine_01521,Coimbatore,Granite,1.67,11.877848,78.029439,Active
Mine_01522,Tiruvannamalai,Sand,25.52,11.910434,77.975687,Active
Mine_01523,Namakkal,Granite,97.05,11.588666,79.482103,Active
Mine_01524,Namakkal,Silica Sand,41.18,9.802742,79.870331,Active
Mine_01525,Vellore,Marble,20.22,13.159296,76.689107,Active
Mine_01526,Salem,Iron Ore,68.65,9.15127,77.083951,Active
Mine_01527,Madurai,Limestone,2.87,9.821646,77.271244,Active
Mine_01528,Salem,Marble,18.46,10.673316,77.41202,Active
Mine_01529,Coimbatore,Marble,4.46,11.756883,78.973273,Active
Mine_01530,Krishnagiri,Sand,2.14,12.863348,79.882038,Active
Mine_01531,Kanyakumari,Marble,149.32,10.927674,80.073948,Active
Mine_01532,Tiruppur,Limestone,23.25,11.216162,79.673025,Active
Mine_01533,Theni,Silica Sand,123.51,13.008537,80.330353,Active
Mine_01534,Vellore,Limestone,46.18,8.68993,79.539174,Active
Mine_01535,Dindigul,Granite,16.08,12.071667,77.407423,Active
Mine_01536,Namakkal,Salt,63.17,13.441374,79.056213,Active
Mine_01537,Perambalur,Granite,16.51,8.593193,77.180372,Active
Mine_01538,Vellore,Iron Ore,33.49,11.086331,78.138837,Active
Mine_01539,Tiruppur,Salt,14.88,11.386493,79.109281,Active
Mine_01540,Dindigul,Salt,48.63,11.546708,77.682724,Active
Mine_01541,Coimbatore,Sandstone,14.48,13.065882,77.444209,Active
Mine_01542,Namakkal,Limestone,4.35,13.186614,79.577828,Active
Mine_01543,Tiruppur,Iron Ore,19.44,10.212621,79.524805,Active
Mine_01544,Namakkal,Limestone,51.2,13.157579,76.410632,Active
Mine_01545,Namakkal,Silica Sand,8.67,12.488184,79.611523,Active
Mine_01546,Ariyalur,Iron Ore,40.65,9.584837,77.062036,Active
Mine_01547,Namakkal,Iron Ore,3.98,8.037335,76.688244,Active
Mine_01548,Namakkal,Sandstone,13.63,8.820974,77.084483,Closed
Mine_01549,Dindigul,Sand,20.1,9.842547,76.932771,Active
Mine_01550,Coimbatore,Silica Sand,45.24,9.592705,78.597399,Active
Mine_01551,Madurai,Salt,20.93,13.153221,77.697634,Active
Mine_01552,Tiruvannamalai,Limestone,5.43,8.321951,77.374361,Active
Mine_01553,Dindigul,Salt,57.21,8.087109,78.510146,Active
Mine_01554,Coimbatore,Salt,33.1,9.723522,77.32799,Active
Mine_01555,Dindigul,Sandstone,8.56,8.536903,80.040081,Active
Mine_01556,Krishnagiri,Limestone,17.82,8.691913,78.651992,Active
Mine_01557,Cuddalore,Marble,24.05,12.383211,78.656917,Active
Mine_01558,Tiruvannamalai,Silica Sand,6.63,11.905953,79.048038,Active
Mine_01559,Salem,Sandstone,46.12,9.979527,79.005128,Active
Mine_01560,Dharmapuri,Sand,62.59,12.416533,79.22267,Active
Mine_01561,Tiruppur,Marble,78.6,9.384981,80.414633,Active
Mine_01562,Ariyalur,Salt,27.54,10.618114,80.056775,Active
Mine_01563,Theni,Iron Ore,42.81,10.008017,78.751727,Active
Mine_01564,Perambalur,Marble,4.57,8.383052,78.650212,Active
Mine_01565,Karur,Marble,28.51,10.323452,77.791392,Active
Mine_01566,Krishnagiri,Limestone,149.22,12.804556,77.482201,Active
Mine_01567,Erode,Iron Ore,23.28,8.098768,76.335297,Active
Mine_01568,Dindigul,Marble,2.94,9.041485,79.470954,Active
Mine_01569,Theni,Limestone,41.36,8.155856,79.728386,Active
Mine_01570,Perambalur,Limestone,49.33,9.1817,76.181486,Active
Mine_01571,Theni,Silica Sand,16.48,10.301472,78.288425,Active
Mine_01572,Dindigul,Iron Ore,1.18,11.328059,77.780852,Active
Mine_01573,Dharmapuri,Sand,7.54,8.325728,76.474286,Active
Mine_01574,Ariyalur,Granite,2.69,12.539196,76.566733,Active
Mine_01575,Theni,Sandstone,24.99,12.094025,78.787503,Active
Mine_01576,Tuticorin,Sandstone,61.64,10.543512,80.234346,Active
Mine_01577,Madurai,Granite,61.5,12.518677,78.495201,Active
Mine_01578,Kanyakumari,Sand,84.75,8.247989,79.290495,Active
Mine_01579,Ariyalur,Sand,22.93,13.292666,79.753624,Active
Mine_01580,Dindigul,Salt,71.68,9.914148,80.014688,Active
Mine_01581,Cuddalore,Iron Ore,67.0,8.729322,77.050283,Active
Mine_01582,Cuddalore,Sandstone,57.69,10.460328,79.554391,Active
Mine_01583,Tuticorin,Sand,6.8,10.403685,77.786002,Active
Mine_01584,Tirunelveli,Limestone,19.65,8.939182,77.020767,Active
Mine_01585,Dharmapuri,Sand,28.94,8.938726,78.983078,Active
Mine_01586,Theni,Granite,27.05,13.3654,77.499588,Active
Mine_01587,Theni,Iron Ore,58.22,13.332563,79.358145,Closed
Mine_01588,Namakkal,Granite,34.48,9.967973,77.239561,Active
Mine_01589,Kanyakumari,Sand,15.25,12.674932,79.808293,Active
Mine_01590,Tuticorin,Sand,76.09,10.331618,76.299129,Active
Mine_01591,Theni,Silica Sand,16.87,13.484225,79.475849,Active
Mine_01592,Tiruppur,Sand,33.82,12.183876,76.674383,Active
Mine_01593,Tiruvannamalai,Marble,10.35,8.063393,76.586533,Active
Mine_01594,Vellore,Salt,170.35,9.69748,76.586458,Active
Mine_01595,Madurai,Sandstone,79.35,13.288248,77.110363,Active
Mine_01596,Dharmapuri,Marble,40.95,10.276593,77.215263,Active
Mine_01597,Virudhunagar,Granite,12.05,11.232296,77.175978,Active
Mine_01598,Tuticorin,Salt,11.08,9.531559,80.034128,Active
Mine_01599,Coimbatore,Sand,100.05,13.015299,79.325256,Active
Mine_01600,Dharmapuri,Salt,16.02,13.292023,80.056686,Closed
Mine_01601,Coimbatore,Silica Sand,217.08,9.389647,77.965497,Active
Mine_01602,Tirunelveli,Salt,4.02,8.124021,76.250873,Closed
Mine_01603,Tiruppur,Sandstone,51.1,11.724085,78.351578,Closed
Mine_01604,Perambalur,Sand,26.93,8.607252,77.887812,Active
Mine_01605,Vellore,Sandstone,5.88,12.202203,76.081171,Active
Mine_01606,Theni,Marble,5.8,10.577584,80.223602,Active
Mine_01607,Krishnagiri,Marble,22.24,8.766132,76.100226,Active
Mine_01608,Dharmapuri,Marble,37.53,13.098437,78.993041,Active
Mine_01609,Cuddalore,Sandstone,17.86,13.325144,80.153185,Active
Mine_01610,Namakkal,Limestone,77.85,8.266177,76.668328,Active
Mine_01611,Erode,Iron Ore,74.88,10.487779,77.909751,Active
Mine_01612,Tiruvannamalai,Silica Sand,26.74,11.837055,78.384529,Active
Mine_01613,Ariyalur,Granite,1.0,11.063762,79.54307,Closed
Mine_01614,Dindigul,Sand,13.44,13.257285,79.303489,Active
Mine_01615,Krishnagiri,Salt,5.46,12.726331,78.676747,Active
Mine_01616,Vellore,Silica Sand,64.89,12.651397,76.519831,Active
Mine_01617,Kanyakumari,Sand,17.69,8.362417,76.751751,Closed
Mine_01618,Dindigul,Marble,17.64,9.585115,77.156463,Active
Mine_01619,Karur,Sandstone,134.57,11.761137,79.564201,Active
Mine_01620,Madurai,Sand,26.76,9.730199,76.909374,Active
Mine_01621,Kanyakumari,Granite,13.52,9.477188,79.874783,Active
Mine_01622,Cuddalore,Iron Ore,43.07,9.616788,76.971119,Active
Mine_01623,Erode,Iron Ore,4.48,8.102556,79.620888,Active
Mine_01624,Salem,Granite,30.88,9.703251,76.652647,Active
Mine_01625,Cuddalore,Marble,42.62,8.04768,80.173827,Active
Mine_01626,Krishnagiri,Granite,20.61,8.007455,78.236902,Active
Mine_01627,Dindigul,Salt,20.97,11.781056,77.124404,Active
Mine_01628,Dindigul,Marble,15.98,10.329473,78.572365,Active
Mine_01629,Namakkal,Silica Sand,158.81,12.174654,78.301665,Active
Mine_01630,Tuticorin,Sandstone,74.45,11.202966,80.437304,Active
Mine_01631,Erode,Marble,64.33,9.900036,77.168248,Active
Mine_01632,Ariyalur,Iron Ore,10.98,12.920288,78.441465,Active
Mine_01633,Virudhunagar,Silica Sand,32.45,13.208722,78.271937,Active
Mine_01634,Madurai,Sand,19.03,10.299719,78.459815,Active
Mine_01635,Karur,Granite,14.61,13.099636,78.648637,Active
Mine_01636,Theni,Sandstone,21.29,9.252781,78.627362,Active
Mine_01637,Salem,Granite,30.82,9.119445,76.700882,Active
Mine_01638,Virudhunagar,Limestone,21.25,8.195867,78.240893,Active
Mine_01639,Ariyalur,Silica Sand,49.11,8.97615,77.135004,Active
Mine_01640,Tuticorin,Iron Ore,5.84,10.737073,76.963793,Closed
Mine_01641,Perambalur,Sand,6.2,11.904632,78.401764,Active
Mine_01642,Tiruvannamalai,Sand,66.04,8.969069,78.727975,Active
Mine_01643,Erode,Marble,41.82,9.701879,78.72791,Active
Mine_01644,Krishnagiri,Marble,62.56,8.065438,77.319202,Active
Mine_01645,Coimbatore,Limestone,35.61,10.591449,78.580307,Closed
Mine_01646,Karur,Limestone,61.37,11.564807,79.366932,Active
Mine_01647,Virudhunagar,Iron Ore,44.84,9.180509,78.869663,Active
Mine_01648,Theni,Marble,71.57,12.084968,79.809525,Active
Mine_01649,Perambalur,Granite,11.96,12.953663,79.706467,Active
Mine_01650,Salem,Sand,114.31,12.577051,78.805257,Active
Mine_01651,Coimbatore,Marble,42.84,10.335735,76.688328,Active
Mine_01652,Dindigul,Salt,151.64,9.549236,78.163016,Active
Mine_01653,Salem,Granite,22.21,9.581544,76.721442,Active
Mine_01654,Tuticorin,Silica Sand,52.98,8.169263,78.778582,Active
Mine_01655,Vellore,Iron Ore,107.27,11.893344,79.365656,Active
Mine_01656,Coimbatore,Silica Sand,17.93,9.173497,77.732728,Active
Mine_01657,Kanyakumari,Sand,44.51,10.87737,80.043875,Active
Mine_01658,Madurai,Silica Sand,1.07,9.435658,78.421304,Active
Mine_01659,Tirunelveli,Sandstone,26.97,8.203786,78.408637,Active
Mine_01660,Cuddalore,Sandstone,4.71,9.532124,79.47215,Active
Mine_01661,Dindigul,Silica Sand,14.78,11.623705,78.548997,Active
Mine_01662,Ariyalur,Sand,52.71,8.482751,79.006813,Active
Mine_01663,Tiruvannamalai,Salt,6.06,11.941476,77.967767,Active
Mine_01664,Kanyakumari,Salt,28.27,8.695999,78.144792,Active
Mine_01665,Namakkal,Marble,26.22,13.456088,79.089927,Active
Mine_01666,Tiruppur,Silica Sand,29.52,8.854388,78.99976,Active
Mine_01667,Perambalur,Salt,1.49,11.411588,77.324322,Active
Mine_01668,Tiruppur,Sandstone,15.08,10.527798,77.065658,Active
Mine_01669,Cuddalore,Salt,48.55,8.751973,77.875127,Closed
Mine_01670,Virudhunagar,Sandstone,12.16,9.886742,77.848152,Active
Mine_01671,Cuddalore,Silica Sand,43.94,9.698321,77.315988,Active
Mine_01672,Ariyalur,Silica Sand,17.37,9.644213,78.519212,Active
Mine_01673,Salem,Salt,8.2,10.8161,80.465089,Active
Mine_01674,Dindigul,Sandstone,27.46,8.792923,80.141226,Active
Mine_01675,Tuticorin,Silica Sand,21.79,11.343767,76.471431,Closed
Mine_01676,Perambalur,Iron Ore,78.93,11.385934,76.057404,Active
Mine_01677,Tuticorin,Sandstone,33.35,11.569943,77.576065,Active
Mine_01678,Dharmapuri,Sand,44.53,8.023978,80.16093,Active
Mine_01679,Madurai,Iron Ore,98.57,8.932599,79.678356,Active
Mine_01680,Virudhunagar,Limestone,98.21,11.005316,77.602951,Closed
Mine_01681,Cuddalore,Silica Sand,14.9,8.548152,77.226102,Active
Mine_01682,Salem,Iron Ore,27.24,8.053352,76.630202,Closed
Mine_01683,Karur,Salt,3.12,13.188465,77.642877,Active
Mine_01684,Virudhunagar,Silica Sand,56.33,11.336958,78.820527,Active
Mine_01685,Ariyalur,Marble,171.95,12.027598,79.496259,Active
Mine_01686,Tuticorin,Silica Sand,3.5,10.655919,78.313363,Active
Mine_01687,Theni,Granite,4.68,12.741572,79.776366,Active
Mine_01688,Kanyakumari,Granite,36.09,11.264858,76.738832,Active
Mine_01689,Madurai,Marble,51.95,8.590157,76.927219,Active
Mine_01690,Erode,Silica Sand,2.6,11.776226,77.649056,Active
Mine_01691,Theni,Sand,4.87,9.729118,79.645564,Closed
Mine_01692,Virudhunagar,Sand,69.81,13.428953,78.505963,Active
Mine_01693,Krishnagiri,Salt,7.46,12.19038,79.480633,Active
Mine_01694,Vellore,Limestone,76.28,11.350575,79.839278,Active
Mine_01695,Tirunelveli,Sand,42.52,13.247517,79.488224,Active
Mine_01696,Coimbatore,Sandstone,8.27,10.340599,78.472703,Active
Mine_01697,Vellore,Sandstone,20.03,9.459222,76.757039,Active
Mine_01698,Theni,Marble,46.51,10.048901,77.180835,Active
Mine_01699,Karur,Granite,24.32,11.365472,77.680838,Active
Mine_01700,Tuticorin,Iron Ore,68.15,11.23232,77.134819,Closed
Mine_01701,Namakkal,Salt,25.89,9.62836,78.317183,Active
Mine_01702,Virudhunagar,Granite,33.1,8.260285,76.185525,Active
Mine_01703,Theni,Sandstone,76.46,11.075522,78.394597,Active
Mine_01704,Tiruppur,Granite,34.66,9.576633,77.65131,Active
Mine_01705,Namakkal,Granite,3.78,12.237648,78.775676,Closed
Mine_01706,Tuticorin,Iron Ore,12.73,12.793501,78.182465,Active
Mine_01707,Tiruppur,Iron Ore,19.25,11.103656,76.515398,Active
Mine_01708,Perambalur,Salt,17.12,11.906154,77.637547,Active
Mine_01709,Karur,Sandstone,50.86,8.590993,79.807536,Active
Mine_01710,Virudhunagar,Marble,6.28,9.739608,80.392318,Active
Mine_01711,Salem,Salt,1.22,10.184751,78.57094,Active
Mine_01712,Vellore,Limestone,68.39,11.009202,76.183533,Active
Mine_01713,Tuticorin,Salt,120.31,12.725217,77.0276,Active
Mine_01714,Tuticorin,Sand,115.46,12.464972,79.338247,Active
Mine_01715,Kanyakumari,Salt,69.65,9.518652,80.18665,Active
Mine_01716,Karur,Sand,55.72,10.325776,78.327177,Active
Mine_01717,Perambalur,Limestone,57.64,11.974364,76.92027,Active
Mine_01718,Cuddalore,Salt,55.09,10.426139,79.301298,Active
Mine_01719,Virudhunagar,Silica Sand,10.24,11.366873,77.948379,Closed
Mine_01720,Erode,Sandstone,48.45,10.82271,79.924477,Active
Mine_01721,Vellore,Limestone,62.81,9.783725,79.22274,Active
Mine_01722,Cuddalore,Salt,6.25,12.461768,77.001922,Active
Mine_01723,Virudhunagar,Marble,30.01,10.970161,78.074651,Closed
Mine_01724,Krishnagiri,Iron Ore,36.93,13.422954,80.219941,Active
Mine_01725,Theni,Sand,25.23,11.615944,80.0278,Active
Mine_01726,Krishnagiri,Silica Sand,21.5,11.305955,79.194121,Closed
Mine_01727,Tiruppur,Granite,54.84,10.864486,77.208507,Active
Mine_01728,Tuticorin,Marble,43.27,9.775956,78.165733,Active
Mine_01729,Erode,Salt,8.84,13.289023,78.301604,Active
Mine_01730,Cuddalore,Iron Ore,28.38,8.346343,79.753609,Active
Mine_01731,Perambalur,Granite,40.24,12.500734,78.883844,Active
Mine_01732,Theni,Iron Ore,9.45,9.750402,77.080313,Active
Mine_01733,Salem,Granite,108.31,9.834318,76.985366,Active
Mine_01734,Dharmapuri,Sandstone,30.62,9.9168,76.594301,Active
Mine_01735,Vellore,Sand,1.23,12.238534,78.798211,Active
Mine_01736,Tiruppur,Iron Ore,35.69,13.140586,76.038561,Active
Mine_01737,Dharmapuri,Granite,7.32,8.99657,79.023747,Active
Mine_01738,Karur,Silica Sand,10.29,9.709566,80.429083,Closed
Mine_01739,Tirunelveli,Marble,108.64,12.453837,79.767486,Active
Mine_01740,Theni,Silica Sand,45.4,11.138088,80.255334,Closed
Mine_01741,Perambalur,Marble,25.88,13.130654,76.342381,Active
Mine_01742,Erode,Iron Ore,62.79,11.206603,80.09013,Active
Mine_01743,Karur,Granite,20.59,8.129025,77.482375,Active
Mine_01744,Dharmapuri,Iron Ore,62.4,11.489942,78.397202,Active
Mine_01745,Vellore,Granite,69.2,10.482742,78.256513,Active
Mine_01746,Madurai,Silica Sand,11.83,8.661872,76.443418,Active
Mine_01747,Tiruppur,Marble,2.29,12.386346,76.693277,Active
Mine_01748,Tiruppur,Iron Ore,5.41,10.279645,76.06664,Active
Mine_01749,Dharmapuri,Sand,27.13,13.031874,78.201384,Active
Mine_01750,Tuticorin,Sandstone,14.71,8.23284,78.850909,Active
Mine_01751,Tirunelveli,Marble,65.84,12.165712,77.606218,Active
Mine_01752,Ariyalur,Silica Sand,59.18,10.390615,77.488577,Active
Mine_01753,Kanyakumari,Granite,14.06,9.540738,76.657076,Active
Mine_01754,Tuticorin,Limestone,29.52,11.650375,77.714952,Active
Mine_01755,Tiruvannamalai,Salt,13.72,10.976534,76.106724,Active
Mine_01756,Cuddalore,Salt,114.53,11.968315,76.39657,Active
Mine_01757,Dindigul,Granite,37.76,12.511611,77.818494,Active
Mine_01758,Vellore,Limestone,31.84,10.960795,78.542832,Active
Mine_01759,Tirunelveli,Silica Sand,83.41,12.407792,80.245426,Closed
Mine_01760,Vellore,Granite,27.33,12.65594,78.273246,Active
Mine_01761,Tiruvannamalai,Silica Sand,11.64,12.024769,76.741303,Active
Mine_01762,Madurai,Marble,17.22,11.895782,77.655312,Active
Mine_01763,Tiruppur,Salt,65.39,10.034387,78.918404,Active
Mine_01764,Tiruppur,Limestone,27.64,13.440521,78.080628,Active
Mine_01765,Coimbatore,Salt,9.33,9.857409,79.643534,Active
Mine_01766,Tirunelveli,Sand,23.28,11.940619,77.739222,Active
Mine_01767,Tiruvannamalai,Sandstone,149.21,9.708305,78.074363,Active
Mine_01768,Vellore,Salt,74.17,12.189585,76.262337,Active
Mine_01769,Madurai,Iron Ore,79.78,11.581587,79.853283,Active
Mine_01770,Kanyakumari,Iron Ore,83.63,9.109104,76.352089,Active
Mine_01771,Karur,Marble,7.92,12.042628,76.848792,Active
Mine_01772,Perambalur,Iron Ore,49.42,8.275197,76.312279,Active
Mine_01773,Erode,Sand,11.26,11.383755,77.99431,Active
Mine_01774,Perambalur,Salt,3.33,12.278914,78.218631,Active
Mine_01775,Theni,Iron Ore,102.36,8.31196,76.132644,Active
Mine_01776,Namakkal,Iron Ore,50.22,11.380526,76.211676,Closed
Mine_01777,Perambalur,Salt,43.72,9.865219,76.317272,Active
Mine_01778,Tiruvannamalai,Sand,51.93,10.079171,76.036487,Active
Mine_01779,Coimbatore,Marble,1.0,11.778101,77.323015,Active
Mine_01780,Coimbatore,Sand,20.91,9.277504,78.406604,Active
Mine_01781,Cuddalore,Marble,44.46,12.146657,76.496774,Active
Mine_01782,Kanyakumari,Sandstone,58.81,8.778537,79.753564,Active
Mine_01783,Perambalur,Sandstone,38.29,10.063855,80.42887,Active
Mine_01784,Kanyakumari,Limestone,12.77,13.085645,77.594107,Active
Mine_01785,Madurai,Silica Sand,14.06,11.990625,77.034217,Active
Mine_01786,Kanyakumari,Salt,4.41,9.306339,77.709552,Active
Mine_01787,Tiruppur,Sandstone,141.03,11.938347,77.454373,Active
Mine_01788,Tiruppur,Granite,39.37,8.805052,76.850184,Active
Mine_01789,Dindigul,Granite,14.55,13.445967,76.341332,Active
Mine_01790,Vellore,Granite,24.47,9.42275,79.220033,Active
Mine_01791,Virudhunagar,Marble,72.15,9.742647,79.262919,Active
Mine_01792,Kanyakumari,Silica Sand,15.18,11.266306,78.904802,Active
Mine_01793,Perambalur,Iron Ore,18.71,11.788221,79.01948,Active
Mine_01794,Dindigul,Granite,91.8,11.430644,76.025341,Active
Mine_01795,Perambalur,Marble,18.06,10.75743,76.195287,Active
Mine_01796,Tiruvannamalai,Sandstone,41.66,10.553498,78.228929,Active
Mine_01797,Salem,Iron Ore,9.67,10.841653,79.312078,Closed
Mine_01798,Kanyakumari,Silica Sand,18.99,10.550217,76.39835,Closed
Mine_01799,Erode,Granite,6.99,10.994922,78.395396,Active
Mine_01800,Erode,Sand,9.87,9.336327,78.89039,Active
Mine_01801,Salem,Granite,11.73,10.698561,80.347449,Active
Mine_01802,Virudhunagar,Marble,7.57,9.966157,79.282417,Closed
Mine_01803,Tiruppur,Sandstone,10.23,8.115126,78.71852,Active
Mine_01804,Tuticorin,Sand,2.96,8.380766,76.946739,Active
Mine_01805,Perambalur,Sand,6.95,8.242507,77.772944,Active
Mine_01806,Dindigul,Marble,4.92,13.204455,79.300127,Closed
Mine_01807,Salem,Sandstone,4.52,10.776149,79.13691,Active
Mine_01808,Tirunelveli,Marble,46.94,10.937153,77.706224,Active
Mine_01809,Theni,Limestone,88.65,10.728968,79.711254,Active
Mine_01810,Erode,Granite,2.54,8.282339,77.710676,Active
Mine_01811,Dindigul,Limestone,11.63,8.861561,80.288096,Active
Mine_01812,Kanyakumari,Silica Sand,1.0,8.843797,77.895111,Active
Mine_01813,Vellore,Silica Sand,43.13,10.45271,77.010973,Active
Mine_01814,Erode,Granite,6.66,13.031135,76.289823,Active
Mine_01815,Dindigul,Salt,96.08,10.85999,79.545734,Active
Mine_01816,Salem,Sand,59.48,12.47606,78.220791,Active
Mine_01817,Perambalur,Limestone,25.21,10.22321,78.022672,Active
Mine_01818,Krishnagiri,Limestone,46.58,13.163124,79.2504,Active
Mine_01819,Perambalur,Marble,2.97,10.143116,79.337214,Active
Mine_01820,Dharmapuri,Salt,36.19,12.797125,76.214124,Active
Mine_01821,Virudhunagar,Salt,47.54,8.581485,78.991635,Active
Mine_01822,Dindigul,Iron Ore,100.17,11.316521,79.613753,Active
Mine_01823,Dharmapuri,Salt,44.1,8.514074,78.285326,Active
Mine_01824,Salem,Sandstone,71.59,13.429423,77.430819,Active
Mine_01825,Tiruvannamalai,Sand,123.52,10.632211,79.145978,Active
Mine_01826,Tirunelveli,Limestone,99.78,13.118644,77.217008,Closed
Mine_01827,Karur,Limestone,17.8,11.301392,76.531245,Active
Mine_01828,Dindigul,Sandstone,34.6,10.159845,78.599811,Active
Mine_01829,Cuddalore,Sandstone,41.94,10.333351,77.912479,Active
Mine_01830,Salem,Sand,35.39,10.620692,77.465683,Active
Mine_01831,Virudhunagar,Granite,98.34,8.113539,80.330576,Active
Mine_01832,Erode,Salt,19.32,12.595639,80.352459,Active
Mine_01833,Tuticorin,Iron Ore,74.98,10.347979,78.484082,Active
Mine_01834,Ariyalur,Marble,30.37,12.44969,79.513297,Active
Mine_01835,Tiruppur,Marble,97.04,10.761891,80.346274,Active
Mine_01836,Theni,Granite,27.72,8.774972,76.98057,Active
Mine_01837,Coimbatore,Silica Sand,6.35,10.634467,76.078437,Active
Mine_01838,Namakkal,Marble,39.67,12.361557,76.596897,Active
Mine_01839,Dindigul,Limestone,12.08,8.896041,77.515686,Active
Mine_01840,Ariyalur,Granite,5.61,10.516629,77.20727,Active
Mine_01841,Theni,Salt,54.86,11.32537,79.08865,Active
Mine_01842,Tiruvannamalai,Granite,40.62,8.051397,76.148396,Active
Mine_01843,Theni,Sand,12.34,11.783796,79.566055,Active
Mine_01844,Virudhunagar,Granite,16.94,8.58565,78.213356,Closed
Mine_01845,Theni,Iron Ore,12.56,9.334932,80.462529,Active
Mine_01846,Kanyakumari,Granite,103.75,8.807931,80.368844,Active
Mine_01847,Karur,Sand,9.66,11.487303,79.424012,Active
Mine_01848,Tiruppur,Sand,58.1,9.863406,76.790319,Active
Mine_01849,Namakkal,Sand,30.85,13.473377,77.795992,Active
Mine_01850,Vellore,Granite,1.69,10.37408,76.235105,Closed
Mine_01851,Erode,Marble,41.66,8.181787,76.005092,Active
Mine_01852,Karur,Marble,1.0,9.455005,78.313139,Active
Mine_01853,Cuddalore,Marble,41.46,10.281047,80.18658,Closed
Mine_01854,Tuticorin,Granite,5.61,11.716964,78.519474,Active
Mine_01855,Dindigul,Iron Ore,39.26,13.425102,78.401154,Active
Mine_01856,Vellore,Salt,11.61,12.275162,80.306982,Active
Mine_01857,Perambalur,Marble,27.86,9.510781,78.918905,Active
Mine_01858,Dindigul,Sandstone,8.85,10.716929,79.56238,Active
Mine_01859,Erode,Limestone,58.99,11.636959,77.842052,Active
Mine_01860,Perambalur,Marble,216.29,8.653689,76.067275,Active
Mine_01861,Krishnagiri,Salt,52.33,12.460585,79.865439,Active
Mine_01862,Tuticorin,Marble,45.65,12.344861,79.668429,Active
Mine_01863,Karur,Salt,1.0,8.239009,80.06791,Active
Mine_01864,Theni,Sand,119.5,12.781441,78.174902,Active
Mine_01865,Virudhunagar,Sand,75.63,10.868797,80.199744,Active
Mine_01866,Tiruppur,Limestone,1.0,10.353029,76.888688,Active
Mine_01867,Virudhunagar,Sandstone,13.48,10.842602,77.185136,Active
Mine_01868,Salem,Marble,2.4,10.047349,79.24299,Active
Mine_01869,Salem,Silica Sand,33.37,10.009983,80.212659,Active
Mine_01870,Ariyalur,Iron Ore,88.76,12.421366,76.828185,Active
Mine_01871,Kanyakumari,Sandstone,186.39,12.409611,79.367246,Active
Mine_01872,Tiruppur,Salt,34.06,9.211341,79.879943,Closed
Mine_01873,Vellore,Granite,6.44,11.071115,80.12807,Active
Mine_01874,Cuddalore,Iron Ore,1.0,8.926831,76.136906,Active
Mine_01875,Coimbatore,Salt,37.3,10.483228,80.223107,Active
Mine_01876,Theni,Granite,95.3,9.675497,78.44449,Active
Mine_01877,Coimbatore,Salt,40.53,9.288678,78.605217,Active
Mine_01878,Salem,Sand,59.92,9.712366,78.554996,Active
Mine_01879,Perambalur,Salt,122.02,10.12375,79.541176,Active
Mine_01880,Virudhunagar,Salt,55.33,13.162221,76.242542,Active
Mine_01881,Tiruppur,Sandstone,11.69,9.819879,77.214082,Active
Mine_01882,Erode,Limestone,105.3,10.916448,77.59116,Active
Mine_01883,Dindigul,Marble,15.34,11.977762,79.607226,Active
Mine_01884,Karur,Marble,61.8,12.234634,79.858684,Closed
Mine_01885,Cuddalore,Marble,50.28,8.602955,79.373316,Active
Mine_01886,Tiruvannamalai,Limestone,149.32,13.263455,76.271964,Active
Mine_01887,Tiruvannamalai,Sand,26.57,12.565975,80.277753,Active
Mine_01888,Namakkal,Marble,43.76,10.413998,80.289252,Active
Mine_01889,Kanyakumari,Iron Ore,13.89,8.183799,79.671194,Active
Mine_01890,Dharmapuri,Silica Sand,26.55,12.9836,79.757606,Closed
Mine_01891,Tuticorin,Salt,22.87,9.376355,79.091223,Active
Mine_01892,Vellore,Limestone,37.38,10.621433,79.895654,Active
Mine_01893,Karur,Silica Sand,57.58,12.177176,79.987333,Active
Mine_01894,Vellore,Granite,16.18,10.767652,76.063358,Closed
Mine_01895,Cuddalore,Sandstone,12.06,8.973738,76.12834,Active
Mine_01896,Ariyalur,Marble,53.28,8.836813,80.105033,Active
Mine_01897,Theni,Iron Ore,12.6,10.775526,80.390063,Active
Mine_01898,Salem,Sandstone,128.14,9.144605,77.400371,Closed
Mine_01899,Tiruppur,Silica Sand,29.29,13.462743,76.052075,Active
Mine_01900,Tuticorin,Limestone,25.34,8.641316,77.655042,Active
Mine_01901,Perambalur,Marble,89.3,12.866808,79.14795,Active
Mine_01902,Tiruvannamalai,Marble,25.94,10.461931,79.488358,Active
Mine_01903,Salem,Iron Ore,11.94,8.20761,78.624378,Active
Mine_01904,Ariyalur,Iron Ore,42.43,11.746651,79.384697,Active
Mine_01905,Salem,Iron Ore,110.17,12.44054,78.860171,Active
Mine_01906,Tuticorin,Marble,12.82,9.114613,77.989694,Closed
Mine_01907,Dharmapuri,Sand,35.51,11.063237,78.951083,Closed
Mine_01908,Tirunelveli,Sand,37.9,11.938956,77.875371,Active
Mine_01909,Namakkal,Silica Sand,10.0,8.887793,77.673976,Active
Mine_01910,Karur,Iron Ore,19.3,11.240153,79.243673,Active
Mine_01911,Coimbatore,Marble,143.16,11.396565,80.416371,Active
Mine_01912,Tiruppur,Silica Sand,31.2,11.713542,78.849905,Active
Mine_01913,Tuticorin,Granite,13.41,8.133321,78.812588,Active
Mine_01914,Salem,Sand,54.98,13.037603,80.311553,Active
Mine_01915,Salem,Granite,41.26,8.083672,79.87555,Active
Mine_01916,Salem,Silica Sand,41.53,10.391408,76.90345,Active
Mine_01917,Karur,Sand,1.61,8.079589,76.536529,Active
Mine_01918,Tiruppur,Silica Sand,32.25,8.175212,78.111863,Active
Mine_01919,Tiruvannamalai,Marble,2.95,12.91759,79.996855,Active
Mine_01920,Tiruppur,Marble,7.81,10.626184,78.22569,Active
Mine_01921,Ariyalur,Marble,10.41,9.274847,80.0563,Active
Mine_01922,Dharmapuri,Marble,70.42,10.263601,78.334637,Active
Mine_01923,Coimbatore,Marble,23.59,12.8052,78.078255,Active
Mine_01924,Namakkal,Granite,11.1,9.013822,76.291754,Active
Mine_01925,Erode,Sand,39.41,12.001763,79.056925,Active
Mine_01926,Perambalur,Limestone,18.86,11.520268,78.226575,Active
Mine_01927,Namakkal,Sand,7.48,8.749285,78.836804,Active
Mine_01928,Kanyakumari,Granite,87.8,9.247954,80.181763,Active
Mine_01929,Namakkal,Sand,29.46,8.946549,77.374443,Active
Mine_01930,Dindigul,Salt,9.19,12.337035,76.752381,Active
Mine_01931,Tiruppur,Sand,45.69,12.934838,80.00872,Active
Mine_01932,Cuddalore,Sandstone,31.22,8.501847,79.055254,Active
Mine_01933,Dharmapuri,Sandstone,12.07,8.10151,78.455238,Closed
Mine_01934,Karur,Granite,8.61,9.439641,78.306659,Active
Mine_01935,Tiruvannamalai,Salt,25.68,12.397683,78.612789,Active
Mine_01936,Namakkal,Sandstone,71.21,9.510148,78.457445,Active
Mine_01937,Theni,Iron Ore,12.41,13.318418,76.720333,Active
Mine_01938,Tiruvannamalai,Iron Ore,1.0,11.844651,77.138103,Closed
Mine_01939,Theni,Limestone,43.9,9.296042,80.025355,Closed
Mine_01940,Tuticorin,Iron Ore,12.65,9.673355,78.315158,Active
Mine_01941,Virudhunagar,Granite,3.7,13.249031,80.145953,Closed
Mine_01942,Theni,Silica Sand,37.83,12.285017,79.23565,Active
Mine_01943,Karur,Iron Ore,35.11,8.267117,78.71677,Active
Mine_01944,Kanyakumari,Limestone,24.34,12.118551,79.00246,Closed
Mine_01945,Krishnagiri,Granite,7.17,13.255347,79.004998,Active
Mine_01946,Madurai,Sand,15.23,11.724549,78.178175,Active
Mine_01947,Dharmapuri,Sand,17.79,8.250176,79.805318,Active
Mine_01948,Madurai,Salt,18.35,8.426975,79.210579,Active
Mine_01949,Karur,Limestone,1.0,11.549258,77.878242,Active
Mine_01950,Erode,Granite,8.57,10.141524,80.231403,Closed
Mine_01951,Salem,Salt,48.91,9.049452,78.487788,Active
Mine_01952,Coimbatore,Silica Sand,1.16,9.098506,77.090398,Closed
Mine_01953,Krishnagiri,Salt,32.01,9.595507,78.760505,Active
Mine_01954,Virudhunagar,Salt,1.55,8.808282,80.126852,Active
Mine_01955,Tuticorin,Silica Sand,13.52,10.213448,79.327766,Active
Mine_01956,Karur,Silica Sand,70.77,13.362879,79.930629,Active
Mine_01957,Tuticorin,Limestone,27.1,10.922485,76.905627,Active
Mine_01958,Tiruppur,Iron Ore,25.42,9.745447,78.801817,Active
Mine_01959,Ariyalur,Silica Sand,54.12,11.296856,76.259073,Active
Mine_01960,Dharmapuri,Salt,16.04,10.464413,77.557788,Active
Mine_01961,Vellore,Silica Sand,5.32,13.3383,78.497192,Active
Mine_01962,Tirunelveli,Marble,27.21,8.98119,78.308812,Closed
Mine_01963,Namakkal,Marble,77.27,11.619894,77.954905,Active
Mine_01964,Madurai,Sandstone,69.77,8.78497,77.392939,Active
Mine_01965,Theni,Salt,27.5,12.451386,78.117421,Active
Mine_01966,Theni,Marble,16.2,10.199792,77.90497,Active
Mine_01967,Krishnagiri,Silica Sand,6.92,9.076165,80.378398,Active
Mine_01968,Erode,Sand,1.72,8.972163,79.892473,Active
Mine_01969,Perambalur,Marble,3.01,9.623933,76.870945,Closed
Mine_01970,Virudhunagar,Limestone,6.84,11.535136,78.413343,Active
Mine_01971,Perambalur,Silica Sand,54.78,9.128994,77.318076,Active
Mine_01972,Tiruppur,Iron Ore,4.37,12.60751,76.687377,Active
Mine_01973,Virudhunagar,Salt,25.54,12.993398,77.634351,Active
Mine_01974,Perambalur,Limestone,16.89,11.815577,79.418028,Active
Mine_01975,Cuddalore,Limestone,12.32,9.404757,78.760875,Active
Mine_01976,Tuticorin,Granite,1.0,11.301001,77.278272,Active
Mine_01977,Perambalur,Granite,13.68,9.482308,76.651838,Active
Mine_01978,Cuddalore,Granite,22.11,10.535346,76.092214,Active
Mine_01979,Ariyalur,Sand,47.63,13.181784,76.806037,Active
Mine_01980,Perambalur,Iron Ore,33.95,12.691575,79.626677,Active
Mine_01981,Namakkal,Silica Sand,22.87,9.620569,76.225085,Active
Mine_01982,Kanyakumari,Marble,55.09,9.387837,77.866142,Active
Mine_01983,Tiruvannamalai,Silica Sand,4.38,12.597503,79.665492,Active
Mine_01984,Virudhunagar,Limestone,1.04,12.381898,78.700632,Active
Mine_01985,Dharmapuri,Silica Sand,28.49,12.109458,78.081535,Active
Mine_01986,Coimbatore,Marble,53.75,9.749053,79.583351,Active
Mine_01987,Karur,Silica Sand,49.94,9.504266,76.547143,Active
Mine_01988,Coimbatore,Sand,60.61,9.815615,77.450339,Active
Mine_01989,Karur,Marble,10.14,13.17692,78.696034,Active
Mine_01990,Cuddalore,Marble,21.29,12.203351,78.621492,Active
Mine_01991,Theni,Iron Ore,1.25,12.11618,79.414574,Active
Mine_01992,Tirunelveli,Limestone,36.34,10.353123,77.487848,Active
Mine_01993,Namakkal,Limestone,26.08,8.57505,78.756203,Active
Mine_01994,Tiruppur,Granite,94.31,10.252089,80.288827,Active
Mine_01995,Karur,Silica Sand,19.25,10.989767,78.105934,Active
Mine_01996,Perambalur,Marble,4.43,12.720602,77.393941,Active
Mine_01997,Erode,Marble,8.45,13.175204,78.34517,Active
Mine_01998,Karur,Granite,31.4,10.155137,77.395182,Active
Mine_01999,Salem,Limestone,14.08,9.948461,80.076784,Active
Mine_02000,Tuticorin,Iron Ore,92.85,8.700546,79.706759,Closed
Mine_02001,Krishnagiri,Marble,25.57,11.046098,78.383987,Closed
Mine_02002,Dindigul,Marble,90.4,12.414717,76.627871,Active
Mine_02003,Cuddalore,Marble,21.05,9.397116,79.86878,Active
Mine_02004,Tiruppur,Marble,25.69,9.065352,76.937727,Active
Mine_02005,Krishnagiri,Sandstone,102.76,10.295414,80.332881,Active
Mine_02006,Tirunelveli,Silica Sand,30.76,12.135319,76.630291,Active
Mine_02007,Tiruvannamalai,Sandstone,28.64,13.10992,79.934335,Active
Mine_02008,Erode,Granite,1.0,8.603806,78.578626,Active
Mine_02009,Tiruppur,Sand,14.46,11.928916,76.250104,Active
Mine_02010,Theni,Limestone,38.42,10.228367,77.369655,Active
Mine_02011,Salem,Salt,47.32,13.126563,79.227686,Active
Mine_02012,Vellore,Sand,21.76,10.667804,77.153319,Active
Mine_02013,Erode,Silica Sand,75.27,13.459244,79.057271,Active
Mine_02014,Salem,Sand,74.43,11.130279,77.720641,Active
Mine_02015,Tiruppur,Marble,30.96,10.453629,78.541682,Active
Mine_02016,Dindigul,Granite,23.51,11.23919,76.626345,Active
Mine_02017,Kanyakumari,Limestone,48.78,8.54557,80.089993,Active
Mine_02018,Coimbatore,Marble,55.22,10.404184,79.173776,Active
Mine_02019,Theni,Sand,36.43,8.081779,77.587948,Closed
Mine_02020,Ariyalur,Silica Sand,4.39,10.132387,77.017446,Closed
Mine_02021,Virudhunagar,Limestone,192.6,8.212391,76.577245,Active
Mine_02022,Tuticorin,Salt,66.32,13.32323,78.150508,Active
Mine_02023,Tuticorin,Granite,1.0,8.273943,77.18654,Active
Mine_02024,Kanyakumari,Silica Sand,39.39,10.959437,78.979836,Active
Mine_02025,Ariyalur,Limestone,13.54,13.170968,79.429322,Active
Mine_02026,Tuticorin,Silica Sand,8.7,8.06135,77.090466,Active
Mine_02027,Tuticorin,Limestone,28.45,12.883,79.121911,Active
Mine_02028,Salem,Sandstone,24.33,8.973728,78.853003,Active
Mine_02029,Karur,Salt,56.51,11.357822,77.63891,Active
Mine_02030,Namakkal,Sandstone,26.65,9.236125,76.878286,Active
Mine_02031,Tiruppur,Granite,29.92,10.483505,78.608249,Active
Mine_02032,Theni,Marble,23.99,8.084514,77.918997,Active
Mine_02033,Dindigul,Limestone,13.41,12.138602,76.137725,Active
Mine_02034,Tuticorin,Iron Ore,49.5,8.263261,77.83537,Active
Mine_02035,Ariyalur,Salt,63.45,11.469289,78.644028,Active
Mine_02036,Cuddalore,Limestone,316.69,10.726536,79.471435,Active
Mine_02037,Theni,Iron Ore,1.0,9.655267,79.370129,Active
Mine_02038,Virudhunagar,Marble,127.81,10.763215,80.126404,Active
Mine_02039,Madurai,Iron Ore,3.56,9.209951,76.039667,Active
Mine_02040,Dindigul,Silica Sand,22.71,10.072708,79.182706,Active
Mine_02041,Krishnagiri,Sandstone,44.52,9.388372,76.083513,Active
Mine_02042,Tiruvannamalai,Granite,21.16,10.891273,80.262261,Active
Mine_02043,Tirunelveli,Sand,2.64,8.91297,77.354285,Active
Mine_02044,Dharmapuri,Limestone,15.5,9.960103,77.152679,Active
Mine_02045,Tiruvannamalai,Silica Sand,40.36,8.857457,79.250119,Closed
Mine_02046,Tiruppur,Limestone,2.27,13.250506,76.578598,Active
Mine_02047,Kanyakumari,Limestone,1.04,13.086111,79.833266,Active
Mine_02048,Namakkal,Silica Sand,2.47,13.289167,78.470283,Active
Mine_02049,Kanyakumari,Silica Sand,33.48,10.190155,79.47384,Active
Mine_02050,Ariyalur,Limestone,64.19,10.874835,78.475174,Active
Mine_02051,Tiruppur,Salt,87.96,13.15805,76.241328,Active
Mine_02052,Erode,Sandstone,39.32,12.364752,77.262656,Active
Mine_02053,Madurai,Sandstone,5.77,12.477368,78.727493,Active
Mine_02054,Salem,Salt,4.58,10.785757,76.386148,Active
Mine_02055,Erode,Iron Ore,41.51,12.653019,78.12489,Active
Mine_02056,Erode,Salt,185.28,12.093853,79.328139,Closed
Mine_02057,Dharmapuri,Iron Ore,20.77,13.290967,76.366425,Active
Mine_02058,Erode,Sandstone,20.78,9.158186,78.668448,Active
Mine_02059,Namakkal,Iron Ore,10.69,12.023844,77.15604,Active
Mine_02060,Virudhunagar,Silica Sand,74.01,10.648467,78.391263,Active
Mine_02061,Karur,Granite,5.66,13.25707,79.601623,Active
Mine_02062,Tirunelveli,Granite,62.84,10.721165,77.349883,Active
Mine_02063,Karur,Marble,106.04,8.844902,76.810081,Active
Mine_02064,Virudhunagar,Silica Sand,13.92,9.396521,78.789848,Active
Mine_02065,Theni,Limestone,3.4,11.536571,78.093056,Active
Mine_02066,Salem,Silica Sand,1.0,10.645603,77.865016,Active
Mine_02067,Erode,Iron Ore,65.39,9.265472,77.151913,Closed
Mine_02068,Tiruppur,Sand,35.14,10.314639,80.36165,Active
Mine_02069,Salem,Sandstone,78.16,10.644075,76.013332,Active
Mine_02070,Tuticorin,Granite,15.43,9.867217,79.060713,Active
Mine_02071,Erode,Iron Ore,10.07,13.498203,76.771852,Closed
Mine_02072,Tiruppur,Marble,116.63,13.091573,76.731942,Active
Mine_02073,Dindigul,Silica Sand,43.27,10.171331,79.348769,Active
Mine_02074,Salem,Sand,19.05,8.954584,80.107775,Closed
Mine_02075,Cuddalore,Sand,6.06,10.141628,77.852001,Active
Mine_02076,Coimbatore,Salt,1.0,12.915947,79.977232,Closed
Mine_02077,Vellore,Marble,11.66,12.173255,78.525039,Active
Mine_02078,Theni,Sandstone,46.83,12.983536,76.588269,Active
Mine_02079,Tiruvannamalai,Silica Sand,38.14,12.670705,78.161201,Active
Mine_02080,Karur,Sand,104.53,11.842613,77.157297,Active
Mine_02081,Cuddalore,Iron Ore,5.94,11.251836,77.416535,Active
Mine_02082,Madurai,Sand,81.51,11.717405,80.47136,Active
Mine_02083,Madurai,Marble,83.87,10.173898,78.098363,Active
Mine_02084,Tiruppur,Sandstone,20.29,13.241589,79.162523,Closed
Mine_02085,Vellore,Marble,49.0,8.186842,79.79106,Active
Mine_02086,Tirunelveli,Granite,49.08,10.691096,76.85927,Active
Mine_02087,Namakkal,Sandstone,3.58,8.517933,77.202983,Active
Mine_02088,Theni,Marble,138.22,12.879428,77.166515,Active
Mine_02089,Karur,Limestone,14.91,10.696969,79.477349,Active
Mine_02090,Ariyalur,Granite,5.73,11.600418,79.6103,Active
Mine_02091,Dindigul,Silica Sand,110.68,8.91873,79.229405,Active
Mine_02092,Perambalur,Granite,51.01,8.267027,78.930365,Active
Mine_02093,Erode,Granite,14.31,9.234601,78.484146,Active
Mine_02094,Vellore,Marble,1.86,9.651249,78.389992,Active
Mine_02095,Vellore,Iron Ore,5.63,12.505405,80.482654,Active
Mine_02096,Virudhunagar,Sand,38.5,11.951428,77.764133,Active
Mine_02097,Ariyalur,Iron Ore,23.94,11.5567,80.287617,Active
Mine_02098,Karur,Marble,16.16,10.587996,77.415329,Active
Mine_02099,Tiruppur,Silica Sand,52.57,13.441333,77.226464,Active
Mine_02100,Tiruppur,Salt,17.99,12.037685,76.468342,Active
Mine_02101,Dharmapuri,Iron Ore,13.83,11.606775,78.88729,Active
Mine_02102,Dindigul,Granite,22.74,11.132315,79.944724,Active
Mine_02103,Theni,Granite,56.07,10.416168,79.35737,Active
Mine_02104,Tirunelveli,Marble,40.23,8.099869,79.251076,Active
Mine_02105,Cuddalore,Granite,23.76,12.682052,79.490446,Active
Mine_02106,Madurai,Iron Ore,112.62,10.102794,78.011438,Closed
Mine_02107,Dindigul,Sand,113.87,9.189037,79.471682,Active
Mine_02108,Tiruvannamalai,Sand,25.34,9.90718,79.88082,Active
Mine_02109,Perambalur,Granite,37.61,10.023077,77.870475,Active
Mine_02110,Kanyakumari,Salt,114.62,8.987986,78.982251,Active
Mine_02111,Coimbatore,Marble,15.71,12.591392,79.428124,Active
Mine_02112,Ariyalur,Silica Sand,2.55,9.148102,78.186193,Active
Mine_02113,Tirunelveli,Granite,115.04,11.814068,80.231806,Active
Mine_02114,Tiruppur,Sandstone,150.84,11.53171,76.13854,Active
Mine_02115,Namakkal,Sand,63.5,11.211083,79.020866,Closed
Mine_02116,Ariyalur,Iron Ore,44.01,9.558687,78.880407,Active
Mine_02117,Theni,Sand,38.88,8.705265,77.193314,Active
Mine_02118,Vellore,Sandstone,26.78,13.176272,77.022171,Active
Mine_02119,Virudhunagar,Sandstone,56.32,12.959094,80.119628,Active
Mine_02120,Kanyakumari,Silica Sand,49.57,11.636218,76.197872,Active
Mine_02121,Virudhunagar,Iron Ore,2.16,10.350825,80.193216,Active
Mine_02122,Dharmapuri,Granite,4.3,10.71465,79.134462,Active
Mine_02123,Virudhunagar,Salt,12.43,10.420793,79.58188,Closed
Mine_02124,Coimbatore,Granite,39.53,9.027105,78.295972,Active
Mine_02125,Madurai,Silica Sand,13.11,9.270315,79.934133,Active
Mine_02126,Namakkal,Marble,59.37,10.60905,77.580147,Active
Mine_02127,Tuticorin,Silica Sand,141.58,13.406942,78.608461,Active
Mine_02128,Perambalur,Sand,33.78,10.01298,79.731378,Closed
Mine_02129,Ariyalur,Sandstone,68.83,11.002227,77.521646,Active
Mine_02130,Tirunelveli,Marble,44.86,9.124567,80.197069,Active
Mine_02131,Perambalur,Sand,57.6,11.653947,77.106273,Active
Mine_02132,Virudhunagar,Sandstone,37.08,12.492099,79.426073,Active
Mine_02133,Tuticorin,Limestone,135.01,8.045299,79.958742,Active
Mine_02134,Perambalur,Marble,23.22,11.889163,78.644511,Active
Mine_02135,Salem,Salt,76.73,9.397195,77.379696,Active
Mine_02136,Karur,Granite,21.12,9.912161,76.523801,Active
Mine_02137,Vellore,Limestone,41.44,9.553013,77.330196,Active
Mine_02138,Coimbatore,Salt,25.66,12.413485,79.315086,Closed
Mine_02139,Tiruvannamalai,Salt,6.15,12.610618,79.290462,Active
Mine_02140,Tiruppur,Sand,40.86,12.246838,79.872708,Active
Mine_02141,Tiruvannamalai,Granite,15.06,10.43424,76.51588,Closed
Mine_02142,Tuticorin,Silica Sand,71.83,8.771568,79.989539,Active
Mine_02143,Krishnagiri,Granite,24.88,8.866862,78.656404,Active
Mine_02144,Kanyakumari,Limestone,28.54,11.954594,79.603525,Active
Mine_02145,Namakkal,Granite,23.05,12.633629,78.684886,Active
Mine_02146,Tiruvannamalai,Granite,133.35,10.222443,78.94136,Active
Mine_02147,Tirunelveli,Iron Ore,55.64,11.243788,79.461341,Closed
Mine_02148,Erode,Marble,18.6,9.34252,79.28056,Active
Mine_02149,Krishnagiri,Silica Sand,17.2,13.069501,80.198331,Closed
Mine_02150,Cuddalore,Limestone,22.7,13.046386,78.025559,Active
Mine_02151,Tuticorin,Iron Ore,10.34,9.096426,77.91444,Active
Mine_02152,Coimbatore,Limestone,46.67,9.552795,78.166459,Active
Mine_02153,Vellore,Granite,183.78,10.237835,76.049336,Active
Mine_02154,Theni,Limestone,37.88,12.333256,77.142478,Active
Mine_02155,Tirunelveli,Limestone,15.59,11.000185,76.662732,Active
Mine_02156,Ariyalur,Limestone,2.19,12.661657,78.832796,Active
Mine_02157,Perambalur,Silica Sand,74.66,9.633198,79.561698,Active
Mine_02158,Cuddalore,Salt,45.01,8.483265,79.073861,Active
Mine_02159,Karur,Iron Ore,13.75,9.465735,79.431408,Active
Mine_02160,Krishnagiri,Silica Sand,47.47,8.437889,78.675468,Active
Mine_02161,Vellore,Iron Ore,25.8,9.06041,78.82319,Active
Mine_02162,Virudhunagar,Limestone,40.3,12.877987,77.918042,Closed
Mine_02163,Kanyakumari,Marble,4.16,8.64409,77.34706,Closed
Mine_02164,Perambalur,Iron Ore,32.31,11.87946,77.878636,Active
Mine_02165,Dharmapuri,Sand,7.66,11.420351,76.112369,Active
Mine_02166,Tiruvannamalai,Marble,4.25,10.330312,77.382175,Closed
Mine_02167,Salem,Sandstone,10.86,8.446533,78.822123,Active
Mine_02168,Karur,Marble,1.31,8.733696,79.088675,Active
Mine_02169,Kanyakumari,Silica Sand,2.42,9.185151,80.493521,Active
Mine_02170,Tirunelveli,Marble,8.07,11.354278,79.267477,Active
Mine_02171,Cuddalore,Sandstone,36.99,10.140177,78.509391,Active
Mine_02172,Madurai,Salt,20.62,9.888868,77.804062,Active
Mine_02173,Virudhunagar,Marble,112.75,9.61522,77.870666,Active
Mine_02174,Kanyakumari,Iron Ore,31.68,8.293371,77.793698,Active
Mine_02175,Tuticorin,Silica Sand,14.75,12.864731,79.043052,Closed
Mine_02176,Vellore,Sand,73.44,12.858526,76.721772,Active
Mine_02177,Karur,Iron Ore,1.72,11.290308,79.84669,Active
Mine_02178,Namakkal,Sandstone,39.52,10.066068,76.634769,Active
Mine_02179,Tiruvannamalai,Granite,49.34,10.789807,79.618103,Active
Mine_02180,Erode,Granite,16.42,9.388434,78.594321,Active
Mine_02181,Kanyakumari,Granite,4.0,8.656704,79.523944,Active
Mine_02182,Namakkal,Silica Sand,41.46,11.007329,79.346152,Active
Mine_02183,Vellore,Sand,26.26,10.478429,77.907549,Active
Mine_02184,Kanyakumari,Sandstone,31.78,13.242476,76.811306,Closed
Mine_02185,Perambalur,Granite,45.47,11.338073,78.541658,Active
Mine_02186,Erode,Sand,5.22,12.667232,77.863309,Active
Mine_02187,Namakkal,Sandstone,22.63,12.446006,77.185316,Active
Mine_02188,Dharmapuri,Granite,4.22,12.149068,77.242338,Active
Mine_02189,Perambalur,Granite,13.51,12.298196,76.682146,Active
Mine_02190,Erode,Silica Sand,66.64,8.599344,77.128293,Active
Mine_02191,Perambalur,Sand,40.82,11.650717,77.863902,Active
Mine_02192,Vellore,Iron Ore,25.61,12.948678,77.512718,Active
Mine_02193,Coimbatore,Sandstone,63.78,10.832389,76.588306,Active
Mine_02194,Tirunelveli,Silica Sand,19.45,12.600603,80.274798,Active
Mine_02195,Salem,Iron Ore,62.18,9.932929,76.75195,Active
Mine_02196,Dharmapuri,Silica Sand,93.55,9.314426,76.929309,Active
Mine_02197,Dharmapuri,Silica Sand,15.51,8.206184,80.130111,Active
Mine_02198,Ariyalur,Granite,2.7,8.274574,76.520005,Active
Mine_02199,Virudhunagar,Limestone,26.59,9.885907,77.88266,Active
Mine_02200,Erode,Salt,50.31,12.865753,77.438416,Closed
Mine_02201,Theni,Granite,26.29,10.203618,80.437811,Active
Mine_02202,Ariyalur,Salt,87.07,8.132979,77.722893,Active
Mine_02203,Dindigul,Marble,13.49,9.386782,77.715696,Active
Mine_02204,Virudhunagar,Sand,57.44,10.361266,76.244648,Closed
Mine_02205,Coimbatore,Limestone,67.24,10.093825,78.423235,Active
Mine_02206,Karur,Silica Sand,17.56,11.158487,79.748756,Active
Mine_02207,Namakkal,Iron Ore,16.42,8.794616,77.048375,Active
Mine_02208,Coimbatore,Salt,9.93,9.702631,78.775978,Active
Mine_02209,Salem,Salt,7.18,9.302389,78.261383,Active
Mine_02210,Tiruppur,Sandstone,24.93,8.323378,79.281699,Closed
Mine_02211,Perambalur,Silica Sand,13.12,11.139091,79.474686,Active
Mine_02212,Tiruppur,Granite,7.36,8.646096,76.808619,Active
Mine_02213,Theni,Iron Ore,4.51,9.900695,76.667734,Active
Mine_02214,Salem,Sandstone,228.96,10.063826,78.695557,Closed
Mine_02215,Vellore,Iron Ore,46.79,10.24864,76.927658,Active
Mine_02216,Krishnagiri,Granite,47.55,9.390085,77.401325,Active
Mine_02217,Dharmapuri,Marble,33.71,10.257712,76.866385,Active
Mine_02218,Dindigul,Granite,49.53,9.148604,77.380477,Active
Mine_02219,Erode,Sandstone,12.83,12.834133,79.750261,Active
Mine_02220,Virudhunagar,Silica Sand,58.54,11.254119,77.397262,Active
Mine_02221,Tiruppur,Granite,7.08,12.908983,76.272533,Active
Mine_02222,Perambalur,Salt,1.49,10.36126,79.395122,Active
Mine_02223,Krishnagiri,Sand,80.89,9.829562,76.380822,Closed
Mine_02224,Salem,Granite,3.09,12.491166,79.908279,Active
Mine_02225,Ariyalur,Sand,43.41,11.88676,80.018635,Active
Mine_02226,Coimbatore,Iron Ore,4.68,9.317188,76.995497,Active
Mine_02227,Ariyalur,Sand,5.45,11.000594,79.860809,Active
Mine_02228,Theni,Sand,32.99,11.931708,79.27647,Active
Mine_02229,Tiruvannamalai,Salt,53.78,11.628598,77.027963,Active
Mine_02230,Karur,Sandstone,44.37,12.030229,78.643185,Active
Mine_02231,Krishnagiri,Marble,2.81,11.702384,80.48742,Active
Mine_02232,Coimbatore,Granite,13.02,11.669702,80.031344,Active
Mine_02233,Cuddalore,Sand,6.99,11.935013,79.160344,Active
Mine_02234,Cuddalore,Iron Ore,56.5,10.387359,78.513128,Active
Mine_02235,Salem,Sandstone,10.02,12.161425,77.392989,Active
Mine_02236,Kanyakumari,Marble,22.93,12.344516,79.680616,Active
Mine_02237,Tiruvannamalai,Sand,109.93,8.906076,76.189677,Active
Mine_02238,Erode,Silica Sand,100.8,10.932604,76.450291,Active
Mine_02239,Perambalur,Sandstone,3.92,8.949616,76.055308,Active
Mine_02240,Coimbatore,Silica Sand,29.93,9.987604,78.817268,Active
Mine_02241,Tirunelveli,Iron Ore,103.46,13.143986,77.642516,Closed
Mine_02242,Tirunelveli,Salt,93.05,12.346345,77.832992,Closed
Mine_02243,Tuticorin,Marble,12.75,11.445472,79.725704,Active
Mine_02244,Salem,Silica Sand,35.14,13.437715,78.708945,Active
Mine_02245,Salem,Sandstone,173.45,10.189237,77.493578,Active
Mine_02246,Ariyalur,Marble,110.44,12.417183,77.920033,Active
Mine_02247,Coimbatore,Limestone,26.98,9.191777,76.763755,Active
Mine_02248,Perambalur,Silica Sand,4.71,9.341115,77.340443,Active
Mine_02249,Dindigul,Limestone,17.23,10.442355,76.289457,Active
Mine_02250,Karur,Granite,24.69,10.643414,78.523203,Active
Mine_02251,Perambalur,Limestone,43.51,10.8971,76.431801,Active
Mine_02252,Dindigul,Sand,216.58,12.01774,77.023817,Closed
Mine_02253,Tuticorin,Marble,51.19,12.861407,78.770993,Active
Mine_02254,Erode,Marble,1.97,11.11894,77.092988,Active
Mine_02255,Cuddalore,Sand,7.78,8.563202,79.317919,Active
Mine_02256,Coimbatore,Silica Sand,25.08,9.312931,79.104286,Active
Mine_02257,Coimbatore,Salt,7.1,10.134271,76.835218,Active
Mine_02258,Vellore,Limestone,3.92,10.663886,76.408772,Active
Mine_02259,Krishnagiri,Sandstone,103.4,12.544418,77.503347,Active
Mine_02260,Virudhunagar,Silica Sand,51.18,13.46355,76.592068,Active
Mine_02261,Kanyakumari,Silica Sand,71.41,12.654918,79.053086,Active
Mine_02262,Tiruppur,Sandstone,98.05,13.322967,79.812209,Active
Mine_02263,Krishnagiri,Marble,63.02,11.005838,77.899698,Active
Mine_02264,Coimbatore,Sandstone,3.99,9.764204,77.742199,Active
Mine_02265,Vellore,Iron Ore,78.82,10.461482,80.126598,Active
Mine_02266,Karur,Marble,1.0,10.926866,76.482205,Active
Mine_02267,Cuddalore,Iron Ore,59.62,13.207351,76.451982,Active
Mine_02268,Tirunelveli,Salt,20.83,8.171247,80.353307,Active
Mine_02269,Perambalur,Limestone,15.25,11.598685,76.360147,Closed
Mine_02270,Tiruvannamalai,Granite,30.09,13.10383,77.929381,Active
Mine_02271,Salem,Marble,155.01,13.279089,77.481115,Active
Mine_02272,Tirunelveli,Limestone,9.46,11.433597,76.32707,Active
Mine_02273,Madurai,Sandstone,2.94,10.201205,78.59615,Active
Mine_02274,Theni,Iron Ore,44.07,8.144413,77.695324,Active
Mine_02275,Dharmapuri,Limestone,16.54,12.163565,78.447522,Active
Mine_02276,Cuddalore,Salt,61.72,12.138431,76.939782,Active
Mine_02277,Perambalur,Limestone,24.51,12.357595,76.108598,Active
Mine_02278,Tuticorin,Salt,200.74,11.733299,77.043303,Active
Mine_02279,Tirunelveli,Salt,42.03,12.163471,79.37287,Active
Mine_02280,Tuticorin,Iron Ore,10.26,8.095293,78.587098,Active
Mine_02281,Tiruvannamalai,Iron Ore,41.63,13.118091,77.927543,Active
Mine_02282,Theni,Iron Ore,79.64,9.77674,78.087013,Closed
Mine_02283,Namakkal,Sand,20.72,12.81431,76.852103,Closed
Mine_02284,Erode,Salt,57.79,11.195026,78.815153,Active
Mine_02285,Erode,Salt,13.64,11.450915,78.547837,Active
Mine_02286,Dindigul,Sandstone,12.75,9.344791,76.616769,Active
Mine_02287,Dharmapuri,Limestone,16.94,9.869427,80.049781,Active
Mine_02288,Erode,Marble,4.79,10.371852,79.091302,Active
Mine_02289,Salem,Marble,23.02,13.325254,80.293701,Active
Mine_02290,Tirunelveli,Marble,68.61,13.475848,76.344789,Active
Mine_02291,Ariyalur,Iron Ore,72.64,12.827014,77.348783,Active
Mine_02292,Krishnagiri,Iron Ore,29.19,9.245441,78.606705,Active
Mine_02293,Namakkal,Sandstone,63.52,11.474045,77.429922,Active
Mine_02294,Salem,Salt,72.25,9.263684,76.160224,Active
Mine_02295,Virudhunagar,Granite,4.25,11.23047,78.034822,Active
Mine_02296,Krishnagiri,Iron Ore,1.15,8.082006,76.582314,Active
Mine_02297,Cuddalore,Granite,102.7,8.401044,79.614666,Active
Mine_02298,Ariyalur,Granite,29.31,12.304603,79.773407,Active
Mine_02299,Dindigul,Silica Sand,117.12,9.355867,79.613926,Active
Mine_02300,Vellore,Sandstone,1.0,10.456296,77.24524,Active
Mine_02301,Erode,Silica Sand,17.08,11.381166,79.768837,Active
Mine_02302,Virudhunagar,Marble,37.21,10.666279,76.476005,Active
Mine_02303,Vellore,Sandstone,31.94,10.273791,76.32707,Active
Mine_02304,Namakkal,Granite,38.08,10.806445,77.95203,Active
Mine_02305,Perambalur,Granite,113.38,11.23837,77.400366,Active
Mine_02306,Ariyalur,Salt,26.12,13.082451,80.362628,Active
Mine_02307,Ariyalur,Granite,42.99,13.364911,79.924661,Active
Mine_02308,Virudhunagar,Granite,17.34,9.279271,78.775986,Active
Mine_02309,Dharmapuri,Iron Ore,40.32,10.435788,78.210134,Closed
Mine_02310,Tirunelveli,Limestone,15.92,8.413997,76.330123,Active
Mine_02311,Erode,Granite,61.44,10.670227,77.509645,Active
Mine_02312,Coimbatore,Salt,12.66,11.382138,80.397345,Active
Mine_02313,Vellore,Sandstone,25.63,13.327376,79.473144,Active
Mine_02314,Cuddalore,Sandstone,193.33,8.56558,76.238378,Active
Mine_02315,Tuticorin,Salt,3.8,8.623851,76.149284,Closed
Mine_02316,Perambalur,Granite,59.85,11.578217,76.956811,Active
Mine_02317,Virudhunagar,Silica Sand,36.23,9.730004,78.524995,Active
Mine_02318,Theni,Granite,21.18,12.198649,76.448934,Closed
Mine_02319,Tiruppur,Sandstone,1.61,9.997854,78.747892,Active
Mine_02320,Ariyalur,Silica Sand,3.23,13.115037,79.182119,Closed
Mine_02321,Madurai,Silica Sand,54.01,11.308091,79.022393,Active
Mine_02322,Kanyakumari,Iron Ore,52.17,11.551407,80.435851,Active
Mine_02323,Theni,Marble,60.6,9.864407,77.708558,Active
Mine_02324,Coimbatore,Iron Ore,39.2,12.89081,76.94422,Active
Mine_02325,Tirunelveli,Granite,22.55,13.249005,76.925762,Active
Mine_02326,Kanyakumari,Silica Sand,39.3,13.007261,77.232958,Active
Mine_02327,Tiruppur,Salt,7.57,11.958152,78.765165,Closed
Mine_02328,Dindigul,Sand,15.07,11.763153,76.969945,Active
Mine_02329,Dharmapuri,Sand,1.0,13.335315,77.942663,Active
Mine_02330,Salem,Silica Sand,8.97,12.345408,79.526663,Active
Mine_02331,Erode,Silica Sand,37.97,13.420985,79.970784,Active
Mine_02332,Theni,Granite,4.46,9.035908,78.252227,Active
Mine_02333,Perambalur,Iron Ore,43.12,9.779677,77.535409,Active
Mine_02334,Krishnagiri,Sand,66.86,8.857552,79.554767,Active
Mine_02335,Karur,Marble,42.7,12.702091,77.137058,Active
Mine_02336,Dindigul,Limestone,9.51,12.461359,79.481365,Active
Mine_02337,Karur,Salt,59.64,9.855312,78.848981,Active
Mine_02338,Karur,Salt,6.41,12.463509,77.892658,Active
Mine_02339,Ariyalur,Iron Ore,20.21,10.035019,77.281602,Active
Mine_02340,Kanyakumari,Granite,2.64,11.930781,78.372846,Active
Mine_02341,Kanyakumari,Sand,34.15,10.754154,78.203024,Active
Mine_02342,Coimbatore,Marble,24.01,13.27184,77.173638,Active
Mine_02343,Namakkal,Iron Ore,53.56,8.705983,77.718302,Active
Mine_02344,Theni,Sand,1.0,9.433288,78.421902,Active
Mine_02345,Coimbatore,Iron Ore,14.49,10.972911,76.85404,Active
Mine_02346,Namakkal,Iron Ore,46.27,8.6622,76.552555,Active
Mine_02347,Namakkal,Sand,19.93,10.204116,76.803488,Active
Mine_02348,Kanyakumari,Iron Ore,50.21,11.797962,78.459273,Active
Mine_02349,Virudhunagar,Sandstone,25.09,11.734704,79.745016,Active
Mine_02350,Tiruvannamalai,Marble,12.44,11.552541,80.436874,Active
Mine_02351,Erode,Sandstone,33.05,9.386543,80.297004,Active
Mine_02352,Tirunelveli,Marble,8.01,9.344487,79.747821,Active
Mine_02353,Vellore,Sand,38.32,8.853379,78.59503,Active
Mine_02354,Tirunelveli,Marble,21.77,10.535769,79.559825,Active
Mine_02355,Cuddalore,Silica Sand,62.66,11.078672,77.612347,Active
Mine_02356,Krishnagiri,Sand,81.96,13.335355,80.169699,Active
Mine_02357,Dharmapuri,Silica Sand,36.13,9.917849,77.470191,Active
Mine_02358,Theni,Marble,9.54,9.11066,79.866276,Active
Mine_02359,Karur,Iron Ore,20.5,10.369496,76.258458,Active
Mine_02360,Ariyalur,Sand,19.64,10.109697,76.070725,Active
Mine_02361,Tiruppur,Salt,33.79,10.787309,79.780038,Active
Mine_02362,Tiruvannamalai,Limestone,9.28,9.847526,76.604073,Active
Mine_02363,Tiruppur,Limestone,39.41,12.517312,78.303129,Active
Mine_02364,Madurai,Iron Ore,14.61,11.671712,79.17434,Active
Mine_02365,Kanyakumari,Sand,25.26,9.377824,76.360415,Active
Mine_02366,Dindigul,Salt,12.61,9.633472,77.621853,Active
Mine_02367,Madurai,Silica Sand,2.96,12.798272,78.849865,Active
Mine_02368,Krishnagiri,Silica Sand,24.98,12.929249,77.226579,Active
Mine_02369,Virudhunagar,Limestone,157.61,9.783417,77.060889,Active
Mine_02370,Karur,Marble,16.2,11.108665,77.816557,Closed
Mine_02371,Vellore,Sandstone,30.81,12.671723,76.222683,Active
Mine_02372,Virudhunagar,Sand,38.36,11.442451,77.333214,Active
Mine_02373,Tiruvannamalai,Sandstone,45.56,11.536122,79.875086,Active
Mine_02374,Ariyalur,Marble,13.67,11.643365,78.759049,Active
Mine_02375,Dindigul,Iron Ore,61.5,9.616103,79.401673,Active
Mine_02376,Cuddalore,Sandstone,44.68,12.313572,79.0009,Active
Mine_02377,Tiruvannamalai,Granite,5.58,13.320255,79.651334,Active
Mine_02378,Ariyalur,Iron Ore,7.06,10.031265,76.444064,Active
Mine_02379,Namakkal,Limestone,64.76,13.032922,79.404673,Active
Mine_02380,Tiruppur,Silica Sand,12.24,9.146901,79.442785,Active
Mine_02381,Virudhunagar,Iron Ore,26.91,10.149817,76.403686,Active
Mine_02382,Erode,Limestone,12.87,10.605269,79.488841,Active
Mine_02383,Krishnagiri,Salt,34.3,10.117585,76.569504,Active
Mine_02384,Karur,Salt,36.54,13.146905,79.498001,Active
Mine_02385,Madurai,Iron Ore,12.1,9.53289,80.092121,Active
Mine_02386,Ariyalur,Silica Sand,34.36,12.807477,79.244595,Active
Mine_02387,Karur,Marble,21.77,8.531171,76.179938,Active
Mine_02388,Krishnagiri,Sandstone,53.61,10.695656,76.129861,Active
Mine_02389,Virudhunagar,Marble,50.75,9.184318,79.248593,Active
Mine_02390,Perambalur,Sandstone,20.7,11.730928,79.437987,Active
Mine_02391,Tuticorin,Granite,46.09,8.46892,77.101158,Active
Mine_02392,Ariyalur,Limestone,7.93,9.568047,78.047733,Active
Mine_02393,Erode,Iron Ore,103.2,10.778905,77.113051,Active
Mine_02394,Salem,Iron Ore,83.51,10.393,78.409214,Active
Mine_02395,Tiruppur,Silica Sand,56.83,9.766903,76.463586,Active
Mine_02396,Salem,Salt,19.12,12.748169,78.96916,Active
Mine_02397,Dharmapuri,Silica Sand,85.88,8.918721,77.002532,Active
Mine_02398,Dharmapuri,Salt,87.47,9.388461,77.68189,Active
Mine_02399,Tuticorin,Sand,35.81,12.037352,78.317263,Active
Mine_02400,Karur,Limestone,11.54,8.768574,77.755768,Active
Mine_02401,Namakkal,Iron Ore,11.98,12.149878,79.247333,Active
Mine_02402,Erode,Iron Ore,7.99,12.384925,78.056412,Active
Mine_02403,Tuticorin,Salt,7.34,11.640398,78.476937,Active
Mine_02404,Dindigul,Silica Sand,3.0,12.09072,79.203469,Active
Mine_02405,Theni,Granite,7.57,8.114077,76.142115,Active
Mine_02406,Dharmapuri,Sandstone,70.54,11.133393,77.377266,Active
Mine_02407,Madurai,Salt,39.61,8.949611,77.163881,Active
Mine_02408,Namakkal,Limestone,120.53,8.459096,76.025356,Active
Mine_02409,Perambalur,Silica Sand,57.56,10.018912,78.453576,Active
Mine_02410,Ariyalur,Salt,7.72,10.045428,76.127282,Active
Mine_02411,Tirunelveli,Granite,2.24,11.611613,79.766535,Active
Mine_02412,Tiruppur,Silica Sand,9.6,9.789647,76.678316,Active
Mine_02413,Namakkal,Sandstone,38.0,12.189212,78.455664,Active
Mine_02414,Theni,Marble,14.21,9.975402,79.229665,Closed
Mine_02415,Dharmapuri,Sandstone,16.8,9.064984,76.892824,Active
Mine_02416,Dindigul,Sandstone,9.24,8.79786,76.543093,Active
Mine_02417,Tiruppur,Sand,31.3,12.394557,76.163147,Active
Mine_02418,Tuticorin,Iron Ore,17.8,9.609984,76.784605,Active
Mine_02419,Tiruvannamalai,Sand,121.81,12.530887,78.16473,Active
Mine_02420,Perambalur,Marble,32.72,8.319255,79.133186,Active
Mine_02421,Tiruvannamalai,Limestone,69.71,9.303925,77.456483,Active
Mine_02422,Cuddalore,Sandstone,35.91,9.637829,76.249708,Active
Mine_02423,Tiruvannamalai,Iron Ore,62.86,13.287872,77.921348,Active
Mine_02424,Dindigul,Silica Sand,9.61,9.602915,79.845459,Active
Mine_02425,Tirunelveli,Marble,6.45,12.36244,78.702051,Active
Mine_02426,Theni,Sandstone,39.27,10.331655,78.504808,Active
Mine_02427,Dharmapuri,Silica Sand,8.54,9.488975,79.843004,Active
Mine_02428,Tirunelveli,Iron Ore,6.48,10.4735,77.253214,Active
Mine_02429,Krishnagiri,Sand,3.51,10.841594,77.012763,Active
Mine_02430,Tirunelveli,Sand,29.99,9.838184,76.935498,Active
Mine_02431,Tirunelveli,Sand,25.25,9.196164,77.504109,Active
Mine_02432,Namakkal,Iron Ore,60.38,9.870599,76.804178,Active
Mine_02433,Dharmapuri,Sand,49.89,12.850932,77.670284,Active
Mine_02434,Theni,Iron Ore,39.05,11.664679,78.459312,Active
Mine_02435,Erode,Salt,65.14,11.041366,78.198525,Active
Mine_02436,Salem,Granite,16.59,9.709654,80.291454,Active
Mine_02437,Namakkal,Granite,29.16,8.920521,80.403055,Active
Mine_02438,Erode,Marble,82.86,12.880101,76.049347,Active
Mine_02439,Tiruvannamalai,Sand,1.59,12.662846,79.8874,Active
Mine_02440,Tiruvannamalai,Granite,67.09,12.324703,80.005475,Active
Mine_02441,Kanyakumari,Marble,20.58,12.205644,77.097697,Active
Mine_02442,Namakkal,Iron Ore,28.25,12.789898,76.960577,Active
Mine_02443,Tuticorin,Sandstone,22.38,9.971022,77.982415,Closed
Mine_02444,Tiruppur,Sand,64.52,10.486562,79.678664,Active
Mine_02445,Erode,Iron Ore,50.59,11.069269,76.254767,Active
Mine_02446,Dindigul,Salt,13.29,11.703814,76.082569,Active
Mine_02447,Cuddalore,Marble,14.84,10.903504,76.971665,Active
Mine_02448,Virudhunagar,Salt,23.51,12.671822,78.771298,Active
Mine_02449,Theni,Granite,49.06,13.352934,80.019124,Active
Mine_02450,Tiruppur,Silica Sand,1.0,8.151964,79.707282,Closed
Mine_02451,Erode,Marble,10.83,10.343551,79.287548,Active
Mine_02452,Perambalur,Sand,4.82,12.774816,76.580908,Closed
Mine_02453,Virudhunagar,Salt,2.58,8.193384,76.757836,Active
Mine_02454,Salem,Iron Ore,3.92,13.064874,77.547823,Active
Mine_02455,Cuddalore,Sand,1.0,10.552744,76.110952,Closed
Mine_02456,Dindigul,Silica Sand,3.12,8.606522,77.725791,Active
Mine_02457,Salem,Iron Ore,80.88,10.015512,76.194462,Active
Mine_02458,Perambalur,Salt,117.99,10.027726,76.045407,Active
Mine_02459,Kanyakumari,Iron Ore,7.02,8.996863,78.544925,Closed
Mine_02460,Dharmapuri,Marble,1.47,9.767817,79.435981,Active
Mine_02461,Perambalur,Salt,11.32,11.099891,79.652578,Active
Mine_02462,Erode,Iron Ore,39.92,9.331544,77.946584,Active
Mine_02463,Erode,Salt,4.78,11.738573,77.171274,Active
Mine_02464,Cuddalore,Sand,1.73,11.706694,78.418007,Active
Mine_02465,Tiruppur,Limestone,70.34,10.352311,78.885038,Active
Mine_02466,Ariyalur,Salt,41.39,8.97389,78.52235,Active
Mine_02467,Dindigul,Salt,105.04,10.240342,80.494802,Active
Mine_02468,Namakkal,Marble,19.44,9.353518,78.598343,Active
Mine_02469,Kanyakumari,Limestone,8.64,13.356646,77.627404,Active
Mine_02470,Erode,Sand,32.88,13.030827,79.034985,Active
Mine_02471,Coimbatore,Salt,7.99,10.993302,80.277477,Active
Mine_02472,Tirunelveli,Limestone,47.2,9.393995,77.603645,Active
Mine_02473,Namakkal,Limestone,48.41,9.249552,76.018457,Active
Mine_02474,Dharmapuri,Limestone,47.49,10.20729,76.866592,Closed
Mine_02475,Tuticorin,Marble,4.5,12.987083,80.489427,Active
Mine_02476,Karur,Sandstone,16.0,10.539125,76.921696,Active
Mine_02477,Salem,Marble,59.53,11.919179,78.857282,Active
Mine_02478,Cuddalore,Iron Ore,117.42,8.176355,76.205114,Active
Mine_02479,Dharmapuri,Silica Sand,34.87,10.871405,77.489089,Active
Mine_02480,Vellore,Limestone,9.23,11.601572,76.195285,Closed
Mine_02481,Salem,Sand,4.43,8.122907,76.771808,Active
Mine_02482,Erode,Salt,9.05,11.675427,76.821143,Active
Mine_02483,Salem,Limestone,49.55,11.72851,77.590163,Active
Mine_02484,Namakkal,Salt,24.74,10.598918,77.533675,Active
Mine_02485,Kanyakumari,Silica Sand,30.99,10.807833,76.716832,Active
Mine_02486,Kanyakumari,Granite,67.81,9.652144,77.952805,Closed
Mine_02487,Cuddalore,Limestone,25.41,10.916207,77.188122,Active
Mine_02488,Tirunelveli,Marble,14.22,12.171336,76.925222,Active
Mine_02489,Coimbatore,Sandstone,30.8,12.993795,76.263256,Active
Mine_02490,Dindigul,Sandstone,43.19,12.583738,79.266339,Active
Mine_02491,Tiruvannamalai,Iron Ore,14.11,10.587978,76.419463,Active
Mine_02492,Karur,Granite,106.0,9.8482,76.301988,Active
Mine_02493,Coimbatore,Iron Ore,172.16,10.370837,77.375753,Active
Mine_02494,Cuddalore,Salt,68.94,8.445582,77.424282,Active
Mine_02495,Tirunelveli,Limestone,54.29,9.960164,78.618035,Active
Mine_02496,Tiruppur,Silica Sand,27.8,9.274354,78.438415,Active
Mine_02497,Madurai,Sand,3.57,9.191388,79.799904,Closed
Mine_02498,Kanyakumari,Marble,26.65,9.153672,76.895934,Active
Mine_02499,Cuddalore,Limestone,47.66,9.314108,76.53358,Active
Mine_02500,Erode,Limestone,19.65,9.526869,78.566693,Active
Mine_02501,Dindigul,Marble,75.9,11.317539,76.655571,Active
Mine_02502,Karur,Iron Ore,107.82,9.303103,79.121357,Active
Mine_02503,Erode,Marble,10.71,8.551821,76.667271,Closed
Mine_02504,Coimbatore,Limestone,44.86,9.848431,76.763996,Active
Mine_02505,Coimbatore,Silica Sand,52.2,10.42748,77.523879,Active
Mine_02506,Tirunelveli,Limestone,12.36,8.521567,77.560857,Active
Mine_02507,Tiruppur,Granite,15.75,11.675304,79.225979,Active
Mine_02508,Cuddalore,Iron Ore,8.27,10.987151,80.438919,Active
Mine_02509,Erode,Salt,5.92,10.302339,79.825866,Closed
Mine_02510,Madurai,Limestone,6.19,12.958094,76.78501,Active
Mine_02511,Virudhunagar,Granite,10.73,11.06635,80.305998,Active
Mine_02512,Kanyakumari,Sandstone,13.78,9.289232,78.396317,Active
Mine_02513,Ariyalur,Iron Ore,1.0,9.781173,76.989704,Active
Mine_02514,Coimbatore,Sand,17.21,8.510648,78.325603,Active
Mine_02515,Cuddalore,Silica Sand,10.7,9.443033,79.168184,Active
Mine_02516,Salem,Sandstone,28.76,9.681677,78.068142,Closed
Mine_02517,Kanyakumari,Sandstone,27.73,8.568153,76.889415,Active
Mine_02518,Virudhunagar,Limestone,45.77,9.864657,78.571351,Active
Mine_02519,Vellore,Limestone,27.19,9.627959,77.467833,Active
Mine_02520,Ariyalur,Sand,42.21,8.212661,76.825373,Active
Mine_02521,Virudhunagar,Salt,101.66,9.683818,77.114699,Active
Mine_02522,Karur,Silica Sand,66.4,13.412965,79.708132,Active
Mine_02523,Virudhunagar,Iron Ore,8.81,10.002346,79.001363,Active
Mine_02524,Salem,Sandstone,77.03,8.563203,76.591864,Closed
Mine_02525,Tiruppur,Sandstone,82.43,9.635391,77.158351,Closed
Mine_02526,Tiruvannamalai,Sandstone,18.63,9.750521,78.7951,Active
Mine_02527,Kanyakumari,Silica Sand,39.58,11.236674,78.417425,Active
Mine_02528,Salem,Sand,77.82,9.279473,79.626922,Active
Mine_02529,Salem,Silica Sand,57.77,8.460946,76.72322,Active
Mine_02530,Dindigul,Limestone,23.62,9.697342,78.733104,Active
Mine_02531,Kanyakumari,Limestone,7.64,8.351043,77.48661,Active
Mine_02532,Cuddalore,Salt,2.26,8.971375,78.469238,Active
Mine_02533,Erode,Salt,1.0,13.434374,78.964756,Active
Mine_02534,Vellore,Marble,12.4,9.896806,78.9207,Active
Mine_02535,Perambalur,Silica Sand,73.39,8.668561,76.967465,Active
Mine_02536,Tiruvannamalai,Granite,99.7,10.526913,76.349496,Active
Mine_02537,Tiruvannamalai,Limestone,14.97,9.567599,79.287395,Active
Mine_02538,Vellore,Iron Ore,63.76,9.905723,79.484793,Active
Mine_02539,Tirunelveli,Silica Sand,4.57,13.142921,77.309515,Active
Mine_02540,Tuticorin,Granite,27.06,9.623859,79.460922,Active
Mine_02541,Virudhunagar,Iron Ore,9.28,10.073695,76.036262,Active
Mine_02542,Ariyalur,Salt,68.11,10.505859,79.598833,Active
Mine_02543,Theni,Salt,11.7,10.716402,78.784093,Active
Mine_02544,Erode,Sand,31.37,10.891786,77.314205,Active
Mine_02545,Ariyalur,Iron Ore,2.68,12.036285,77.448511,Active
Mine_02546,Coimbatore,Limestone,74.17,9.292217,77.991119,Active
Mine_02547,Tuticorin,Iron Ore,11.54,9.836131,78.120628,Active
Mine_02548,Vellore,Limestone,80.04,11.820696,76.036454,Active
Mine_02549,Erode,Silica Sand,60.74,13.453292,78.390395,Active
Mine_02550,Tuticorin,Iron Ore,23.02,12.708524,76.753403,Active
Mine_02551,Karur,Sandstone,1.38,10.223815,79.531308,Active
Mine_02552,Ariyalur,Sandstone,48.53,9.348347,78.275496,Closed
Mine_02553,Vellore,Salt,106.36,11.03463,79.583556,Active
Mine_02554,Perambalur,Marble,77.14,9.068827,76.727243,Active
Mine_02555,Salem,Salt,11.9,9.484084,77.851058,Closed
Mine_02556,Namakkal,Limestone,77.91,11.070521,79.876132,Active
Mine_02557,Vellore,Iron Ore,15.29,13.451334,77.900475,Active
Mine_02558,Dindigul,Sandstone,11.6,10.061688,79.599762,Active
Mine_02559,Perambalur,Limestone,12.48,8.295773,80.159674,Active
Mine_02560,Madurai,Marble,32.2,12.726481,76.457075,Active
Mine_02561,Tiruvannamalai,Granite,52.13,12.93256,76.236951,Active
Mine_02562,Tiruvannamalai,Salt,38.61,8.184853,77.786194,Active
Mine_02563,Tuticorin,Silica Sand,26.46,12.477302,80.292528,Active
Mine_02564,Perambalur,Salt,112.42,10.177511,79.232567,Active
Mine_02565,Namakkal,Iron Ore,42.63,11.258438,76.448474,Active
Mine_02566,Salem,Marble,40.67,12.871689,77.904798,Active
Mine_02567,Tiruppur,Limestone,17.78,10.228983,80.075092,Closed
Mine_02568,Kanyakumari,Iron Ore,95.83,12.518754,80.376624,Active
Mine_02569,Krishnagiri,Granite,46.01,11.333055,77.617008,Active
Mine_02570,Dindigul,Iron Ore,33.77,8.620968,80.090094,Active
Mine_02571,Namakkal,Sand,86.54,11.187112,77.11082,Active
Mine_02572,Dharmapuri,Granite,14.17,12.104048,80.455743,Active
Mine_02573,Theni,Marble,70.08,13.446374,77.686028,Active
Mine_02574,Tiruppur,Silica Sand,6.07,12.69456,78.649254,Active
Mine_02575,Perambalur,Sand,27.51,8.222414,80.01757,Active
Mine_02576,Tirunelveli,Salt,5.13,8.789676,78.974622,Active
Mine_02577,Vellore,Marble,48.83,9.455822,76.99862,Active
Mine_02578,Madurai,Sandstone,24.21,10.710182,77.716016,Active
Mine_02579,Salem,Marble,29.34,11.749882,78.022669,Active
Mine_02580,Tiruvannamalai,Limestone,35.8,11.007053,78.506268,Active
Mine_02581,Kanyakumari,Sand,59.28,9.373246,78.740072,Active
Mine_02582,Tuticorin,Limestone,83.61,10.440872,77.282089,Active
Mine_02583,Tiruvannamalai,Salt,245.44,12.950163,80.167279,Active
Mine_02584,Erode,Marble,5.5,11.422723,76.251801,Active
Mine_02585,Namakkal,Limestone,47.82,8.28734,78.404118,Active
Mine_02586,Virudhunagar,Sandstone,19.75,8.003517,78.099974,Active
Mine_02587,Ariyalur,Limestone,23.81,9.99956,80.476362,Active
Mine_02588,Tuticorin,Limestone,27.4,12.450497,77.533044,Active
Mine_02589,Tiruvannamalai,Sand,3.03,12.75843,77.935912,Active
Mine_02590,Cuddalore,Sand,12.37,12.896728,80.406512,Active
Mine_02591,Tirunelveli,Salt,1.0,12.918308,77.399704,Closed
Mine_02592,Karur,Granite,15.25,9.174165,80.076411,Active
Mine_02593,Erode,Salt,55.15,9.219151,76.98966,Active
Mine_02594,Vellore,Sandstone,186.11,12.442128,76.846829,Closed
Mine_02595,Tuticorin,Granite,15.32,13.260903,79.550833,Active
Mine_02596,Tuticorin,Limestone,96.11,12.553287,76.736388,Active
Mine_02597,Salem,Iron Ore,3.37,11.612523,78.942121,Active
Mine_02598,Perambalur,Limestone,23.88,12.732889,76.588241,Active
Mine_02599,Madurai,Limestone,45.13,12.199245,77.431931,Active
Mine_02600,Dindigul,Sand,3.18,8.526929,78.227241,Closed
Mine_02601,Tirunelveli,Sandstone,111.03,8.778814,77.690773,Active
Mine_02602,Dindigul,Silica Sand,26.8,8.147664,79.18584,Active
Mine_02603,Virudhunagar,Sandstone,89.69,9.412058,77.081191,Active
Mine_02604,Madurai,Limestone,4.54,11.834708,76.933294,Active
Mine_02605,Dharmapuri,Iron Ore,11.81,9.633611,79.458421,Active
Mine_02606,Perambalur,Granite,61.46,13.112197,79.404719,Active
Mine_02607,Coimbatore,Limestone,111.27,13.465291,76.563704,Active
Mine_02608,Tirunelveli,Marble,12.18,12.100714,80.399505,Active
Mine_02609,Salem,Iron Ore,1.0,8.201474,78.68526,Active
Mine_02610,Karur,Limestone,14.38,10.376281,78.375591,Active
Mine_02611,Ariyalur,Salt,14.99,8.959258,78.650675,Active
Mine_02612,Vellore,Limestone,120.51,12.633461,77.745545,Active
Mine_02613,Vellore,Sandstone,9.52,8.324558,78.418606,Closed
Mine_02614,Tuticorin,Iron Ore,25.3,10.192626,76.615961,Active
Mine_02615,Karur,Granite,22.59,8.635865,76.462691,Active
Mine_02616,Namakkal,Salt,5.48,10.816571,77.255771,Active
Mine_02617,Perambalur,Iron Ore,71.12,8.687575,76.609564,Active
Mine_02618,Namakkal,Granite,62.57,9.104097,77.851845,Closed
Mine_02619,Karur,Granite,13.3,10.802323,78.298622,Active
Mine_02620,Namakkal,Iron Ore,98.01,12.580959,77.142449,Active
Mine_02621,Ariyalur,Sandstone,1.0,12.971461,76.199549,Active
Mine_02622,Virudhunagar,Silica Sand,29.18,11.599529,78.373841,Active
Mine_02623,Virudhunagar,Sandstone,95.11,9.451817,77.264398,Active
Mine_02624,Dharmapuri,Marble,28.31,11.657675,79.537002,Active
Mine_02625,Dindigul,Silica Sand,24.36,8.212224,76.080091,Active
Mine_02626,Tuticorin,Limestone,46.0,11.983324,80.029317,Active
Mine_02627,Kanyakumari,Granite,18.58,9.501628,77.737596,Active
Mine_02628,Karur,Marble,29.44,11.962097,79.158599,Active
Mine_02629,Ariyalur,Iron Ore,1.48,12.708716,77.03868,Closed
Mine_02630,Virudhunagar,Sand,4.6,10.885802,79.412838,Active
Mine_02631,Coimbatore,Silica Sand,108.81,9.171572,76.466872,Active
Mine_02632,Salem,Granite,39.35,10.286875,80.341386,Active
Mine_02633,Tiruvannamalai,Marble,35.81,9.969469,80.024026,Active
Mine_02634,Perambalur,Limestone,38.31,9.009053,79.055811,Closed
Mine_02635,Vellore,Salt,60.75,9.338166,80.269585,Closed
Mine_02636,Krishnagiri,Sandstone,54.32,8.125962,80.315353,Active
Mine_02637,Erode,Sand,76.07,11.865946,76.390345,Active
Mine_02638,Krishnagiri,Sandstone,3.11,13.044465,79.336931,Active
Mine_02639,Karur,Sandstone,28.25,9.985332,79.525608,Active
Mine_02640,Ariyalur,Marble,51.31,13.301744,80.188201,Active
Mine_02641,Tiruvannamalai,Sandstone,91.75,9.859586,79.348746,Active
Mine_02642,Erode,Granite,20.09,11.346113,76.180894,Active
Mine_02643,Tuticorin,Sand,20.22,8.569903,79.766835,Active
Mine_02644,Salem,Sand,1.0,9.561154,76.536848,Active
Mine_02645,Virudhunagar,Iron Ore,9.0,9.471643,76.326504,Active
Mine_02646,Dharmapuri,Salt,32.22,9.163255,77.291514,Active
Mine_02647,Dharmapuri,Iron Ore,9.01,8.409176,76.094079,Active
Mine_02648,Virudhunagar,Granite,158.36,13.123958,79.316109,Active
Mine_02649,Cuddalore,Granite,9.37,13.193464,76.08687,Active
Mine_02650,Salem,Silica Sand,7.78,11.256354,78.430525,Active
Mine_02651,Dindigul,Sand,24.91,11.331093,78.202521,Active
Mine_02652,Tiruvannamalai,Granite,8.47,9.76535,77.887061,Active
Mine_02653,Karur,Marble,6.93,8.082984,78.021567,Active
Mine_02654,Dindigul,Sandstone,71.64,12.412983,76.450195,Active
Mine_02655,Vellore,Sandstone,40.27,11.698235,79.059449,Active
Mine_02656,Tiruvannamalai,Salt,35.54,9.229243,79.812443,Active
Mine_02657,Tirunelveli,Sandstone,20.84,13.415771,79.467202,Active
Mine_02658,Erode,Marble,25.67,12.154996,79.961311,Active
Mine_02659,Madurai,Granite,11.21,10.903142,77.23866,Active
Mine_02660,Salem,Sand,6.32,11.478205,78.668294,Closed
Mine_02661,Dharmapuri,Marble,33.11,9.029482,79.602806,Active
Mine_02662,Tirunelveli,Iron Ore,8.28,10.502143,79.364944,Active
Mine_02663,Vellore,Sandstone,31.17,13.261303,77.760746,Active
Mine_02664,Erode,Sand,47.45,11.955446,78.532159,Closed
Mine_02665,Ariyalur,Granite,20.84,10.034615,79.721158,Active
Mine_02666,Theni,Salt,51.64,8.086322,77.302213,Active
Mine_02667,Dindigul,Iron Ore,14.42,10.673248,77.899106,Active
Mine_02668,Cuddalore,Granite,55.41,8.392825,78.102831,Active
Mine_02669,Cuddalore,Limestone,5.38,10.490327,78.319682,Active
Mine_02670,Vellore,Sand,11.92,10.523627,76.973213,Closed
Mine_02671,Virudhunagar,Marble,29.45,9.571069,77.117785,Active
Mine_02672,Salem,Limestone,18.48,8.833155,77.160891,Active
Mine_02673,Vellore,Iron Ore,48.86,10.955468,78.111602,Active
Mine_02674,Madurai,Silica Sand,43.15,9.589268,76.633345,Active
Mine_02675,Karur,Salt,82.5,10.25223,76.762841,Active
Mine_02676,Vellore,Limestone,85.01,11.337573,79.873279,Active
Mine_02677,Namakkal,Granite,3.89,11.919326,76.313118,Active
Mine_02678,Coimbatore,Limestone,14.88,12.787228,76.766949,Active
Mine_02679,Tiruvannamalai,Salt,1.24,11.701227,79.67379,Active
Mine_02680,Theni,Limestone,15.39,11.225003,76.347821,Active
Mine_02681,Tiruppur,Marble,83.24,9.909418,78.528541,Active
Mine_02682,Perambalur,Marble,139.7,9.62885,78.82296,Active
Mine_02683,Perambalur,Granite,24.72,11.89615,76.403701,Active
Mine_02684,Theni,Granite,10.64,10.983167,76.999932,Active
Mine_02685,Coimbatore,Marble,66.84,12.472943,78.892227,Active
Mine_02686,Vellore,Iron Ore,104.15,8.130933,76.231997,Active
Mine_02687,Madurai,Marble,82.66,10.138373,76.53595,Active
Mine_02688,Tuticorin,Iron Ore,11.5,10.686851,79.156741,Active
Mine_02689,Coimbatore,Sand,29.51,10.966889,78.329833,Active
Mine_02690,Coimbatore,Granite,15.49,11.166138,78.67361,Active
Mine_02691,Tiruvannamalai,Limestone,57.46,11.204981,76.67145,Active
Mine_02692,Ariyalur,Silica Sand,65.64,12.886374,79.8308,Active
Mine_02693,Karur,Iron Ore,23.24,11.720183,76.789249,Active
Mine_02694,Dindigul,Granite,88.49,10.362616,78.401994,Active
Mine_02695,Theni,Iron Ore,13.64,12.397773,77.248925,Active
Mine_02696,Virudhunagar,Granite,70.49,10.603816,79.73179,Active
Mine_02697,Kanyakumari,Iron Ore,118.94,8.334296,80.042259,Active
Mine_02698,Virudhunagar,Sandstone,47.99,11.806989,78.278077,Active
Mine_02699,Tirunelveli,Salt,11.36,9.273344,80.274662,Active
Mine_02700,Perambalur,Granite,33.79,12.058092,78.42051,Active
Mine_02701,Tirunelveli,Granite,48.68,12.57265,76.181111,Closed
Mine_02702,Tirunelveli,Sand,8.07,8.400946,77.012912,Active
Mine_02703,Krishnagiri,Sandstone,59.49,8.236149,77.925938,Active
Mine_02704,Erode,Salt,27.58,12.910568,79.62293,Active
Mine_02705,Dindigul,Sand,10.28,10.17332,78.942053,Active
Mine_02706,Ariyalur,Sand,5.41,8.268629,79.950737,Active
Mine_02707,Virudhunagar,Sandstone,127.39,10.035898,79.785373,Active
Mine_02708,Coimbatore,Salt,15.68,11.262807,78.42533,Active
Mine_02709,Erode,Sandstone,23.26,12.88571,79.642743,Active
Mine_02710,Tuticorin,Sand,1.53,10.70741,80.043005,Active
Mine_02711,Kanyakumari,Marble,65.95,11.904064,79.04722,Closed
Mine_02712,Dindigul,Marble,21.92,12.649085,79.133557,Active
Mine_02713,Erode,Sand,3.86,8.306024,79.604436,Active
Mine_02714,Dharmapuri,Sandstone,23.46,8.121216,76.181266,Active
Mine_02715,Karur,Iron Ore,29.68,13.193936,76.779018,Active
Mine_02716,Namakkal,Salt,59.71,10.226935,80.279403,Active
Mine_02717,Tiruvannamalai,Salt,7.57,12.511207,77.508475,Active
Mine_02718,Virudhunagar,Limestone,24.25,10.708259,76.838662,Active
Mine_02719,Namakkal,Sand,9.26,9.871823,78.685957,Active
Mine_02720,Perambalur,Iron Ore,13.58,12.045915,79.489836,Closed
Mine_02721,Tiruppur,Salt,1.0,12.18922,76.479689,Active
Mine_02722,Theni,Salt,164.23,9.333967,78.906149,Active
Mine_02723,Coimbatore,Granite,36.01,9.141125,77.17959,Active
Mine_02724,Madurai,Limestone,3.28,11.740338,77.832243,Active
Mine_02725,Theni,Granite,10.18,11.371786,78.827258,Active
Mine_02726,Karur,Sandstone,139.26,9.085086,80.279908,Active
Mine_02727,Tuticorin,Sand,4.19,10.093168,79.462206,Active
Mine_02728,Namakkal,Silica Sand,3.7,13.47721,80.037835,Active
Mine_02729,Theni,Sand,100.74,9.944515,79.237757,Active
Mine_02730,Madurai,Limestone,65.14,12.874824,77.11901,Active
Mine_02731,Dindigul,Sandstone,169.22,12.53641,80.47414,Active
Mine_02732,Namakkal,Silica Sand,28.0,11.512541,76.76977,Active
Mine_02733,Tirunelveli,Sand,21.17,11.311295,78.857292,Active
Mine_02734,Erode,Sandstone,18.1,8.338485,79.835454,Closed
Mine_02735,Erode,Iron Ore,76.39,11.442643,80.150465,Active
Mine_02736,Tuticorin,Granite,2.03,10.991855,78.317772,Active
Mine_02737,Dharmapuri,Limestone,65.45,8.766719,77.883991,Active
Mine_02738,Coimbatore,Limestone,1.98,11.697504,80.43946,Active
Mine_02739,Karur,Sandstone,4.45,9.316921,76.840821,Active
Mine_02740,Kanyakumari,Silica Sand,2.98,11.936206,77.758161,Active
Mine_02741,Namakkal,Silica Sand,55.72,12.133692,77.488163,Active
Mine_02742,Krishnagiri,Iron Ore,46.79,12.986757,80.314592,Active
Mine_02743,Ariyalur,Iron Ore,15.57,12.636259,76.81133,Closed
Mine_02744,Erode,Marble,7.46,10.722014,78.121157,Active
Mine_02745,Tiruvannamalai,Salt,61.6,13.180508,79.94645,Active
Mine_02746,Karur,Sandstone,28.94,11.202989,78.09518,Active
Mine_02747,Madurai,Iron Ore,23.22,8.783547,78.882875,Active
Mine_02748,Krishnagiri,Iron Ore,37.82,9.317056,79.903319,Active
Mine_02749,Karur,Sandstone,36.47,9.009596,77.281999,Active
Mine_02750,Cuddalore,Limestone,29.77,11.298021,78.550004,Active
Mine_02751,Dharmapuri,Marble,138.13,11.608798,80.426474,Closed
Mine_02752,Dindigul,Limestone,32.08,8.636418,77.807722,Active
Mine_02753,Dindigul,Sand,70.33,10.481684,76.670904,Active
Mine_02754,Theni,Iron Ore,59.02,10.263314,76.827306,Active
Mine_02755,Kanyakumari,Marble,16.72,10.382474,76.645076,Active
Mine_02756,Krishnagiri,Sandstone,7.92,9.114785,76.503307,Active
Mine_02757,Perambalur,Limestone,84.54,8.250815,77.903765,Closed
Mine_02758,Cuddalore,Limestone,35.93,13.122142,79.942176,Active
Mine_02759,Madurai,Iron Ore,9.59,8.642141,77.86927,Active
Mine_02760,Ariyalur,Iron Ore,78.78,8.094315,77.31687,Active
Mine_02761,Kanyakumari,Sand,28.86,11.897874,77.758751,Active
Mine_02762,Tuticorin,Iron Ore,47.87,10.947648,79.98353,Active
Mine_02763,Theni,Sandstone,27.15,12.890677,77.558797,Active
Mine_02764,Virudhunagar,Marble,15.75,8.311314,79.749371,Active
Mine_02765,Ariyalur,Sandstone,84.57,12.285617,76.858367,Active
Mine_02766,Virudhunagar,Sandstone,8.16,9.502619,77.840439,Active
Mine_02767,Madurai,Marble,30.39,12.226258,79.41072,Active
Mine_02768,Kanyakumari,Silica Sand,16.27,12.846872,78.767095,Active
Mine_02769,Kanyakumari,Silica Sand,9.86,10.983256,77.670002,Active
Mine_02770,Theni,Salt,1.18,8.127048,78.324306,Active
Mine_02771,Tirunelveli,Salt,14.4,13.426513,77.223943,Active
Mine_02772,Cuddalore,Limestone,6.31,11.041708,78.919248,Active
Mine_02773,Salem,Limestone,9.39,11.446005,76.365762,Active
Mine_02774,Erode,Salt,32.38,12.288413,76.525756,Active
Mine_02775,Madurai,Limestone,14.69,11.076674,80.197295,Active
Mine_02776,Madurai,Silica Sand,123.37,10.042887,79.732301,Active
Mine_02777,Namakkal,Silica Sand,42.86,9.060089,77.361268,Active
Mine_02778,Vellore,Sand,101.97,8.951123,78.57799,Active
Mine_02779,Tuticorin,Granite,98.23,10.783029,78.446656,Active
Mine_02780,Coimbatore,Iron Ore,2.31,10.247617,76.236662,Active
Mine_02781,Madurai,Salt,30.51,8.738633,80.196835,Active
Mine_02782,Madurai,Limestone,20.32,13.403173,77.554911,Active
Mine_02783,Salem,Salt,12.83,11.842143,76.687826,Active
Mine_02784,Salem,Iron Ore,139.38,8.689584,76.72251,Closed
Mine_02785,Salem,Granite,1.0,8.340863,79.996362,Active
Mine_02786,Erode,Silica Sand,88.67,11.265213,79.626575,Active
Mine_02787,Dindigul,Marble,22.75,10.515149,78.479249,Active
Mine_02788,Tirunelveli,Salt,11.2,9.092038,78.370613,Closed
Mine_02789,Theni,Iron Ore,59.12,10.841599,78.74363,Active
Mine_02790,Tiruvannamalai,Sand,45.28,8.211382,78.557025,Active
Mine_02791,Tiruvannamalai,Iron Ore,24.55,13.398478,76.896957,Active
Mine_02792,Tuticorin,Marble,81.14,10.596428,78.313932,Active
Mine_02793,Tuticorin,Granite,12.32,8.092913,78.158651,Active
Mine_02794,Vellore,Sandstone,125.15,12.837598,78.610196,Active
Mine_02795,Dharmapuri,Limestone,53.86,10.959789,76.392973,Active
Mine_02796,Tiruvannamalai,Granite,18.06,11.462621,79.032271,Active
Mine_02797,Madurai,Sand,13.7,9.026762,77.828799,Active
Mine_02798,Tiruvannamalai,Silica Sand,60.45,11.117205,77.034081,Active
Mine_02799,Krishnagiri,Limestone,5.62,9.88747,79.041031,Active
Mine_02800,Tuticorin,Iron Ore,10.93,11.245514,77.994787,Active
Mine_02801,Ariyalur,Salt,9.89,10.740786,79.710771,Active
Mine_02802,Theni,Salt,69.43,9.163098,78.169973,Active
Mine_02803,Karur,Sandstone,23.97,11.683829,77.209974,Closed
Mine_02804,Vellore,Sandstone,28.76,13.118894,79.317062,Active
Mine_02805,Salem,Salt,43.81,11.560263,77.108671,Active
Mine_02806,Tiruvannamalai,Limestone,88.95,9.735511,76.969685,Active
Mine_02807,Tirunelveli,Salt,52.35,12.121014,76.882627,Active
Mine_02808,Namakkal,Silica Sand,9.41,10.295372,79.880879,Active
Mine_02809,Coimbatore,Iron Ore,15.31,8.831106,77.303731,Active
Mine_02810,Dharmapuri,Marble,54.05,9.738559,79.435026,Closed
Mine_02811,Ariyalur,Granite,19.4,12.061154,79.48397,Active
Mine_02812,Namakkal,Sandstone,106.96,11.774283,76.15388,Active
Mine_02813,Vellore,Marble,21.78,12.893425,77.968126,Active
Mine_02814,Theni,Iron Ore,13.19,11.105143,76.333254,Active
Mine_02815,Theni,Granite,8.34,9.821538,77.782549,Active
Mine_02816,Virudhunagar,Sandstone,20.07,8.380341,77.565779,Closed
Mine_02817,Krishnagiri,Iron Ore,1.19,9.605615,78.453281,Active
Mine_02818,Cuddalore,Silica Sand,4.87,13.18543,77.309081,Active
Mine_02819,Erode,Sandstone,60.9,9.35403,79.01396,Active
Mine_02820,Tiruppur,Sandstone,44.81,11.238854,78.593263,Active
Mine_02821,Perambalur,Salt,33.93,8.100745,77.127899,Active
Mine_02822,Kanyakumari,Iron Ore,27.93,11.087015,77.519901,Active
Mine_02823,Virudhunagar,Iron Ore,59.37,12.613846,77.650908,Closed
Mine_02824,Vellore,Iron Ore,121.61,13.272156,79.261741,Active
Mine_02825,Tiruppur,Salt,28.66,11.459828,77.884395,Closed
Mine_02826,Theni,Marble,22.75,11.704194,77.89892,Active
Mine_02827,Cuddalore,Salt,5.69,12.463573,79.032766,Active
Mine_02828,Erode,Marble,20.56,13.163729,78.732994,Active
Mine_02829,Tiruvannamalai,Sandstone,79.38,11.693232,79.791034,Active
Mine_02830,Tiruppur,Granite,56.36,12.009026,77.559435,Active
Mine_02831,Salem,Limestone,9.19,11.824312,79.334982,Active
Mine_02832,Madurai,Marble,24.11,12.363397,79.460605,Active
Mine_02833,Perambalur,Salt,112.02,11.189908,77.06861,Active
Mine_02834,Tuticorin,Granite,42.09,8.977891,76.230578,Active
Mine_02835,Salem,Salt,79.37,9.088853,80.143453,Active
Mine_02836,Madurai,Sand,11.93,11.109719,78.267846,Active
Mine_02837,Tiruvannamalai,Granite,7.52,13.414097,78.108461,Active
Mine_02838,Vellore,Salt,28.66,11.886782,76.867384,Active
Mine_02839,Karur,Silica Sand,71.37,8.460483,79.479124,Active
Mine_02840,Cuddalore,Marble,14.51,11.599164,78.19376,Active
Mine_02841,Madurai,Sandstone,117.9,8.226984,80.134838,Active
Mine_02842,Perambalur,Granite,19.37,10.595136,79.909828,Active
Mine_02843,Madurai,Iron Ore,1.0,8.872289,78.887589,Active
Mine_02844,Dharmapuri,Sandstone,25.28,11.644208,79.446812,Active
Mine_02845,Cuddalore,Sand,31.02,8.287682,79.342621,Active
Mine_02846,Ariyalur,Limestone,24.0,12.761007,76.678732,Active
Mine_02847,Krishnagiri,Silica Sand,3.86,9.318593,76.450081,Active
Mine_02848,Virudhunagar,Granite,6.07,13.198388,80.198923,Active
Mine_02849,Theni,Salt,10.18,9.530799,76.811324,Active
Mine_02850,Erode,Salt,85.8,11.147339,79.903529,Active
Mine_02851,Tiruppur,Salt,9.5,11.050805,76.566274,Closed
Mine_02852,Dharmapuri,Limestone,37.22,10.010408,76.34351,Active
Mine_02853,Tirunelveli,Iron Ore,32.75,11.682242,76.120119,Active
Mine_02854,Tirunelveli,Sand,7.12,12.46656,77.015788,Active
Mine_02855,Salem,Salt,34.99,8.808884,79.444445,Active
Mine_02856,Salem,Granite,1.0,9.191763,79.72234,Closed
Mine_02857,Tiruvannamalai,Limestone,15.36,8.96982,77.837849,Active
Mine_02858,Madurai,Marble,17.47,9.228233,78.889807,Active
Mine_02859,Dindigul,Iron Ore,49.76,12.083095,78.241542,Active
Mine_02860,Tuticorin,Silica Sand,17.99,11.580683,78.979957,Closed
Mine_02861,Tirunelveli,Salt,108.57,12.344899,76.515091,Active
Mine_02862,Tirunelveli,Granite,3.4,11.786317,77.020412,Closed
Mine_02863,Theni,Silica Sand,18.71,8.426736,78.684876,Active
Mine_02864,Dindigul,Granite,54.33,10.695234,77.936028,Active
Mine_02865,Coimbatore,Granite,137.54,11.747739,77.418444,Active
Mine_02866,Virudhunagar,Salt,14.19,8.874308,76.213075,Active
Mine_02867,Vellore,Iron Ore,61.69,8.930862,76.488499,Active
Mine_02868,Perambalur,Sand,104.35,8.466923,77.220491,Active
Mine_02869,Tiruvannamalai,Sand,32.8,8.914184,77.265189,Active
Mine_02870,Perambalur,Marble,9.44,8.482658,76.700767,Active
Mine_02871,Erode,Sand,1.88,9.118062,78.522049,Active
Mine_02872,Madurai,Silica Sand,61.48,12.903693,78.533191,Active
Mine_02873,Virudhunagar,Marble,3.73,8.052723,76.076921,Active
Mine_02874,Madurai,Sand,6.85,11.384293,80.477928,Active
Mine_02875,Namakkal,Iron Ore,5.1,13.1383,77.312898,Active
Mine_02876,Coimbatore,Sandstone,65.61,9.151597,77.317552,Active
Mine_02877,Vellore,Limestone,80.35,13.163858,80.467261,Active
Mine_02878,Perambalur,Limestone,1.96,8.811838,77.569879,Active
Mine_02879,Namakkal,Sand,38.67,13.045491,78.086793,Active
Mine_02880,Tiruppur,Salt,18.85,11.177119,77.973964,Active
Mine_02881,Tiruvannamalai,Sandstone,31.37,10.604969,80.295778,Closed
Mine_02882,Tuticorin,Sand,66.01,9.434571,79.596522,Active
Mine_02883,Tirunelveli,Marble,29.11,9.081775,79.410308,Active
Mine_02884,Tuticorin,Limestone,18.02,13.146641,78.545359,Active
Mine_02885,Vellore,Sand,42.41,12.610399,80.214146,Active
Mine_02886,Theni,Granite,38.35,9.286166,76.359618,Active
Mine_02887,Dindigul,Marble,17.99,12.13771,77.688294,Active
Mine_02888,Cuddalore,Granite,42.06,9.958765,80.336954,Active
Mine_02889,Salem,Sand,20.04,10.96806,76.392509,Active
Mine_02890,Krishnagiri,Sandstone,50.4,13.488366,77.568276,Active
Mine_02891,Vellore,Granite,15.77,12.32081,80.051692,Active
Mine_02892,Tuticorin,Sandstone,19.91,13.442515,78.154748,Active
Mine_02893,Karur,Granite,6.99,11.011186,77.568393,Active
Mine_02894,Kanyakumari,Limestone,200.77,11.842998,76.730264,Active
Mine_02895,Madurai,Limestone,72.85,8.119016,77.049163,Active
Mine_02896,Madurai,Granite,44.23,10.033277,76.959117,Active
Mine_02897,Namakkal,Limestone,1.0,11.005568,77.537661,Closed
Mine_02898,Erode,Sand,40.74,9.048938,80.107873,Active
Mine_02899,Cuddalore,Silica Sand,58.02,8.089907,77.943338,Active
Mine_02900,Theni,Sand,20.01,9.499674,76.015205,Active
Mine_02901,Tuticorin,Sandstone,20.1,11.103199,77.02459,Active
Mine_02902,Salem,Sand,26.83,11.54313,80.131863,Active
Mine_02903,Cuddalore,Silica Sand,104.7,10.191077,77.435929,Active
Mine_02904,Vellore,Granite,173.7,12.542249,77.191143,Active
Mine_02905,Tirunelveli,Silica Sand,60.99,8.811567,78.130992,Active
Mine_02906,Ariyalur,Salt,72.59,11.542829,77.78885,Active
Mine_02907,Namakkal,Sandstone,9.83,11.813494,79.182824,Closed
Mine_02908,Kanyakumari,Granite,42.63,9.272901,77.13285,Closed
Mine_02909,Ariyalur,Salt,6.48,12.542855,77.310863,Active
Mine_02910,Dindigul,Limestone,22.31,10.007779,79.609996,Closed
Mine_02911,Virudhunagar,Iron Ore,39.0,8.840889,79.801557,Active
Mine_02912,Dindigul,Sand,11.54,12.036345,77.280949,Closed
Mine_02913,Cuddalore,Iron Ore,5.3,8.274472,78.501421,Active
Mine_02914,Ariyalur,Salt,6.57,10.203241,78.172679,Active
Mine_02915,Erode,Salt,46.39,9.187265,79.192258,Active
Mine_02916,Tiruppur,Marble,37.81,8.37913,79.890146,Active
Mine_02917,Kanyakumari,Silica Sand,154.74,11.275264,79.261193,Active
Mine_02918,Karur,Salt,63.9,8.192494,79.15296,Active
Mine_02919,Tuticorin,Marble,34.74,11.814039,79.731974,Active
Mine_02920,Karur,Limestone,14.92,10.409673,77.615108,Active
Mine_02921,Dindigul,Salt,27.8,9.067891,78.1468,Closed
Mine_02922,Karur,Salt,45.52,11.013823,76.763011,Active
Mine_02923,Krishnagiri,Salt,13.91,12.554689,78.873363,Active
Mine_02924,Erode,Granite,72.42,8.301068,79.49222,Active
Mine_02925,Cuddalore,Marble,28.42,8.453519,79.311762,Active
Mine_02926,Virudhunagar,Granite,3.74,10.130929,76.425098,Active
Mine_02927,Salem,Salt,76.84,8.424994,77.544702,Active
Mine_02928,Namakkal,Iron Ore,8.46,11.039903,77.83346,Active
Mine_02929,Virudhunagar,Salt,14.47,11.415203,77.917253,Active
Mine_02930,Coimbatore,Sand,18.13,13.162302,78.982614,Active
Mine_02931,Ariyalur,Limestone,32.7,12.327357,79.901642,Active
Mine_02932,Tirunelveli,Granite,46.93,10.904186,77.298548,Active
Mine_02933,Tirunelveli,Marble,190.31,12.490036,79.185912,Active
Mine_02934,Erode,Silica Sand,5.59,12.386611,79.194222,Active
Mine_02935,Namakkal,Marble,3.66,11.607169,80.100603,Active
Mine_02936,Tiruvannamalai,Iron Ore,93.04,9.563892,78.942747,Active
Mine_02937,Cuddalore,Salt,21.5,9.649953,76.218401,Active
Mine_02938,Dharmapuri,Granite,41.27,9.340444,76.100552,Active
Mine_02939,Ariyalur,Limestone,14.66,8.560625,76.282247,Active
Mine_02940,Krishnagiri,Marble,100.4,12.932133,80.140004,Active
Mine_02941,Theni,Sandstone,9.91,12.389256,76.961708,Active
Mine_02942,Tuticorin,Limestone,15.53,8.847858,78.03928,Active
Mine_02943,Tirunelveli,Salt,8.72,8.918356,78.590097,Active
Mine_02944,Ariyalur,Iron Ore,63.32,12.13219,80.240175,Active
Mine_02945,Cuddalore,Granite,32.02,8.609087,77.29983,Active
Mine_02946,Salem,Salt,1.0,11.348412,76.29459,Active
Mine_02947,Tuticorin,Granite,38.2,10.339783,76.571593,Active
Mine_02948,Krishnagiri,Limestone,9.0,9.877201,80.349767,Active
Mine_02949,Dindigul,Salt,12.29,9.155291,79.527626,Active
Mine_02950,Virudhunagar,Granite,174.79,11.946105,78.95863,Active
Mine_02951,Cuddalore,Granite,157.41,10.959633,78.048325,Closed
Mine_02952,Perambalur,Limestone,30.32,9.504713,80.17055,Active
Mine_02953,Dharmapuri,Sandstone,25.8,11.950597,77.515969,Active
Mine_02954,Namakkal,Marble,18.3,12.848559,76.507203,Active
Mine_02955,Namakkal,Sandstone,78.95,9.394081,78.850437,Active
Mine_02956,Namakkal,Limestone,91.85,8.913354,78.984381,Active
Mine_02957,Erode,Sand,112.0,12.450852,79.692815,Active
Mine_02958,Namakkal,Sandstone,1.05,9.303728,79.483857,Active
Mine_02959,Tirunelveli,Iron Ore,11.61,10.174109,80.42423,Active
Mine_02960,Krishnagiri,Silica Sand,13.81,11.284842,79.227888,Active
Mine_02961,Kanyakumari,Marble,31.43,8.17708,78.785151,Active
Mine_02962,Dindigul,Iron Ore,20.62,11.579254,78.371438,Active
Mine_02963,Tiruvannamalai,Salt,14.39,9.526408,79.889924,Closed
Mine_02964,Kanyakumari,Salt,1.0,12.178414,79.426514,Active
Mine_02965,Kanyakumari,Sandstone,5.02,9.275917,80.066762,Closed
Mine_02966,Coimbatore,Iron Ore,42.4,9.600365,78.640387,Active
Mine_02967,Kanyakumari,Salt,31.82,8.065661,78.255448,Active
Mine_02968,Namakkal,Limestone,111.69,10.523155,80.222873,Active
Mine_02969,Krishnagiri,Silica Sand,35.57,11.023263,76.351469,Active
Mine_02970,Karur,Sand,77.2,8.001704,79.970265,Active
Mine_02971,Coimbatore,Limestone,107.06,11.771498,79.181652,Active
Mine_02972,Namakkal,Granite,30.86,12.713963,77.219264,Active
Mine_02973,Tiruppur,Granite,1.99,10.229383,76.827597,Active
Mine_02974,Tuticorin,Salt,25.77,11.301597,78.569399,Active
Mine_02975,Virudhunagar,Limestone,119.18,9.917747,76.808861,Active
Mine_02976,Vellore,Sand,25.51,12.285628,78.884371,Active
Mine_02977,Tiruppur,Iron Ore,1.55,10.51249,79.71634,Active
Mine_02978,Ariyalur,Iron Ore,6.65,13.421755,78.946041,Closed
Mine_02979,Madurai,Iron Ore,47.43,9.917945,79.978386,Active
Mine_02980,Coimbatore,Salt,90.68,10.466289,78.956068,Active
Mine_02981,Tiruvannamalai,Sandstone,3.49,12.242919,76.215174,Active
Mine_02982,Karur,Iron Ore,41.17,8.182581,80.485432,Closed
Mine_02983,Erode,Salt,11.66,10.155896,78.906704,Active
Mine_02984,Karur,Sand,16.69,9.408589,79.956316,Active
Mine_02985,Salem,Sand,109.39,11.799681,76.993152,Active
Mine_02986,Ariyalur,Iron Ore,47.65,9.346175,78.919817,Active
Mine_02987,Coimbatore,Limestone,7.85,11.847991,76.123168,Active
Mine_02988,Theni,Marble,86.82,9.290759,76.510572,Active
Mine_02989,Erode,Sandstone,50.26,10.050455,79.058541,Active
Mine_02990,Erode,Silica Sand,2.68,9.057604,76.308367,Closed
Mine_02991,Salem,Salt,34.19,8.460149,77.229906,Active
Mine_02992,Vellore,Sandstone,3.03,12.019193,77.345861,Active
Mine_02993,Krishnagiri,Sandstone,64.89,11.110425,80.057135,Active
Mine_02994,Virudhunagar,Sand,34.36,13.136414,77.453899,Active
Mine_02995,Karur,Iron Ore,1.33,9.532822,78.387277,Active
Mine_02996,Virudhunagar,Silica Sand,21.1,9.387604,77.803125,Active
Mine_02997,Salem,Iron Ore,14.26,13.474418,77.469236,Active
Mine_02998,Karur,Limestone,23.12,12.383846,76.421372,Active
Mine_02999,Vellore,Silica Sand,28.2,8.243703,76.213213,Closed
Mine_03000,Tuticorin,Silica Sand,42.15,10.941976,78.067059,Active
Mine_03001,Ariyalur,Limestone,1.0,8.40324,77.005171,Active
Mine_03002,Coimbatore,Iron Ore,15.08,8.992657,79.375378,Active
Mine_03003,Coimbatore,Sandstone,17.19,10.815053,80.202402,Active
Mine_03004,Perambalur,Iron Ore,77.08,11.233858,77.245917,Active
Mine_03005,Salem,Limestone,30.22,10.09808,76.620653,Active
Mine_03006,Dindigul,Limestone,39.32,10.695709,76.642727,Active
Mine_03007,Coimbatore,Salt,9.15,9.354461,80.198567,Active
Mine_03008,Tiruppur,Sandstone,4.43,12.599704,77.836869,Active
Mine_03009,Virudhunagar,Sand,69.08,12.282587,80.004989,Active
Mine_03010,Virudhunagar,Iron Ore,22.06,8.080457,79.956947,Active
Mine_03011,Dindigul,Iron Ore,18.36,8.215227,77.470955,Active
Mine_03012,Dindigul,Limestone,20.86,8.172698,77.669155,Active
Mine_03013,Tiruppur,Granite,84.02,10.398271,77.232091,Active
Mine_03014,Virudhunagar,Iron Ore,12.01,11.004364,77.068854,Active
Mine_03015,Cuddalore,Silica Sand,59.13,13.215345,76.521122,Active
Mine_03016,Krishnagiri,Marble,66.49,12.179333,78.179915,Active
Mine_03017,Erode,Marble,32.43,12.352378,78.582224,Active
Mine_03018,Theni,Sandstone,12.3,9.709356,78.699749,Active
Mine_03019,Salem,Salt,108.49,10.813333,79.153293,Active
Mine_03020,Tiruvannamalai,Salt,72.07,8.976909,76.716254,Active
Mine_03021,Cuddalore,Granite,89.18,11.540573,78.364702,Active
Mine_03022,Perambalur,Silica Sand,29.51,10.863299,76.331694,Active
Mine_03023,Erode,Silica Sand,111.09,8.041753,78.577018,Active
Mine_03024,Dharmapuri,Granite,94.15,8.024209,76.001486,Active
Mine_03025,Salem,Silica Sand,9.66,9.07178,76.36488,Active
Mine_03026,Madurai,Silica Sand,77.79,11.345735,79.03135,Active
Mine_03027,Tuticorin,Granite,174.7,12.356106,80.470154,Active
Mine_03028,Cuddalore,Sand,20.68,11.141913,76.034431,Active
Mine_03029,Dharmapuri,Limestone,42.28,8.899074,77.150795,Active
Mine_03030,Salem,Sand,22.4,12.791896,79.462597,Active
Mine_03031,Salem,Salt,19.59,9.703104,76.137968,Closed
Mine_03032,Namakkal,Granite,6.86,12.049678,76.167547,Active
Mine_03033,Tirunelveli,Iron Ore,11.8,12.008183,80.481387,Active
Mine_03034,Cuddalore,Granite,56.67,12.625652,79.428159,Active
Mine_03035,Dindigul,Limestone,18.02,8.702806,76.546492,Active
Mine_03036,Dindigul,Limestone,46.66,8.406939,76.914803,Active
Mine_03037,Theni,Silica Sand,9.78,8.467062,78.793199,Active
Mine_03038,Madurai,Marble,32.18,11.531736,77.865926,Active
Mine_03039,Dindigul,Marble,11.39,9.338951,80.458263,Active
Mine_03040,Kanyakumari,Sand,33.94,12.790579,78.904707,Active
Mine_03041,Dindigul,Sand,46.86,10.161155,79.958686,Active
Mine_03042,Namakkal,Granite,19.81,10.595659,79.837315,Active
Mine_03043,Theni,Sandstone,31.25,8.095151,79.503409,Active
Mine_03044,Ariyalur,Silica Sand,1.9,8.871978,77.790822,Active
Mine_03045,Dharmapuri,Marble,25.16,10.582551,77.7056,Active
Mine_03046,Virudhunagar,Sandstone,15.23,13.296724,79.645692,Active
Mine_03047,Cuddalore,Iron Ore,28.27,10.90477,79.999275,Active
Mine_03048,Krishnagiri,Sandstone,6.93,11.585519,77.307607,Active
Mine_03049,Virudhunagar,Sandstone,4.73,11.771983,77.377717,Active
Mine_03050,Dindigul,Salt,133.22,10.262868,77.563002,Active
Mine_03051,Dharmapuri,Limestone,5.71,12.67321,80.401155,Active
Mine_03052,Madurai,Silica Sand,6.81,9.024703,80.170674,Closed
Mine_03053,Theni,Marble,20.0,8.309485,77.947022,Active
Mine_03054,Dindigul,Salt,41.7,9.797511,76.726282,Active
Mine_03055,Dindigul,Iron Ore,25.87,13.432753,77.978278,Active
Mine_03056,Ariyalur,Salt,42.38,12.682845,80.24106,Active
Mine_03057,Karur,Marble,34.26,10.478949,78.537179,Active
Mine_03058,Karur,Marble,96.13,10.473139,77.261934,Active
Mine_03059,Karur,Marble,14.97,13.002462,79.019556,Active
Mine_03060,Dindigul,Iron Ore,12.82,13.444701,79.045009,Active
Mine_03061,Salem,Iron Ore,31.04,8.817789,77.5689,Active
Mine_03062,Madurai,Sandstone,12.52,8.666748,78.514745,Active
Mine_03063,Tirunelveli,Limestone,12.24,9.270297,77.796313,Active
Mine_03064,Karur,Sandstone,11.23,12.901142,76.494469,Active
Mine_03065,Dindigul,Sand,5.27,10.776899,80.28298,Active
Mine_03066,Tiruvannamalai,Sandstone,34.21,8.987466,77.946915,Active
Mine_03067,Virudhunagar,Granite,11.1,10.59334,80.221357,Closed
Mine_03068,Salem,Silica Sand,50.85,9.541459,79.215233,Active
Mine_03069,Tiruppur,Marble,107.61,10.487728,79.305013,Active
Mine_03070,Dindigul,Limestone,14.43,9.101982,78.441566,Active
Mine_03071,Tiruppur,Sand,46.91,8.25256,77.52435,Active
Mine_03072,Dindigul,Granite,2.12,13.479332,79.314507,Active
Mine_03073,Ariyalur,Salt,50.82,10.415557,79.540585,Active
Mine_03074,Tiruppur,Sand,8.29,12.302067,80.301153,Active
Mine_03075,Namakkal,Salt,69.79,9.905116,78.550686,Active
Mine_03076,Namakkal,Sandstone,54.26,8.455025,78.355175,Active
Mine_03077,Madurai,Salt,38.31,12.992016,79.219123,Active
Mine_03078,Tiruvannamalai,Silica Sand,41.63,13.460329,78.801659,Active
Mine_03079,Vellore,Iron Ore,15.45,9.076811,79.65873,Active
Mine_03080,Theni,Sandstone,4.09,9.394866,78.983605,Closed
Mine_03081,Karur,Limestone,48.36,10.133618,76.00079,Active
Mine_03082,Karur,Marble,10.08,8.621007,79.069903,Active
Mine_03083,Tiruvannamalai,Granite,98.38,8.199016,77.096475,Active
Mine_03084,Namakkal,Granite,36.11,12.861215,80.09805,Active
Mine_03085,Vellore,Marble,94.57,9.28992,76.889114,Active
Mine_03086,Vellore,Silica Sand,110.88,9.028144,78.866246,Active
Mine_03087,Krishnagiri,Marble,41.64,13.336616,77.551029,Closed
Mine_03088,Kanyakumari,Salt,19.35,8.007842,79.292974,Active
Mine_03089,Vellore,Sand,29.55,9.979854,76.072164,Active
Mine_03090,Dindigul,Sand,43.82,10.786293,80.007098,Active
Mine_03091,Theni,Salt,99.1,10.237413,77.213415,Active
Mine_03092,Cuddalore,Sand,1.35,9.972551,79.374444,Active
Mine_03093,Madurai,Limestone,82.25,10.165462,76.807726,Active
Mine_03094,Krishnagiri,Sandstone,19.02,13.198146,76.927316,Active
Mine_03095,Tiruvannamalai,Silica Sand,57.68,13.033277,77.070193,Active
Mine_03096,Erode,Limestone,29.9,10.839282,79.929217,Active
Mine_03097,Salem,Marble,44.62,9.898366,76.079155,Active
Mine_03098,Tirunelveli,Limestone,38.37,8.949222,77.858745,Active
Mine_03099,Tiruppur,Silica Sand,1.86,13.230325,78.618717,Closed
Mine_03100,Tiruppur,Silica Sand,24.19,12.836296,80.031705,Active
Mine_03101,Ariyalur,Sandstone,27.43,12.951524,77.450598,Active
Mine_03102,Virudhunagar,Limestone,60.32,11.101585,77.811048,Active
Mine_03103,Krishnagiri,Sand,52.16,9.897406,79.014771,Active
Mine_03104,Cuddalore,Granite,50.17,10.867671,79.074745,Active
Mine_03105,Dharmapuri,Granite,23.47,11.283282,77.308959,Active
Mine_03106,Tirunelveli,Limestone,12.04,9.653413,78.975194,Active
Mine_03107,Dindigul,Silica Sand,45.92,10.160442,77.776842,Active
Mine_03108,Tiruppur,Limestone,47.18,8.512538,80.220065,Active
Mine_03109,Cuddalore,Marble,21.01,12.656854,76.711276,Closed
Mine_03110,Tirunelveli,Salt,3.11,13.436886,79.036584,Active
Mine_03111,Dindigul,Marble,6.49,12.304646,78.646495,Active
Mine_03112,Theni,Silica Sand,83.1,11.196941,78.360448,Active
Mine_03113,Kanyakumari,Sand,20.45,8.455063,79.45825,Active
Mine_03114,Cuddalore,Limestone,74.14,11.180396,80.012497,Active
Mine_03115,Tirunelveli,Limestone,17.48,11.984871,77.354439,Closed
Mine_03116,Tiruppur,Limestone,53.54,8.825133,78.271609,Active
Mine_03117,Tiruppur,Iron Ore,38.44,13.235822,77.398169,Active
Mine_03118,Coimbatore,Limestone,16.51,8.674406,77.332527,Active
Mine_03119,Perambalur,Salt,50.06,11.366259,77.922315,Active
Mine_03120,Virudhunagar,Marble,35.87,9.929143,76.967034,Active
Mine_03121,Perambalur,Marble,23.22,11.438646,78.206847,Active
Mine_03122,Dharmapuri,Sand,26.22,13.085305,79.238603,Active
Mine_03123,Virudhunagar,Sand,15.46,9.510145,77.831212,Active
Mine_03124,Virudhunagar,Silica Sand,45.6,8.596647,80.325757,Active
Mine_03125,Vellore,Sandstone,66.03,12.595661,78.600582,Active
Mine_03126,Theni,Sand,38.0,12.475616,76.118281,Active
Mine_03127,Perambalur,Limestone,31.6,11.583118,78.325044,Active
Mine_03128,Dindigul,Granite,15.69,10.88063,76.513388,Active
Mine_03129,Dindigul,Sandstone,51.74,8.410373,77.81303,Closed
Mine_03130,Madurai,Silica Sand,8.59,12.774807,76.469508,Active
Mine_03131,Dindigul,Iron Ore,6.76,12.058925,80.139706,Active
Mine_03132,Dharmapuri,Silica Sand,15.7,9.005256,80.031401,Active
Mine_03133,Cuddalore,Granite,160.18,12.020289,79.827349,Active
Mine_03134,Tuticorin,Iron Ore,70.69,8.036258,77.004017,Active
Mine_03135,Coimbatore,Granite,25.12,10.39914,79.836354,Active
Mine_03136,Coimbatore,Sandstone,65.45,11.592219,77.965252,Active
Mine_03137,Kanyakumari,Iron Ore,7.95,11.448213,78.886151,Active
Mine_03138,Krishnagiri,Sand,9.17,9.281022,77.867705,Active
Mine_03139,Dindigul,Iron Ore,9.49,9.033321,78.120566,Active
Mine_03140,Cuddalore,Salt,10.57,8.261868,78.576545,Active
Mine_03141,Kanyakumari,Sandstone,47.81,11.705343,77.14668,Active
Mine_03142,Virudhunagar,Sand,93.45,10.65825,78.582754,Active
Mine_03143,Coimbatore,Silica Sand,12.68,8.800467,78.72756,Active
Mine_03144,Tirunelveli,Limestone,20.14,10.83127,79.72102,Active
Mine_03145,Erode,Marble,69.19,11.566332,77.304812,Active
Mine_03146,Dindigul,Granite,150.18,13.209141,77.613397,Active
Mine_03147,Tiruvannamalai,Sandstone,1.24,8.114223,77.77985,Active
Mine_03148,Salem,Salt,33.32,8.032634,76.969755,Active
Mine_03149,Dharmapuri,Sand,6.3,12.779759,78.894959,Active
Mine_03150,Madurai,Salt,39.51,12.954603,79.232621,Active
Mine_03151,Theni,Salt,48.47,12.318687,78.307211,Active
Mine_03152,Kanyakumari,Salt,125.52,12.139695,76.770137,Active
Mine_03153,Perambalur,Granite,166.58,11.953505,76.379758,Active
Mine_03154,Madurai,Iron Ore,31.47,10.702776,79.228916,Active
Mine_03155,Kanyakumari,Marble,7.71,12.304414,78.987145,Active
Mine_03156,Salem,Sand,3.33,12.683531,76.249963,Active
Mine_03157,Karur,Iron Ore,53.79,8.419384,80.143442,Active
Mine_03158,Theni,Limestone,26.25,12.077672,77.477608,Active
Mine_03159,Theni,Limestone,124.63,13.09888,77.181016,Closed
Mine_03160,Cuddalore,Iron Ore,23.29,9.727921,77.683958,Active
Mine_03161,Tiruvannamalai,Silica Sand,1.96,12.341606,78.398855,Active
Mine_03162,Tiruppur,Sandstone,15.44,10.534115,77.032303,Closed
Mine_03163,Tiruppur,Sandstone,8.96,12.36325,77.931477,Active
Mine_03164,Madurai,Sandstone,95.91,9.200359,78.35969,Active
Mine_03165,Kanyakumari,Limestone,63.32,9.006354,79.636534,Active
Mine_03166,Madurai,Iron Ore,25.65,11.750478,78.852338,Active
Mine_03167,Tiruvannamalai,Limestone,29.3,10.78227,76.280128,Active
Mine_03168,Ariyalur,Salt,30.06,12.419622,76.96954,Active
Mine_03169,Virudhunagar,Limestone,34.48,10.028405,76.922866,Active
Mine_03170,Madurai,Iron Ore,140.99,13.383114,76.586002,Active
Mine_03171,Namakkal,Limestone,132.62,10.20171,77.637109,Active
Mine_03172,Coimbatore,Sand,18.06,9.602191,78.706906,Active
Mine_03173,Karur,Silica Sand,124.46,11.209867,76.191659,Active
Mine_03174,Dindigul,Limestone,6.37,8.788802,76.75485,Active
Mine_03175,Erode,Granite,35.15,8.366661,78.931566,Active
Mine_03176,Tuticorin,Marble,71.54,9.882245,76.78323,Active
Mine_03177,Ariyalur,Limestone,29.18,12.575517,79.406644,Closed
Mine_03178,Theni,Granite,20.88,10.918458,78.282786,Active
Mine_03179,Dharmapuri,Silica Sand,4.2,12.337902,79.081839,Active
Mine_03180,Salem,Salt,3.26,8.668904,79.479938,Active
Mine_03181,Tirunelveli,Marble,13.23,12.943835,79.480781,Closed
Mine_03182,Cuddalore,Marble,36.22,8.51474,76.910263,Active
Mine_03183,Karur,Limestone,1.0,12.967145,76.318616,Active
Mine_03184,Tirunelveli,Silica Sand,58.61,8.777232,79.981406,Active
Mine_03185,Coimbatore,Silica Sand,13.72,10.498739,79.124111,Closed
Mine_03186,Salem,Granite,46.53,8.188997,79.721544,Closed
Mine_03187,Dindigul,Silica Sand,14.96,9.477048,77.941326,Active
Mine_03188,Coimbatore,Salt,14.1,9.175466,79.001029,Active
Mine_03189,Perambalur,Salt,65.84,11.084915,80.212862,Active
Mine_03190,Tirunelveli,Salt,111.49,13.432437,79.434339,Active
Mine_03191,Madurai,Granite,22.3,13.349905,78.520866,Active
Mine_03192,Perambalur,Marble,63.69,12.683419,78.80428,Active
Mine_03193,Coimbatore,Marble,35.13,11.33589,78.786671,Active
Mine_03194,Virudhunagar,Sandstone,35.28,9.558303,80.401689,Active
Mine_03195,Coimbatore,Silica Sand,83.94,8.44035,79.693096,Active
Mine_03196,Theni,Marble,113.68,9.098128,76.183149,Active
Mine_03197,Madurai,Silica Sand,16.11,13.267111,79.701627,Active
Mine_03198,Kanyakumari,Iron Ore,53.02,11.998569,77.912807,Active
Mine_03199,Theni,Salt,12.44,8.347734,79.579529,Active
Mine_03200,Salem,Iron Ore,7.16,8.220813,76.750355,Active
Mine_03201,Karur,Silica Sand,23.73,11.435496,76.626197,Active
Mine_03202,Vellore,Silica Sand,26.09,9.025293,76.540862,Active
Mine_03203,Kanyakumari,Sand,3.28,9.919603,80.312285,Closed
Mine_03204,Perambalur,Marble,143.34,13.38023,78.120505,Active
Mine_03205,Theni,Iron Ore,88.15,13.014257,78.735458,Active
Mine_03206,Tirunelveli,Sand,10.11,9.703186,79.15281,Active
Mine_03207,Theni,Salt,140.82,8.3343,76.486552,Active
Mine_03208,Salem,Salt,1.63,12.542205,78.226256,Active
Mine_03209,Tuticorin,Iron Ore,79.05,9.082031,76.72188,Active
Mine_03210,Salem,Granite,66.63,9.820383,76.780579,Active
Mine_03211,Virudhunagar,Limestone,11.3,12.825041,76.467511,Active
Mine_03212,Perambalur,Sandstone,74.74,11.581762,80.309851,Active
Mine_03213,Kanyakumari,Marble,33.02,10.958056,78.659608,Active
Mine_03214,Krishnagiri,Silica Sand,1.43,11.651046,78.354661,Active
Mine_03215,Salem,Granite,67.6,10.340203,76.435143,Active
Mine_03216,Perambalur,Marble,39.71,11.689385,77.630855,Active
Mine_03217,Vellore,Salt,19.59,11.613505,79.407057,Active
Mine_03218,Tiruppur,Silica Sand,15.26,12.695697,79.611837,Active
Mine_03219,Tiruvannamalai,Sand,29.05,10.446561,77.524968,Active
Mine_03220,Madurai,Sandstone,71.52,8.578702,76.634612,Active
Mine_03221,Madurai,Sandstone,28.52,10.877358,76.968709,Active
Mine_03222,Vellore,Salt,33.83,13.028036,78.367823,Active
Mine_03223,Theni,Limestone,3.83,9.120866,76.139989,Active
Mine_03224,Salem,Sandstone,108.09,11.958688,76.348353,Active
Mine_03225,Theni,Granite,1.0,13.084358,76.047551,Active
Mine_03226,Theni,Iron Ore,10.85,9.397985,76.001904,Closed
Mine_03227,Tiruppur,Sand,15.52,11.136365,77.064949,Active
Mine_03228,Tiruvannamalai,Marble,53.77,13.039029,78.059713,Active
Mine_03229,Karur,Limestone,93.93,11.127323,79.511522,Active
Mine_03230,Vellore,Silica Sand,68.97,8.244854,80.302746,Active
Mine_03231,Namakkal,Marble,30.36,12.406678,78.136398,Active
Mine_03232,Karur,Sandstone,39.91,8.75917,76.173985,Active
Mine_03233,Virudhunagar,Sand,11.69,11.383464,78.051502,Active
Mine_03234,Kanyakumari,Iron Ore,3.8,9.941946,76.027823,Active
Mine_03235,Madurai,Limestone,42.1,10.190954,76.375612,Closed
Mine_03236,Dharmapuri,Iron Ore,29.98,8.934012,79.601845,Active
Mine_03237,Cuddalore,Limestone,15.55,9.819065,78.535982,Active
Mine_03238,Kanyakumari,Sand,2.53,10.059305,76.932907,Active
Mine_03239,Tiruvannamalai,Granite,2.09,9.611437,76.225972,Active
Mine_03240,Cuddalore,Iron Ore,23.21,13.125358,76.653453,Active
Mine_03241,Dharmapuri,Granite,1.48,13.240361,78.569917,Active
Mine_03242,Tiruppur,Sand,50.19,10.015845,77.024922,Active
Mine_03243,Tirunelveli,Marble,13.95,11.017511,78.853166,Active
Mine_03244,Namakkal,Limestone,91.42,13.340412,79.003426,Closed
Mine_03245,Dharmapuri,Iron Ore,31.57,10.383336,80.333411,Active
Mine_03246,Perambalur,Silica Sand,43.84,12.452132,78.817967,Active
Mine_03247,Namakkal,Limestone,26.12,9.083693,79.061109,Active
Mine_03248,Tirunelveli,Silica Sand,14.61,9.081476,77.20666,Closed
Mine_03249,Namakkal,Iron Ore,2.87,8.289702,77.318098,Active
Mine_03250,Tiruvannamalai,Limestone,20.75,9.562158,76.11725,Active
Mine_03251,Erode,Limestone,7.11,11.01011,78.838391,Active
Mine_03252,Perambalur,Granite,25.25,12.072851,79.74627,Active
Mine_03253,Virudhunagar,Silica Sand,38.92,8.441777,79.1258,Active
Mine_03254,Dharmapuri,Limestone,79.23,11.377046,77.596262,Active
Mine_03255,Theni,Granite,73.61,8.936824,78.528346,Active
Mine_03256,Dindigul,Sand,36.98,12.967339,77.79045,Closed
Mine_03257,Ariyalur,Salt,48.55,8.511211,76.07236,Active
Mine_03258,Virudhunagar,Sand,51.66,11.063538,78.366779,Active
Mine_03259,Virudhunagar,Silica Sand,10.22,10.781959,78.727402,Active
Mine_03260,Namakkal,Sand,68.57,13.31031,76.812897,Active
Mine_03261,Cuddalore,Silica Sand,28.28,12.030071,76.891347,Active
Mine_03262,Karur,Salt,19.28,10.651522,79.762607,Active
Mine_03263,Vellore,Marble,42.77,12.419866,78.871628,Active
Mine_03264,Perambalur,Granite,181.56,9.080807,78.640281,Active
Mine_03265,Tiruppur,Sand,18.63,8.441257,77.627492,Active
Mine_03266,Tirunelveli,Sand,10.02,10.088097,77.621793,Active
Mine_03267,Theni,Silica Sand,15.67,10.76044,78.807582,Active
Mine_03268,Perambalur,Salt,14.17,11.38398,77.077785,Closed
Mine_03269,Erode,Salt,32.68,9.457565,76.16555,Active
Mine_03270,Dindigul,Granite,18.36,10.624477,77.94616,Active
Mine_03271,Theni,Marble,2.46,8.931695,79.581247,Active
Mine_03272,Madurai,Silica Sand,35.09,11.274975,79.497188,Active
Mine_03273,Perambalur,Limestone,51.68,10.742435,78.73821,Active
Mine_03274,Namakkal,Silica Sand,19.45,8.019519,78.760418,Active
Mine_03275,Salem,Salt,115.83,11.654623,78.169067,Active
Mine_03276,Madurai,Limestone,8.45,9.916325,79.230687,Active
Mine_03277,Theni,Sand,1.0,9.449159,76.899371,Closed
Mine_03278,Tuticorin,Granite,47.42,9.178803,79.093194,Active
Mine_03279,Tiruvannamalai,Silica Sand,23.04,11.123563,78.219815,Active
Mine_03280,Dindigul,Silica Sand,31.12,10.476537,78.074592,Active
Mine_03281,Virudhunagar,Salt,68.29,11.462635,79.224191,Active
Mine_03282,Tiruvannamalai,Silica Sand,26.63,9.747612,76.628996,Active
Mine_03283,Dharmapuri,Marble,7.06,8.165791,79.29689,Active
Mine_03284,Krishnagiri,Marble,69.2,8.630616,79.760173,Active
Mine_03285,Erode,Limestone,5.01,8.50321,77.509815,Active
Mine_03286,Cuddalore,Granite,17.24,12.245484,78.801175,Active
Mine_03287,Salem,Sand,10.72,12.14492,79.894184,Active
Mine_03288,Vellore,Marble,26.65,8.777475,77.966901,Active
Mine_03289,Ariyalur,Salt,36.16,13.371634,78.021331,Active
Mine_03290,Salem,Salt,27.59,8.355873,76.649338,Active
Mine_03291,Theni,Limestone,30.05,10.083853,77.745174,Active
Mine_03292,Karur,Marble,30.24,10.182081,78.407631,Closed
Mine_03293,Tuticorin,Marble,7.87,9.625539,80.391052,Closed
Mine_03294,Krishnagiri,Silica Sand,6.39,8.144863,80.454654,Active
Mine_03295,Salem,Iron Ore,219.74,11.299127,76.149383,Closed
Mine_03296,Madurai,Marble,20.85,11.333975,77.974815,Active
Mine_03297,Coimbatore,Salt,26.12,10.647872,77.433946,Active
Mine_03298,Kanyakumari,Salt,15.5,10.327451,80.421204,Active
Mine_03299,Tiruppur,Granite,63.59,10.984597,80.215177,Active
Mine_03300,Tuticorin,Silica Sand,27.87,9.97767,76.626891,Active
Mine_03301,Kanyakumari,Marble,18.97,13.287139,77.465418,Active
Mine_03302,Tuticorin,Sand,4.34,9.719134,79.985132,Active
Mine_03303,Madurai,Granite,9.05,9.711934,78.65575,Active
Mine_03304,Tirunelveli,Iron Ore,48.16,8.817764,79.905246,Active
Mine_03305,Dharmapuri,Limestone,29.87,12.677786,80.192234,Active
Mine_03306,Tiruppur,Limestone,101.98,8.299128,77.195981,Active
Mine_03307,Cuddalore,Sand,37.13,10.636954,80.204691,Active
Mine_03308,Coimbatore,Limestone,66.88,9.004922,78.672443,Active
Mine_03309,Tirunelveli,Marble,3.74,8.561898,80.060267,Active
Mine_03310,Kanyakumari,Sandstone,44.32,13.176719,79.327013,Active
Mine_03311,Virudhunagar,Iron Ore,26.04,11.086631,78.682443,Closed
Mine_03312,Tiruppur,Limestone,62.82,9.046214,79.291692,Active
Mine_03313,Erode,Granite,20.05,10.574978,80.078196,Active
Mine_03314,Kanyakumari,Marble,5.96,12.675462,80.267637,Active
Mine_03315,Karur,Sandstone,60.4,11.09143,80.470676,Active
Mine_03316,Virudhunagar,Silica Sand,62.92,10.717552,79.856427,Active
Mine_03317,Tiruvannamalai,Sandstone,4.56,10.163775,79.302714,Active
Mine_03318,Dindigul,Sandstone,17.55,8.846785,79.108253,Active
Mine_03319,Namakkal,Marble,38.4,11.044195,76.398051,Active
Mine_03320,Vellore,Marble,43.33,12.943461,79.527824,Active
Mine_03321,Erode,Marble,183.95,11.197055,76.489967,Closed
Mine_03322,Dharmapuri,Limestone,1.12,8.312881,76.30221,Active
Mine_03323,Tirunelveli,Salt,74.11,12.692069,79.297537,Active
Mine_03324,Tiruvannamalai,Sandstone,7.13,13.123801,80.262414,Active
Mine_03325,Kanyakumari,Sandstone,78.13,10.73701,78.677186,Active
Mine_03326,Krishnagiri,Marble,18.04,12.486314,79.662797,Active
Mine_03327,Dharmapuri,Granite,6.34,12.318039,77.103067,Active
Mine_03328,Krishnagiri,Sand,34.69,11.479187,77.656736,Closed
Mine_03329,Dharmapuri,Granite,1.0,11.347199,79.737068,Active
Mine_03330,Cuddalore,Silica Sand,37.55,12.498886,77.123292,Active
Mine_03331,Cuddalore,Limestone,8.95,9.450814,79.152695,Closed
Mine_03332,Theni,Silica Sand,23.54,8.929507,78.074544,Active
Mine_03333,Karur,Sandstone,5.58,10.487035,76.408491,Active
Mine_03334,Dindigul,Marble,9.18,11.163354,76.670422,Active
Mine_03335,Tuticorin,Sandstone,6.2,8.252793,79.947219,Active
Mine_03336,Kanyakumari,Silica Sand,14.4,9.313061,78.555507,Closed
Mine_03337,Erode,Granite,49.43,8.337736,80.135206,Active
Mine_03338,Theni,Silica Sand,27.0,10.464501,80.379882,Closed
Mine_03339,Krishnagiri,Limestone,5.44,10.783935,78.381234,Active
Mine_03340,Virudhunagar,Granite,1.0,11.91175,79.205774,Active
Mine_03341,Krishnagiri,Marble,33.61,11.753477,76.38429,Active
Mine_03342,Cuddalore,Iron Ore,28.29,12.25328,79.175407,Active
Mine_03343,Tirunelveli,Limestone,119.92,11.844183,78.293208,Closed
Mine_03344,Ariyalur,Marble,2.47,8.097432,79.951525,Active
Mine_03345,Cuddalore,Marble,266.54,13.241786,78.94799,Active
Mine_03346,Ariyalur,Marble,6.87,10.191482,80.241916,Active
Mine_03347,Ariyalur,Iron Ore,1.0,12.839921,76.453622,Active
Mine_03348,Tirunelveli,Sand,80.09,10.949923,77.300724,Active
Mine_03349,Vellore,Marble,15.82,9.336003,78.739902,Active
Mine_03350,Kanyakumari,Granite,22.9,8.725531,77.531297,Active
Mine_03351,Cuddalore,Salt,7.74,8.872865,77.855504,Active
Mine_03352,Krishnagiri,Iron Ore,20.53,9.886631,78.290987,Active
Mine_03353,Ariyalur,Silica Sand,14.47,10.259961,76.103903,Active
Mine_03354,Cuddalore,Silica Sand,17.52,8.253182,80.44049,Active
Mine_03355,Coimbatore,Salt,31.27,13.457318,79.852646,Active
Mine_03356,Tuticorin,Silica Sand,26.43,10.225293,77.670189,Active
Mine_03357,Virudhunagar,Granite,57.65,12.070291,79.736466,Active
Mine_03358,Vellore,Limestone,60.58,10.708173,80.281884,Active
Mine_03359,Perambalur,Sand,11.96,8.564979,77.97597,Closed
Mine_03360,Dindigul,Sand,32.46,12.443413,77.156882,Active
Mine_03361,Dharmapuri,Limestone,30.18,11.668055,77.576902,Active
Mine_03362,Dharmapuri,Limestone,69.6,11.988244,79.837624,Active
Mine_03363,Madurai,Marble,26.73,12.687808,76.88923,Active
Mine_03364,Vellore,Silica Sand,7.7,8.919786,78.637027,Active
Mine_03365,Salem,Iron Ore,142.28,13.188851,77.196921,Active
Mine_03366,Tuticorin,Limestone,24.55,9.145637,79.181486,Closed
Mine_03367,Krishnagiri,Limestone,84.56,8.893635,76.289768,Active
Mine_03368,Tiruvannamalai,Iron Ore,5.25,10.593771,78.823017,Active
Mine_03369,Vellore,Granite,68.01,9.291984,79.045449,Active
Mine_03370,Erode,Sand,50.11,9.197694,76.794805,Active
Mine_03371,Salem,Marble,10.66,9.010138,76.044791,Active
Mine_03372,Tuticorin,Salt,9.1,11.056152,76.985078,Active
Mine_03373,Kanyakumari,Sandstone,19.84,11.151463,80.485714,Active
Mine_03374,Dharmapuri,Sandstone,2.08,11.355437,78.818152,Active
Mine_03375,Coimbatore,Salt,10.34,10.576839,79.640434,Active
Mine_03376,Vellore,Salt,32.08,11.852626,77.830341,Closed
Mine_03377,Tiruppur,Limestone,7.28,9.608049,76.684269,Closed
Mine_03378,Namakkal,Iron Ore,3.41,9.641718,78.313847,Active
Mine_03379,Tiruvannamalai,Marble,126.32,13.240782,77.257103,Active
Mine_03380,Cuddalore,Iron Ore,10.84,9.441944,78.210189,Active
Mine_03381,Tiruvannamalai,Salt,65.91,10.648046,78.946816,Active
Mine_03382,Madurai,Limestone,15.31,10.895275,79.513716,Active
Mine_03383,Karur,Marble,11.87,10.921339,80.238115,Active
Mine_03384,Tirunelveli,Limestone,19.97,11.483432,80.022505,Closed
Mine_03385,Namakkal,Silica Sand,50.39,12.851593,76.39681,Active
Mine_03386,Virudhunagar,Silica Sand,124.95,8.662093,76.535985,Closed
Mine_03387,Perambalur,Sandstone,101.43,8.585003,76.949287,Active
Mine_03388,Karur,Limestone,12.55,12.851299,76.24731,Active
Mine_03389,Karur,Iron Ore,43.01,10.022292,79.518974,Active
Mine_03390,Erode,Sand,26.89,8.736301,79.688823,Active
Mine_03391,Salem,Iron Ore,2.4,11.712802,79.450467,Active
Mine_03392,Tiruppur,Salt,4.42,11.81398,76.817864,Active
Mine_03393,Madurai,Silica Sand,88.08,11.941904,79.625081,Active
Mine_03394,Virudhunagar,Iron Ore,134.27,11.306588,79.659639,Active
Mine_03395,Vellore,Salt,48.64,9.761423,80.159222,Active
Mine_03396,Salem,Iron Ore,11.28,8.050018,77.952136,Closed
Mine_03397,Coimbatore,Salt,63.74,12.633369,77.805535,Active
Mine_03398,Dindigul,Iron Ore,6.45,11.846684,77.650224,Active
Mine_03399,Kanyakumari,Sand,45.85,12.133369,76.815004,Active
Mine_03400,Erode,Salt,5.82,10.716554,76.686887,Active
Mine_03401,Madurai,Sandstone,1.34,9.628959,79.919143,Active
Mine_03402,Madurai,Iron Ore,52.05,11.420208,79.422395,Active
Mine_03403,Ariyalur,Sandstone,68.94,11.551299,77.810883,Active
Mine_03404,Namakkal,Granite,16.29,13.321796,77.605405,Closed
Mine_03405,Karur,Limestone,27.3,11.462054,78.271952,Active
Mine_03406,Kanyakumari,Marble,14.88,13.428987,77.330055,Active
Mine_03407,Madurai,Marble,4.04,9.361896,77.227728,Active
Mine_03408,Tiruvannamalai,Iron Ore,107.34,12.592473,78.603693,Active
Mine_03409,Madurai,Iron Ore,43.9,9.456255,77.836563,Active
Mine_03410,Madurai,Marble,26.38,12.728498,78.215655,Active
Mine_03411,Tuticorin,Limestone,63.26,9.973831,80.304644,Active
Mine_03412,Tiruvannamalai,Silica Sand,3.55,9.832507,80.253119,Closed
Mine_03413,Tiruppur,Silica Sand,34.0,10.642187,76.479233,Closed
Mine_03414,Ariyalur,Sand,2.43,9.15178,78.507749,Active
Mine_03415,Dindigul,Sandstone,89.03,12.780506,80.490592,Active
Mine_03416,Theni,Sandstone,63.19,9.961152,79.452331,Active
Mine_03417,Krishnagiri,Sandstone,21.57,11.939979,80.053576,Active
Mine_03418,Ariyalur,Limestone,100.68,13.204281,78.178626,Active
Mine_03419,Coimbatore,Limestone,27.63,13.139921,76.674143,Active
Mine_03420,Dharmapuri,Salt,10.97,10.048347,76.499709,Active
Mine_03421,Kanyakumari,Sandstone,5.47,9.940433,78.461676,Active
Mine_03422,Kanyakumari,Granite,120.51,9.514566,76.072831,Active
Mine_03423,Ariyalur,Iron Ore,30.74,12.939373,79.647621,Active
Mine_03424,Tiruvannamalai,Limestone,55.53,9.062601,76.14219,Active
Mine_03425,Salem,Iron Ore,97.95,10.533852,79.630518,Active
Mine_03426,Perambalur,Silica Sand,69.65,8.431851,78.621708,Active
Mine_03427,Karur,Marble,18.19,8.999038,79.089969,Active
Mine_03428,Erode,Sandstone,51.45,10.723008,77.9437,Active
Mine_03429,Tirunelveli,Silica Sand,18.28,12.118253,79.934224,Active
Mine_03430,Theni,Salt,90.5,9.878532,77.391884,Active
Mine_03431,Vellore,Sandstone,2.18,10.054898,79.246595,Active
Mine_03432,Kanyakumari,Marble,43.17,12.035548,80.037087,Active
Mine_03433,Cuddalore,Sand,4.46,8.284906,79.957359,Closed
Mine_03434,Virudhunagar,Marble,55.83,12.07792,76.180273,Active
Mine_03435,Tuticorin,Limestone,132.72,13.316424,77.700097,Active
Mine_03436,Dharmapuri,Salt,2.75,10.380289,79.104469,Active
Mine_03437,Cuddalore,Limestone,18.95,11.631034,77.484685,Active
Mine_03438,Erode,Marble,1.55,9.146674,77.287395,Active
Mine_03439,Kanyakumari,Sandstone,56.36,8.903521,80.11265,Active
Mine_03440,Krishnagiri,Granite,34.2,11.083536,79.459282,Active
Mine_03441,Virudhunagar,Iron Ore,23.85,12.898522,78.801603,Active
Mine_03442,Cuddalore,Sandstone,8.55,12.504299,77.633965,Active
Mine_03443,Dharmapuri,Marble,9.66,10.856963,79.007302,Active
Mine_03444,Erode,Silica Sand,7.31,8.107819,77.026395,Active
Mine_03445,Perambalur,Marble,6.3,11.189426,77.72677,Active
Mine_03446,Theni,Sandstone,9.4,11.740975,77.639963,Active
Mine_03447,Tiruvannamalai,Sandstone,35.67,12.075972,77.436128,Active
Mine_03448,Vellore,Iron Ore,14.25,8.914995,76.664756,Active
Mine_03449,Karur,Sand,4.08,9.597768,78.96867,Active
Mine_03450,Namakkal,Salt,5.11,9.163884,76.774848,Active
Mine_03451,Vellore,Sand,24.9,12.570794,76.445009,Active
Mine_03452,Theni,Salt,14.6,10.246303,77.357216,Active
Mine_03453,Tiruvannamalai,Silica Sand,32.95,8.691883,80.274893,Active
Mine_03454,Dindigul,Salt,7.57,10.818413,79.477966,Active
Mine_03455,Dharmapuri,Iron Ore,31.55,11.803784,77.099645,Active
Mine_03456,Salem,Sand,5.9,10.81066,76.255789,Closed
Mine_03457,Salem,Silica Sand,20.7,12.514575,78.597087,Active
Mine_03458,Madurai,Marble,32.24,8.730382,77.542303,Active
Mine_03459,Ariyalur,Sandstone,3.41,11.677342,76.063366,Closed
Mine_03460,Namakkal,Granite,8.31,8.939026,79.916474,Active
Mine_03461,Virudhunagar,Sand,28.05,12.000444,78.156591,Active
Mine_03462,Salem,Sand,15.7,8.600964,77.876449,Active
Mine_03463,Theni,Salt,42.01,12.172385,77.452313,Active
Mine_03464,Cuddalore,Iron Ore,60.52,9.314698,77.15636,Active
Mine_03465,Tirunelveli,Silica Sand,3.56,9.725718,78.960313,Active
Mine_03466,Theni,Iron Ore,22.63,10.136243,80.319932,Active
Mine_03467,Perambalur,Limestone,31.41,11.371422,78.106828,Active
Mine_03468,Coimbatore,Iron Ore,5.09,8.166524,77.352537,Closed
Mine_03469,Madurai,Marble,22.92,9.409395,76.266728,Active
Mine_03470,Perambalur,Sandstone,46.47,11.552846,80.263052,Active
Mine_03471,Virudhunagar,Silica Sand,26.28,11.688827,78.229533,Active
Mine_03472,Coimbatore,Granite,1.62,8.625108,79.39073,Active
Mine_03473,Tuticorin,Granite,34.58,11.496564,76.608848,Active
Mine_03474,Theni,Granite,107.12,9.205599,79.299673,Active
Mine_03475,Madurai,Sandstone,29.11,8.547097,78.96578,Active
Mine_03476,Vellore,Sandstone,27.67,9.715992,80.146871,Active
Mine_03477,Kanyakumari,Salt,1.65,9.425755,77.391104,Active
Mine_03478,Tiruppur,Limestone,18.77,11.597646,76.736046,Active
Mine_03479,Coimbatore,Marble,33.2,11.570024,77.38259,Active
Mine_03480,Madurai,Marble,77.79,11.258417,76.376324,Active
Mine_03481,Vellore,Marble,96.12,9.195033,79.739531,Active
Mine_03482,Cuddalore,Salt,33.88,8.468419,78.688295,Closed
Mine_03483,Theni,Sand,96.08,10.388429,76.424738,Closed
Mine_03484,Coimbatore,Granite,63.38,8.900297,78.427818,Active
Mine_03485,Erode,Sand,18.46,11.337112,78.037378,Active
Mine_03486,Ariyalur,Sand,44.8,13.035456,77.457676,Active
Mine_03487,Tirunelveli,Iron Ore,15.24,12.930795,76.144168,Active
Mine_03488,Cuddalore,Marble,63.73,12.133505,76.357613,Active
Mine_03489,Dharmapuri,Sand,119.13,9.810038,79.122726,Active
Mine_03490,Tiruppur,Marble,133.94,9.45746,77.420261,Active
Mine_03491,Erode,Granite,18.66,9.334819,78.328595,Active
Mine_03492,Madurai,Sandstone,22.72,12.97943,78.592834,Active
Mine_03493,Cuddalore,Iron Ore,37.43,11.167508,77.785832,Active
Mine_03494,Madurai,Sandstone,55.39,10.955401,78.079269,Active
Mine_03495,Erode,Sandstone,59.48,10.495619,79.970213,Active
Mine_03496,Erode,Sandstone,9.09,10.892764,76.292677,Active
Mine_03497,Ariyalur,Silica Sand,137.26,10.341094,76.901008,Active
Mine_03498,Vellore,Sandstone,39.51,12.234219,78.466972,Active
Mine_03499,Tuticorin,Silica Sand,21.16,11.001774,78.078914,Active
Mine_03500,Erode,Iron Ore,22.23,13.496441,77.961227,Active
Mine_03501,Ariyalur,Marble,54.28,12.663658,78.070465,Active
Mine_03502,Tiruppur,Granite,93.1,9.258721,76.85936,Active
Mine_03503,Dharmapuri,Silica Sand,156.1,8.797456,77.820324,Active
Mine_03504,Tiruppur,Salt,6.99,12.91956,77.318076,Active
Mine_03505,Tuticorin,Limestone,132.04,10.741791,78.77126,Active
Mine_03506,Salem,Marble,24.9,10.407088,79.849604,Active
Mine_03507,Tirunelveli,Limestone,76.44,10.785014,78.205913,Active
Mine_03508,Dharmapuri,Granite,4.71,11.246184,79.067567,Closed
Mine_03509,Theni,Sandstone,53.96,12.207166,78.279562,Active
Mine_03510,Kanyakumari,Iron Ore,17.88,10.201895,79.999405,Active
Mine_03511,Madurai,Granite,39.42,11.264623,76.139414,Active
Mine_03512,Karur,Iron Ore,5.81,9.731405,77.440419,Active
Mine_03513,Salem,Granite,70.66,12.18554,76.838381,Active
Mine_03514,Tiruppur,Salt,55.15,9.039107,76.709156,Active
Mine_03515,Theni,Sand,63.13,12.058582,80.164532,Active
Mine_03516,Theni,Limestone,13.1,9.837434,78.460609,Active
Mine_03517,Tuticorin,Silica Sand,15.73,11.479933,79.753031,Active
Mine_03518,Perambalur,Sand,30.26,13.076103,76.934785,Closed
Mine_03519,Tirunelveli,Sandstone,59.53,11.332499,78.22532,Active
Mine_03520,Dindigul,Silica Sand,37.47,11.432156,77.975926,Active
Mine_03521,Perambalur,Granite,52.77,8.60831,76.954585,Closed
Mine_03522,Cuddalore,Silica Sand,98.63,9.671238,79.338401,Active
Mine_03523,Tuticorin,Salt,32.01,11.450783,78.165093,Active
Mine_03524,Tuticorin,Sand,76.05,12.41883,78.196376,Active
Mine_03525,Dindigul,Limestone,26.95,9.355043,78.283046,Active
Mine_03526,Perambalur,Sand,16.37,9.433623,80.304289,Active
Mine_03527,Dharmapuri,Sand,38.74,8.143366,77.820663,Active
Mine_03528,Namakkal,Salt,74.04,10.886147,76.161926,Active
Mine_03529,Madurai,Granite,37.79,13.487358,80.388366,Active
Mine_03530,Namakkal,Silica Sand,189.62,10.50513,79.833263,Active
Mine_03531,Coimbatore,Iron Ore,135.27,13.208673,79.076807,Active
Mine_03532,Virudhunagar,Sandstone,51.16,11.399279,76.411983,Active
Mine_03533,Dharmapuri,Iron Ore,2.22,9.507198,79.335689,Closed
Mine_03534,Namakkal,Sand,11.84,12.690283,79.452189,Active
Mine_03535,Virudhunagar,Marble,12.01,12.088235,77.618936,Active
Mine_03536,Tuticorin,Silica Sand,48.42,8.2481,77.735033,Active
Mine_03537,Perambalur,Marble,136.52,10.534847,79.711763,Active
Mine_03538,Salem,Iron Ore,125.45,13.409173,76.909317,Active
Mine_03539,Tuticorin,Limestone,57.02,10.441995,79.509476,Active
Mine_03540,Virudhunagar,Silica Sand,71.71,9.076063,76.728147,Active
Mine_03541,Tiruvannamalai,Granite,1.0,13.015781,78.803217,Active
Mine_03542,Erode,Marble,16.22,13.245163,76.308791,Active
Mine_03543,Tiruvannamalai,Granite,56.25,13.098007,79.347973,Active
Mine_03544,Namakkal,Sand,18.12,8.927337,79.408038,Active
Mine_03545,Theni,Granite,37.93,8.570982,79.858474,Closed
Mine_03546,Theni,Limestone,5.42,12.988007,78.657409,Active
Mine_03547,Virudhunagar,Salt,15.15,9.47095,80.273177,Active
Mine_03548,Cuddalore,Sandstone,8.81,9.862285,79.575276,Active
Mine_03549,Kanyakumari,Sandstone,99.44,8.44833,79.734405,Closed
Mine_03550,Ariyalur,Sandstone,69.07,10.601038,76.866163,Active
Mine_03551,Karur,Iron Ore,86.95,11.579611,76.64872,Active
Mine_03552,Krishnagiri,Marble,22.72,11.271539,79.497528,Closed
Mine_03553,Coimbatore,Marble,4.88,11.193987,79.113691,Closed
Mine_03554,Erode,Sandstone,152.67,10.816431,79.738424,Active
Mine_03555,Tuticorin,Limestone,11.69,12.500305,80.436168,Active
Mine_03556,Dharmapuri,Sandstone,26.82,11.158545,80.036513,Active
Mine_03557,Madurai,Silica Sand,12.14,8.692878,77.008595,Active
Mine_03558,Theni,Salt,28.11,10.511337,76.785873,Closed
Mine_03559,Tuticorin,Granite,12.29,8.365677,78.336977,Active
Mine_03560,Tuticorin,Iron Ore,16.15,11.680164,77.164039,Active
Mine_03561,Virudhunagar,Silica Sand,6.58,9.347548,79.47821,Active
Mine_03562,Tuticorin,Sandstone,17.77,8.050462,79.429544,Active
Mine_03563,Virudhunagar,Marble,1.26,9.492649,79.290632,Closed
Mine_03564,Perambalur,Granite,36.22,12.365667,76.150213,Active
Mine_03565,Namakkal,Iron Ore,118.15,10.960211,76.150238,Active
Mine_03566,Salem,Silica Sand,14.29,11.16397,78.695956,Active
Mine_03567,Madurai,Granite,32.1,10.215139,76.85517,Active
Mine_03568,Cuddalore,Marble,14.84,8.889225,78.750235,Active
Mine_03569,Erode,Limestone,9.95,11.274361,80.074329,Active
Mine_03570,Erode,Sand,50.44,9.925888,79.304393,Active
Mine_03571,Dindigul,Limestone,27.57,10.982076,77.352821,Active
Mine_03572,Vellore,Sand,34.49,8.625689,78.146356,Active
Mine_03573,Theni,Iron Ore,101.97,10.642922,76.062914,Active
Mine_03574,Dharmapuri,Granite,60.58,10.823645,77.123961,Active
Mine_03575,Krishnagiri,Silica Sand,46.84,10.986956,78.546504,Active
Mine_03576,Virudhunagar,Sand,209.53,10.514163,76.306001,Active
Mine_03577,Karur,Silica Sand,8.64,11.271446,79.399246,Active
Mine_03578,Erode,Sand,32.42,8.023514,78.339003,Active
Mine_03579,Kanyakumari,Marble,59.01,12.947249,79.431939,Active
Mine_03580,Namakkal,Marble,97.5,8.63051,78.053735,Closed
Mine_03581,Coimbatore,Marble,103.21,9.095063,78.87904,Active
Mine_03582,Madurai,Silica Sand,10.9,10.54112,76.846942,Active
Mine_03583,Salem,Marble,29.13,8.27213,79.966909,Active
Mine_03584,Tiruvannamalai,Iron Ore,48.38,12.213949,77.41545,Active
Mine_03585,Tirunelveli,Sand,1.0,13.053156,77.741564,Active
Mine_03586,Krishnagiri,Iron Ore,3.36,11.631036,77.218776,Active
Mine_03587,Ariyalur,Salt,12.99,8.003364,79.89419,Active
Mine_03588,Theni,Salt,18.74,11.637366,78.934499,Active
Mine_03589,Virudhunagar,Sand,22.48,8.534734,77.753179,Active
Mine_03590,Erode,Sand,29.95,12.673912,76.269571,Active
Mine_03591,Theni,Sandstone,64.95,10.126068,76.920941,Active
Mine_03592,Dharmapuri,Sandstone,57.09,10.446416,79.267815,Active
Mine_03593,Virudhunagar,Sandstone,6.17,12.154381,79.245707,Active
Mine_03594,Dindigul,Marble,1.0,9.584863,76.0415,Active
Mine_03595,Madurai,Salt,4.4,12.930406,78.634615,Active
Mine_03596,Theni,Salt,45.22,9.125804,78.782531,Active
Mine_03597,Dharmapuri,Granite,107.26,11.051919,80.171233,Active
Mine_03598,Cuddalore,Sand,20.48,11.883225,78.546139,Active
Mine_03599,Theni,Granite,49.27,9.816802,76.811051,Active
Mine_03600,Theni,Sand,159.61,13.204743,80.378356,Active
Mine_03601,Tiruvannamalai,Silica Sand,54.05,9.49564,79.172622,Active
Mine_03602,Tuticorin,Limestone,33.48,12.042242,77.140115,Active
Mine_03603,Perambalur,Iron Ore,3.95,11.612125,78.273448,Active
Mine_03604,Ariyalur,Silica Sand,42.69,10.835077,77.227259,Closed
Mine_03605,Vellore,Iron Ore,48.49,11.754146,76.417347,Active
Mine_03606,Kanyakumari,Granite,19.97,13.255042,77.971942,Active
Mine_03607,Theni,Sand,7.22,13.451285,78.086219,Active
Mine_03608,Tiruvannamalai,Marble,90.26,12.358683,79.37895,Active
Mine_03609,Virudhunagar,Iron Ore,5.94,9.223124,78.597107,Active
Mine_03610,Tiruppur,Marble,37.47,8.594823,78.952066,Active
Mine_03611,Tiruppur,Limestone,36.36,9.88026,78.068253,Active
Mine_03612,Tiruppur,Silica Sand,1.17,13.398535,78.8116,Active
Mine_03613,Perambalur,Sandstone,70.03,11.007434,77.428253,Active
Mine_03614,Dindigul,Sand,1.85,8.423624,79.549373,Active
Mine_03615,Tuticorin,Limestone,73.07,11.957181,80.036206,Active
Mine_03616,Vellore,Limestone,24.95,9.637151,79.264149,Active
Mine_03617,Ariyalur,Sandstone,113.58,10.842229,78.35132,Active
Mine_03618,Tiruvannamalai,Salt,19.34,11.042806,80.238923,Active
Mine_03619,Krishnagiri,Sand,5.38,9.040794,77.302614,Active
Mine_03620,Tirunelveli,Sandstone,102.49,10.875322,79.220063,Active
Mine_03621,Tirunelveli,Sand,127.3,9.463825,77.334348,Active
Mine_03622,Tirunelveli,Sandstone,10.62,11.532798,78.049155,Active
Mine_03623,Coimbatore,Granite,64.8,12.312521,76.097155,Active
Mine_03624,Namakkal,Salt,62.83,12.054983,80.058946,Active
Mine_03625,Tuticorin,Sand,8.16,10.041792,78.350095,Active
Mine_03626,Virudhunagar,Salt,25.13,12.923212,77.730627,Active
Mine_03627,Tuticorin,Limestone,55.93,12.040415,76.089094,Active
Mine_03628,Tiruvannamalai,Silica Sand,29.7,11.089148,79.292738,Active
Mine_03629,Virudhunagar,Sand,155.25,8.974676,77.466991,Active
Mine_03630,Salem,Marble,55.62,8.376258,79.84755,Active
Mine_03631,Cuddalore,Sand,1.0,10.895854,76.244208,Active
Mine_03632,Theni,Sand,5.2,11.821857,78.022898,Active
Mine_03633,Dharmapuri,Marble,16.14,12.936176,78.037922,Active
Mine_03634,Virudhunagar,Iron Ore,18.12,12.672949,79.424444,Active
Mine_03635,Vellore,Sandstone,8.76,13.248192,78.69153,Active
Mine_03636,Kanyakumari,Limestone,82.76,13.221303,76.146008,Active
Mine_03637,Perambalur,Sand,5.98,13.0308,80.179259,Active
Mine_03638,Namakkal,Granite,30.81,11.460704,80.475944,Active
Mine_03639,Tiruppur,Marble,51.75,9.794987,78.818745,Active
Mine_03640,Perambalur,Silica Sand,24.89,8.80781,77.606798,Active
Mine_03641,Karur,Sandstone,6.54,8.688139,77.81384,Active
Mine_03642,Tirunelveli,Salt,98.63,12.851278,76.145082,Active
Mine_03643,Namakkal,Marble,8.49,13.352223,77.289457,Active
Mine_03644,Namakkal,Sandstone,21.73,10.31806,77.996157,Active
Mine_03645,Coimbatore,Salt,13.49,12.850778,76.727683,Active
Mine_03646,Coimbatore,Salt,16.84,10.318412,79.62946,Active
Mine_03647,Tirunelveli,Sandstone,18.05,8.929869,78.247735,Closed
Mine_03648,Virudhunagar,Sand,78.1,9.439798,79.119054,Active
Mine_03649,Ariyalur,Granite,12.01,12.045015,78.48132,Closed
Mine_03650,Perambalur,Marble,90.49,11.275005,79.712202,Active
Mine_03651,Coimbatore,Iron Ore,61.19,11.193021,76.118588,Closed
Mine_03652,Cuddalore,Marble,2.29,12.676974,78.548129,Active
Mine_03653,Tuticorin,Marble,3.58,11.509059,77.270923,Active
Mine_03654,Karur,Sandstone,2.63,9.515759,79.045453,Active
Mine_03655,Tiruppur,Silica Sand,28.03,12.496421,77.709596,Active
Mine_03656,Krishnagiri,Salt,74.82,11.544888,79.605905,Active
Mine_03657,Perambalur,Sandstone,8.91,11.208263,79.048456,Active
Mine_03658,Tiruvannamalai,Iron Ore,72.13,9.002609,79.446458,Closed
Mine_03659,Erode,Marble,101.05,13.010776,76.758838,Active
Mine_03660,Salem,Sand,34.87,12.822904,76.534768,Active
Mine_03661,Krishnagiri,Salt,59.44,9.702983,76.175746,Active
Mine_03662,Vellore,Granite,49.19,10.941328,79.498179,Active
Mine_03663,Tiruvannamalai,Sandstone,52.99,11.240269,76.057273,Active
Mine_03664,Tuticorin,Marble,2.12,13.225543,79.162328,Active
Mine_03665,Erode,Granite,90.21,12.334792,76.569366,Active
Mine_03666,Dindigul,Salt,36.21,12.322294,79.460777,Closed
Mine_03667,Salem,Marble,51.51,10.749909,78.567568,Active
Mine_03668,Vellore,Granite,12.67,8.807366,77.313076,Active
Mine_03669,Dindigul,Limestone,33.61,8.294061,78.293877,Active
Mine_03670,Virudhunagar,Iron Ore,21.96,9.563242,80.068486,Active
Mine_03671,Tiruppur,Sandstone,103.42,10.962685,79.943838,Active
Mine_03672,Tiruppur,Silica Sand,61.43,12.590167,77.244566,Active
Mine_03673,Vellore,Limestone,214.27,13.220479,78.693187,Active
Mine_03674,Madurai,Marble,23.44,8.149387,79.195468,Active
Mine_03675,Kanyakumari,Marble,7.11,9.213553,77.058266,Active
Mine_03676,Tirunelveli,Sand,89.58,10.711916,77.606475,Active
Mine_03677,Cuddalore,Sand,1.67,9.929075,79.069778,Active
Mine_03678,Krishnagiri,Granite,11.57,8.503756,77.513533,Active
Mine_03679,Namakkal,Sand,76.56,9.551372,79.982742,Active
Mine_03680,Virudhunagar,Iron Ore,20.79,8.539519,80.389707,Active
Mine_03681,Madurai,Marble,15.39,8.410737,76.685171,Active
Mine_03682,Perambalur,Granite,80.59,9.866932,76.556613,Active
Mine_03683,Erode,Marble,10.58,9.537641,80.373312,Closed
Mine_03684,Virudhunagar,Marble,10.96,13.127935,80.416845,Active
Mine_03685,Kanyakumari,Granite,20.67,9.332681,80.008411,Active
Mine_03686,Tuticorin,Limestone,42.75,8.910542,77.957212,Active
Mine_03687,Theni,Sand,82.08,10.597972,77.590366,Closed
Mine_03688,Perambalur,Limestone,31.83,9.481065,80.496848,Active
Mine_03689,Salem,Sand,39.86,11.379469,76.846114,Active
Mine_03690,Vellore,Sandstone,1.03,9.208746,79.114304,Active
Mine_03691,Tirunelveli,Sandstone,38.46,10.850951,79.425696,Active
Mine_03692,Theni,Salt,174.32,11.546663,79.219167,Active
Mine_03693,Karur,Silica Sand,22.29,8.605969,78.008502,Active
Mine_03694,Dharmapuri,Iron Ore,269.9,9.075849,78.74714,Active
Mine_03695,Dindigul,Limestone,56.29,11.283233,76.048325,Active
Mine_03696,Vellore,Sandstone,1.79,10.423595,78.970297,Active
Mine_03697,Namakkal,Iron Ore,20.15,11.387621,80.008668,Closed
Mine_03698,Kanyakumari,Sandstone,12.11,8.75405,78.195911,Active
Mine_03699,Dindigul,Silica Sand,26.3,13.378769,79.807935,Active
Mine_03700,Tiruppur,Silica Sand,8.58,11.09285,76.335786,Active
Mine_03701,Karur,Marble,2.05,8.488076,77.074834,Active
Mine_03702,Ariyalur,Sand,8.52,11.935555,77.435814,Active
Mine_03703,Tirunelveli,Silica Sand,11.6,12.93218,78.526398,Active
Mine_03704,Karur,Sandstone,34.02,8.855341,76.928342,Active
Mine_03705,Madurai,Iron Ore,112.07,11.649242,78.277645,Active
Mine_03706,Krishnagiri,Sandstone,25.87,8.89178,76.465033,Closed
Mine_03707,Namakkal,Sandstone,117.35,9.645408,77.37426,Active
Mine_03708,Tiruvannamalai,Limestone,21.72,9.227762,76.734089,Closed
Mine_03709,Krishnagiri,Salt,13.78,10.818875,78.713537,Active
Mine_03710,Madurai,Salt,101.91,11.109971,79.281105,Active
Mine_03711,Cuddalore,Granite,24.38,10.337348,77.620629,Closed
Mine_03712,Salem,Granite,15.23,9.67876,76.465903,Active
Mine_03713,Salem,Sand,34.0,12.952078,77.836453,Active
Mine_03714,Tiruppur,Salt,48.28,10.371514,77.767416,Active
Mine_03715,Perambalur,Sandstone,46.17,10.468074,79.883617,Active
Mine_03716,Ariyalur,Salt,18.09,10.053311,79.506315,Active
Mine_03717,Tiruppur,Silica Sand,25.88,8.686858,76.767239,Active
Mine_03718,Tuticorin,Limestone,44.82,11.653199,78.68957,Active
Mine_03719,Cuddalore,Salt,47.62,10.954887,76.083612,Active
Mine_03720,Krishnagiri,Silica Sand,12.07,11.390524,80.154577,Active
Mine_03721,Kanyakumari,Silica Sand,24.37,10.256128,79.760149,Active
Mine_03722,Vellore,Sandstone,7.45,13.345928,80.254907,Closed
Mine_03723,Tirunelveli,Granite,46.47,9.403612,78.702509,Active
Mine_03724,Tuticorin,Salt,16.42,11.405334,80.400312,Active
Mine_03725,Erode,Granite,24.96,8.419201,78.489235,Active
Mine_03726,Madurai,Marble,1.0,10.209819,76.475809,Active
Mine_03727,Perambalur,Sand,25.09,11.773985,77.481345,Active
Mine_03728,Kanyakumari,Iron Ore,15.95,13.304402,76.776272,Active
Mine_03729,Tuticorin,Salt,27.61,10.572844,78.238351,Active
Mine_03730,Virudhunagar,Salt,30.07,11.805463,79.200432,Active
Mine_03731,Coimbatore,Sandstone,3.42,10.897208,79.778223,Active
Mine_03732,Ariyalur,Marble,3.34,12.663237,76.363172,Active
Mine_03733,Virudhunagar,Marble,15.95,8.503975,78.635385,Active
Mine_03734,Tuticorin,Granite,29.49,11.568392,77.418304,Active
Mine_03735,Salem,Sandstone,14.03,9.92961,77.959569,Active
Mine_03736,Salem,Sand,15.57,10.343469,79.723044,Closed
Mine_03737,Salem,Limestone,29.24,9.785436,78.802095,Active
Mine_03738,Coimbatore,Granite,12.88,8.096992,78.487176,Active
Mine_03739,Tiruppur,Silica Sand,3.0,12.913386,78.751439,Active
Mine_03740,Theni,Granite,27.51,8.33221,78.730869,Active
Mine_03741,Dharmapuri,Sandstone,9.07,12.742609,77.54144,Active
Mine_03742,Kanyakumari,Marble,26.64,11.284184,77.114425,Active
Mine_03743,Vellore,Limestone,1.0,11.346027,78.211652,Active
Mine_03744,Tiruvannamalai,Salt,90.98,9.608792,78.434819,Closed
Mine_03745,Namakkal,Sand,106.56,9.973557,79.625129,Active
Mine_03746,Krishnagiri,Sand,89.87,11.742286,77.745552,Active
Mine_03747,Tuticorin,Iron Ore,8.32,10.924944,77.056319,Closed
Mine_03748,Dharmapuri,Granite,64.59,13.186565,77.045389,Active
Mine_03749,Ariyalur,Iron Ore,20.38,11.438379,79.589671,Active
Mine_03750,Dharmapuri,Limestone,61.57,9.239308,76.977094,Active
Mine_03751,Erode,Granite,1.0,9.68298,77.765602,Active
Mine_03752,Tirunelveli,Sandstone,30.19,9.503256,79.582167,Active
Mine_03753,Madurai,Sandstone,123.83,11.938743,79.301398,Active
Mine_03754,Dindigul,Marble,208.6,12.254147,79.269568,Active
Mine_03755,Erode,Granite,42.44,11.411886,79.172431,Active
Mine_03756,Tirunelveli,Sandstone,22.77,9.433461,76.776823,Active
Mine_03757,Salem,Marble,27.2,8.34637,80.259061,Active
Mine_03758,Dharmapuri,Limestone,7.59,11.320904,78.383762,Active
Mine_03759,Coimbatore,Limestone,34.3,12.67947,76.697924,Active
Mine_03760,Tuticorin,Iron Ore,4.14,8.634885,79.351063,Active
Mine_03761,Theni,Salt,99.75,9.74061,76.977149,Active
Mine_03762,Dharmapuri,Iron Ore,2.57,8.482033,77.944021,Active
Mine_03763,Kanyakumari,Sandstone,7.98,9.765793,80.418175,Active
Mine_03764,Namakkal,Granite,3.58,12.633565,77.521974,Active
Mine_03765,Madurai,Limestone,16.56,9.951408,78.608328,Closed
Mine_03766,Salem,Iron Ore,35.77,12.869766,77.809715,Active
Mine_03767,Tiruvannamalai,Silica Sand,7.65,12.908709,76.539246,Closed
Mine_03768,Madurai,Limestone,92.38,11.762763,76.471716,Active
Mine_03769,Cuddalore,Limestone,13.24,13.452127,77.510326,Active
Mine_03770,Kanyakumari,Iron Ore,19.02,11.809403,77.041377,Active
Mine_03771,Theni,Limestone,122.14,11.321424,78.725973,Active
Mine_03772,Coimbatore,Iron Ore,59.28,12.824618,77.864352,Closed
Mine_03773,Virudhunagar,Sand,8.63,11.79219,80.063395,Active
Mine_03774,Dindigul,Iron Ore,12.49,8.729224,80.140825,Active
Mine_03775,Namakkal,Marble,31.94,12.779497,79.434821,Active
Mine_03776,Namakkal,Marble,11.16,8.495044,77.989374,Active
Mine_03777,Karur,Marble,14.01,12.168978,79.00922,Active
Mine_03778,Tuticorin,Marble,22.11,9.884124,79.077312,Closed
Mine_03779,Virudhunagar,Marble,75.04,8.318189,76.028772,Active
Mine_03780,Dharmapuri,Iron Ore,23.43,8.947456,79.284992,Active
Mine_03781,Vellore,Sandstone,43.54,10.651491,79.32357,Active
Mine_03782,Coimbatore,Silica Sand,49.46,9.266893,77.865145,Active
Mine_03783,Namakkal,Salt,15.41,9.880922,80.048133,Active
Mine_03784,Ariyalur,Iron Ore,36.56,9.329426,77.474448,Closed
Mine_03785,Erode,Silica Sand,16.65,8.619757,78.245756,Active
Mine_03786,Karur,Salt,10.63,11.661056,78.294449,Active
Mine_03787,Cuddalore,Limestone,5.35,12.156395,79.204158,Active
Mine_03788,Namakkal,Salt,1.85,9.110008,79.384211,Active
Mine_03789,Salem,Silica Sand,2.56,12.719429,77.411639,Active
Mine_03790,Perambalur,Granite,96.42,8.239506,79.446118,Active
Mine_03791,Coimbatore,Marble,90.33,12.981595,80.379249,Active
Mine_03792,Kanyakumari,Salt,49.49,8.413206,77.430833,Active
Mine_03793,Erode,Silica Sand,13.89,11.518153,77.870776,Active
Mine_03794,Madurai,Silica Sand,85.32,8.385471,77.330353,Active
Mine_03795,Dharmapuri,Marble,9.1,9.202687,79.011969,Active
Mine_03796,Tuticorin,Granite,63.05,9.830965,78.1258,Closed
Mine_03797,Salem,Silica Sand,13.68,10.031747,78.539652,Active
Mine_03798,Theni,Limestone,2.91,11.380551,76.190587,Closed
Mine_03799,Dharmapuri,Sand,117.05,12.753863,76.10048,Active
Mine_03800,Dharmapuri,Sand,13.6,11.445008,76.590512,Active
Mine_03801,Vellore,Granite,173.48,9.651001,76.532893,Active
Mine_03802,Tiruppur,Sandstone,2.57,12.270926,80.269189,Active
Mine_03803,Dindigul,Marble,95.32,8.733636,80.012129,Active
Mine_03804,Vellore,Sandstone,30.06,11.387885,80.239555,Active
Mine_03805,Namakkal,Sand,16.23,10.683037,80.074574,Active
Mine_03806,Vellore,Sandstone,36.51,12.826224,80.496502,Closed
Mine_03807,Krishnagiri,Silica Sand,74.61,8.454603,78.856696,Active
Mine_03808,Tirunelveli,Limestone,86.16,8.428416,76.251497,Active
Mine_03809,Namakkal,Silica Sand,1.0,13.388905,77.658383,Active
Mine_03810,Erode,Silica Sand,38.03,13.201561,79.036338,Active
Mine_03811,Tirunelveli,Sandstone,12.71,10.498473,79.632098,Active
Mine_03812,Madurai,Sandstone,179.57,8.396147,76.204346,Active
Mine_03813,Tuticorin,Limestone,5.62,12.788655,76.104158,Active
Mine_03814,Ariyalur,Iron Ore,22.94,10.28523,79.996724,Active
Mine_03815,Virudhunagar,Limestone,14.8,10.923272,76.647189,Active
Mine_03816,Virudhunagar,Sandstone,37.47,11.531314,78.993683,Active
Mine_03817,Perambalur,Iron Ore,58.72,9.330741,80.43229,Active
Mine_03818,Tuticorin,Iron Ore,30.21,12.956963,78.862652,Active
Mine_03819,Dharmapuri,Granite,44.47,11.289252,76.864643,Active
Mine_03820,Tiruppur,Limestone,16.95,12.582299,77.648767,Active
Mine_03821,Erode,Sand,38.18,8.668708,76.011108,Active
Mine_03822,Dharmapuri,Limestone,91.26,10.195682,78.938752,Active
Mine_03823,Coimbatore,Silica Sand,7.95,10.1258,77.071116,Active
Mine_03824,Coimbatore,Sand,18.61,9.690582,79.481044,Active
Mine_03825,Tiruppur,Silica Sand,104.91,10.106741,76.683489,Active
Mine_03826,Dindigul,Silica Sand,20.94,8.85973,77.315021,Active
Mine_03827,Namakkal,Sand,19.57,12.585335,77.717241,Active
Mine_03828,Tiruppur,Marble,40.02,9.399655,79.877365,Active
Mine_03829,Theni,Sandstone,37.13,11.853367,78.672234,Active
Mine_03830,Madurai,Sand,84.34,11.228271,77.483558,Active
Mine_03831,Namakkal,Limestone,10.46,12.214274,78.97664,Active
Mine_03832,Virudhunagar,Limestone,6.13,12.706998,76.491264,Active
Mine_03833,Dharmapuri,Sand,13.04,10.221761,79.628761,Active
Mine_03834,Krishnagiri,Sandstone,55.42,8.791375,76.445934,Active
Mine_03835,Tiruppur,Sandstone,45.74,11.332482,77.650923,Active
Mine_03836,Tiruvannamalai,Silica Sand,31.01,12.700222,76.365217,Active
Mine_03837,Karur,Marble,37.62,11.944994,77.659376,Active
Mine_03838,Perambalur,Granite,15.64,9.388581,77.255209,Active
Mine_03839,Dharmapuri,Iron Ore,87.92,12.139496,77.249115,Active
Mine_03840,Krishnagiri,Iron Ore,21.52,10.766743,79.141758,Active
Mine_03841,Theni,Iron Ore,29.41,9.95865,77.308304,Active
Mine_03842,Coimbatore,Sandstone,87.08,12.037314,79.005469,Active
Mine_03843,Madurai,Limestone,56.78,8.185516,78.480241,Active
Mine_03844,Karur,Silica Sand,13.24,10.427695,76.283401,Closed
Mine_03845,Ariyalur,Sand,19.45,8.620238,80.260453,Active
Mine_03846,Namakkal,Silica Sand,17.24,9.488834,78.708144,Active
Mine_03847,Ariyalur,Silica Sand,24.68,12.545746,77.903975,Active
Mine_03848,Virudhunagar,Marble,14.49,9.780483,80.453618,Closed
Mine_03849,Tiruppur,Iron Ore,109.84,10.814872,76.011348,Active
Mine_03850,Dharmapuri,Sand,21.53,12.345147,77.974202,Active
Mine_03851,Erode,Sand,34.86,12.70963,77.387599,Active
Mine_03852,Cuddalore,Limestone,17.85,8.55068,76.186712,Closed
Mine_03853,Dindigul,Sand,34.22,13.060087,76.20882,Closed
Mine_03854,Namakkal,Silica Sand,2.75,9.260517,79.973796,Active
Mine_03855,Tirunelveli,Marble,58.64,10.67244,79.419852,Active
Mine_03856,Coimbatore,Sand,21.91,10.345556,80.134079,Active
Mine_03857,Kanyakumari,Granite,21.59,9.23031,79.256017,Active
Mine_03858,Virudhunagar,Marble,39.13,9.145571,79.572724,Active
Mine_03859,Tuticorin,Sand,22.7,10.446418,80.449616,Active
Mine_03860,Theni,Limestone,32.1,10.274956,78.850879,Active
Mine_03861,Kanyakumari,Limestone,97.79,10.246127,78.108526,Active
Mine_03862,Cuddalore,Iron Ore,37.61,9.630939,79.752588,Active
Mine_03863,Salem,Iron Ore,8.51,9.472555,77.2704,Active
Mine_03864,Madurai,Limestone,45.16,8.501227,76.662411,Active
Mine_03865,Madurai,Limestone,78.52,13.328144,78.927156,Closed
Mine_03866,Namakkal,Sand,60.83,10.51651,77.446363,Active
Mine_03867,Dindigul,Salt,14.01,10.547577,79.966751,Active
Mine_03868,Tiruppur,Salt,11.96,12.902111,78.172195,Active
Mine_03869,Coimbatore,Marble,4.93,9.101188,76.234134,Active
Mine_03870,Salem,Sandstone,35.27,11.334899,76.902628,Active
Mine_03871,Dindigul,Salt,3.68,12.718619,78.176605,Active
Mine_03872,Vellore,Silica Sand,16.55,12.133827,79.532483,Active
Mine_03873,Kanyakumari,Salt,70.93,8.378597,79.555556,Active
Mine_03874,Karur,Silica Sand,43.39,10.48879,80.050061,Active
Mine_03875,Tiruppur,Limestone,4.43,8.22334,80.381107,Closed
Mine_03876,Kanyakumari,Salt,41.99,12.840312,77.145598,Active
Mine_03877,Tiruvannamalai,Granite,207.62,11.586596,78.730067,Active
Mine_03878,Salem,Sand,138.95,10.732269,77.305902,Closed
Mine_03879,Madurai,Silica Sand,58.03,12.504216,76.562068,Active
Mine_03880,Ariyalur,Silica Sand,5.45,9.627696,77.596979,Active
Mine_03881,Vellore,Silica Sand,4.49,10.128167,78.063941,Active
Mine_03882,Erode,Silica Sand,40.94,8.344697,80.341319,Active
Mine_03883,Coimbatore,Salt,59.91,12.33343,76.154283,Active
Mine_03884,Madurai,Sand,32.97,10.651458,76.201904,Closed
Mine_03885,Salem,Limestone,59.28,10.22136,79.076114,Active
Mine_03886,Tuticorin,Limestone,6.02,8.25039,78.43598,Active
Mine_03887,Dindigul,Iron Ore,34.22,11.743432,77.528404,Active
Mine_03888,Tiruppur,Marble,7.05,8.071639,78.682884,Active
Mine_03889,Karur,Marble,23.48,10.528803,80.409509,Active
Mine_03890,Tuticorin,Sandstone,20.57,10.814496,79.430773,Active
Mine_03891,Dindigul,Granite,78.75,10.834559,78.40952,Active
Mine_03892,Salem,Iron Ore,45.77,8.471046,76.803843,Active
Mine_03893,Tiruvannamalai,Sand,141.14,12.681584,77.420195,Closed
Mine_03894,Kanyakumari,Limestone,19.97,11.859212,76.074352,Active
Mine_03895,Namakkal,Silica Sand,41.49,10.003071,78.253,Active
Mine_03896,Erode,Iron Ore,20.31,8.661797,77.321861,Active
Mine_03897,Tiruvannamalai,Limestone,25.53,10.742289,79.978468,Active
Mine_03898,Vellore,Limestone,1.18,13.120351,80.271075,Active
Mine_03899,Madurai,Marble,67.55,11.765278,79.800295,Closed
Mine_03900,Dharmapuri,Limestone,19.85,13.342122,77.58012,Active
Mine_03901,Virudhunagar,Marble,16.27,9.930243,76.232211,Active
Mine_03902,Karur,Salt,72.76,8.348711,77.344154,Active
Mine_03903,Namakkal,Silica Sand,41.42,10.059105,76.937205,Active
Mine_03904,Karur,Iron Ore,5.97,10.677562,77.119221,Active
Mine_03905,Namakkal,Sand,30.9,9.189019,77.395,Active
Mine_03906,Dharmapuri,Silica Sand,84.79,10.530067,78.807133,Active
Mine_03907,Vellore,Limestone,20.5,11.266894,77.292149,Active
Mine_03908,Perambalur,Salt,18.3,8.686971,77.821745,Active
Mine_03909,Perambalur,Salt,20.48,10.629909,78.446634,Active
Mine_03910,Madurai,Sandstone,28.45,9.738979,79.735901,Active
Mine_03911,Vellore,Marble,117.75,12.648118,80.421645,Active
Mine_03912,Madurai,Marble,13.19,11.648248,80.413675,Active
Mine_03913,Dharmapuri,Sand,15.97,10.238246,80.078239,Active
Mine_03914,Tuticorin,Sandstone,135.23,9.073293,76.153074,Active
Mine_03915,Dharmapuri,Silica Sand,14.13,10.979724,80.290309,Active
Mine_03916,Ariyalur,Salt,26.37,10.83424,76.006147,Active
Mine_03917,Virudhunagar,Marble,39.86,8.025419,78.71947,Active
Mine_03918,Salem,Sandstone,27.91,13.23086,78.272629,Closed
Mine_03919,Vellore,Iron Ore,16.31,10.935358,78.036496,Active
Mine_03920,Virudhunagar,Sand,9.59,12.770896,78.694915,Active
Mine_03921,Ariyalur,Sand,92.61,11.060444,79.081706,Active
Mine_03922,Dindigul,Granite,90.29,11.079672,77.314814,Active
Mine_03923,Krishnagiri,Sandstone,7.08,11.172509,80.101275,Active
Mine_03924,Tiruppur,Marble,18.93,8.478383,78.11342,Active
Mine_03925,Tirunelveli,Iron Ore,185.66,12.542039,78.434141,Active
Mine_03926,Theni,Limestone,15.81,8.276556,77.819426,Active
Mine_03927,Kanyakumari,Sandstone,18.25,10.495184,79.202502,Closed
Mine_03928,Karur,Marble,2.37,8.929895,79.395687,Active
Mine_03929,Karur,Sandstone,27.89,12.29448,76.984513,Active
Mine_03930,Tirunelveli,Sandstone,7.48,11.240908,76.78764,Active
Mine_03931,Vellore,Silica Sand,18.34,11.773092,78.711773,Closed
Mine_03932,Salem,Sand,1.0,9.551614,78.422248,Active
Mine_03933,Virudhunagar,Granite,41.72,10.628356,79.666158,Closed
Mine_03934,Cuddalore,Granite,1.0,10.011353,76.624557,Active
Mine_03935,Tiruvannamalai,Marble,14.37,10.573078,76.943334,Active
Mine_03936,Dindigul,Marble,80.22,10.812473,78.785259,Active
Mine_03937,Tiruppur,Silica Sand,13.24,11.238829,80.470375,Closed
Mine_03938,Coimbatore,Limestone,185.73,11.857534,76.939152,Active
Mine_03939,Dindigul,Sand,15.72,10.936181,78.939326,Active
Mine_03940,Theni,Sand,42.5,11.43839,80.06888,Closed
Mine_03941,Theni,Granite,30.43,9.233664,77.16854,Active
Mine_03942,Krishnagiri,Marble,139.55,13.052702,77.713454,Active
Mine_03943,Perambalur,Granite,105.32,9.84627,79.422443,Active
Mine_03944,Theni,Marble,45.27,8.565874,78.13399,Active
Mine_03945,Coimbatore,Iron Ore,28.61,11.628594,78.535134,Active
Mine_03946,Vellore,Sandstone,97.84,12.066467,77.642338,Active
Mine_03947,Namakkal,Salt,22.08,9.261351,77.935678,Active
Mine_03948,Krishnagiri,Marble,131.17,8.081575,80.007881,Active
Mine_03949,Namakkal,Silica Sand,1.0,8.387875,76.773295,Active
Mine_03950,Perambalur,Granite,1.84,11.807188,79.685082,Active
Mine_03951,Virudhunagar,Salt,6.38,11.012175,79.200583,Active
Mine_03952,Karur,Limestone,38.51,10.1078,78.996305,Active
Mine_03953,Tuticorin,Iron Ore,53.39,8.091911,78.23317,Closed
Mine_03954,Kanyakumari,Salt,50.88,11.069596,77.005121,Active
Mine_03955,Cuddalore,Marble,10.81,9.77277,80.148675,Active
Mine_03956,Salem,Marble,1.56,8.266736,77.277632,Active
Mine_03957,Tiruvannamalai,Silica Sand,50.53,8.104677,76.472885,Active
Mine_03958,Madurai,Marble,3.13,11.525304,79.669014,Active
Mine_03959,Tirunelveli,Sand,43.85,12.044399,77.223004,Active
Mine_03960,Erode,Silica Sand,9.66,9.58907,80.388996,Active
Mine_03961,Karur,Marble,39.67,10.860344,80.367794,Active
Mine_03962,Krishnagiri,Granite,15.22,9.835761,79.846261,Closed
Mine_03963,Tiruppur,Marble,28.33,13.095276,77.515568,Closed
Mine_03964,Dindigul,Sand,39.43,10.774049,80.35202,Active
Mine_03965,Karur,Iron Ore,96.17,9.617164,77.672223,Active
Mine_03966,Ariyalur,Iron Ore,49.67,10.298572,76.29817,Active
Mine_03967,Karur,Sand,1.0,9.819171,79.274305,Active
Mine_03968,Salem,Sandstone,47.87,8.187538,79.43218,Active
Mine_03969,Vellore,Sandstone,6.55,12.529659,77.411474,Active
Mine_03970,Tiruvannamalai,Sand,59.22,10.646294,79.550313,Active
Mine_03971,Tiruvannamalai,Sandstone,92.8,8.899981,77.517263,Active
Mine_03972,Virudhunagar,Sandstone,11.81,12.199657,79.196961,Closed
Mine_03973,Coimbatore,Marble,39.42,11.76845,76.558915,Active
Mine_03974,Cuddalore,Marble,29.71,9.22517,79.808027,Active
Mine_03975,Cuddalore,Sandstone,5.5,9.470854,79.064482,Active
Mine_03976,Vellore,Sandstone,60.08,9.884645,78.976044,Active
Mine_03977,Tiruvannamalai,Sand,11.05,11.888325,78.603119,Active
Mine_03978,Krishnagiri,Sand,81.46,12.179909,77.739054,Closed
Mine_03979,Perambalur,Sand,1.0,10.958531,76.980992,Closed
Mine_03980,Kanyakumari,Sand,34.3,11.030292,80.320482,Active
Mine_03981,Cuddalore,Marble,15.42,10.409554,78.116861,Active
Mine_03982,Virudhunagar,Marble,36.5,11.191033,78.863959,Active
Mine_03983,Coimbatore,Salt,39.49,8.066275,79.983476,Active
Mine_03984,Kanyakumari,Salt,1.0,9.349758,78.947393,Active
Mine_03985,Karur,Sandstone,97.72,12.352067,77.374469,Active
Mine_03986,Karur,Granite,3.01,13.467308,79.915101,Active
Mine_03987,Kanyakumari,Sand,44.5,9.069652,76.900219,Active
Mine_03988,Madurai,Iron Ore,56.37,11.32375,76.941977,Active
Mine_03989,Salem,Marble,28.6,12.937024,78.060359,Active
Mine_03990,Namakkal,Limestone,24.01,11.084003,78.629866,Closed
Mine_03991,Tiruvannamalai,Sand,9.61,8.073359,80.495237,Active
Mine_03992,Vellore,Sandstone,13.34,11.397856,76.61927,Active
Mine_03993,Perambalur,Sand,50.33,9.702809,76.263211,Active
Mine_03994,Dindigul,Iron Ore,63.09,9.166982,79.322913,Active
Mine_03995,Tiruvannamalai,Sand,23.22,11.56274,79.157991,Active
Mine_03996,Tirunelveli,Iron Ore,65.63,8.632567,80.027082,Active
Mine_03997,Erode,Sand,8.47,10.796773,78.024722,Active
Mine_03998,Ariyalur,Marble,27.54,9.828592,78.838178,Active
Mine_03999,Kanyakumari,Sand,22.29,12.462367,79.019923,Active
Mine_04000,Salem,Salt,10.29,10.326824,78.640221,Active
Mine_04001,Tirunelveli,Sand,35.08,10.108894,76.644262,Active
Mine_04002,Vellore,Limestone,79.86,12.265937,76.856238,Active
Mine_04003,Salem,Sandstone,21.25,13.1261,77.357293,Active
Mine_04004,Salem,Salt,86.73,11.860746,79.18775,Active
Mine_04005,Namakkal,Salt,7.02,10.795017,76.052662,Active
Mine_04006,Salem,Sandstone,14.87,9.982527,78.129243,Closed
Mine_04007,Dharmapuri,Sand,5.99,11.100424,76.255211,Active
Mine_04008,Erode,Sandstone,79.55,11.214428,76.959557,Active
Mine_04009,Karur,Iron Ore,51.17,8.948924,76.126856,Active
Mine_04010,Tuticorin,Salt,66.42,11.357956,76.498963,Active
Mine_04011,Karur,Sand,94.4,12.794179,77.359766,Closed
Mine_04012,Ariyalur,Marble,45.37,9.37809,80.292253,Active
Mine_04013,Karur,Sandstone,4.65,11.561354,77.969693,Active
Mine_04014,Namakkal,Salt,64.24,11.989786,76.910174,Active
Mine_04015,Kanyakumari,Sandstone,14.56,10.193518,79.758611,Active
Mine_04016,Perambalur,Granite,17.38,10.744083,80.270522,Active
Mine_04017,Madurai,Silica Sand,8.19,8.898598,79.550149,Active
Mine_04018,Madurai,Sandstone,28.94,8.860891,80.459503,Active
Mine_04019,Salem,Granite,154.98,8.683676,77.67727,Active
Mine_04020,Salem,Sandstone,20.05,11.844243,76.395357,Active
Mine_04021,Madurai,Iron Ore,30.84,10.741696,76.842934,Closed
Mine_04022,Namakkal,Sandstone,2.09,10.626778,80.079012,Active
Mine_04023,Madurai,Iron Ore,1.0,8.055954,78.748684,Active
Mine_04024,Namakkal,Sandstone,60.49,9.985535,79.972259,Active
Mine_04025,Tirunelveli,Granite,16.45,8.910641,77.513017,Active
Mine_04026,Virudhunagar,Salt,15.39,12.121301,79.216558,Active
Mine_04027,Dharmapuri,Sand,13.56,8.708681,79.387517,Active
Mine_04028,Madurai,Sandstone,5.12,8.685981,80.265382,Active
Mine_04029,Vellore,Granite,83.17,13.441506,78.747889,Active
Mine_04030,Dharmapuri,Sandstone,10.57,8.919187,79.418113,Active
Mine_04031,Karur,Silica Sand,15.13,9.972503,80.343524,Active
Mine_04032,Tiruppur,Sandstone,138.79,12.967269,78.304004,Active
Mine_04033,Virudhunagar,Sandstone,10.48,9.27973,78.98042,Active
Mine_04034,Cuddalore,Sandstone,46.34,8.122776,76.243178,Active
Mine_04035,Kanyakumari,Salt,16.15,9.900167,78.038531,Active
Mine_04036,Krishnagiri,Marble,2.55,8.215941,78.548752,Active
Mine_04037,Dindigul,Limestone,11.39,12.115051,78.709411,Active
Mine_04038,Kanyakumari,Sandstone,2.59,12.812225,78.509524,Active
Mine_04039,Salem,Limestone,15.62,12.881738,79.015732,Active
Mine_04040,Tiruppur,Silica Sand,3.68,8.766685,77.211809,Active
Mine_04041,Theni,Iron Ore,13.34,13.033838,78.083085,Active
Mine_04042,Krishnagiri,Sand,6.78,12.782013,76.492778,Active
Mine_04043,Cuddalore,Sand,78.97,11.948001,77.267488,Active
Mine_04044,Virudhunagar,Limestone,25.79,8.473075,77.930252,Active
Mine_04045,Tuticorin,Sandstone,29.62,13.022699,76.100648,Closed
Mine_04046,Virudhunagar,Granite,51.35,10.921346,79.287661,Active
Mine_04047,Krishnagiri,Iron Ore,13.77,13.349407,79.857031,Active
Mine_04048,Theni,Sand,17.04,12.954839,77.463572,Closed
Mine_04049,Krishnagiri,Silica Sand,1.0,9.985828,76.087447,Active
Mine_04050,Vellore,Granite,31.31,12.348059,76.905686,Active
Mine_04051,Coimbatore,Sandstone,6.98,12.282055,77.347014,Active
Mine_04052,Tuticorin,Sandstone,21.13,13.061573,79.960282,Active
Mine_04053,Salem,Silica Sand,99.89,11.219966,79.206543,Active
Mine_04054,Vellore,Silica Sand,69.53,8.916922,78.593745,Closed
Mine_04055,Tiruvannamalai,Silica Sand,131.39,9.272159,77.653568,Active
Mine_04056,Erode,Sand,20.04,10.956466,76.861026,Active
Mine_04057,Coimbatore,Sand,1.31,8.735365,78.860326,Active
Mine_04058,Virudhunagar,Granite,50.95,11.62736,79.448075,Active
Mine_04059,Coimbatore,Sandstone,97.39,8.100177,77.649528,Active
Mine_04060,Theni,Marble,1.01,8.362895,78.918868,Active
Mine_04061,Virudhunagar,Limestone,159.36,12.738405,76.202914,Active
Mine_04062,Coimbatore,Marble,8.82,8.480414,79.229775,Active
Mine_04063,Madurai,Silica Sand,38.49,8.29026,79.333882,Closed
Mine_04064,Kanyakumari,Silica Sand,60.45,11.992256,80.283477,Active
Mine_04065,Virudhunagar,Granite,12.14,13.086228,76.807947,Active
Mine_04066,Madurai,Granite,5.58,12.546757,76.01123,Active
Mine_04067,Krishnagiri,Sand,64.33,10.016707,79.42872,Active
Mine_04068,Madurai,Limestone,4.0,8.789136,79.974326,Active
Mine_04069,Theni,Salt,1.28,13.373578,76.893379,Active
Mine_04070,Ariyalur,Limestone,3.33,11.313493,79.82782,Active
Mine_04071,Namakkal,Granite,20.07,8.877198,76.792434,Active
Mine_04072,Tiruvannamalai,Sandstone,28.1,11.218073,80.447701,Active
Mine_04073,Madurai,Marble,35.47,12.507248,79.858317,Active
Mine_04074,Virudhunagar,Granite,68.13,10.990985,79.038231,Active
Mine_04075,Coimbatore,Granite,33.65,9.416059,77.981256,Active
Mine_04076,Tiruppur,Marble,3.97,11.903901,76.990447,Closed
Mine_04077,Dindigul,Marble,12.21,11.702478,76.801578,Closed
Mine_04078,Karur,Salt,39.15,9.363698,77.35076,Active
Mine_04079,Erode,Sand,23.69,13.17954,77.786372,Active
Mine_04080,Vellore,Sand,34.05,8.498434,80.185086,Active
Mine_04081,Kanyakumari,Silica Sand,33.07,8.732911,76.078987,Active
Mine_04082,Erode,Sandstone,8.19,12.484491,78.765381,Active
Mine_04083,Dindigul,Silica Sand,42.6,12.925116,79.826611,Active
Mine_04084,Karur,Silica Sand,125.33,12.770061,79.274121,Active
Mine_04085,Tiruvannamalai,Limestone,103.3,12.099866,77.756867,Active
Mine_04086,Virudhunagar,Sandstone,3.67,12.73813,79.568557,Closed
Mine_04087,Dharmapuri,Sand,97.33,8.337796,78.348169,Active
Mine_04088,Madurai,Granite,43.79,9.634219,76.526321,Active
Mine_04089,Dharmapuri,Sandstone,97.47,12.646557,79.290959,Active
Mine_04090,Cuddalore,Sandstone,12.63,8.36766,76.039065,Active
Mine_04091,Dharmapuri,Limestone,10.97,13.335847,78.687809,Active
Mine_04092,Coimbatore,Sand,15.39,10.152227,76.691564,Closed
Mine_04093,Tuticorin,Marble,23.36,10.618503,78.803391,Active
Mine_04094,Kanyakumari,Granite,86.21,11.672133,76.924328,Active
Mine_04095,Namakkal,Granite,4.42,12.126276,77.614791,Active
Mine_04096,Madurai,Limestone,94.51,13.106474,76.83149,Closed
Mine_04097,Kanyakumari,Granite,49.22,9.196272,79.203931,Active
Mine_04098,Tiruppur,Granite,3.4,10.564408,79.490042,Active
Mine_04099,Ariyalur,Sandstone,68.53,11.634572,76.058216,Active
Mine_04100,Karur,Limestone,10.65,13.294587,78.932173,Active
Mine_04101,Karur,Salt,53.97,9.56534,77.704967,Closed
Mine_04102,Tirunelveli,Sand,29.13,12.928312,77.559249,Closed
Mine_04103,Virudhunagar,Silica Sand,160.9,13.016189,77.634413,Active
Mine_04104,Vellore,Marble,9.75,10.660855,78.033159,Active
Mine_04105,Dharmapuri,Marble,1.34,9.505547,78.097881,Active
Mine_04106,Tirunelveli,Salt,27.19,10.47354,78.342565,Active
Mine_04107,Dharmapuri,Sand,7.71,12.226647,77.799893,Active
Mine_04108,Karur,Sandstone,10.7,10.395844,80.389214,Active
Mine_04109,Namakkal,Sandstone,38.64,8.273306,77.198777,Active
Mine_04110,Perambalur,Marble,46.96,10.191524,76.117703,Active
Mine_04111,Tiruvannamalai,Sand,165.56,9.604598,77.984389,Active
Mine_04112,Dharmapuri,Sand,1.98,11.077297,79.379791,Active
Mine_04113,Cuddalore,Limestone,8.89,13.087086,77.0764,Active
Mine_04114,Madurai,Limestone,1.79,11.811663,78.268277,Active
Mine_04115,Erode,Silica Sand,8.74,13.398188,78.903879,Active
Mine_04116,Krishnagiri,Silica Sand,9.76,11.48613,76.126977,Active
Mine_04117,Virudhunagar,Sandstone,66.01,9.391057,78.427343,Active
Mine_04118,Tiruvannamalai,Limestone,116.29,12.01181,78.511642,Closed
Mine_04119,Krishnagiri,Silica Sand,49.11,10.303803,79.011418,Active
Mine_04120,Vellore,Iron Ore,25.39,8.91744,76.083825,Active
Mine_04121,Erode,Limestone,38.96,9.40251,77.076749,Active
Mine_04122,Salem,Granite,4.38,8.015008,77.413002,Active
Mine_04123,Coimbatore,Sand,50.69,10.042708,78.728121,Active
Mine_04124,Tiruvannamalai,Marble,28.76,11.994724,78.143374,Active
Mine_04125,Kanyakumari,Marble,43.31,12.659806,79.533731,Active
Mine_04126,Virudhunagar,Sand,10.67,13.440325,77.172279,Active
Mine_04127,Tiruppur,Marble,83.5,8.283116,77.354589,Active
Mine_04128,Namakkal,Sand,47.25,10.234489,77.753849,Closed
Mine_04129,Karur,Salt,70.49,10.557511,77.330265,Active
Mine_04130,Tiruvannamalai,Sandstone,13.06,9.430468,80.205643,Active
Mine_04131,Vellore,Silica Sand,13.68,12.795459,79.811799,Active
Mine_04132,Tuticorin,Marble,51.57,10.82986,76.504537,Active
Mine_04133,Madurai,Salt,29.0,13.095592,78.344859,Active
Mine_04134,Tuticorin,Limestone,4.93,10.587592,76.820479,Active
Mine_04135,Dindigul,Salt,25.28,8.537366,78.108886,Active
Mine_04136,Tuticorin,Sandstone,62.5,13.293092,76.669609,Active
Mine_04137,Cuddalore,Iron Ore,102.29,11.450022,76.654793,Active
Mine_04138,Ariyalur,Marble,48.2,12.746907,76.812282,Active
Mine_04139,Dharmapuri,Sandstone,164.82,12.717719,78.971228,Active
Mine_04140,Dindigul,Marble,4.29,8.480479,78.463216,Active
Mine_04141,Tiruvannamalai,Sand,23.61,11.825308,78.937929,Active
Mine_04142,Erode,Marble,16.77,12.381621,78.638246,Active
Mine_04143,Tiruvannamalai,Sand,2.25,11.845509,77.975954,Active
Mine_04144,Erode,Granite,31.85,12.645336,80.302201,Active
Mine_04145,Virudhunagar,Salt,115.88,12.37661,79.499461,Active
Mine_04146,Salem,Silica Sand,147.82,9.173536,76.76074,Active
Mine_04147,Namakkal,Sandstone,58.27,9.154601,78.203307,Active
Mine_04148,Namakkal,Salt,75.21,8.595027,79.674071,Active
Mine_04149,Tiruppur,Granite,46.88,8.000265,80.193089,Active
Mine_04150,Erode,Silica Sand,43.7,11.08753,79.855437,Active
Mine_04151,Cuddalore,Granite,34.92,8.941173,80.111032,Closed
Mine_04152,Tuticorin,Salt,31.69,11.626912,80.328598,Active
Mine_04153,Salem,Sand,4.96,12.89285,78.848984,Active
Mine_04154,Coimbatore,Granite,1.62,11.85797,76.526754,Active
Mine_04155,Namakkal,Salt,4.11,11.439659,77.899022,Active
Mine_04156,Madurai,Iron Ore,74.35,13.098937,78.193643,Active
Mine_04157,Tuticorin,Marble,28.83,12.114658,78.214618,Active
Mine_04158,Coimbatore,Iron Ore,19.27,10.278343,77.566175,Active
Mine_04159,Dharmapuri,Salt,46.39,12.080817,79.504931,Active
Mine_04160,Cuddalore,Iron Ore,1.0,10.623775,79.57257,Active
Mine_04161,Salem,Sandstone,41.39,12.988203,78.548718,Active
Mine_04162,Perambalur,Marble,48.91,11.153292,76.168687,Closed
Mine_04163,Erode,Salt,27.12,10.864099,80.327847,Active
Mine_04164,Perambalur,Granite,64.88,9.629184,76.435654,Active
Mine_04165,Karur,Iron Ore,63.82,13.325756,76.248853,Active
Mine_04166,Kanyakumari,Sandstone,32.55,13.474041,80.281769,Active
Mine_04167,Tirunelveli,Granite,2.96,11.166796,80.396733,Active
Mine_04168,Salem,Sandstone,6.21,8.894225,76.732745,Active
Mine_04169,Salem,Granite,64.68,9.28464,78.107935,Active
Mine_04170,Perambalur,Marble,24.55,10.438553,78.720533,Active
Mine_04171,Tiruvannamalai,Sandstone,25.03,10.015898,76.570108,Active
Mine_04172,Salem,Limestone,62.24,12.699944,80.143038,Active
Mine_04173,Namakkal,Granite,34.62,13.171205,79.236951,Active
Mine_04174,Theni,Salt,23.65,12.66551,77.520515,Active
Mine_04175,Tiruppur,Sand,29.97,9.79088,77.096703,Active
Mine_04176,Krishnagiri,Iron Ore,7.01,10.605156,80.147124,Active
Mine_04177,Dindigul,Salt,12.55,12.74117,78.685727,Active
Mine_04178,Kanyakumari,Sandstone,64.43,9.292836,78.514578,Active
Mine_04179,Kanyakumari,Iron Ore,6.69,9.736722,79.859412,Active
Mine_04180,Dharmapuri,Salt,27.59,11.920618,78.73984,Active
Mine_04181,Ariyalur,Salt,23.84,13.050323,80.116317,Active
Mine_04182,Salem,Limestone,67.49,11.218409,79.479247,Active
Mine_04183,Cuddalore,Granite,1.0,11.07526,76.724708,Active
Mine_04184,Tiruppur,Sand,20.29,12.619674,76.393032,Active
Mine_04185,Karur,Silica Sand,17.22,9.692307,76.945337,Active
Mine_04186,Dindigul,Salt,50.14,10.29781,76.568386,Active
Mine_04187,Perambalur,Iron Ore,48.69,8.430319,78.503384,Active
Mine_04188,Erode,Marble,41.78,13.00832,77.846703,Active
Mine_04189,Tiruppur,Sandstone,13.51,8.253186,77.28731,Active
Mine_04190,Dindigul,Iron Ore,39.15,8.952317,76.525449,Closed
Mine_04191,Dindigul,Iron Ore,25.26,13.020806,78.556226,Active
Mine_04192,Dharmapuri,Salt,1.0,9.085621,78.232837,Active
Mine_04193,Dindigul,Marble,7.15,13.114905,77.478993,Active
Mine_04194,Tiruppur,Sandstone,17.01,12.649215,79.198482,Active
Mine_04195,Karur,Salt,107.11,8.359186,79.571521,Active
Mine_04196,Karur,Marble,3.31,10.142511,77.751958,Active
Mine_04197,Karur,Granite,20.4,10.255626,77.990642,Active
Mine_04198,Tirunelveli,Granite,1.0,10.855046,79.431031,Active
Mine_04199,Karur,Silica Sand,24.0,13.247112,78.140578,Active
Mine_04200,Tiruvannamalai,Salt,5.93,12.08307,79.959355,Active
Mine_04201,Krishnagiri,Granite,8.77,11.881585,78.599099,Active
Mine_04202,Tiruppur,Granite,18.31,10.476908,79.681123,Active
Mine_04203,Theni,Silica Sand,10.48,10.79627,78.968515,Active
Mine_04204,Tuticorin,Sand,6.41,11.496566,80.005642,Active
Mine_04205,Coimbatore,Granite,7.75,12.495873,77.244542,Active
Mine_04206,Coimbatore,Limestone,61.53,8.467678,78.622443,Active
Mine_04207,Tuticorin,Iron Ore,17.73,10.330745,77.432155,Active
Mine_04208,Virudhunagar,Salt,29.28,8.274791,77.298934,Active
Mine_04209,Coimbatore,Silica Sand,149.49,13.402219,76.441312,Active
Mine_04210,Coimbatore,Sand,55.54,12.832405,78.981193,Active
Mine_04211,Erode,Sandstone,86.0,11.937039,77.636507,Closed
Mine_04212,Virudhunagar,Granite,11.67,10.832574,80.487109,Active
Mine_04213,Tuticorin,Granite,87.68,10.653747,79.705878,Active
Mine_04214,Dharmapuri,Silica Sand,51.23,12.701827,77.742533,Active
Mine_04215,Tiruppur,Salt,27.58,8.700568,76.518906,Active
Mine_04216,Namakkal,Iron Ore,49.63,9.121003,79.811155,Active
Mine_04217,Tuticorin,Iron Ore,18.43,8.504458,78.812336,Active
Mine_04218,Perambalur,Iron Ore,147.14,11.564988,77.946175,Active
Mine_04219,Tiruvannamalai,Marble,28.87,13.418025,77.058712,Active
Mine_04220,Virudhunagar,Silica Sand,9.17,10.587557,80.410417,Active
Mine_04221,Theni,Iron Ore,34.28,11.107784,78.768055,Active
Mine_04222,Tiruppur,Sand,92.14,12.548384,76.783755,Active
Mine_04223,Virudhunagar,Limestone,156.61,13.231254,80.047116,Active
Mine_04224,Coimbatore,Iron Ore,84.3,10.073225,77.775352,Closed
Mine_04225,Salem,Iron Ore,56.87,8.333287,80.130829,Active
Mine_04226,Dharmapuri,Silica Sand,73.46,12.781056,76.41838,Active
Mine_04227,Coimbatore,Granite,38.56,8.377264,77.712975,Active
Mine_04228,Namakkal,Limestone,35.21,12.286662,80.142772,Active
Mine_04229,Kanyakumari,Salt,3.96,12.861574,78.446998,Active
Mine_04230,Karur,Limestone,26.88,12.77724,79.855996,Closed
Mine_04231,Vellore,Silica Sand,8.8,8.19598,80.386086,Active
Mine_04232,Tirunelveli,Granite,70.6,13.016411,77.742336,Closed
Mine_04233,Erode,Sand,54.08,8.719736,79.589297,Active
Mine_04234,Tiruvannamalai,Silica Sand,77.65,9.063835,77.088481,Active
Mine_04235,Krishnagiri,Limestone,6.34,9.118851,77.287902,Active
Mine_04236,Karur,Salt,20.85,8.705149,77.007145,Closed
Mine_04237,Tiruvannamalai,Sandstone,136.7,8.079688,79.378414,Active
Mine_04238,Erode,Limestone,34.34,10.456672,78.996328,Closed
Mine_04239,Namakkal,Granite,4.55,10.3816,76.965339,Active
Mine_04240,Karur,Salt,1.0,8.27931,78.742281,Active
Mine_04241,Cuddalore,Sand,14.66,10.924585,78.323358,Active
Mine_04242,Karur,Silica Sand,2.19,12.950851,79.263504,Active
Mine_04243,Ariyalur,Limestone,84.31,11.316798,78.039064,Active
Mine_04244,Krishnagiri,Granite,10.73,8.964647,79.132999,Closed
Mine_04245,Kanyakumari,Limestone,13.4,10.309755,77.729429,Active
Mine_04246,Dharmapuri,Sand,35.56,9.512275,80.220948,Active
Mine_04247,Karur,Salt,68.86,12.47208,77.517979,Active
Mine_04248,Cuddalore,Sandstone,58.56,13.310564,77.525087,Active
Mine_04249,Tirunelveli,Sand,57.34,12.763979,78.713701,Active
Mine_04250,Coimbatore,Iron Ore,10.38,10.368672,79.049815,Active
Mine_04251,Karur,Sandstone,20.04,12.375664,76.165761,Active
Mine_04252,Salem,Iron Ore,113.16,11.923522,79.583359,Active
Mine_04253,Dharmapuri,Marble,13.71,12.783756,79.364102,Active
Mine_04254,Perambalur,Sandstone,148.61,13.237933,77.463975,Active
Mine_04255,Erode,Sand,11.38,12.853317,77.623825,Active
Mine_04256,Namakkal,Granite,60.9,9.0054,77.371659,Active
Mine_04257,Dindigul,Limestone,72.06,10.638277,79.956709,Closed
Mine_04258,Tirunelveli,Marble,24.39,8.591246,77.229681,Active
Mine_04259,Krishnagiri,Iron Ore,6.71,9.048087,76.463563,Active
Mine_04260,Tiruppur,Salt,35.38,13.176297,78.748529,Active
Mine_04261,Virudhunagar,Sand,16.21,11.852617,80.123052,Active
Mine_04262,Madurai,Silica Sand,9.87,10.507578,79.835565,Active
Mine_04263,Coimbatore,Sandstone,112.82,10.459363,78.953637,Active
Mine_04264,Namakkal,Sand,54.36,10.757924,79.663269,Active
Mine_04265,Dharmapuri,Limestone,31.56,9.544878,78.082613,Active
Mine_04266,Cuddalore,Marble,49.9,11.04062,79.395421,Active
Mine_04267,Cuddalore,Marble,13.68,12.360569,78.714929,Active
Mine_04268,Namakkal,Sand,13.07,9.769883,77.509579,Active
Mine_04269,Dharmapuri,Sand,29.17,11.256016,79.459652,Active
Mine_04270,Tiruppur,Marble,33.13,11.680025,77.473983,Active
Mine_04271,Madurai,Silica Sand,46.05,12.287696,78.4816,Active
Mine_04272,Virudhunagar,Sand,56.78,11.771532,76.494395,Active
Mine_04273,Erode,Limestone,9.96,10.529215,77.472594,Active
Mine_04274,Tiruvannamalai,Sand,148.99,12.552918,80.493363,Active
Mine_04275,Salem,Salt,28.02,11.911111,79.484622,Active
Mine_04276,Tiruvannamalai,Iron Ore,10.73,12.812015,76.688074,Active
Mine_04277,Tirunelveli,Salt,17.64,13.173076,77.082017,Active
Mine_04278,Kanyakumari,Salt,28.1,11.529413,77.472821,Active
Mine_04279,Krishnagiri,Sand,7.8,11.57775,78.244227,Active
Mine_04280,Tiruppur,Salt,87.89,13.480192,76.07083,Active
Mine_04281,Dindigul,Sandstone,47.18,9.608659,78.348158,Active
Mine_04282,Namakkal,Sand,145.08,9.21884,78.98755,Active
Mine_04283,Tiruvannamalai,Sand,25.56,10.842183,79.846074,Active
Mine_04284,Dharmapuri,Iron Ore,9.39,9.715382,76.523835,Active
Mine_04285,Kanyakumari,Sandstone,40.83,8.418272,78.576384,Active
Mine_04286,Erode,Limestone,7.53,9.907412,80.365458,Active
Mine_04287,Dharmapuri,Granite,33.2,10.223794,78.204843,Active
Mine_04288,Theni,Sandstone,44.93,12.28198,79.932807,Active
Mine_04289,Ariyalur,Iron Ore,11.76,10.35035,80.056497,Active
Mine_04290,Ariyalur,Iron Ore,46.12,10.975124,80.294736,Active
Mine_04291,Madurai,Sand,32.67,10.252562,79.57721,Active
Mine_04292,Kanyakumari,Iron Ore,101.84,8.416531,79.218593,Active
Mine_04293,Madurai,Sandstone,58.59,10.104155,78.507618,Closed
Mine_04294,Theni,Sand,11.43,9.221058,78.469669,Active
Mine_04295,Perambalur,Salt,11.25,9.402827,76.427001,Active
Mine_04296,Vellore,Silica Sand,34.53,10.988863,77.524024,Active
Mine_04297,Dindigul,Salt,17.0,8.470444,77.333486,Active
Mine_04298,Tuticorin,Iron Ore,51.64,12.342604,76.401593,Active
Mine_04299,Ariyalur,Salt,63.51,13.486021,80.361716,Active
Mine_04300,Cuddalore,Limestone,16.46,8.377002,77.873288,Active
Mine_04301,Karur,Marble,15.97,12.241606,80.124094,Active
Mine_04302,Tiruvannamalai,Sand,173.07,11.834295,79.379742,Active
Mine_04303,Tiruvannamalai,Sand,40.21,12.064343,80.130222,Active
Mine_04304,Erode,Granite,116.6,10.955586,76.03114,Active
Mine_04305,Tirunelveli,Limestone,130.59,12.586721,76.489457,Active
Mine_04306,Cuddalore,Limestone,27.69,10.458159,79.424593,Closed
Mine_04307,Namakkal,Granite,4.33,9.456688,76.589628,Active
Mine_04308,Cuddalore,Limestone,40.61,13.249728,79.085847,Active
Mine_04309,Krishnagiri,Silica Sand,52.06,10.277341,77.461575,Active
Mine_04310,Perambalur,Sand,24.05,8.049847,79.56639,Closed
Mine_04311,Madurai,Marble,29.14,11.768659,80.116104,Active
Mine_04312,Coimbatore,Salt,31.32,8.319762,77.615163,Active
Mine_04313,Vellore,Sand,109.21,11.358754,80.014712,Active
Mine_04314,Ariyalur,Sandstone,1.3,10.582262,78.538255,Active
Mine_04315,Dindigul,Sandstone,14.01,10.488679,78.410336,Active
Mine_04316,Coimbatore,Granite,32.41,10.918268,76.310094,Active
Mine_04317,Karur,Silica Sand,4.38,8.982531,79.706215,Active
Mine_04318,Karur,Sandstone,7.08,9.131415,78.217523,Active
Mine_04319,Coimbatore,Limestone,64.66,10.969018,76.705841,Active
Mine_04320,Kanyakumari,Limestone,32.68,11.9264,76.135636,Active
Mine_04321,Kanyakumari,Salt,17.69,12.262638,78.932435,Active
Mine_04322,Virudhunagar,Sand,39.67,10.47757,76.760307,Active
Mine_04323,Madurai,Sand,4.58,11.008,79.436419,Active
Mine_04324,Tuticorin,Silica Sand,33.9,12.657169,78.798436,Active
Mine_04325,Theni,Marble,21.49,9.894288,76.051413,Active
Mine_04326,Vellore,Sand,47.28,11.777567,78.31666,Closed
Mine_04327,Namakkal,Sandstone,60.39,11.368752,76.355297,Closed
Mine_04328,Erode,Limestone,59.77,8.685055,78.941796,Active
Mine_04329,Perambalur,Sandstone,11.0,11.761883,77.327468,Active
Mine_04330,Salem,Silica Sand,206.23,11.120744,76.782107,Closed
Mine_04331,Perambalur,Marble,35.85,11.018256,78.095942,Active
Mine_04332,Theni,Silica Sand,14.44,9.215048,79.015896,Active
Mine_04333,Cuddalore,Silica Sand,10.25,9.3997,76.6072,Active
Mine_04334,Erode,Marble,38.17,8.456678,76.519556,Active
Mine_04335,Tirunelveli,Marble,12.67,12.54922,76.841712,Active
Mine_04336,Dindigul,Marble,80.76,10.30203,77.793704,Active
Mine_04337,Dharmapuri,Sand,11.44,12.527578,77.22559,Active
Mine_04338,Ariyalur,Salt,18.32,12.734347,78.852477,Active
Mine_04339,Krishnagiri,Silica Sand,75.2,10.125639,78.411096,Active
Mine_04340,Karur,Granite,13.92,10.613902,76.966964,Active
Mine_04341,Kanyakumari,Silica Sand,68.67,12.24357,77.326002,Active
Mine_04342,Kanyakumari,Silica Sand,133.81,9.424511,79.682165,Active
Mine_04343,Theni,Limestone,3.49,11.219126,77.211355,Active
Mine_04344,Cuddalore,Sandstone,65.84,9.51925,79.193106,Closed
Mine_04345,Vellore,Limestone,93.62,8.541364,76.471437,Active
Mine_04346,Erode,Salt,2.41,10.20676,79.689446,Active
Mine_04347,Salem,Marble,1.0,8.603556,77.578827,Active
Mine_04348,Virudhunagar,Sandstone,79.82,12.155639,77.091158,Active
Mine_04349,Namakkal,Sand,13.21,10.838029,79.307562,Active
Mine_04350,Kanyakumari,Marble,104.48,10.360178,80.224914,Active
Mine_04351,Virudhunagar,Granite,13.59,12.349272,76.716898,Active
Mine_04352,Salem,Sand,22.74,9.108459,78.930066,Active
Mine_04353,Tuticorin,Iron Ore,12.97,9.217022,77.709346,Active
Mine_04354,Karur,Granite,237.73,11.771472,78.575385,Closed
Mine_04355,Erode,Granite,53.73,8.450409,77.39632,Active
Mine_04356,Vellore,Sandstone,61.88,12.111826,76.020701,Active
Mine_04357,Krishnagiri,Iron Ore,5.13,8.391591,79.727792,Active
Mine_04358,Tiruvannamalai,Sandstone,69.39,12.913538,76.217236,Active
Mine_04359,Ariyalur,Salt,5.86,10.670084,79.595396,Active
Mine_04360,Madurai,Sand,24.45,11.500701,77.038133,Active
Mine_04361,Karur,Salt,1.19,10.930176,79.927592,Active
Mine_04362,Kanyakumari,Salt,6.13,11.706559,77.760415,Active
Mine_04363,Karur,Iron Ore,51.73,10.778552,78.668074,Active
Mine_04364,Theni,Granite,38.24,12.340708,80.270891,Active
Mine_04365,Theni,Iron Ore,3.61,9.973421,77.854222,Active
Mine_04366,Theni,Salt,41.01,8.25648,79.555752,Active
Mine_04367,Tuticorin,Marble,3.93,10.939089,78.242007,Active
Mine_04368,Salem,Sand,11.74,12.135394,76.689011,Active
Mine_04369,Tiruppur,Silica Sand,70.5,12.353421,79.247585,Active
Mine_04370,Theni,Granite,9.78,12.756586,79.857991,Active
Mine_04371,Virudhunagar,Sandstone,30.78,11.567757,79.197958,Active
Mine_04372,Dharmapuri,Sandstone,17.82,8.98688,76.920625,Active
Mine_04373,Tirunelveli,Salt,3.85,9.768188,78.826945,Active
Mine_04374,Vellore,Sand,11.65,8.737457,76.868825,Active
Mine_04375,Namakkal,Limestone,8.06,12.624104,77.778361,Active
Mine_04376,Madurai,Limestone,19.98,10.777213,80.016769,Active
Mine_04377,Madurai,Limestone,10.03,10.218463,80.390349,Active
Mine_04378,Kanyakumari,Granite,76.28,10.790499,78.163904,Active
Mine_04379,Tiruvannamalai,Marble,112.04,9.738438,79.603112,Active
Mine_04380,Namakkal,Limestone,110.44,11.428539,80.040777,Active
Mine_04381,Tuticorin,Salt,59.18,9.494026,79.333392,Active
Mine_04382,Tiruvannamalai,Sand,45.78,9.673393,79.325682,Active
Mine_04383,Theni,Marble,7.07,8.979162,76.34906,Active
Mine_04384,Tirunelveli,Granite,26.13,10.607825,77.538506,Active
Mine_04385,Karur,Sand,100.09,9.198752,80.165531,Active
Mine_04386,Dindigul,Salt,16.84,8.629798,76.237773,Active
Mine_04387,Coimbatore,Iron Ore,4.4,8.782637,76.008621,Active
Mine_04388,Erode,Granite,27.03,11.733859,76.65635,Closed
Mine_04389,Madurai,Marble,15.37,10.748311,77.683023,Active
Mine_04390,Erode,Salt,1.0,11.573245,77.899547,Active
Mine_04391,Tiruppur,Limestone,9.96,9.230748,80.209163,Active
Mine_04392,Tirunelveli,Limestone,3.29,11.238782,76.839797,Active
Mine_04393,Krishnagiri,Iron Ore,65.16,9.762693,78.062195,Active
Mine_04394,Dharmapuri,Iron Ore,63.04,11.639264,77.847381,Active
Mine_04395,Tiruvannamalai,Marble,84.82,8.444686,76.884549,Active
Mine_04396,Karur,Limestone,9.5,11.329791,78.257822,Active
Mine_04397,Dindigul,Limestone,92.66,9.604262,76.700889,Active
Mine_04398,Salem,Silica Sand,5.7,10.603371,78.078703,Active
Mine_04399,Madurai,Iron Ore,32.9,12.089249,78.681617,Active
Mine_04400,Dharmapuri,Marble,92.86,9.34781,78.523387,Active
Mine_04401,Coimbatore,Salt,9.15,8.775464,78.752524,Closed
Mine_04402,Krishnagiri,Granite,143.73,13.205783,77.039964,Active
Mine_04403,Namakkal,Marble,35.35,11.642375,79.336709,Active
Mine_04404,Theni,Sand,3.31,8.10996,79.463462,Active
Mine_04405,Namakkal,Sand,19.3,8.061009,77.489569,Active
Mine_04406,Tiruppur,Iron Ore,46.57,12.369206,78.044201,Active
Mine_04407,Erode,Iron Ore,84.17,11.635704,77.37155,Active
Mine_04408,Dharmapuri,Marble,9.46,12.063639,78.466399,Active
Mine_04409,Cuddalore,Iron Ore,2.76,8.07869,80.003325,Active
Mine_04410,Coimbatore,Sand,13.14,10.985096,76.759909,Active
Mine_04411,Krishnagiri,Iron Ore,77.48,8.58659,78.509895,Active
Mine_04412,Vellore,Limestone,4.19,12.493181,79.585312,Active
Mine_04413,Namakkal,Sand,29.04,10.171418,78.333463,Active
Mine_04414,Namakkal,Salt,60.59,12.324744,76.719681,Closed
Mine_04415,Kanyakumari,Marble,15.19,11.187466,77.641527,Active
Mine_04416,Salem,Sandstone,4.01,12.905112,76.05118,Active
Mine_04417,Vellore,Sand,229.92,11.999066,76.068732,Active
Mine_04418,Krishnagiri,Iron Ore,66.14,11.117399,77.065873,Closed
Mine_04419,Namakkal,Iron Ore,37.87,8.120075,80.471336,Active
Mine_04420,Salem,Salt,6.74,10.970514,76.362751,Active
Mine_04421,Cuddalore,Limestone,68.06,9.796316,78.920663,Active
Mine_04422,Tiruppur,Silica Sand,74.04,13.316616,79.206288,Active
Mine_04423,Coimbatore,Limestone,138.4,13.143142,77.853186,Closed
Mine_04424,Erode,Limestone,7.92,10.945332,79.36461,Active
Mine_04425,Ariyalur,Limestone,28.6,10.924399,79.689552,Active
Mine_04426,Tuticorin,Limestone,43.52,12.385228,77.437172,Active
Mine_04427,Erode,Limestone,54.49,8.370612,76.753901,Closed
Mine_04428,Dharmapuri,Iron Ore,127.33,10.694375,78.527091,Active
Mine_04429,Dindigul,Sand,21.98,12.34845,79.621985,Active
Mine_04430,Dharmapuri,Sand,29.96,8.590835,76.90334,Active
Mine_04431,Ariyalur,Limestone,56.84,8.354113,77.875719,Active
Mine_04432,Theni,Silica Sand,15.77,8.355013,78.93103,Active
Mine_04433,Karur,Marble,146.96,12.650826,79.848381,Active
Mine_04434,Erode,Sandstone,20.85,12.499522,76.819304,Active
Mine_04435,Dindigul,Granite,1.0,13.372561,79.27984,Closed
Mine_04436,Salem,Iron Ore,68.12,9.349491,79.469031,Active
Mine_04437,Dindigul,Sand,1.71,9.122673,76.902909,Active
Mine_04438,Kanyakumari,Sand,19.12,12.864124,77.13477,Active
Mine_04439,Erode,Marble,115.71,9.761153,80.036606,Active
Mine_04440,Salem,Salt,28.87,10.938959,79.897757,Active
Mine_04441,Dindigul,Marble,141.63,12.621852,80.091131,Active
Mine_04442,Dharmapuri,Sandstone,53.32,11.529636,79.415145,Active
Mine_04443,Vellore,Salt,22.55,13.415836,76.970474,Closed
Mine_04444,Erode,Salt,67.91,10.622238,79.527724,Active
Mine_04445,Vellore,Salt,66.43,12.190579,79.424537,Active
Mine_04446,Tiruvannamalai,Silica Sand,18.29,8.24414,77.661112,Active
Mine_04447,Krishnagiri,Sand,7.6,10.796291,78.636569,Active
Mine_04448,Erode,Iron Ore,25.64,12.715646,80.172722,Closed
Mine_04449,Karur,Sand,25.85,11.234563,77.916476,Active
Mine_04450,Coimbatore,Sand,137.77,9.276435,80.126944,Active
Mine_04451,Tiruppur,Iron Ore,222.42,8.025303,78.878372,Active
Mine_04452,Tirunelveli,Salt,119.7,10.107137,78.70804,Active
Mine_04453,Dharmapuri,Iron Ore,8.12,10.203457,76.307715,Active
Mine_04454,Theni,Salt,59.68,9.172096,77.228834,Active
Mine_04455,Dindigul,Granite,4.67,10.036913,77.660181,Active
Mine_04456,Madurai,Iron Ore,33.48,9.792344,77.84934,Active
Mine_04457,Tiruvannamalai,Sandstone,13.39,10.523685,78.948026,Closed
Mine_04458,Dharmapuri,Limestone,20.55,11.538164,78.331206,Active
Mine_04459,Tirunelveli,Limestone,1.0,10.033163,77.157692,Closed
Mine_04460,Tuticorin,Sand,335.88,10.820194,78.481601,Active
Mine_04461,Theni,Salt,14.46,9.358417,79.605489,Active
Mine_04462,Vellore,Sand,26.86,9.203757,76.833072,Active
Mine_04463,Karur,Salt,3.34,12.206855,78.039902,Closed
Mine_04464,Tiruvannamalai,Iron Ore,1.0,9.177016,76.832163,Active
Mine_04465,Tirunelveli,Iron Ore,25.74,12.047058,77.465476,Active
Mine_04466,Namakkal,Sandstone,88.72,9.125962,79.956583,Active
Mine_04467,Tuticorin,Sand,7.83,11.019665,78.64468,Active
Mine_04468,Tuticorin,Sandstone,1.99,11.44696,80.198636,Active
Mine_04469,Dharmapuri,Iron Ore,1.0,8.583212,79.752957,Active
Mine_04470,Tiruvannamalai,Iron Ore,33.18,12.75099,79.711991,Closed
Mine_04471,Krishnagiri,Salt,5.37,11.515615,80.290529,Active
Mine_04472,Namakkal,Limestone,15.47,12.494072,79.137449,Active
Mine_04473,Namakkal,Salt,21.13,8.059909,79.568126,Active
Mine_04474,Coimbatore,Granite,20.57,8.161934,79.390234,Active
Mine_04475,Coimbatore,Marble,77.67,10.842817,77.042564,Active
Mine_04476,Madurai,Sand,60.95,11.820753,80.445786,Active
Mine_04477,Tiruppur,Silica Sand,41.31,8.854535,78.833471,Active
Mine_04478,Tuticorin,Marble,69.96,9.011428,79.382047,Active
Mine_04479,Namakkal,Sandstone,28.21,10.175463,77.776047,Active
Mine_04480,Tirunelveli,Marble,31.49,13.355676,79.12809,Active
Mine_04481,Namakkal,Iron Ore,53.5,12.904545,76.92101,Active
Mine_04482,Tiruppur,Limestone,113.21,9.545858,80.170818,Active
Mine_04483,Coimbatore,Sandstone,146.76,8.471476,76.983555,Active
Mine_04484,Tirunelveli,Granite,26.82,11.027252,79.124912,Closed
Mine_04485,Perambalur,Iron Ore,10.15,9.66645,76.439327,Active
Mine_04486,Virudhunagar,Marble,14.71,8.022471,77.593759,Active
Mine_04487,Karur,Marble,20.97,12.926356,77.460028,Active
Mine_04488,Tiruppur,Silica Sand,56.91,12.390569,80.291968,Active
Mine_04489,Vellore,Granite,28.43,9.527427,77.363127,Active
Mine_04490,Cuddalore,Salt,99.45,9.783497,78.388869,Active
Mine_04491,Coimbatore,Limestone,47.6,9.785081,76.985658,Closed
Mine_04492,Ariyalur,Salt,14.78,8.239567,77.39182,Active
Mine_04493,Salem,Salt,12.35,13.469029,77.05996,Active
Mine_04494,Cuddalore,Sand,14.63,8.492551,77.045343,Closed
Mine_04495,Namakkal,Iron Ore,2.55,8.280135,79.121239,Active
Mine_04496,Cuddalore,Salt,34.26,12.043863,76.465621,Active
Mine_04497,Kanyakumari,Sandstone,72.3,11.970135,77.053441,Active
Mine_04498,Coimbatore,Iron Ore,61.99,12.035401,78.032561,Active
Mine_04499,Vellore,Iron Ore,9.29,9.987943,78.20199,Active
Mine_04500,Tiruppur,Marble,58.72,13.390772,80.491071,Closed
Mine_04501,Ariyalur,Granite,22.21,10.93766,76.558372,Active
Mine_04502,Karur,Sandstone,14.86,9.217961,77.756409,Active
Mine_04503,Dindigul,Silica Sand,8.39,13.205601,77.542803,Active
Mine_04504,Virudhunagar,Granite,65.5,10.081595,79.360811,Active
Mine_04505,Ariyalur,Sand,1.39,12.550529,79.485164,Active
Mine_04506,Vellore,Iron Ore,155.35,10.371121,76.302505,Active
Mine_04507,Madurai,Iron Ore,10.8,9.452407,77.014012,Active
Mine_04508,Dharmapuri,Salt,92.16,8.439114,79.780509,Active
Mine_04509,Dharmapuri,Salt,14.19,9.678022,79.651272,Active
Mine_04510,Cuddalore,Sand,2.85,10.195603,76.840534,Active
Mine_04511,Coimbatore,Limestone,44.73,8.414783,78.602446,Active
Mine_04512,Karur,Iron Ore,66.47,12.438575,77.664376,Active
Mine_04513,Erode,Iron Ore,5.8,10.324095,76.409364,Active
Mine_04514,Madurai,Silica Sand,76.39,12.359018,77.992394,Active
Mine_04515,Theni,Salt,20.16,9.085858,78.710792,Active
Mine_04516,Krishnagiri,Sandstone,12.87,8.107122,77.611608,Active
Mine_04517,Tiruvannamalai,Limestone,18.81,11.989337,78.16413,Active
Mine_04518,Coimbatore,Limestone,14.74,9.151988,77.746221,Active
Mine_04519,Vellore,Marble,34.53,13.434306,79.109906,Active
Mine_04520,Namakkal,Granite,8.94,9.782448,80.40467,Active
Mine_04521,Coimbatore,Salt,27.84,8.886684,80.344598,Active
Mine_04522,Karur,Silica Sand,32.23,9.249847,79.203538,Active
Mine_04523,Virudhunagar,Silica Sand,20.15,12.895774,78.341434,Active
Mine_04524,Salem,Iron Ore,70.99,9.277379,76.298713,Active
Mine_04525,Coimbatore,Salt,1.6,9.695656,78.579838,Active
Mine_04526,Theni,Sand,12.87,12.387847,80.382901,Active
Mine_04527,Dharmapuri,Silica Sand,1.49,12.175674,78.485664,Active
Mine_04528,Karur,Sandstone,86.8,12.335801,78.138351,Closed
Mine_04529,Erode,Silica Sand,27.89,11.356516,76.837439,Active
Mine_04530,Krishnagiri,Granite,23.03,13.225571,79.199589,Active
Mine_04531,Vellore,Limestone,13.79,12.614032,78.350285,Active
Mine_04532,Salem,Sand,101.29,12.533066,76.294167,Active
Mine_04533,Vellore,Limestone,9.61,12.999246,80.00531,Active
Mine_04534,Ariyalur,Granite,1.0,10.411569,76.179798,Active
Mine_04535,Tiruppur,Granite,91.68,9.04527,77.671274,Active
Mine_04536,Theni,Silica Sand,6.71,13.023176,77.928129,Closed
Mine_04537,Karur,Limestone,40.4,11.770404,78.104069,Active
Mine_04538,Salem,Marble,157.14,10.370739,78.761474,Closed
Mine_04539,Ariyalur,Sandstone,3.22,10.508373,79.682731,Active
Mine_04540,Vellore,Limestone,85.07,9.196522,76.824651,Active
Mine_04541,Theni,Salt,8.53,10.078941,77.766259,Active
Mine_04542,Erode,Salt,20.83,10.939134,80.292844,Active
Mine_04543,Ariyalur,Marble,5.7,8.69996,77.450443,Active
Mine_04544,Vellore,Limestone,42.56,8.426228,76.261133,Active
Mine_04545,Vellore,Silica Sand,22.26,9.960646,80.490805,Closed
Mine_04546,Dharmapuri,Limestone,19.5,9.072277,78.305004,Active
Mine_04547,Tuticorin,Limestone,7.0,9.711814,78.289075,Active
Mine_04548,Tiruppur,Sandstone,14.0,12.664378,77.711946,Active
Mine_04549,Madurai,Salt,55.45,11.580934,79.29492,Active
Mine_04550,Madurai,Sand,5.88,9.867282,80.242354,Active
Mine_04551,Kanyakumari,Sandstone,3.73,10.626561,76.28081,Closed
Mine_04552,Dharmapuri,Iron Ore,7.71,9.423567,79.369347,Active
Mine_04553,Karur,Iron Ore,84.42,11.250043,80.022895,Closed
Mine_04554,Ariyalur,Sandstone,22.39,9.850462,76.000906,Active
Mine_04555,Tuticorin,Salt,42.32,8.709318,77.701923,Active
Mine_04556,Tiruvannamalai,Limestone,97.73,11.079085,78.689305,Active
Mine_04557,Dharmapuri,Salt,18.76,12.110934,79.636475,Active
Mine_04558,Dindigul,Marble,40.46,12.118847,77.120425,Active
Mine_04559,Tiruppur,Iron Ore,10.1,9.159701,78.514604,Active
Mine_04560,Namakkal,Silica Sand,14.46,11.512134,78.81179,Active
Mine_04561,Tiruvannamalai,Iron Ore,3.0,10.65573,79.902519,Active
Mine_04562,Tiruvannamalai,Limestone,12.85,10.927025,76.299288,Closed
Mine_04563,Dharmapuri,Marble,1.97,13.316067,79.285425,Active
Mine_04564,Tuticorin,Sandstone,25.36,12.687562,76.056705,Closed
Mine_04565,Madurai,Sand,22.33,12.886714,77.475993,Closed
Mine_04566,Ariyalur,Sand,37.24,11.988558,77.029749,Active
Mine_04567,Krishnagiri,Granite,27.17,12.405306,77.592972,Active
Mine_04568,Tiruvannamalai,Sandstone,1.0,10.989112,76.390764,Active
Mine_04569,Krishnagiri,Granite,8.4,11.991328,77.985742,Active
Mine_04570,Erode,Silica Sand,108.09,11.277364,79.857022,Active
Mine_04571,Erode,Sand,17.08,11.517656,78.006448,Active
Mine_04572,Karur,Salt,205.12,8.266815,79.135001,Active
Mine_04573,Vellore,Sandstone,33.74,11.891549,77.932042,Active
Mine_04574,Tirunelveli,Limestone,22.65,11.659641,78.390897,Closed
Mine_04575,Cuddalore,Iron Ore,62.91,8.820038,80.41742,Closed
Mine_04576,Kanyakumari,Salt,37.81,8.587052,78.521852,Active
Mine_04577,Kanyakumari,Salt,83.0,11.987816,77.122986,Active
Mine_04578,Perambalur,Sand,101.04,10.482315,76.85214,Active
Mine_04579,Tiruvannamalai,Salt,14.4,12.736155,78.200019,Closed
Mine_04580,Cuddalore,Granite,13.53,8.151213,76.899313,Active
Mine_04581,Karur,Sand,8.63,10.152649,80.32804,Active
Mine_04582,Cuddalore,Limestone,121.13,11.551057,78.049523,Active
Mine_04583,Tuticorin,Iron Ore,109.2,10.258206,77.285738,Active
Mine_04584,Theni,Limestone,8.87,13.104297,76.786938,Active
Mine_04585,Vellore,Limestone,12.55,9.091799,78.26954,Active
Mine_04586,Theni,Iron Ore,4.52,11.097783,77.485319,Closed
Mine_04587,Perambalur,Sand,95.81,10.516619,80.444783,Active
Mine_04588,Krishnagiri,Sand,76.19,9.05884,77.978012,Active
Mine_04589,Coimbatore,Silica Sand,113.09,11.179458,79.625165,Active
Mine_04590,Namakkal,Iron Ore,2.88,11.213857,78.733902,Active
Mine_04591,Tuticorin,Salt,1.94,8.291887,79.431483,Active
Mine_04592,Namakkal,Sandstone,33.21,10.053624,79.487668,Active
Mine_04593,Tuticorin,Salt,40.36,9.74713,78.624739,Active
Mine_04594,Tiruvannamalai,Sandstone,39.7,12.80942,76.004912,Closed
Mine_04595,Dindigul,Iron Ore,35.12,9.497276,79.894792,Active
Mine_04596,Theni,Granite,22.99,9.596412,77.721671,Active
Mine_04597,Salem,Granite,183.53,13.144962,78.399115,Active
Mine_04598,Erode,Silica Sand,36.15,8.558255,76.010106,Active
Mine_04599,Erode,Salt,1.82,9.703043,78.64681,Active
Mine_04600,Vellore,Sand,111.91,8.198226,80.405743,Active
Mine_04601,Tiruppur,Marble,1.85,13.123588,76.488997,Active
Mine_04602,Erode,Marble,24.33,13.217356,76.80686,Active
Mine_04603,Tuticorin,Silica Sand,7.59,8.363035,79.59615,Active
Mine_04604,Namakkal,Iron Ore,153.47,11.944935,77.127191,Active
Mine_04605,Dindigul,Salt,74.44,12.011264,79.742745,Active
Mine_04606,Dindigul,Granite,1.64,8.379173,79.210872,Active
Mine_04607,Namakkal,Granite,97.6,9.639435,78.498313,Active
Mine_04608,Karur,Salt,70.56,11.98033,80.143897,Active
Mine_04609,Erode,Limestone,61.64,10.477393,77.178946,Active
Mine_04610,Karur,Iron Ore,6.39,9.874837,76.091042,Active
Mine_04611,Dindigul,Limestone,4.38,9.493164,76.025597,Active
Mine_04612,Karur,Granite,6.34,12.959149,79.625646,Active
Mine_04613,Kanyakumari,Sand,68.39,12.416754,80.254527,Active
Mine_04614,Tirunelveli,Sand,21.11,9.376806,79.412846,Closed
Mine_04615,Madurai,Iron Ore,58.59,8.435964,78.954387,Active
Mine_04616,Coimbatore,Iron Ore,4.57,8.288662,77.445125,Active
Mine_04617,Coimbatore,Marble,57.21,8.727744,78.04521,Active
Mine_04618,Karur,Limestone,9.59,11.383014,78.013959,Active
Mine_04619,Perambalur,Salt,13.22,8.529343,78.101312,Active
Mine_04620,Vellore,Granite,11.92,8.168578,76.565481,Active
Mine_04621,Tuticorin,Silica Sand,65.06,10.417205,76.661887,Active
Mine_04622,Ariyalur,Limestone,70.7,12.057264,77.853324,Active
Mine_04623,Virudhunagar,Granite,39.52,10.173054,76.043766,Active
Mine_04624,Cuddalore,Sandstone,47.67,13.173332,77.127272,Closed
Mine_04625,Tirunelveli,Silica Sand,48.44,9.156835,77.240153,Active
Mine_04626,Erode,Sandstone,53.14,10.082722,79.867662,Active
Mine_04627,Dindigul,Silica Sand,67.3,10.778118,77.795959,Active
Mine_04628,Salem,Limestone,11.88,9.988912,79.867596,Active
Mine_04629,Coimbatore,Salt,11.95,13.338527,78.688336,Active
Mine_04630,Tiruvannamalai,Silica Sand,6.38,9.031652,79.454286,Active
Mine_04631,Coimbatore,Granite,40.44,11.808846,76.980174,Closed
Mine_04632,Tuticorin,Sand,79.92,13.260646,76.565384,Active
Mine_04633,Erode,Sandstone,80.43,11.210688,77.647002,Active
Mine_04634,Theni,Silica Sand,10.89,10.684799,76.972692,Active
Mine_04635,Salem,Sand,113.64,12.434809,77.596379,Active
Mine_04636,Tirunelveli,Silica Sand,9.5,8.21851,76.662401,Active
Mine_04637,Vellore,Iron Ore,19.29,11.906523,79.034935,Active
Mine_04638,Perambalur,Salt,39.84,8.943367,79.440482,Active
Mine_04639,Kanyakumari,Sandstone,51.94,12.354684,77.984521,Active
Mine_04640,Tiruvannamalai,Sand,108.91,8.113446,76.050026,Active
Mine_04641,Theni,Limestone,13.87,10.719182,76.18871,Active
Mine_04642,Cuddalore,Sandstone,36.29,10.638026,76.6384,Closed
Mine_04643,Tirunelveli,Marble,88.1,12.134809,76.02056,Closed
Mine_04644,Tiruvannamalai,Silica Sand,89.91,8.361079,78.390502,Active
Mine_04645,Ariyalur,Iron Ore,38.58,12.947265,77.486566,Active
Mine_04646,Virudhunagar,Sandstone,125.74,9.584962,76.282881,Active
Mine_04647,Theni,Limestone,25.42,11.081669,80.465905,Active
Mine_04648,Tiruppur,Limestone,21.07,11.395116,80.050106,Active
Mine_04649,Perambalur,Salt,60.13,10.948233,76.530473,Active
Mine_04650,Kanyakumari,Sandstone,4.23,9.821271,77.67029,Active
Mine_04651,Tiruvannamalai,Silica Sand,1.37,8.865786,76.518004,Active
Mine_04652,Tuticorin,Granite,13.0,10.923452,78.822506,Active
Mine_04653,Erode,Silica Sand,28.91,13.000953,77.146339,Active
Mine_04654,Erode,Salt,100.38,10.301638,79.846707,Active
Mine_04655,Dharmapuri,Limestone,87.18,13.482985,79.290128,Active
Mine_04656,Virudhunagar,Iron Ore,14.79,8.538496,76.241195,Active
Mine_04657,Coimbatore,Sandstone,1.47,11.116489,77.672925,Active
Mine_04658,Coimbatore,Sandstone,33.15,13.340064,77.552648,Active
Mine_04659,Krishnagiri,Silica Sand,8.24,13.458899,79.64224,Active
Mine_04660,Dharmapuri,Granite,39.23,12.867048,76.87676,Active
Mine_04661,Karur,Salt,4.08,8.66313,78.627522,Active
Mine_04662,Vellore,Limestone,119.07,10.442731,77.961285,Active
Mine_04663,Theni,Silica Sand,63.12,11.064069,80.213235,Active
Mine_04664,Perambalur,Granite,73.91,12.632987,78.120511,Active
Mine_04665,Tuticorin,Granite,53.55,9.878707,80.497527,Active
Mine_04666,Namakkal,Sand,8.68,9.727117,78.035552,Active
Mine_04667,Ariyalur,Limestone,43.84,8.421846,80.201146,Active
Mine_04668,Theni,Sand,22.56,11.118104,79.732765,Active
Mine_04669,Salem,Limestone,25.09,13.259304,79.963405,Closed
Mine_04670,Ariyalur,Granite,35.37,12.609162,78.448251,Active
Mine_04671,Cuddalore,Granite,5.17,11.074873,77.192696,Active
Mine_04672,Coimbatore,Salt,19.3,12.448406,78.442251,Active
Mine_04673,Tiruppur,Sand,25.97,10.22581,80.193906,Active
Mine_04674,Erode,Silica Sand,76.16,13.275812,76.799363,Active
Mine_04675,Karur,Sand,27.66,8.690019,79.770535,Active
Mine_04676,Cuddalore,Marble,142.53,11.602394,77.295281,Active
Mine_04677,Dindigul,Marble,56.51,11.799162,78.744447,Active
Mine_04678,Coimbatore,Sandstone,41.08,13.301389,78.64241,Active
Mine_04679,Dindigul,Iron Ore,135.0,8.407264,77.19027,Active
Mine_04680,Madurai,Iron Ore,7.9,9.694418,78.447373,Active
Mine_04681,Kanyakumari,Sand,20.92,10.938346,80.344579,Active
Mine_04682,Theni,Sandstone,49.6,12.241249,77.866505,Active
Mine_04683,Salem,Iron Ore,44.41,12.819253,79.799469,Active
Mine_04684,Erode,Sandstone,39.75,11.281872,78.996202,Active
Mine_04685,Tuticorin,Granite,23.19,10.453704,79.484853,Active
Mine_04686,Dharmapuri,Sandstone,11.59,9.181034,79.29247,Active
Mine_04687,Tiruvannamalai,Limestone,92.17,8.488319,76.649828,Active
Mine_04688,Cuddalore,Limestone,4.01,12.035637,79.341302,Active
Mine_04689,Tirunelveli,Sand,15.49,9.93304,79.034951,Active
Mine_04690,Karur,Granite,13.07,10.566333,78.515408,Active
Mine_04691,Coimbatore,Marble,12.75,10.61501,77.83732,Active
Mine_04692,Ariyalur,Sand,31.33,9.660072,78.973636,Active
Mine_04693,Vellore,Limestone,24.77,11.829201,77.585815,Active
Mine_04694,Dharmapuri,Silica Sand,16.77,9.225184,79.07741,Active
Mine_04695,Kanyakumari,Salt,12.42,9.261346,76.274425,Active
Mine_04696,Krishnagiri,Sand,28.03,9.482276,78.926096,Active
Mine_04697,Tiruvannamalai,Silica Sand,1.0,9.546926,80.113,Active
Mine_04698,Tuticorin,Sandstone,32.23,9.826044,77.096815,Active
Mine_04699,Dharmapuri,Limestone,26.73,11.489185,76.466561,Active
Mine_04700,Tiruvannamalai,Limestone,54.27,9.291598,77.319974,Active
Mine_04701,Cuddalore,Limestone,9.81,13.422471,79.214541,Closed
Mine_04702,Tiruppur,Iron Ore,2.38,10.043508,80.415803,Active
Mine_04703,Krishnagiri,Sand,1.0,11.919755,76.887367,Active
Mine_04704,Dindigul,Granite,77.72,9.208672,79.698561,Active
Mine_04705,Theni,Limestone,3.15,11.209693,77.304979,Active
Mine_04706,Namakkal,Sandstone,11.07,10.308064,77.606051,Active
Mine_04707,Cuddalore,Salt,51.77,8.450004,76.57337,Active
Mine_04708,Dindigul,Granite,222.49,9.396931,78.195113,Active
Mine_04709,Dindigul,Sand,119.58,11.019948,78.047978,Active
Mine_04710,Tiruvannamalai,Marble,84.58,12.071807,78.077753,Active
Mine_04711,Vellore,Salt,4.77,13.459601,76.102693,Active
Mine_04712,Virudhunagar,Salt,32.72,9.320527,78.505864,Active
Mine_04713,Tuticorin,Silica Sand,44.52,10.448321,77.223568,Active
Mine_04714,Salem,Granite,63.98,11.035818,76.773399,Active
Mine_04715,Dindigul,Iron Ore,9.33,10.055622,77.980376,Closed
Mine_04716,Virudhunagar,Marble,14.42,10.700183,77.713244,Active
Mine_04717,Tirunelveli,Limestone,63.36,10.418479,79.366462,Active
Mine_04718,Vellore,Granite,34.93,12.281633,78.225542,Closed
Mine_04719,Dharmapuri,Marble,7.54,8.05617,79.864181,Active
Mine_04720,Ariyalur,Limestone,5.36,8.35894,78.533521,Active
Mine_04721,Namakkal,Marble,34.18,9.578811,78.983272,Active
Mine_04722,Tuticorin,Limestone,70.06,12.002466,77.771247,Active
Mine_04723,Theni,Sand,30.79,9.182238,80.121065,Closed
Mine_04724,Tuticorin,Salt,13.17,8.473144,76.862422,Active
Mine_04725,Madurai,Limestone,7.99,11.040567,80.071161,Active
Mine_04726,Tiruppur,Iron Ore,34.98,10.254613,79.283386,Closed
Mine_04727,Dindigul,Limestone,16.9,9.645802,79.039925,Active
Mine_04728,Theni,Granite,95.66,11.263364,78.059579,Active
Mine_04729,Dindigul,Silica Sand,62.35,10.00566,79.129254,Active
Mine_04730,Krishnagiri,Limestone,1.0,8.158665,77.487524,Active
Mine_04731,Dindigul,Marble,61.38,8.63904,79.810658,Active
Mine_04732,Madurai,Sandstone,4.99,13.239052,78.030958,Active
Mine_04733,Perambalur,Sand,45.87,9.753391,79.26372,Active
Mine_04734,Perambalur,Silica Sand,31.91,8.831153,80.232182,Active
Mine_04735,Tiruppur,Limestone,13.11,12.653478,76.270679,Active
Mine_04736,Tirunelveli,Iron Ore,14.91,10.819638,76.48979,Closed
Mine_04737,Virudhunagar,Granite,54.14,9.481506,78.530566,Active
Mine_04738,Karur,Sandstone,21.76,8.364644,77.28545,Active
Mine_04739,Tuticorin,Sandstone,72.8,8.063565,78.395254,Active
Mine_04740,Tiruppur,Sandstone,1.0,12.123602,80.277654,Active
Mine_04741,Tirunelveli,Limestone,9.25,13.115268,76.042102,Active
Mine_04742,Krishnagiri,Iron Ore,38.69,10.955242,78.531118,Active
Mine_04743,Ariyalur,Sand,9.34,10.509541,76.936383,Active
Mine_04744,Tiruppur,Salt,38.43,12.704881,76.747859,Closed
Mine_04745,Ariyalur,Marble,1.29,11.482154,80.281286,Active
Mine_04746,Tirunelveli,Silica Sand,98.83,8.053323,78.839108,Active
Mine_04747,Salem,Granite,99.83,10.180003,76.510542,Closed
Mine_04748,Vellore,Iron Ore,17.6,12.820691,77.970858,Active
Mine_04749,Virudhunagar,Iron Ore,101.46,10.250811,77.275506,Active
Mine_04750,Vellore,Marble,116.97,11.084991,79.004029,Active
Mine_04751,Madurai,Salt,24.98,13.231956,77.623531,Active
Mine_04752,Tirunelveli,Iron Ore,38.39,11.303371,79.869436,Active
Mine_04753,Madurai,Marble,9.92,13.224813,76.691621,Active
Mine_04754,Virudhunagar,Granite,30.08,12.642258,80.269868,Active
Mine_04755,Tuticorin,Marble,51.66,9.455075,80.177893,Closed
Mine_04756,Ariyalur,Sand,45.61,10.207221,76.513827,Active
Mine_04757,Ariyalur,Sandstone,52.2,9.260131,80.304858,Active
Mine_04758,Tiruvannamalai,Iron Ore,12.05,8.264694,77.825784,Active
Mine_04759,Tuticorin,Iron Ore,5.67,9.692119,77.707736,Active
Mine_04760,Vellore,Limestone,51.69,10.701757,80.49847,Active
Mine_04761,Virudhunagar,Marble,16.76,8.676776,78.276531,Closed
Mine_04762,Krishnagiri,Sand,119.54,9.589687,80.470453,Active
Mine_04763,Kanyakumari,Marble,31.48,12.631247,79.372766,Active
Mine_04764,Tuticorin,Sandstone,1.0,8.889616,77.57263,Active
Mine_04765,Cuddalore,Granite,8.96,11.990924,78.605576,Closed
Mine_04766,Kanyakumari,Sand,3.01,8.592033,78.911658,Active
Mine_04767,Karur,Sand,15.22,12.13537,78.881284,Active
Mine_04768,Tiruppur,Salt,148.34,10.626875,79.486181,Active
Mine_04769,Karur,Limestone,12.55,10.490553,79.473892,Active
Mine_04770,Dharmapuri,Granite,38.83,9.542351,79.306848,Active
Mine_04771,Ariyalur,Sandstone,60.61,11.685006,76.440665,Active
Mine_04772,Virudhunagar,Silica Sand,53.09,8.352043,77.794173,Active
Mine_04773,Vellore,Silica Sand,131.49,9.779871,79.095964,Active
Mine_04774,Karur,Iron Ore,117.68,12.112025,78.456126,Active
Mine_04775,Karur,Marble,12.18,11.190136,79.179185,Active
Mine_04776,Coimbatore,Granite,7.48,8.771995,78.804038,Active
Mine_04777,Tirunelveli,Iron Ore,17.85,11.56585,78.115539,Active
Mine_04778,Ariyalur,Silica Sand,53.93,9.415109,78.289389,Active
Mine_04779,Cuddalore,Iron Ore,48.87,9.417187,77.271277,Closed
Mine_04780,Karur,Silica Sand,29.23,9.135594,77.024507,Active
Mine_04781,Theni,Granite,20.05,13.203494,79.04704,Active
Mine_04782,Ariyalur,Marble,56.56,8.940164,78.530791,Active
Mine_04783,Tirunelveli,Salt,54.1,8.874851,78.770802,Active
Mine_04784,Tiruvannamalai,Iron Ore,51.54,12.512163,76.612119,Active
Mine_04785,Kanyakumari,Iron Ore,34.36,9.023672,76.571241,Closed
Mine_04786,Dindigul,Iron Ore,6.19,9.679529,76.290909,Active
Mine_04787,Kanyakumari,Marble,3.36,8.334725,77.904176,Active
Mine_04788,Ariyalur,Iron Ore,41.15,13.272264,80.049112,Active
Mine_04789,Coimbatore,Iron Ore,37.39,13.143307,77.900167,Active
Mine_04790,Madurai,Granite,72.89,9.42711,77.301702,Active
Mine_04791,Cuddalore,Sand,14.57,11.734108,80.002246,Active
Mine_04792,Virudhunagar,Silica Sand,31.37,8.379078,76.452098,Active
Mine_04793,Tirunelveli,Marble,25.11,11.665732,77.732464,Active
Mine_04794,Coimbatore,Salt,56.56,12.386383,79.601405,Active
Mine_04795,Cuddalore,Salt,62.33,10.279487,78.657211,Active
Mine_04796,Coimbatore,Limestone,111.24,11.630893,78.590858,Active
Mine_04797,Tuticorin,Silica Sand,19.81,12.846694,76.724859,Active
Mine_04798,Erode,Silica Sand,17.6,11.092932,80.482891,Active
Mine_04799,Tiruppur,Limestone,56.75,11.214742,76.438641,Active
Mine_04800,Perambalur,Iron Ore,21.73,13.231731,80.025109,Active
Mine_04801,Kanyakumari,Silica Sand,47.59,11.889605,77.616397,Active
Mine_04802,Karur,Sand,22.25,11.595384,76.14998,Closed
Mine_04803,Salem,Limestone,8.98,10.922787,79.368953,Active
Mine_04804,Tiruppur,Silica Sand,80.55,9.38148,80.453371,Closed
Mine_04805,Cuddalore,Marble,45.71,11.664365,78.727871,Active
Mine_04806,Dindigul,Salt,154.5,12.718427,79.355836,Active
Mine_04807,Salem,Marble,49.03,12.697549,80.257707,Active
Mine_04808,Tiruvannamalai,Sand,90.73,8.004118,77.581638,Active
Mine_04809,Erode,Granite,105.23,9.408046,77.652897,Active
Mine_04810,Kanyakumari,Salt,27.49,10.752395,79.132847,Active
Mine_04811,Dindigul,Marble,7.58,9.017571,76.091616,Active
Mine_04812,Salem,Salt,49.94,13.461305,80.092873,Closed
Mine_04813,Erode,Salt,4.7,11.342263,78.088333,Active
Mine_04814,Coimbatore,Granite,14.87,11.342691,77.647065,Active
Mine_04815,Salem,Marble,14.63,12.889636,76.896996,Active
Mine_04816,Vellore,Sandstone,23.18,11.715463,77.433372,Active
Mine_04817,Tiruppur,Limestone,10.15,11.748112,79.777602,Active
Mine_04818,Coimbatore,Iron Ore,5.51,12.840947,77.927779,Active
Mine_04819,Virudhunagar,Sand,41.69,9.515704,79.601532,Active
Mine_04820,Madurai,Limestone,21.85,13.290534,77.233851,Active
Mine_04821,Coimbatore,Sandstone,54.63,8.262853,76.206522,Active
Mine_04822,Kanyakumari,Sand,16.69,11.341398,79.158547,Active
Mine_04823,Perambalur,Iron Ore,126.95,11.243154,77.755524,Active
Mine_04824,Cuddalore,Marble,17.27,8.113287,76.184773,Active
Mine_04825,Perambalur,Salt,89.45,8.66954,78.833316,Active
Mine_04826,Dharmapuri,Limestone,78.98,8.159825,76.826914,Active
Mine_04827,Dharmapuri,Sandstone,27.74,10.857099,78.86038,Active
Mine_04828,Erode,Silica Sand,6.78,9.158391,77.171008,Active
Mine_04829,Coimbatore,Sand,20.76,9.517122,77.369313,Active
Mine_04830,Virudhunagar,Limestone,17.47,11.559635,77.913306,Active
Mine_04831,Namakkal,Marble,67.02,12.394398,80.450412,Active
Mine_04832,Namakkal,Silica Sand,82.22,11.531903,78.278732,Active
Mine_04833,Cuddalore,Marble,41.06,9.977579,79.677243,Closed
Mine_04834,Salem,Salt,2.71,11.314478,80.491586,Active
Mine_04835,Tiruppur,Sand,5.06,11.684527,78.894209,Active
Mine_04836,Krishnagiri,Sandstone,31.74,9.007547,77.865497,Active
Mine_04837,Tuticorin,Sandstone,2.17,11.652995,76.255003,Active
Mine_04838,Virudhunagar,Sandstone,2.21,8.693209,78.740765,Active
Mine_04839,Tirunelveli,Granite,59.43,13.062764,78.632219,Active
Mine_04840,Krishnagiri,Granite,11.93,9.706243,78.153171,Active
Mine_04841,Tirunelveli,Sandstone,25.69,8.594381,76.568241,Active
Mine_04842,Theni,Limestone,71.77,11.004726,78.13637,Active
Mine_04843,Salem,Sandstone,6.34,12.35543,78.09253,Active
Mine_04844,Krishnagiri,Silica Sand,8.62,10.80669,77.998075,Active
Mine_04845,Theni,Limestone,160.88,12.470953,80.066706,Active
Mine_04846,Krishnagiri,Iron Ore,3.54,9.447771,77.988516,Active
Mine_04847,Perambalur,Sandstone,93.4,13.169208,76.735844,Active
Mine_04848,Cuddalore,Marble,24.16,12.317166,76.419132,Active
Mine_04849,Namakkal,Sandstone,83.26,13.469627,78.33102,Active
Mine_04850,Tirunelveli,Sand,11.77,11.415699,78.014121,Active
Mine_04851,Ariyalur,Limestone,48.99,9.440449,78.267648,Closed
Mine_04852,Dindigul,Marble,71.68,9.558936,79.695182,Active
Mine_04853,Kanyakumari,Sand,10.48,8.266326,79.164552,Active
Mine_04854,Tiruvannamalai,Granite,12.02,8.861695,77.293505,Active
Mine_04855,Tirunelveli,Limestone,42.62,9.502397,76.229395,Active
Mine_04856,Tirunelveli,Limestone,27.59,13.306311,78.266297,Active
Mine_04857,Cuddalore,Iron Ore,47.44,10.950097,78.717995,Active
Mine_04858,Dharmapuri,Sandstone,1.77,12.414145,78.397165,Active
Mine_04859,Cuddalore,Sand,37.92,8.822285,77.878369,Active
Mine_04860,Dindigul,Iron Ore,2.84,12.775675,79.44268,Active
Mine_04861,Tuticorin,Silica Sand,12.9,12.723651,76.010046,Active
Mine_04862,Dindigul,Salt,4.69,10.928085,76.167653,Active
Mine_04863,Coimbatore,Iron Ore,42.61,10.578513,78.062856,Active
Mine_04864,Dharmapuri,Marble,131.28,8.045613,77.374269,Active
Mine_04865,Krishnagiri,Iron Ore,37.72,11.076781,76.43376,Active
Mine_04866,Dharmapuri,Marble,8.0,12.92322,78.505642,Closed
Mine_04867,Cuddalore,Silica Sand,2.47,12.85758,79.033717,Active
Mine_04868,Namakkal,Limestone,36.98,9.982287,77.997261,Active
Mine_04869,Virudhunagar,Silica Sand,21.14,11.960302,79.113662,Active
Mine_04870,Dindigul,Granite,33.41,11.935046,79.700753,Active
Mine_04871,Perambalur,Granite,44.42,10.735235,78.582378,Active
Mine_04872,Krishnagiri,Sand,79.11,8.56045,77.354605,Active
Mine_04873,Dindigul,Sand,9.22,12.761392,78.239915,Active
Mine_04874,Dharmapuri,Sandstone,16.7,9.910086,79.300869,Active
Mine_04875,Tirunelveli,Sandstone,15.88,9.891342,78.865677,Active
Mine_04876,Theni,Salt,21.59,13.471918,76.664382,Active
Mine_04877,Perambalur,Sandstone,46.49,12.845078,77.513506,Active
Mine_04878,Perambalur,Limestone,174.63,8.013829,78.294875,Active
Mine_04879,Dharmapuri,Marble,27.29,11.83319,76.053489,Active
Mine_04880,Tuticorin,Sand,115.87,13.368468,80.0235,Active
Mine_04881,Namakkal,Salt,39.32,10.992295,76.042906,Active
Mine_04882,Theni,Limestone,91.45,9.121488,77.718834,Closed
Mine_04883,Vellore,Limestone,30.37,13.325099,79.595735,Active
Mine_04884,Theni,Salt,84.03,12.570521,77.142273,Active
Mine_04885,Perambalur,Sandstone,3.54,10.2471,79.69296,Active
Mine_04886,Karur,Limestone,26.75,10.639078,77.456747,Active
Mine_04887,Namakkal,Sandstone,92.48,8.683851,77.100306,Active
Mine_04888,Perambalur,Granite,64.96,11.187258,80.302428,Active
Mine_04889,Cuddalore,Marble,151.64,12.545439,79.278771,Active
Mine_04890,Dindigul,Limestone,17.08,10.917953,78.741225,Active
Mine_04891,Namakkal,Silica Sand,43.35,8.37604,78.058062,Active
Mine_04892,Cuddalore,Iron Ore,15.02,8.685122,77.883767,Active
Mine_04893,Karur,Sand,14.94,10.381337,76.145293,Active
Mine_04894,Karur,Sand,4.43,9.586238,80.425987,Active
Mine_04895,Tuticorin,Silica Sand,22.23,9.421611,76.143119,Active
Mine_04896,Perambalur,Sandstone,27.72,9.16978,78.855229,Active
Mine_04897,Theni,Marble,39.41,13.451756,80.009774,Active
Mine_04898,Dharmapuri,Sandstone,257.13,11.010684,77.890524,Active
Mine_04899,Krishnagiri,Iron Ore,72.95,12.177177,76.333331,Active
Mine_04900,Erode,Salt,17.41,8.98892,79.758869,Active
Mine_04901,Theni,Silica Sand,135.55,9.40738,80.212798,Active
Mine_04902,Virudhunagar,Limestone,43.65,12.737059,80.392531,Active
Mine_04903,Namakkal,Salt,49.74,8.33882,80.18392,Active
Mine_04904,Tirunelveli,Iron Ore,22.16,11.317277,78.578258,Active
Mine_04905,Dindigul,Sandstone,40.06,12.990782,77.749001,Active
Mine_04906,Madurai,Sand,72.13,12.859821,77.872677,Active
Mine_04907,Virudhunagar,Marble,21.19,13.047685,76.059101,Active
Mine_04908,Namakkal,Iron Ore,67.85,9.554602,77.345899,Active
Mine_04909,Tirunelveli,Sandstone,29.16,13.149698,79.538124,Closed
Mine_04910,Tirunelveli,Marble,36.08,8.195807,79.509943,Active
Mine_04911,Tiruppur,Sandstone,52.92,12.71254,78.748184,Closed
Mine_04912,Ariyalur,Iron Ore,21.71,12.575877,76.407714,Active
Mine_04913,Vellore,Limestone,48.03,12.152165,79.408774,Closed
Mine_04914,Tirunelveli,Silica Sand,27.03,10.024826,77.849105,Active
Mine_04915,Kanyakumari,Limestone,43.21,8.000606,76.283763,Active
Mine_04916,Salem,Silica Sand,6.27,11.050418,79.053274,Active
Mine_04917,Kanyakumari,Silica Sand,28.72,8.865277,78.825164,Closed
Mine_04918,Theni,Limestone,6.82,8.74959,77.167596,Active
Mine_04919,Perambalur,Marble,88.53,11.366602,79.94265,Active
Mine_04920,Tuticorin,Sandstone,69.63,12.285797,78.814346,Active
Mine_04921,Cuddalore,Sand,11.65,10.803678,80.407583,Active
Mine_04922,Krishnagiri,Marble,39.48,9.674004,79.863269,Active
Mine_04923,Cuddalore,Salt,97.39,12.88141,76.778811,Closed
Mine_04924,Cuddalore,Sandstone,48.85,10.46428,77.402152,Active
Mine_04925,Perambalur,Silica Sand,42.35,11.566738,80.274527,Active
Mine_04926,Karur,Salt,121.15,9.26921,78.776744,Active
Mine_04927,Vellore,Granite,151.63,8.55194,77.976987,Active
Mine_04928,Cuddalore,Sandstone,14.69,12.706659,78.555619,Active
Mine_04929,Madurai,Granite,30.62,10.285755,77.520392,Active
Mine_04930,Ariyalur,Salt,66.4,8.66287,77.356842,Active
Mine_04931,Erode,Marble,41.51,9.562058,77.49224,Active
Mine_04932,Karur,Sandstone,10.44,9.796486,79.837488,Active
Mine_04933,Namakkal,Sand,37.95,11.797791,79.406225,Active
Mine_04934,Karur,Iron Ore,74.23,11.092753,80.006615,Closed
Mine_04935,Madurai,Sand,51.94,13.188393,76.728346,Active
Mine_04936,Tiruvannamalai,Sand,94.18,9.520903,76.579302,Active
Mine_04937,Krishnagiri,Sand,10.78,8.317353,78.783754,Active
Mine_04938,Tirunelveli,Marble,19.58,12.489051,77.001758,Active
Mine_04939,Karur,Granite,41.56,11.298099,79.212429,Active
Mine_04940,Tuticorin,Iron Ore,47.08,12.030211,79.271142,Active
Mine_04941,Cuddalore,Sandstone,12.6,8.518106,78.666639,Active
Mine_04942,Ariyalur,Granite,7.44,11.569831,78.785587,Active
Mine_04943,Tiruppur,Sand,2.52,13.485715,78.352089,Active
Mine_04944,Dharmapuri,Iron Ore,46.88,10.59301,77.480776,Active
Mine_04945,Erode,Sand,13.76,10.400163,77.576536,Closed
Mine_04946,Namakkal,Marble,8.4,11.815072,77.829634,Active
Mine_04947,Namakkal,Silica Sand,14.76,8.392026,77.924974,Active
Mine_04948,Tiruppur,Silica Sand,96.76,12.494281,80.428842,Active
Mine_04949,Madurai,Sandstone,81.99,12.114427,79.165275,Active
Mine_04950,Madurai,Granite,19.08,10.329593,77.32332,Active
Mine_04951,Vellore,Silica Sand,92.08,11.581956,76.252812,Active
Mine_04952,Tirunelveli,Sand,70.74,12.001478,76.675542,Closed
Mine_04953,Perambalur,Salt,3.2,8.584486,80.204143,Active
Mine_04954,Tirunelveli,Limestone,15.86,10.114361,76.337821,Active
Mine_04955,Salem,Iron Ore,65.41,12.652298,78.872954,Active
Mine_04956,Dindigul,Iron Ore,34.32,11.722396,78.977023,Active
Mine_04957,Ariyalur,Granite,41.78,8.323964,79.680429,Active
Mine_04958,Dharmapuri,Limestone,84.19,10.951394,76.168744,Active
Mine_04959,Dharmapuri,Silica Sand,76.2,9.540957,78.745308,Active
Mine_04960,Ariyalur,Iron Ore,106.26,9.753378,76.876531,Active
Mine_04961,Tirunelveli,Iron Ore,11.66,8.372118,76.57317,Active
Mine_04962,Erode,Sandstone,17.55,13.371578,77.008236,Active
Mine_04963,Salem,Salt,58.5,12.770641,77.533768,Active
Mine_04964,Dindigul,Marble,13.05,9.495674,78.423842,Active
Mine_04965,Ariyalur,Marble,53.65,11.661062,78.907198,Active
Mine_04966,Salem,Sandstone,121.04,12.685586,78.190636,Active
Mine_04967,Salem,Salt,22.53,10.145627,78.99422,Active
Mine_04968,Dindigul,Sandstone,58.36,12.036673,78.651443,Active
Mine_04969,Karur,Marble,14.06,11.748547,79.167431,Active
Mine_04970,Tiruvannamalai,Limestone,34.18,8.450254,79.016194,Active
Mine_04971,Tirunelveli,Salt,78.64,8.127747,77.130917,Active
Mine_04972,Tuticorin,Iron Ore,12.9,13.43662,77.216031,Active
Mine_04973,Krishnagiri,Silica Sand,36.84,13.414648,77.313269,Active
Mine_04974,Vellore,Sandstone,35.52,9.701706,79.030891,Closed
Mine_04975,Perambalur,Salt,15.38,9.558474,79.873696,Active
Mine_04976,Perambalur,Sandstone,47.4,10.961972,80.437166,Active
Mine_04977,Karur,Sandstone,18.49,10.182716,76.499465,Active
Mine_04978,Coimbatore,Limestone,107.61,12.966382,76.936603,Active
Mine_04979,Coimbatore,Silica Sand,38.36,11.727707,78.819269,Active
Mine_04980,Perambalur,Marble,39.95,13.210523,76.766147,Active
Mine_04981,Tuticorin,Sandstone,18.09,9.856957,77.938689,Active
Mine_04982,Vellore,Iron Ore,19.91,9.818372,79.720955,Active
Mine_04983,Tirunelveli,Sand,69.75,8.436745,77.466311,Active
Mine_04984,Vellore,Silica Sand,48.7,8.76989,78.792492,Active
Mine_04985,Karur,Limestone,4.73,12.047198,77.718123,Active
Mine_04986,Kanyakumari,Iron Ore,10.61,12.050486,78.542044,Active
Mine_04987,Karur,Sandstone,1.02,8.360055,79.159986,Active
Mine_04988,Tirunelveli,Granite,30.99,11.254071,78.543786,Active
Mine_04989,Tuticorin,Iron Ore,27.59,10.388933,78.435985,Active
Mine_04990,Kanyakumari,Sandstone,36.4,11.536597,78.602574,Active
Mine_04991,Perambalur,Sand,1.37,10.173314,76.473021,Closed
Mine_04992,Salem,Silica Sand,22.2,12.406263,77.227539,Active
Mine_04993,Tiruppur,Sand,38.3,12.482497,78.035175,Active
Mine_04994,Virudhunagar,Salt,4.97,10.67648,77.838195,Closed
Mine_04995,Namakkal,Granite,108.68,9.249314,79.361328,Active
Mine_04996,Namakkal,Sand,9.87,11.685949,78.861232,Active
Mine_04997,Tiruppur,Salt,127.14,13.394441,78.871464,Active
Mine_04998,Cuddalore,Granite,116.78,10.386602,76.876672,Active
Mine_04999,Cuddalore,Sand,52.31,11.438947,76.394806,Active
Mine_05000,Tiruvannamalai,Marble,44.23,8.610151,78.334815,Active
Mine_05001,Salem,Salt,135.5,8.749589,79.396151,Active
Mine_05002,Dharmapuri,Silica Sand,82.03,11.530381,77.659125,Active
Mine_05003,Tiruppur,Limestone,10.35,11.540564,80.150793,Active
Mine_05004,Dharmapuri,Limestone,141.76,11.797278,76.460974,Active
Mine_05005,Ariyalur,Granite,12.89,13.266479,77.824084,Active
Mine_05006,Erode,Silica Sand,29.71,10.101803,76.34487,Active
Mine_05007,Tuticorin,Iron Ore,46.3,10.098223,76.574767,Active
Mine_05008,Cuddalore,Limestone,44.16,8.86477,78.914208,Active
Mine_05009,Ariyalur,Granite,44.53,11.257315,78.920983,Active
Mine_05010,Tirunelveli,Marble,40.97,11.374542,77.794214,Active
Mine_05011,Kanyakumari,Sand,41.5,13.34183,80.100559,Active
Mine_05012,Cuddalore,Silica Sand,42.61,11.315881,76.123429,Active
Mine_05013,Tuticorin,Granite,97.14,12.985752,76.681683,Active
Mine_05014,Dharmapuri,Sand,25.34,12.141959,79.554877,Active
Mine_05015,Krishnagiri,Limestone,16.15,11.609912,79.533292,Active
Mine_05016,Erode,Limestone,34.24,12.745529,78.47548,Active
Mine_05017,Tiruvannamalai,Granite,71.22,8.73204,79.56331,Active
Mine_05018,Namakkal,Marble,8.16,10.554045,78.872556,Closed
Mine_05019,Ariyalur,Sand,46.45,9.057939,77.901622,Active
Mine_05020,Karur,Granite,24.36,12.446697,79.523345,Active
Mine_05021,Tiruvannamalai,Limestone,31.67,8.709878,76.164712,Active
Mine_05022,Madurai,Silica Sand,3.17,11.023337,78.42857,Closed
Mine_05023,Ariyalur,Limestone,24.51,10.692993,79.399016,Active
Mine_05024,Dharmapuri,Sandstone,34.84,11.524147,78.980401,Active
Mine_05025,Tiruppur,Marble,14.85,10.453737,79.009178,Active
Mine_05026,Karur,Sand,18.19,11.937355,76.999779,Active
Mine_05027,Kanyakumari,Iron Ore,7.62,10.080555,77.310554,Active
Mine_05028,Ariyalur,Salt,40.94,11.706519,78.054044,Active
Mine_05029,Theni,Marble,3.13,8.545671,76.881988,Active
Mine_05030,Madurai,Silica Sand,27.78,11.926133,76.239523,Active
Mine_05031,Tiruvannamalai,Limestone,71.64,9.199344,79.749732,Active
Mine_05032,Dindigul,Silica Sand,83.51,11.877059,76.114128,Active
Mine_05033,Tirunelveli,Iron Ore,39.8,11.650883,80.238779,Active
Mine_05034,Theni,Iron Ore,1.0,9.974489,78.309137,Active
Mine_05035,Cuddalore,Marble,86.58,8.598994,77.196912,Closed
Mine_05036,Theni,Iron Ore,12.88,12.018234,79.024168,Active
Mine_05037,Theni,Sand,87.8,11.728182,76.760468,Active
Mine_05038,Ariyalur,Marble,87.17,9.225616,80.449393,Active
Mine_05039,Perambalur,Salt,42.82,10.304241,78.13767,Active
Mine_05040,Vellore,Limestone,27.49,8.705923,76.033019,Active
Mine_05041,Cuddalore,Limestone,57.77,13.31914,76.160689,Closed
Mine_05042,Karur,Sandstone,60.94,10.095226,76.430944,Active
Mine_05043,Dindigul,Marble,104.17,12.66888,77.797778,Active
Mine_05044,Coimbatore,Sandstone,62.17,10.386101,77.949873,Active
Mine_05045,Coimbatore,Granite,3.54,11.391174,77.087157,Active
Mine_05046,Perambalur,Silica Sand,54.88,12.123581,76.885191,Active
Mine_05047,Tuticorin,Marble,100.57,11.178447,79.273759,Active
Mine_05048,Theni,Silica Sand,30.12,10.975181,79.829225,Closed
Mine_05049,Namakkal,Sand,37.1,11.394683,77.633101,Active
Mine_05050,Dindigul,Limestone,10.12,9.319138,79.877214,Active
Mine_05051,Cuddalore,Sandstone,8.29,11.356188,76.829397,Active
Mine_05052,Coimbatore,Marble,33.33,13.071549,76.178745,Active
Mine_05053,Coimbatore,Limestone,5.29,12.029639,77.662192,Active
Mine_05054,Kanyakumari,Silica Sand,42.33,13.337996,76.791274,Active
Mine_05055,Dharmapuri,Marble,60.5,10.47986,80.424947,Active
Mine_05056,Karur,Sandstone,22.49,10.9794,77.570922,Active
Mine_05057,Vellore,Granite,18.94,11.472527,79.505822,Active
Mine_05058,Perambalur,Marble,1.01,9.436704,78.471204,Closed
Mine_05059,Namakkal,Sandstone,18.29,11.103375,78.955542,Active
Mine_05060,Karur,Iron Ore,111.06,11.586078,76.713544,Active
Mine_05061,Namakkal,Silica Sand,42.47,9.001792,79.822217,Active
Mine_05062,Dharmapuri,Sandstone,22.27,11.280683,79.553031,Active
Mine_05063,Karur,Salt,6.85,9.69863,79.163529,Active
Mine_05064,Tiruppur,Marble,34.44,8.8099,77.135221,Active
Mine_05065,Tiruvannamalai,Marble,202.35,8.909533,79.515907,Active
Mine_05066,Erode,Limestone,82.89,13.266467,76.778024,Active
Mine_05067,Coimbatore,Salt,37.56,10.30175,76.68659,Active
Mine_05068,Vellore,Sandstone,47.62,10.43052,79.824459,Active
Mine_05069,Salem,Iron Ore,32.61,8.693081,78.645595,Active
Mine_05070,Tirunelveli,Iron Ore,6.12,9.924351,80.180421,Active
Mine_05071,Cuddalore,Sandstone,20.26,11.088809,78.307655,Active
Mine_05072,Theni,Limestone,167.52,12.369365,77.331498,Active
Mine_05073,Ariyalur,Silica Sand,92.52,11.653112,80.148972,Active
Mine_05074,Dindigul,Salt,86.61,8.647054,76.645821,Active
Mine_05075,Perambalur,Granite,17.43,11.761771,77.596117,Active
Mine_05076,Tuticorin,Silica Sand,43.89,10.558076,77.329828,Active
Mine_05077,Tiruvannamalai,Granite,50.86,11.015338,79.246669,Active
Mine_05078,Vellore,Iron Ore,9.92,11.389568,79.619317,Active
Mine_05079,Salem,Limestone,46.77,12.10592,76.6645,Active
Mine_05080,Coimbatore,Limestone,36.89,11.575185,78.841189,Active
Mine_05081,Virudhunagar,Marble,40.29,11.659626,77.076286,Active
Mine_05082,Tiruppur,Silica Sand,12.08,10.546357,80.09331,Active
Mine_05083,Tuticorin,Silica Sand,1.44,8.427901,76.365886,Active
Mine_05084,Karur,Sand,10.33,12.110285,76.76482,Active
Mine_05085,Salem,Marble,16.11,11.219657,77.520283,Active
Mine_05086,Tiruppur,Marble,86.35,12.552412,79.891739,Active
Mine_05087,Coimbatore,Sand,32.58,12.320734,78.479502,Active
Mine_05088,Karur,Silica Sand,32.73,8.967348,80.141949,Active
Mine_05089,Theni,Iron Ore,5.75,10.1196,76.819712,Active
Mine_05090,Salem,Sandstone,77.19,8.125982,78.546536,Active
Mine_05091,Dharmapuri,Salt,48.84,12.045845,79.662913,Active
Mine_05092,Krishnagiri,Marble,7.3,9.37344,76.60526,Active
Mine_05093,Tuticorin,Salt,6.76,11.427109,76.346869,Active
Mine_05094,Tirunelveli,Salt,1.0,11.833446,78.530059,Active
Mine_05095,Kanyakumari,Salt,66.63,10.760011,79.143378,Active
Mine_05096,Cuddalore,Iron Ore,140.8,11.111062,76.589419,Active
Mine_05097,Tirunelveli,Limestone,34.72,9.872081,78.326866,Active
Mine_05098,Coimbatore,Sandstone,2.29,12.528556,80.410704,Active
Mine_05099,Erode,Sandstone,133.88,9.905744,79.953657,Active
Mine_05100,Tirunelveli,Granite,42.13,8.554347,79.805681,Active
Mine_05101,Kanyakumari,Silica Sand,3.22,11.198164,80.103016,Active
Mine_05102,Tiruvannamalai,Limestone,15.44,11.427379,78.686745,Active
Mine_05103,Dharmapuri,Marble,79.99,8.144594,80.099487,Active
Mine_05104,Cuddalore,Sandstone,5.68,12.962402,79.374263,Active
Mine_05105,Tuticorin,Limestone,8.17,9.695469,78.190819,Active
Mine_05106,Kanyakumari,Sandstone,20.47,10.204089,77.299176,Active
Mine_05107,Ariyalur,Iron Ore,103.07,11.866284,80.077836,Closed
Mine_05108,Tiruppur,Sand,67.16,8.516549,80.49779,Closed
Mine_05109,Kanyakumari,Iron Ore,2.76,10.141981,79.01343,Active
Mine_05110,Perambalur,Granite,23.38,9.188221,77.351214,Active
Mine_05111,Madurai,Sand,63.79,11.704553,80.123179,Closed
Mine_05112,Virudhunagar,Sandstone,59.48,12.976687,78.709901,Active
Mine_05113,Namakkal,Marble,3.09,12.116958,76.285775,Active
Mine_05114,Virudhunagar,Sandstone,24.84,10.235649,78.085285,Active
Mine_05115,Namakkal,Silica Sand,5.95,10.698043,80.272191,Active
Mine_05116,Dharmapuri,Sand,54.6,8.109458,80.161109,Active
Mine_05117,Coimbatore,Iron Ore,38.18,8.725698,77.142835,Active
Mine_05118,Tiruppur,Silica Sand,1.01,9.752827,76.352109,Active
Mine_05119,Cuddalore,Sand,59.64,8.678227,77.159607,Active
Mine_05120,Dindigul,Silica Sand,13.09,8.405556,76.670336,Active
Mine_05121,Namakkal,Silica Sand,14.91,12.587222,78.088626,Active
Mine_05122,Salem,Granite,159.96,11.120393,79.997809,Closed
Mine_05123,Ariyalur,Sandstone,27.71,12.461509,78.945941,Active
Mine_05124,Ariyalur,Sand,15.28,13.167227,76.604231,Active
Mine_05125,Kanyakumari,Silica Sand,93.79,12.569655,77.829696,Closed
Mine_05126,Namakkal,Granite,58.32,9.28087,78.152224,Active
Mine_05127,Dharmapuri,Iron Ore,109.78,11.638212,79.538345,Active
Mine_05128,Cuddalore,Salt,12.24,9.154327,80.16844,Active
Mine_05129,Tiruvannamalai,Granite,18.91,11.056302,76.542549,Active
Mine_05130,Coimbatore,Limestone,30.92,11.490771,80.307933,Active
Mine_05131,Perambalur,Granite,18.1,8.143618,76.79564,Active
Mine_05132,Namakkal,Silica Sand,3.29,9.460141,79.072636,Active
Mine_05133,Tuticorin,Limestone,60.31,10.038075,79.057222,Active
Mine_05134,Madurai,Marble,59.45,10.880221,77.991301,Closed
Mine_05135,Cuddalore,Salt,27.96,9.118992,80.066839,Active
Mine_05136,Salem,Sand,18.78,8.469805,79.311817,Active
Mine_05137,Perambalur,Sandstone,40.05,10.36891,76.56794,Active
Mine_05138,Salem,Iron Ore,5.79,11.026462,76.086272,Active
Mine_05139,Cuddalore,Sand,117.59,9.107229,78.603255,Active
Mine_05140,Cuddalore,Iron Ore,7.8,12.330684,76.901094,Active
Mine_05141,Dindigul,Sand,27.98,8.062198,78.756952,Active
Mine_05142,Karur,Sandstone,6.87,12.259645,76.93804,Active
Mine_05143,Virudhunagar,Salt,35.13,8.379677,79.76562,Active
Mine_05144,Kanyakumari,Silica Sand,50.55,13.459129,78.040639,Closed
Mine_05145,Theni,Limestone,60.16,12.690594,77.356521,Active
Mine_05146,Erode,Marble,80.02,8.141261,79.019126,Active
Mine_05147,Krishnagiri,Iron Ore,15.6,10.16534,80.229023,Active
Mine_05148,Tiruvannamalai,Sand,51.54,12.617758,78.226761,Active
Mine_05149,Perambalur,Silica Sand,37.14,13.496758,76.623091,Active
Mine_05150,Virudhunagar,Salt,1.31,11.793805,76.36168,Active
Mine_05151,Perambalur,Silica Sand,95.15,8.992512,76.181953,Active
Mine_05152,Perambalur,Granite,20.82,8.654845,79.367055,Active
Mine_05153,Karur,Sand,7.53,11.263985,79.503688,Active
Mine_05154,Tuticorin,Sand,9.65,11.753188,80.450934,Active
Mine_05155,Salem,Sandstone,15.44,11.618848,80.037287,Active
Mine_05156,Karur,Salt,20.14,12.461946,78.31031,Active
Mine_05157,Theni,Granite,3.45,11.287259,79.949505,Closed
Mine_05158,Karur,Iron Ore,69.56,13.424786,79.259473,Active
Mine_05159,Perambalur,Iron Ore,48.94,11.849813,79.844172,Active
Mine_05160,Tirunelveli,Limestone,40.93,13.246346,78.096274,Active
Mine_05161,Theni,Granite,93.28,13.00418,80.042435,Closed
Mine_05162,Tiruppur,Salt,1.0,8.727395,76.604044,Active
Mine_05163,Cuddalore,Granite,100.9,11.650924,77.404329,Active
Mine_05164,Tiruppur,Iron Ore,6.13,12.864761,77.523979,Active
Mine_05165,Tiruppur,Limestone,27.73,12.48939,76.705498,Active
Mine_05166,Virudhunagar,Silica Sand,99.09,13.201316,77.04449,Active
Mine_05167,Dindigul,Sandstone,1.72,10.668814,79.583599,Active
Mine_05168,Cuddalore,Salt,26.7,13.067011,78.777458,Active
Mine_05169,Tiruvannamalai,Salt,8.35,9.406032,78.399299,Active
Mine_05170,Tirunelveli,Iron Ore,53.03,8.905767,79.376939,Active
Mine_05171,Krishnagiri,Salt,34.98,12.734576,78.808816,Active
Mine_05172,Namakkal,Limestone,126.34,12.001611,78.374674,Active
Mine_05173,Cuddalore,Granite,28.14,12.922096,79.95907,Active
Mine_05174,Cuddalore,Marble,9.77,8.411777,77.745005,Active
Mine_05175,Dindigul,Sand,71.27,11.610741,78.292883,Active
Mine_05176,Dharmapuri,Limestone,21.69,8.138373,80.301267,Active
Mine_05177,Krishnagiri,Salt,4.31,9.562812,76.836179,Active
Mine_05178,Coimbatore,Salt,1.0,13.186225,77.482255,Active
Mine_05179,Tiruppur,Sandstone,33.4,8.969281,78.24397,Active
Mine_05180,Theni,Granite,11.78,8.171495,77.513358,Active
Mine_05181,Virudhunagar,Salt,45.52,11.883832,79.817869,Active
Mine_05182,Dharmapuri,Sandstone,9.08,12.052175,79.772853,Active
Mine_05183,Perambalur,Sand,15.01,10.615331,79.047231,Active
Mine_05184,Virudhunagar,Marble,14.11,11.575608,76.615289,Active
Mine_05185,Coimbatore,Silica Sand,16.31,12.656911,79.484311,Active
Mine_05186,Dindigul,Granite,49.41,10.856563,80.408729,Active
Mine_05187,Krishnagiri,Salt,21.03,12.963269,77.330691,Active
Mine_05188,Karur,Sandstone,4.64,9.754466,79.716454,Active
Mine_05189,Tiruvannamalai,Marble,62.2,10.773209,78.307216,Active
Mine_05190,Krishnagiri,Sand,15.33,8.517769,77.36228,Active
Mine_05191,Dindigul,Marble,8.33,8.614814,78.973896,Active
Mine_05192,Madurai,Sandstone,153.04,9.131049,78.596809,Active
Mine_05193,Ariyalur,Limestone,21.4,9.062981,79.384999,Active
Mine_05194,Tiruppur,Salt,1.67,9.837431,78.816957,Active
Mine_05195,Tiruvannamalai,Granite,11.28,8.855226,76.608275,Active
Mine_05196,Dindigul,Sandstone,24.11,8.679817,78.914903,Active
Mine_05197,Tiruppur,Granite,8.09,8.804647,77.524473,Active
Mine_05198,Erode,Salt,36.81,13.179099,78.816227,Active
Mine_05199,Erode,Granite,5.72,10.458157,78.694043,Active
Mine_05200,Virudhunagar,Salt,23.56,9.455297,80.022132,Active
Mine_05201,Erode,Iron Ore,20.89,12.886169,76.969721,Active
Mine_05202,Ariyalur,Granite,123.14,11.261582,78.818155,Active
Mine_05203,Tiruppur,Sand,9.56,11.321933,80.295528,Active
Mine_05204,Namakkal,Marble,110.03,9.927675,77.708772,Active
Mine_05205,Madurai,Sand,26.13,10.877341,76.135047,Active
Mine_05206,Krishnagiri,Iron Ore,32.72,11.070649,79.194549,Active
Mine_05207,Virudhunagar,Silica Sand,32.48,10.00126,76.144505,Active
Mine_05208,Cuddalore,Granite,28.03,11.517025,78.878837,Active
Mine_05209,Tiruppur,Sand,6.7,13.229456,79.790875,Active
Mine_05210,Coimbatore,Iron Ore,112.48,9.377445,78.396398,Active
Mine_05211,Virudhunagar,Salt,9.93,13.369416,77.433512,Active
Mine_05212,Coimbatore,Salt,86.47,12.338591,76.879561,Active
Mine_05213,Dindigul,Granite,154.78,11.794964,78.833193,Active
Mine_05214,Erode,Marble,43.63,12.965625,78.438259,Active
Mine_05215,Tuticorin,Marble,3.07,12.628774,80.323935,Active
Mine_05216,Madurai,Marble,14.85,10.645891,79.345105,Active
Mine_05217,Dharmapuri,Silica Sand,4.04,13.105438,79.92246,Active
Mine_05218,Dharmapuri,Sandstone,24.1,12.113215,77.358023,Active
Mine_05219,Krishnagiri,Marble,17.78,8.197338,77.273463,Active
Mine_05220,Perambalur,Limestone,3.06,9.580786,78.563009,Active
Mine_05221,Tiruvannamalai,Granite,49.9,8.050968,77.243771,Active
Mine_05222,Coimbatore,Salt,127.81,10.071082,78.371899,Active
Mine_05223,Erode,Limestone,11.03,12.576813,79.878958,Active
Mine_05224,Erode,Limestone,56.57,9.622886,76.526923,Active
Mine_05225,Krishnagiri,Iron Ore,2.14,10.632741,79.330034,Active
Mine_05226,Tirunelveli,Granite,93.31,12.577804,77.478536,Active
Mine_05227,Erode,Marble,45.74,9.677236,77.480861,Closed
Mine_05228,Theni,Iron Ore,91.3,9.090689,76.379815,Active
Mine_05229,Karur,Silica Sand,48.05,9.709048,79.084531,Active
Mine_05230,Erode,Limestone,40.1,9.529878,78.860752,Active
Mine_05231,Dharmapuri,Sandstone,28.47,13.104289,77.763863,Active
Mine_05232,Erode,Granite,13.76,9.348023,77.459161,Active
Mine_05233,Virudhunagar,Salt,35.47,9.773633,77.397152,Active
Mine_05234,Tirunelveli,Granite,12.97,9.048948,78.780622,Active
Mine_05235,Salem,Salt,54.06,9.37525,77.273151,Active
Mine_05236,Dharmapuri,Silica Sand,31.71,8.167056,78.909646,Active
Mine_05237,Tuticorin,Granite,17.17,11.222444,76.624524,Active
Mine_05238,Cuddalore,Silica Sand,4.34,8.638588,78.376482,Active
Mine_05239,Tiruppur,Silica Sand,13.62,12.451246,76.307287,Active
Mine_05240,Dharmapuri,Iron Ore,8.67,9.476012,79.694262,Active
Mine_05241,Dharmapuri,Granite,102.92,11.850932,76.134998,Active
Mine_05242,Salem,Limestone,33.72,12.84132,79.707219,Closed
Mine_05243,Tirunelveli,Sand,53.6,9.97759,79.258369,Active
Mine_05244,Kanyakumari,Silica Sand,21.78,9.224093,76.022394,Active
Mine_05245,Cuddalore,Sand,1.0,12.31159,76.346432,Active
Mine_05246,Tiruvannamalai,Sand,8.01,13.317777,78.716801,Active
Mine_05247,Salem,Granite,51.32,13.333786,77.567824,Active
Mine_05248,Tuticorin,Sand,10.62,11.714191,76.622034,Closed
Mine_05249,Virudhunagar,Sandstone,78.48,12.923828,78.506995,Active
Mine_05250,Theni,Silica Sand,24.68,10.39161,76.837847,Active
Mine_05251,Dharmapuri,Sandstone,12.58,12.193425,76.267064,Closed
Mine_05252,Dindigul,Salt,25.84,8.151539,78.759826,Active
Mine_05253,Tiruvannamalai,Sandstone,35.01,13.092995,79.523971,Active
Mine_05254,Tiruvannamalai,Salt,19.52,10.802449,80.256758,Active
Mine_05255,Krishnagiri,Salt,6.65,12.459599,77.113413,Active
Mine_05256,Tirunelveli,Granite,76.31,12.250662,78.750493,Active
Mine_05257,Tiruvannamalai,Salt,64.7,11.388584,76.706012,Active
Mine_05258,Dharmapuri,Iron Ore,65.93,12.257589,77.34039,Active
Mine_05259,Kanyakumari,Sandstone,3.9,9.338768,78.067895,Active
Mine_05260,Dharmapuri,Sand,1.0,9.877641,79.070568,Active
Mine_05261,Tuticorin,Sand,98.4,9.947574,79.176294,Active
Mine_05262,Karur,Iron Ore,46.91,8.502274,80.109261,Active
Mine_05263,Tuticorin,Silica Sand,44.95,12.255904,80.349167,Active
Mine_05264,Madurai,Sand,20.72,12.545932,77.111714,Active
Mine_05265,Tuticorin,Sand,119.44,13.464057,78.557713,Closed
Mine_05266,Karur,Granite,6.27,8.855769,76.870289,Active
Mine_05267,Vellore,Granite,4.68,10.389679,77.706272,Active
Mine_05268,Ariyalur,Iron Ore,8.41,13.20666,79.115179,Closed
Mine_05269,Tiruvannamalai,Sandstone,92.16,8.990779,76.881929,Active
Mine_05270,Virudhunagar,Sandstone,17.88,11.551303,79.657682,Active
Mine_05271,Madurai,Marble,4.41,9.993592,77.34694,Active
Mine_05272,Tiruppur,Sand,18.81,8.360194,79.321183,Active
Mine_05273,Erode,Sandstone,1.0,12.574769,76.460165,Active
Mine_05274,Theni,Sandstone,3.32,8.627097,78.563082,Closed
Mine_05275,Erode,Sand,40.05,10.779839,76.083827,Active
Mine_05276,Tiruppur,Sandstone,63.13,12.197067,79.330255,Active
Mine_05277,Tuticorin,Silica Sand,90.19,12.891057,78.393658,Active
Mine_05278,Ariyalur,Iron Ore,29.46,12.715723,77.368178,Active
Mine_05279,Tiruvannamalai,Marble,3.03,12.160335,77.149045,Closed
Mine_05280,Tiruppur,Silica Sand,1.0,11.346314,80.328591,Active
Mine_05281,Virudhunagar,Granite,33.39,12.638583,76.558731,Closed
Mine_05282,Ariyalur,Silica Sand,26.84,9.81645,79.236336,Active
Mine_05283,Tuticorin,Granite,9.59,13.119823,78.375358,Active
Mine_05284,Dharmapuri,Silica Sand,1.14,10.591239,76.824516,Active
Mine_05285,Vellore,Sandstone,42.5,13.238173,78.379313,Active
Mine_05286,Vellore,Silica Sand,101.93,9.177098,79.722971,Active
Mine_05287,Kanyakumari,Limestone,15.06,13.236198,78.824348,Active
Mine_05288,Tuticorin,Silica Sand,14.52,8.970242,78.447863,Active
Mine_05289,Tiruppur,Granite,24.43,12.480226,77.400952,Active
Mine_05290,Madurai,Sandstone,19.47,12.716468,76.971947,Active
Mine_05291,Dharmapuri,Salt,1.4,8.60464,79.356458,Active
Mine_05292,Erode,Limestone,8.29,10.461472,78.349672,Active
Mine_05293,Namakkal,Iron Ore,18.2,11.682336,79.138132,Active
Mine_05294,Virudhunagar,Sand,13.61,10.503398,79.36271,Active
Mine_05295,Tiruppur,Marble,29.72,12.651091,80.409837,Closed
Mine_05296,Cuddalore,Salt,1.0,11.738648,79.353405,Active
Mine_05297,Salem,Sand,59.49,10.663795,76.045782,Closed
Mine_05298,Karur,Sand,87.87,10.019832,76.823418,Active
Mine_05299,Perambalur,Granite,4.25,13.318414,78.398862,Active
Mine_05300,Karur,Sand,30.48,9.463456,80.045264,Active
Mine_05301,Dharmapuri,Salt,11.35,11.191286,79.242582,Active
Mine_05302,Cuddalore,Limestone,69.69,8.518234,79.198018,Active
Mine_05303,Tiruppur,Sand,31.56,9.244443,79.696128,Active
Mine_05304,Namakkal,Iron Ore,29.44,11.23918,79.28449,Active
Mine_05305,Madurai,Iron Ore,122.43,10.744716,79.422391,Active
Mine_05306,Ariyalur,Marble,15.79,8.481177,80.449956,Active
Mine_05307,Vellore,Limestone,13.38,11.592854,76.946808,Active
Mine_05308,Theni,Marble,90.21,12.622319,79.054633,Active
Mine_05309,Ariyalur,Limestone,78.46,8.670859,76.701694,Active
Mine_05310,Ariyalur,Limestone,10.05,11.166974,77.676595,Active
Mine_05311,Dharmapuri,Sandstone,25.84,11.415028,76.03557,Active
Mine_05312,Namakkal,Iron Ore,14.09,11.997688,77.698443,Active
Mine_05313,Karur,Limestone,98.0,12.837016,76.677819,Active
Mine_05314,Dindigul,Sandstone,48.38,12.621616,76.376065,Active
Mine_05315,Vellore,Limestone,25.94,9.9033,78.276309,Active
Mine_05316,Kanyakumari,Silica Sand,2.29,9.987972,76.80565,Active
Mine_05317,Kanyakumari,Salt,3.28,12.317708,80.03075,Active
Mine_05318,Tiruppur,Granite,15.86,9.770855,77.705365,Active
Mine_05319,Perambalur,Granite,42.41,8.216226,76.476467,Active
Mine_05320,Krishnagiri,Limestone,54.92,9.410184,80.290218,Closed
Mine_05321,Ariyalur,Limestone,4.9,11.568975,79.417818,Active
Mine_05322,Tirunelveli,Salt,10.82,8.757864,78.247424,Active
Mine_05323,Perambalur,Limestone,12.94,12.586347,76.665252,Active
Mine_05324,Tiruppur,Marble,73.63,8.339984,77.439599,Closed
Mine_05325,Tiruppur,Marble,170.58,9.292462,79.013646,Closed
Mine_05326,Virudhunagar,Limestone,1.0,10.265794,80.047469,Active
Mine_05327,Erode,Silica Sand,9.14,10.24426,79.51281,Active
Mine_05328,Madurai,Silica Sand,35.85,8.529098,78.149486,Active
Mine_05329,Perambalur,Marble,16.85,9.014917,76.098108,Active
Mine_05330,Krishnagiri,Marble,19.76,10.839948,76.049178,Active
Mine_05331,Dharmapuri,Granite,67.83,9.461013,76.048548,Active
Mine_05332,Krishnagiri,Sandstone,4.61,8.653173,77.396542,Active
Mine_05333,Krishnagiri,Limestone,29.3,8.774203,77.934358,Active
Mine_05334,Salem,Granite,15.97,13.05513,78.122206,Active
Mine_05335,Salem,Marble,6.92,9.571401,76.943555,Active
Mine_05336,Tiruppur,Granite,16.04,12.323081,76.422882,Active
Mine_05337,Namakkal,Limestone,59.32,10.025266,79.89368,Active
Mine_05338,Dharmapuri,Marble,16.35,13.462364,80.43497,Active
Mine_05339,Theni,Silica Sand,30.67,8.849054,76.755009,Active
Mine_05340,Tiruvannamalai,Sandstone,35.83,13.481381,80.046812,Active
Mine_05341,Tuticorin,Silica Sand,4.9,10.540146,78.353815,Active
Mine_05342,Tiruppur,Sand,56.57,9.922535,78.134788,Active
Mine_05343,Tirunelveli,Granite,62.4,12.477225,76.892265,Active
Mine_05344,Salem,Sandstone,38.72,10.823737,76.512576,Active
Mine_05345,Karur,Sandstone,9.79,9.943613,78.214459,Active
Mine_05346,Salem,Granite,43.81,8.563942,79.70288,Closed
Mine_05347,Madurai,Granite,12.98,12.033733,79.25354,Active
Mine_05348,Erode,Marble,11.71,10.105745,76.652555,Active
Mine_05349,Erode,Granite,71.08,9.829203,77.051156,Active
Mine_05350,Madurai,Marble,13.7,10.219032,79.616247,Active
Mine_05351,Kanyakumari,Sandstone,35.51,10.082893,79.373953,Active
Mine_05352,Vellore,Silica Sand,29.12,9.366555,78.729254,Active
Mine_05353,Vellore,Granite,19.13,8.354599,80.44587,Closed
Mine_05354,Madurai,Limestone,16.74,8.736652,79.759796,Active
Mine_05355,Kanyakumari,Sandstone,8.26,8.699154,78.646738,Active
Mine_05356,Salem,Sand,14.57,10.213024,76.096125,Active
Mine_05357,Tuticorin,Granite,100.91,11.529825,77.794125,Active
Mine_05358,Karur,Salt,1.0,9.798019,80.245775,Closed
Mine_05359,Tuticorin,Marble,9.1,12.583561,76.918896,Active
Mine_05360,Vellore,Iron Ore,6.89,13.243219,78.709142,Active
Mine_05361,Theni,Marble,10.48,8.032546,78.694976,Closed
Mine_05362,Cuddalore,Limestone,24.24,9.581578,77.235541,Active
Mine_05363,Madurai,Limestone,17.42,9.698267,80.404387,Active
Mine_05364,Coimbatore,Iron Ore,158.65,13.451589,77.601729,Active
Mine_05365,Dharmapuri,Sandstone,44.49,11.979484,76.14061,Active
Mine_05366,Tiruppur,Sandstone,11.24,8.025606,79.96319,Active
Mine_05367,Cuddalore,Silica Sand,3.64,11.058101,80.468142,Active
Mine_05368,Namakkal,Salt,23.07,11.098322,77.324712,Active
Mine_05369,Kanyakumari,Marble,51.88,10.822647,77.07029,Active
Mine_05370,Dharmapuri,Sand,145.62,11.813452,77.226669,Active
Mine_05371,Theni,Sandstone,6.5,9.601479,78.610414,Active
Mine_05372,Ariyalur,Sand,17.1,10.574004,78.9005,Active
Mine_05373,Perambalur,Sand,35.31,10.141485,79.223799,Active
Mine_05374,Tiruvannamalai,Limestone,31.24,9.940638,79.827053,Active
Mine_05375,Cuddalore,Iron Ore,27.86,8.859492,77.479493,Active
Mine_05376,Virudhunagar,Limestone,47.93,9.311303,80.221605,Active
Mine_05377,Vellore,Marble,27.05,12.010064,77.696589,Closed
Mine_05378,Theni,Limestone,24.47,12.800836,76.387082,Active
Mine_05379,Namakkal,Silica Sand,3.52,10.580194,77.958687,Active
Mine_05380,Salem,Salt,23.17,8.033938,77.064499,Active
Mine_05381,Dindigul,Iron Ore,7.67,8.372908,76.884758,Active
Mine_05382,Cuddalore,Marble,23.34,12.827983,77.046995,Active
Mine_05383,Virudhunagar,Silica Sand,71.69,8.718199,76.143371,Active
Mine_05384,Kanyakumari,Granite,5.55,9.818686,77.423867,Closed
Mine_05385,Madurai,Salt,37.83,10.224107,78.481557,Active
Mine_05386,Tiruppur,Marble,77.27,11.800872,80.418231,Active
Mine_05387,Dindigul,Salt,44.96,8.623519,80.129993,Active
Mine_05388,Tiruppur,Sand,7.43,8.498711,79.590277,Active
Mine_05389,Perambalur,Iron Ore,120.33,10.040546,76.751377,Active
Mine_05390,Tirunelveli,Silica Sand,27.63,9.603278,78.322275,Active
Mine_05391,Namakkal,Marble,49.54,9.130749,76.521549,Active
Mine_05392,Krishnagiri,Sand,29.95,9.797368,79.402671,Active
Mine_05393,Kanyakumari,Silica Sand,56.84,8.317313,78.289927,Closed
Mine_05394,Tiruppur,Silica Sand,27.55,10.65894,77.655724,Active
Mine_05395,Perambalur,Silica Sand,2.62,8.920066,79.857745,Active
Mine_05396,Vellore,Marble,66.17,12.5278,78.477762,Active
Mine_05397,Dharmapuri,Limestone,66.46,12.57094,76.244813,Active
Mine_05398,Theni,Marble,1.34,11.968773,76.869073,Active
Mine_05399,Vellore,Sandstone,15.13,8.118403,79.651576,Closed
Mine_05400,Dharmapuri,Salt,68.0,9.188743,77.403589,Active
Mine_05401,Theni,Sandstone,24.75,8.052782,76.954846,Active
Mine_05402,Perambalur,Sand,40.47,9.277584,78.924454,Active
Mine_05403,Erode,Iron Ore,41.67,10.564365,78.899372,Active
Mine_05404,Coimbatore,Salt,71.04,10.680384,76.785875,Active
Mine_05405,Ariyalur,Granite,80.14,12.440931,78.95043,Active
Mine_05406,Dharmapuri,Salt,16.93,12.70201,80.327813,Active
Mine_05407,Cuddalore,Iron Ore,24.83,10.985749,80.419235,Active
Mine_05408,Tirunelveli,Iron Ore,18.08,8.148881,76.524374,Active
Mine_05409,Tiruppur,Limestone,63.77,10.921782,78.162516,Active
Mine_05410,Cuddalore,Silica Sand,116.28,8.423252,80.335778,Active
Mine_05411,Krishnagiri,Salt,29.23,11.407002,80.274632,Active
Mine_05412,Tiruvannamalai,Granite,42.88,9.358163,79.728806,Active
Mine_05413,Ariyalur,Silica Sand,81.05,12.613753,77.677522,Active
Mine_05414,Kanyakumari,Silica Sand,73.34,10.919191,79.441857,Active
Mine_05415,Krishnagiri,Sand,2.23,11.982998,76.525138,Active
Mine_05416,Tuticorin,Silica Sand,69.92,8.671438,78.799894,Active
Mine_05417,Namakkal,Sand,22.18,10.651415,76.684425,Active
Mine_05418,Erode,Granite,8.06,12.014193,78.93214,Active
Mine_05419,Tirunelveli,Sandstone,14.42,13.421713,78.253677,Active
Mine_05420,Theni,Silica Sand,2.58,8.967709,77.464754,Active
Mine_05421,Theni,Salt,16.77,10.866295,77.16575,Closed
Mine_05422,Tirunelveli,Granite,26.28,11.122971,79.08809,Active
Mine_05423,Namakkal,Limestone,22.57,8.735708,76.936165,Active
Mine_05424,Tiruppur,Marble,1.0,12.584479,76.250741,Active
Mine_05425,Tuticorin,Marble,7.86,12.585836,79.497219,Active
Mine_05426,Madurai,Marble,9.92,12.008908,77.598767,Active
Mine_05427,Vellore,Limestone,46.02,11.355467,80.378716,Active
Mine_05428,Kanyakumari,Limestone,3.34,12.230239,79.085394,Active
Mine_05429,Perambalur,Granite,75.7,10.433307,77.178588,Active
Mine_05430,Tirunelveli,Marble,30.66,13.364601,79.216066,Active
Mine_05431,Kanyakumari,Sand,1.0,11.0678,77.575907,Active
Mine_05432,Vellore,Salt,173.21,10.396343,79.369542,Active
Mine_05433,Coimbatore,Salt,34.73,12.131581,78.377726,Active
Mine_05434,Coimbatore,Sandstone,39.65,9.343402,78.223387,Active
Mine_05435,Kanyakumari,Silica Sand,63.6,9.191372,80.069383,Active
Mine_05436,Madurai,Salt,7.97,9.537443,77.496863,Active
Mine_05437,Namakkal,Limestone,98.3,8.542712,77.25673,Active
Mine_05438,Coimbatore,Sand,38.2,9.250278,79.922913,Active
Mine_05439,Erode,Iron Ore,124.8,10.251215,76.998411,Active
Mine_05440,Coimbatore,Limestone,88.11,11.2669,80.138231,Active
Mine_05441,Perambalur,Granite,41.84,11.687386,78.902689,Active
Mine_05442,Theni,Silica Sand,1.85,10.572551,77.912861,Closed
Mine_05443,Virudhunagar,Silica Sand,12.12,11.108393,76.977171,Active
Mine_05444,Coimbatore,Limestone,145.45,8.439377,78.071863,Active
Mine_05445,Vellore,Silica Sand,92.22,12.988572,77.688127,Active
Mine_05446,Krishnagiri,Limestone,16.86,11.95368,76.96107,Active
Mine_05447,Virudhunagar,Sandstone,13.14,11.722898,76.646025,Closed
Mine_05448,Salem,Iron Ore,5.96,9.188907,78.532737,Active
Mine_05449,Theni,Granite,81.61,12.63494,79.273246,Active
Mine_05450,Tuticorin,Limestone,53.09,12.834424,77.508789,Active
Mine_05451,Namakkal,Sand,49.45,8.375697,78.642339,Active
Mine_05452,Tirunelveli,Sandstone,43.32,11.153124,77.508616,Active
Mine_05453,Krishnagiri,Salt,2.49,12.913083,77.078544,Active
Mine_05454,Perambalur,Limestone,150.85,8.314831,77.917548,Active
Mine_05455,Virudhunagar,Salt,59.45,10.176362,80.251406,Active
Mine_05456,Cuddalore,Limestone,83.56,11.391993,78.693157,Closed
Mine_05457,Tuticorin,Limestone,28.28,11.813078,77.998215,Active
Mine_05458,Virudhunagar,Sandstone,23.3,12.437469,77.488043,Active
Mine_05459,Theni,Salt,12.86,12.883857,76.886356,Closed
Mine_05460,Namakkal,Sand,40.9,10.287571,79.053807,Active
Mine_05461,Erode,Silica Sand,41.58,9.123359,79.122947,Active
Mine_05462,Salem,Marble,54.65,12.773578,79.031792,Closed
Mine_05463,Coimbatore,Sand,4.67,13.186361,79.027383,Active
Mine_05464,Coimbatore,Marble,75.45,10.112135,78.077132,Active
Mine_05465,Dindigul,Salt,7.66,9.837939,77.183782,Active
Mine_05466,Ariyalur,Silica Sand,55.61,12.242996,78.246576,Active
Mine_05467,Theni,Sandstone,2.23,8.839417,77.888196,Closed
Mine_05468,Tirunelveli,Sandstone,28.25,8.806064,76.112271,Active
Mine_05469,Kanyakumari,Marble,4.6,9.593006,79.192772,Active
Mine_05470,Krishnagiri,Sand,33.9,11.075919,77.381689,Active
Mine_05471,Tirunelveli,Granite,36.64,11.837614,78.087988,Active
Mine_05472,Vellore,Limestone,18.59,12.345422,77.996851,Active
Mine_05473,Kanyakumari,Granite,3.49,12.269935,78.808403,Active
Mine_05474,Tirunelveli,Marble,42.63,11.561119,79.417619,Closed
Mine_05475,Tiruvannamalai,Salt,38.36,11.211862,76.606823,Active
Mine_05476,Kanyakumari,Silica Sand,8.18,13.021297,76.536594,Active
Mine_05477,Tiruvannamalai,Salt,32.42,9.292354,77.999708,Active
Mine_05478,Theni,Salt,17.42,10.453649,76.452218,Active
Mine_05479,Dindigul,Limestone,28.0,12.663676,78.484329,Active
Mine_05480,Vellore,Sandstone,78.51,10.11752,80.386837,Active
Mine_05481,Dharmapuri,Sand,40.24,8.287872,80.372646,Closed
Mine_05482,Madurai,Marble,88.12,8.966964,77.545107,Active
Mine_05483,Tuticorin,Granite,82.19,12.185888,77.63499,Active
Mine_05484,Namakkal,Sandstone,10.3,8.407526,77.919789,Closed
Mine_05485,Virudhunagar,Marble,11.19,12.058331,79.312309,Active
Mine_05486,Kanyakumari,Marble,46.62,9.901703,77.923703,Active
Mine_05487,Namakkal,Marble,42.4,10.967242,78.737478,Active
Mine_05488,Madurai,Granite,21.12,10.92592,79.510282,Active
Mine_05489,Salem,Silica Sand,146.61,8.592875,76.930622,Active
Mine_05490,Madurai,Sand,65.82,8.177403,76.219618,Active
Mine_05491,Erode,Limestone,12.61,8.951329,77.332347,Active
Mine_05492,Dharmapuri,Granite,32.31,11.350481,78.115354,Active
Mine_05493,Kanyakumari,Limestone,17.2,13.153329,78.531386,Active
Mine_05494,Vellore,Iron Ore,43.29,10.732888,76.009782,Active
Mine_05495,Tirunelveli,Silica Sand,23.52,12.045543,80.32755,Active
Mine_05496,Tiruvannamalai,Limestone,76.22,9.836997,76.640158,Active
Mine_05497,Tiruvannamalai,Sand,6.95,9.810716,78.090881,Active
Mine_05498,Madurai,Marble,15.31,13.337261,79.945349,Active
Mine_05499,Cuddalore,Silica Sand,8.23,10.683947,79.52445,Active
Mine_05500,Kanyakumari,Sandstone,31.7,9.909117,79.766223,Active
Mine_05501,Perambalur,Silica Sand,20.34,8.146452,79.777648,Active
Mine_05502,Madurai,Sandstone,17.69,12.48836,78.293591,Active
Mine_05503,Salem,Marble,48.04,12.636104,76.08944,Active
Mine_05504,Salem,Silica Sand,12.82,9.199372,76.963488,Closed
Mine_05505,Tuticorin,Sandstone,156.15,13.249798,79.834127,Active
Mine_05506,Theni,Silica Sand,70.0,9.145883,77.745607,Active
Mine_05507,Ariyalur,Salt,43.21,12.614621,78.132773,Active
Mine_05508,Kanyakumari,Iron Ore,6.67,13.098064,78.350638,Closed
Mine_05509,Ariyalur,Limestone,21.08,10.302809,78.372318,Active
Mine_05510,Tirunelveli,Marble,13.76,13.103748,76.394809,Active
Mine_05511,Madurai,Marble,18.52,11.087044,80.261834,Active
Mine_05512,Namakkal,Limestone,21.51,9.580479,78.431188,Active
Mine_05513,Krishnagiri,Marble,9.49,10.19321,76.585367,Active
Mine_05514,Tiruvannamalai,Granite,8.38,8.328896,80.036941,Active
Mine_05515,Tiruppur,Limestone,5.11,10.592355,79.008094,Active
Mine_05516,Perambalur,Sand,40.15,10.226761,78.091347,Active
Mine_05517,Tiruppur,Marble,5.5,8.559651,80.194502,Active
Mine_05518,Tirunelveli,Iron Ore,30.13,9.913269,79.9156,Active
Mine_05519,Tuticorin,Silica Sand,3.86,9.15587,78.134768,Active
Mine_05520,Salem,Sandstone,126.98,12.899683,80.473041,Active
Mine_05521,Theni,Sandstone,22.3,10.501437,77.333697,Active
Mine_05522,Tuticorin,Salt,47.17,12.701768,78.998886,Active
Mine_05523,Dharmapuri,Silica Sand,27.76,8.25848,77.262909,Active
Mine_05524,Madurai,Marble,24.96,11.34311,79.209973,Active
Mine_05525,Coimbatore,Sandstone,7.5,9.031003,78.264064,Active
Mine_05526,Dharmapuri,Marble,69.59,12.908511,77.577402,Active
Mine_05527,Salem,Marble,54.51,8.907631,79.093371,Active
Mine_05528,Coimbatore,Limestone,24.98,8.169965,78.163011,Closed
Mine_05529,Karur,Iron Ore,10.02,11.85766,79.909298,Active
Mine_05530,Erode,Granite,1.79,8.162898,79.603071,Active
Mine_05531,Krishnagiri,Granite,3.24,12.930717,77.764086,Active
Mine_05532,Kanyakumari,Sand,57.87,9.417557,79.033843,Active
Mine_05533,Karur,Granite,2.67,11.000473,76.393283,Closed
Mine_05534,Virudhunagar,Granite,42.39,11.06436,76.29043,Active
Mine_05535,Krishnagiri,Sand,195.44,8.16302,78.970262,Active
Mine_05536,Kanyakumari,Iron Ore,1.49,12.715233,78.37826,Active
Mine_05537,Madurai,Limestone,15.82,12.750449,76.949308,Active
Mine_05538,Krishnagiri,Granite,41.84,11.105444,77.645423,Active
Mine_05539,Ariyalur,Marble,30.42,8.113372,78.28442,Active
Mine_05540,Erode,Sand,186.53,11.333922,77.634372,Active
Mine_05541,Erode,Salt,29.41,11.638096,77.609634,Active
Mine_05542,Madurai,Iron Ore,48.92,9.975532,76.858224,Active
Mine_05543,Vellore,Sandstone,73.28,13.447278,77.195737,Closed
Mine_05544,Kanyakumari,Marble,54.84,9.10766,79.653802,Active
Mine_05545,Madurai,Limestone,69.03,12.109376,78.25561,Active
Mine_05546,Karur,Limestone,10.58,8.322976,78.940728,Closed
Mine_05547,Perambalur,Iron Ore,33.84,8.327448,80.320202,Active
Mine_05548,Kanyakumari,Sand,30.13,8.109378,76.271142,Active
Mine_05549,Erode,Sandstone,27.2,8.90736,76.522573,Active
Mine_05550,Namakkal,Marble,135.49,8.452917,80.061758,Active
Mine_05551,Virudhunagar,Salt,114.15,11.034088,78.229209,Closed
Mine_05552,Krishnagiri,Granite,30.91,13.130813,77.073817,Active
Mine_05553,Madurai,Silica Sand,15.44,12.313859,76.238896,Active
Mine_05554,Dharmapuri,Marble,2.69,10.804242,80.316571,Active
Mine_05555,Tiruppur,Silica Sand,202.93,10.320197,76.750809,Closed
Mine_05556,Cuddalore,Limestone,17.18,8.392922,79.347211,Active
Mine_05557,Salem,Salt,13.5,12.48193,76.014719,Active
Mine_05558,Namakkal,Sandstone,95.41,9.290388,78.43495,Active
Mine_05559,Coimbatore,Salt,2.07,10.334616,76.821096,Active
Mine_05560,Ariyalur,Salt,149.98,9.181667,80.207638,Active
Mine_05561,Dharmapuri,Sand,42.52,8.622702,78.618618,Closed
Mine_05562,Salem,Sand,23.2,10.324889,78.98849,Active
Mine_05563,Kanyakumari,Sandstone,103.27,13.161565,76.183107,Active
Mine_05564,Theni,Limestone,35.73,9.528476,77.167362,Active
Mine_05565,Kanyakumari,Salt,7.32,12.864755,79.059892,Active
Mine_05566,Perambalur,Granite,17.74,8.893281,78.333275,Active
Mine_05567,Krishnagiri,Salt,5.19,12.562493,77.137608,Active
Mine_05568,Cuddalore,Limestone,15.25,11.567501,78.068693,Active
Mine_05569,Tiruppur,Iron Ore,69.53,11.609795,77.18938,Active
Mine_05570,Salem,Salt,93.91,13.181605,76.423502,Active
Mine_05571,Coimbatore,Silica Sand,78.5,11.324425,77.929726,Active
Mine_05572,Tirunelveli,Sandstone,25.81,10.308801,77.48859,Active
Mine_05573,Tirunelveli,Iron Ore,75.94,12.016228,79.242587,Active
Mine_05574,Tiruvannamalai,Silica Sand,25.06,8.826518,77.885724,Active
Mine_05575,Namakkal,Marble,1.0,9.555699,77.488937,Active
Mine_05576,Krishnagiri,Granite,78.2,8.970588,77.196805,Active
Mine_05577,Tirunelveli,Iron Ore,62.25,10.706922,78.119885,Active
Mine_05578,Coimbatore,Sand,9.49,10.567529,80.411342,Active
Mine_05579,Cuddalore,Iron Ore,25.96,8.848715,79.344634,Active
Mine_05580,Krishnagiri,Granite,136.77,10.674265,79.705178,Active
Mine_05581,Salem,Marble,15.62,10.271316,80.029083,Active
Mine_05582,Dindigul,Granite,78.0,12.921639,78.689397,Active
Mine_05583,Namakkal,Salt,12.42,8.084418,77.831926,Active
Mine_05584,Vellore,Sand,19.34,8.73182,77.247805,Active
Mine_05585,Tiruppur,Salt,14.21,11.074326,77.127686,Active
Mine_05586,Madurai,Sand,5.52,9.537834,79.283909,Active
Mine_05587,Virudhunagar,Sand,193.49,11.129185,78.798017,Active
Mine_05588,Tiruvannamalai,Marble,125.55,11.237839,76.292673,Active
Mine_05589,Tiruvannamalai,Granite,19.6,11.266347,76.479865,Closed
Mine_05590,Tiruvannamalai,Silica Sand,14.29,9.679982,77.742458,Active
Mine_05591,Vellore,Granite,68.32,9.878568,79.822606,Active
Mine_05592,Theni,Granite,5.54,8.794065,79.414334,Active
Mine_05593,Dharmapuri,Silica Sand,56.38,10.583802,79.22879,Active
Mine_05594,Madurai,Sandstone,16.19,13.100109,78.440276,Active
Mine_05595,Vellore,Marble,15.45,10.186464,79.036165,Active
Mine_05596,Ariyalur,Sandstone,82.2,13.071855,78.82029,Active
Mine_05597,Tiruppur,Sandstone,38.16,12.99836,77.616646,Closed
Mine_05598,Madurai,Limestone,70.83,10.206465,78.875298,Active
Mine_05599,Virudhunagar,Salt,4.51,12.551183,77.234095,Active
Mine_05600,Salem,Salt,21.17,12.674796,77.121564,Closed
Mine_05601,Ariyalur,Salt,11.92,10.696726,80.257616,Active
Mine_05602,Theni,Sand,22.32,8.257355,78.265897,Active
Mine_05603,Coimbatore,Limestone,55.94,10.082583,78.880984,Active
Mine_05604,Cuddalore,Salt,69.2,12.519601,77.279249,Active
Mine_05605,Krishnagiri,Limestone,137.4,13.062876,77.618373,Active
Mine_05606,Karur,Iron Ore,70.95,9.473426,77.54477,Active
Mine_05607,Karur,Iron Ore,41.46,11.23737,76.019525,Active
Mine_05608,Tirunelveli,Silica Sand,66.91,9.718028,78.913464,Active
Mine_05609,Karur,Limestone,47.89,8.716229,78.992904,Active
Mine_05610,Coimbatore,Sand,27.75,10.487632,79.482437,Active
Mine_05611,Tiruppur,Silica Sand,4.49,9.141025,78.32147,Active
Mine_05612,Tiruvannamalai,Limestone,35.61,9.800896,80.05067,Closed
Mine_05613,Karur,Silica Sand,27.28,13.022461,79.188314,Active
Mine_05614,Karur,Sandstone,57.05,9.060191,76.797662,Active
Mine_05615,Tiruvannamalai,Marble,33.2,8.269069,79.931809,Active
Mine_05616,Dindigul,Silica Sand,1.0,8.262025,78.474276,Active
Mine_05617,Madurai,Salt,5.77,11.708847,78.910045,Active
Mine_05618,Tiruppur,Salt,43.99,10.714339,79.034636,Active
Mine_05619,Ariyalur,Silica Sand,101.85,13.115144,77.990155,Active
Mine_05620,Ariyalur,Sand,11.35,10.280723,77.430103,Active
Mine_05621,Tiruvannamalai,Iron Ore,20.33,13.45444,77.023981,Active
Mine_05622,Tiruvannamalai,Sand,24.35,11.711688,79.093483,Closed
Mine_05623,Perambalur,Silica Sand,33.02,11.906752,79.379369,Active
Mine_05624,Kanyakumari,Marble,3.11,10.057294,78.241001,Active
Mine_05625,Cuddalore,Marble,16.07,12.184807,78.391109,Closed
Mine_05626,Erode,Granite,10.24,10.733774,78.061776,Active
Mine_05627,Tiruvannamalai,Salt,18.95,8.399791,78.060546,Active
Mine_05628,Karur,Salt,33.92,9.485626,80.277132,Active
Mine_05629,Namakkal,Sandstone,64.69,10.826408,80.323851,Active
Mine_05630,Tiruppur,Limestone,18.65,11.015955,79.780748,Closed
Mine_05631,Perambalur,Iron Ore,84.53,12.019152,76.108967,Closed
Mine_05632,Namakkal,Silica Sand,6.73,9.59999,76.336332,Active
Mine_05633,Theni,Salt,19.27,10.074092,77.070715,Active
Mine_05634,Perambalur,Granite,13.14,9.331664,76.080791,Active
Mine_05635,Tirunelveli,Sand,13.01,11.852521,77.852873,Active
Mine_05636,Coimbatore,Sand,12.2,10.190417,77.720309,Closed
Mine_05637,Dharmapuri,Sand,14.4,12.753299,79.451873,Active
Mine_05638,Cuddalore,Sand,8.94,12.964714,76.491853,Active
Mine_05639,Coimbatore,Sand,12.21,10.018942,77.769926,Active
Mine_05640,Krishnagiri,Salt,12.13,8.371992,77.467449,Active
Mine_05641,Cuddalore,Granite,19.51,9.797138,76.56935,Active
Mine_05642,Tuticorin,Sandstone,16.4,12.421119,76.482007,Active
Mine_05643,Karur,Granite,11.07,8.457994,79.788251,Active
Mine_05644,Perambalur,Sandstone,17.79,10.204856,77.467396,Active
Mine_05645,Ariyalur,Marble,20.35,13.295783,79.078069,Active
Mine_05646,Tuticorin,Limestone,25.79,12.383398,77.532978,Active
Mine_05647,Ariyalur,Silica Sand,25.05,12.328697,76.456496,Active
Mine_05648,Cuddalore,Iron Ore,3.2,10.728265,77.506096,Active
Mine_05649,Tiruppur,Limestone,20.03,13.313655,76.399903,Active
Mine_05650,Madurai,Silica Sand,11.3,9.257925,77.271534,Active
Mine_05651,Tuticorin,Silica Sand,34.7,11.56643,77.546761,Active
Mine_05652,Krishnagiri,Granite,4.47,8.780665,77.606872,Active
Mine_05653,Namakkal,Limestone,42.73,8.068367,78.718418,Active
Mine_05654,Coimbatore,Sand,19.93,13.234761,80.165825,Closed
Mine_05655,Ariyalur,Silica Sand,20.46,13.011793,79.982996,Active
Mine_05656,Tiruvannamalai,Limestone,72.2,11.178328,79.812847,Active
Mine_05657,Cuddalore,Granite,4.99,8.798683,76.372641,Closed
Mine_05658,Namakkal,Sand,2.66,9.768414,77.581357,Active
Mine_05659,Madurai,Silica Sand,28.12,9.951529,79.129746,Active
Mine_05660,Ariyalur,Sand,104.67,11.647962,77.374172,Active
Mine_05661,Tiruvannamalai,Silica Sand,135.9,12.522992,77.940356,Active
Mine_05662,Tiruppur,Silica Sand,3.1,11.887229,77.820762,Active
Mine_05663,Tirunelveli,Granite,45.63,12.693285,77.313468,Active
Mine_05664,Coimbatore,Iron Ore,41.29,9.97957,78.30398,Active
Mine_05665,Vellore,Granite,70.39,10.431167,80.275288,Active
Mine_05666,Tiruvannamalai,Granite,121.69,12.113033,76.087551,Active
Mine_05667,Virudhunagar,Marble,40.66,10.526108,80.340243,Active
Mine_05668,Virudhunagar,Sandstone,48.19,12.540605,77.83137,Active
Mine_05669,Tiruppur,Limestone,50.23,11.76903,76.604405,Active
Mine_05670,Erode,Granite,20.37,13.165469,79.032516,Active
Mine_05671,Salem,Granite,46.11,11.439252,79.040935,Active
Mine_05672,Kanyakumari,Salt,17.96,12.497344,76.312285,Active
Mine_05673,Dharmapuri,Silica Sand,9.19,11.699924,76.615476,Active
Mine_05674,Erode,Granite,6.82,8.9499,79.986529,Active
Mine_05675,Dindigul,Marble,64.39,12.221485,78.249193,Closed
Mine_05676,Tiruvannamalai,Iron Ore,70.18,12.167577,79.052974,Active
Mine_05677,Krishnagiri,Sand,24.76,13.446355,78.26979,Active
Mine_05678,Kanyakumari,Limestone,52.08,12.868511,78.847081,Active
Mine_05679,Perambalur,Sand,7.03,9.161937,79.598996,Active
Mine_05680,Vellore,Salt,56.36,10.268401,76.290878,Active
Mine_05681,Tirunelveli,Granite,33.91,12.28801,80.182703,Active
Mine_05682,Erode,Sand,42.28,9.734992,78.029615,Active
Mine_05683,Tiruppur,Silica Sand,85.92,13.372728,79.7374,Active
Mine_05684,Vellore,Marble,27.38,13.158425,80.059625,Active
Mine_05685,Dindigul,Marble,44.03,13.084054,80.132962,Active
Mine_05686,Perambalur,Marble,6.76,8.634244,78.143454,Active
Mine_05687,Tiruppur,Salt,26.38,13.351803,77.310899,Active
Mine_05688,Tuticorin,Silica Sand,8.39,11.735065,76.370097,Active
Mine_05689,Namakkal,Limestone,12.71,10.30508,78.384857,Active
Mine_05690,Tiruvannamalai,Sandstone,3.11,12.732479,79.673045,Active
Mine_05691,Kanyakumari,Iron Ore,69.24,9.005411,76.559841,Active
Mine_05692,Tiruvannamalai,Salt,14.73,13.046898,77.226761,Closed
Mine_05693,Salem,Salt,7.42,9.980607,76.828827,Active
Mine_05694,Tiruvannamalai,Sandstone,50.81,9.651979,79.392142,Active
Mine_05695,Salem,Limestone,5.22,9.613279,77.163814,Active
Mine_05696,Vellore,Salt,66.1,12.366782,78.244974,Active
Mine_05697,Tuticorin,Marble,25.01,8.04845,78.391078,Active
Mine_05698,Erode,Marble,44.74,10.357731,78.053177,Active
Mine_05699,Madurai,Sandstone,14.45,11.36155,76.977572,Active
Mine_05700,Namakkal,Sandstone,17.0,9.680561,79.032251,Active
Mine_05701,Karur,Sand,4.03,12.382911,76.787201,Active
Mine_05702,Vellore,Sandstone,23.58,11.723135,79.382068,Active
Mine_05703,Tiruppur,Marble,56.34,9.939893,79.531448,Active
Mine_05704,Cuddalore,Iron Ore,29.49,11.948841,80.03302,Active
Mine_05705,Tuticorin,Silica Sand,93.83,11.41862,79.915219,Active
Mine_05706,Perambalur,Sand,75.35,8.958111,78.978041,Active
Mine_05707,Tiruppur,Silica Sand,21.24,9.279898,78.938936,Active
Mine_05708,Karur,Granite,1.0,10.218799,78.776862,Active
Mine_05709,Dindigul,Sand,15.87,8.120145,78.460108,Active
Mine_05710,Coimbatore,Limestone,81.38,8.255349,79.243706,Active
Mine_05711,Ariyalur,Salt,28.3,10.97115,76.232953,Active
Mine_05712,Cuddalore,Marble,2.75,13.265071,77.557348,Active
Mine_05713,Perambalur,Salt,114.78,12.849489,80.026798,Closed
Mine_05714,Virudhunagar,Sand,40.78,10.684581,76.44436,Active
Mine_05715,Cuddalore,Silica Sand,79.53,11.350511,78.582758,Active
Mine_05716,Kanyakumari,Sandstone,123.5,8.761453,78.007985,Active
Mine_05717,Krishnagiri,Limestone,13.32,9.580466,77.051452,Active
Mine_05718,Madurai,Limestone,28.15,9.321313,77.73037,Active
Mine_05719,Namakkal,Salt,157.27,9.911463,79.763602,Active
Mine_05720,Vellore,Marble,1.29,11.333926,77.402082,Active
Mine_05721,Tiruvannamalai,Sandstone,7.4,8.85119,79.47526,Active
Mine_05722,Coimbatore,Salt,52.38,8.987358,78.392817,Active
Mine_05723,Kanyakumari,Sand,68.29,10.282246,78.044345,Active
Mine_05724,Cuddalore,Salt,3.21,9.998503,80.497281,Active
Mine_05725,Salem,Sand,31.89,10.855903,78.023288,Active
Mine_05726,Dindigul,Marble,13.89,8.771413,79.137796,Active
Mine_05727,Krishnagiri,Sandstone,142.68,8.240269,80.469049,Active
Mine_05728,Cuddalore,Sand,60.16,11.659321,79.502966,Active
Mine_05729,Madurai,Limestone,6.78,9.632113,77.630654,Closed
Mine_05730,Perambalur,Salt,14.92,8.43835,79.188396,Active
Mine_05731,Namakkal,Salt,88.42,11.073097,80.154746,Active
Mine_05732,Namakkal,Limestone,17.57,10.871711,78.384952,Active
Mine_05733,Tuticorin,Sandstone,6.14,10.931002,78.741667,Active
Mine_05734,Dindigul,Salt,26.38,8.632656,77.504783,Active
Mine_05735,Cuddalore,Sand,1.3,8.305363,78.421609,Active
Mine_05736,Vellore,Sandstone,57.86,12.23436,79.678697,Active
Mine_05737,Salem,Sandstone,22.89,12.611757,78.534731,Active
Mine_05738,Krishnagiri,Limestone,5.08,8.906987,80.007577,Active
Mine_05739,Namakkal,Iron Ore,13.82,9.20324,79.707174,Active
Mine_05740,Erode,Iron Ore,44.03,12.934203,78.493044,Closed
Mine_05741,Ariyalur,Silica Sand,71.16,12.597234,78.654068,Active
Mine_05742,Tiruppur,Salt,106.29,11.653374,76.034894,Closed
Mine_05743,Erode,Sandstone,3.54,9.174355,77.03746,Active
Mine_05744,Theni,Silica Sand,13.67,9.141863,79.440394,Active
Mine_05745,Krishnagiri,Marble,5.03,11.121238,80.285623,Active
Mine_05746,Coimbatore,Sand,9.8,8.5901,78.769133,Active
Mine_05747,Namakkal,Iron Ore,131.87,12.375605,79.153563,Active
Mine_05748,Krishnagiri,Sandstone,61.45,9.090309,76.129758,Active
Mine_05749,Coimbatore,Granite,9.86,12.291134,76.215908,Active
Mine_05750,Madurai,Sandstone,101.89,10.707066,80.174347,Active
Mine_05751,Kanyakumari,Marble,56.94,11.959881,77.598111,Active
Mine_05752,Dharmapuri,Iron Ore,32.14,8.865918,76.290514,Active
Mine_05753,Karur,Limestone,110.4,12.043373,78.596993,Active
Mine_05754,Salem,Iron Ore,27.9,12.007898,79.379555,Active
Mine_05755,Coimbatore,Sand,26.33,11.664108,78.604989,Active
Mine_05756,Tirunelveli,Marble,25.64,12.352495,80.358514,Active
Mine_05757,Perambalur,Granite,45.95,12.162352,76.322649,Active
Mine_05758,Vellore,Salt,25.59,11.082324,79.210336,Active
Mine_05759,Ariyalur,Silica Sand,14.82,13.451688,80.210367,Active
Mine_05760,Virudhunagar,Sand,10.68,10.431368,79.744582,Active
Mine_05761,Cuddalore,Salt,101.41,12.294218,77.177965,Active
Mine_05762,Coimbatore,Sandstone,14.44,9.370044,79.386187,Active
Mine_05763,Madurai,Sand,69.39,8.363242,76.278312,Active
Mine_05764,Dindigul,Granite,34.81,11.714983,78.853639,Active
Mine_05765,Karur,Sandstone,40.87,8.656844,77.032804,Active
Mine_05766,Perambalur,Sand,64.61,9.380444,76.187382,Active
Mine_05767,Dindigul,Salt,68.43,9.391165,80.094711,Active
Mine_05768,Cuddalore,Sandstone,1.0,9.097375,78.017711,Closed
Mine_05769,Vellore,Limestone,107.18,11.534146,79.948444,Active
Mine_05770,Virudhunagar,Limestone,19.01,9.390135,80.102449,Active
Mine_05771,Salem,Silica Sand,24.54,13.45944,78.428176,Closed
Mine_05772,Cuddalore,Silica Sand,27.46,12.055994,79.522722,Active
Mine_05773,Coimbatore,Iron Ore,3.65,12.646545,77.993298,Active
Mine_05774,Coimbatore,Limestone,129.73,8.174394,78.661848,Active
Mine_05775,Vellore,Iron Ore,3.72,9.345597,80.094372,Active
Mine_05776,Perambalur,Granite,9.19,9.940536,77.648465,Active
Mine_05777,Kanyakumari,Silica Sand,32.23,11.313065,79.294861,Active
Mine_05778,Theni,Granite,64.97,10.723033,79.249352,Active
Mine_05779,Tiruvannamalai,Marble,31.64,13.441593,78.23301,Active
Mine_05780,Dharmapuri,Salt,81.7,10.373432,78.190249,Active
Mine_05781,Cuddalore,Iron Ore,2.68,11.503057,79.755209,Active
Mine_05782,Kanyakumari,Iron Ore,5.27,13.009258,77.241812,Active
Mine_05783,Namakkal,Limestone,74.27,8.245376,77.203499,Active
Mine_05784,Dindigul,Silica Sand,6.56,12.861097,76.846651,Active
Mine_05785,Madurai,Granite,15.87,12.804438,77.999357,Active
Mine_05786,Ariyalur,Limestone,4.98,11.424516,78.478162,Active
Mine_05787,Ariyalur,Granite,36.36,11.58591,77.570323,Active
Mine_05788,Erode,Salt,7.91,8.282954,79.82752,Active
Mine_05789,Tuticorin,Limestone,3.96,11.102268,77.635014,Active
Mine_05790,Dindigul,Sand,18.06,8.917335,79.150389,Active
Mine_05791,Virudhunagar,Silica Sand,8.25,8.413885,78.37556,Active
Mine_05792,Tiruvannamalai,Granite,24.69,8.884419,77.818904,Active
Mine_05793,Dharmapuri,Sand,34.29,8.154949,77.720227,Active
Mine_05794,Namakkal,Sand,14.79,13.147854,78.869258,Closed
Mine_05795,Dindigul,Granite,4.46,12.687258,76.665453,Active
Mine_05796,Salem,Sandstone,49.2,12.207442,79.616493,Active
Mine_05797,Vellore,Salt,21.28,12.890754,79.238111,Active
Mine_05798,Coimbatore,Marble,8.66,8.364443,78.899637,Closed
Mine_05799,Erode,Sand,58.3,9.098075,80.399475,Closed
Mine_05800,Karur,Silica Sand,32.73,11.055346,77.991407,Active
Mine_05801,Virudhunagar,Granite,39.47,9.12917,78.37299,Active
Mine_05802,Ariyalur,Limestone,19.99,13.229224,79.426663,Active
Mine_05803,Namakkal,Marble,22.16,12.257337,79.692444,Active
Mine_05804,Tiruvannamalai,Limestone,3.99,8.127668,78.469033,Active
Mine_05805,Erode,Marble,173.32,12.686208,77.212635,Active
Mine_05806,Perambalur,Iron Ore,91.43,8.882904,79.73172,Closed
Mine_05807,Tiruvannamalai,Sand,1.0,13.492246,79.424934,Active
Mine_05808,Krishnagiri,Marble,13.89,8.492007,77.913895,Active
Mine_05809,Karur,Iron Ore,33.71,10.790151,80.109331,Active
Mine_05810,Dharmapuri,Marble,25.89,8.463813,80.299888,Closed
Mine_05811,Salem,Salt,1.27,12.186678,80.220725,Active
Mine_05812,Dharmapuri,Limestone,10.26,10.704447,76.768992,Active
Mine_05813,Cuddalore,Silica Sand,24.74,10.984231,76.638686,Active
Mine_05814,Krishnagiri,Sandstone,215.48,8.567875,76.706631,Active
Mine_05815,Tiruppur,Granite,19.2,12.032282,79.561713,Active
Mine_05816,Madurai,Sandstone,74.45,13.221568,78.491595,Active
Mine_05817,Vellore,Marble,7.14,8.375274,79.533989,Active
Mine_05818,Karur,Sandstone,7.03,10.733615,77.76993,Active
Mine_05819,Tiruvannamalai,Marble,7.68,10.092649,79.909046,Active
Mine_05820,Theni,Marble,28.85,8.502124,80.308734,Active
Mine_05821,Namakkal,Marble,71.83,11.032504,77.513371,Closed
Mine_05822,Tiruvannamalai,Salt,10.18,11.287333,77.414464,Active
Mine_05823,Dharmapuri,Granite,65.52,8.527099,77.59051,Active
Mine_05824,Kanyakumari,Iron Ore,1.04,11.969182,77.11475,Closed
Mine_05825,Vellore,Iron Ore,8.29,11.811719,77.159094,Active
Mine_05826,Salem,Granite,51.58,10.237599,76.632609,Active
Mine_05827,Madurai,Iron Ore,37.41,13.116928,76.679412,Active
Mine_05828,Namakkal,Salt,1.0,12.255265,78.117605,Active
Mine_05829,Vellore,Salt,37.4,10.954776,76.739064,Active
Mine_05830,Namakkal,Iron Ore,2.74,8.075767,76.992134,Active
Mine_05831,Dharmapuri,Iron Ore,16.79,8.72548,78.589618,Active
Mine_05832,Kanyakumari,Sandstone,14.97,9.614939,76.004157,Active
Mine_05833,Virudhunagar,Granite,58.16,10.711532,80.344557,Closed
Mine_05834,Tirunelveli,Marble,4.01,10.990601,79.871875,Active
Mine_05835,Vellore,Silica Sand,10.01,13.492955,79.627129,Active
Mine_05836,Dharmapuri,Sandstone,21.52,8.200143,79.504047,Active
Mine_05837,Cuddalore,Sand,74.81,10.941065,76.293438,Active
Mine_05838,Madurai,Salt,61.13,9.152739,79.286273,Closed
Mine_05839,Salem,Sandstone,31.96,11.408067,79.58844,Closed
Mine_05840,Tirunelveli,Sand,48.95,10.10735,77.441283,Active
Mine_05841,Tiruppur,Sandstone,49.61,10.894794,79.464877,Active
Mine_05842,Krishnagiri,Limestone,27.23,10.857597,78.772651,Active
Mine_05843,Karur,Sand,31.67,13.244483,79.973087,Active
Mine_05844,Tuticorin,Silica Sand,45.62,8.270593,76.27158,Active
Mine_05845,Tuticorin,Iron Ore,22.84,10.856579,80.465297,Active
Mine_05846,Karur,Limestone,112.9,9.425899,80.454704,Active
Mine_05847,Tiruppur,Marble,16.3,9.073645,78.92215,Active
Mine_05848,Dharmapuri,Granite,83.1,11.87454,79.093741,Active
Mine_05849,Tirunelveli,Granite,74.88,8.384216,78.42334,Active
Mine_05850,Ariyalur,Marble,35.03,9.02476,80.340413,Active
Mine_05851,Dindigul,Granite,3.62,8.788805,80.04197,Active
Mine_05852,Theni,Sand,40.72,10.51486,76.29942,Active
Mine_05853,Theni,Sandstone,7.44,9.83763,77.862958,Active
Mine_05854,Dindigul,Sandstone,66.46,12.848093,80.182498,Closed
Mine_05855,Erode,Sandstone,23.04,10.807476,80.196184,Active
Mine_05856,Cuddalore,Salt,57.55,11.152366,79.666942,Active
Mine_05857,Karur,Marble,27.59,10.897416,77.785393,Active
Mine_05858,Theni,Salt,1.37,11.54861,78.726921,Active
Mine_05859,Dindigul,Granite,3.03,11.230391,78.560051,Active
Mine_05860,Cuddalore,Silica Sand,97.71,12.773964,80.028364,Active
Mine_05861,Vellore,Sandstone,14.93,13.014708,77.811885,Closed
Mine_05862,Erode,Marble,22.32,11.006504,77.60167,Active
Mine_05863,Theni,Granite,8.36,13.360845,77.552127,Active
Mine_05864,Perambalur,Iron Ore,7.63,8.348617,78.37399,Active
Mine_05865,Tiruppur,Marble,19.51,8.429852,77.275478,Active
Mine_05866,Kanyakumari,Salt,11.76,10.603267,78.016208,Closed
Mine_05867,Vellore,Sandstone,51.6,8.809707,79.407061,Active
Mine_05868,Tuticorin,Silica Sand,41.87,10.165194,79.06512,Active
Mine_05869,Kanyakumari,Salt,6.92,11.150216,78.460222,Active
Mine_05870,Salem,Salt,144.63,11.929247,78.164422,Active
Mine_05871,Kanyakumari,Limestone,32.86,13.431074,77.680699,Active
Mine_05872,Ariyalur,Iron Ore,40.6,12.05339,76.625987,Active
Mine_05873,Coimbatore,Sand,16.77,10.398826,78.334654,Active
Mine_05874,Theni,Limestone,53.62,8.36805,77.408334,Active
Mine_05875,Tuticorin,Sand,33.97,9.661903,79.794856,Active
Mine_05876,Coimbatore,Limestone,30.21,8.746133,79.588678,Active
Mine_05877,Ariyalur,Silica Sand,51.71,8.439197,79.447845,Active
Mine_05878,Cuddalore,Salt,28.46,9.510379,80.287419,Active
Mine_05879,Tirunelveli,Sandstone,18.13,11.570708,78.752149,Closed
Mine_05880,Erode,Marble,79.96,8.76579,79.806035,Active
Mine_05881,Kanyakumari,Silica Sand,34.07,11.831978,77.85555,Active
Mine_05882,Tuticorin,Granite,14.37,12.259001,78.228813,Active
Mine_05883,Kanyakumari,Iron Ore,71.68,8.88956,78.473955,Active
Mine_05884,Tiruppur,Limestone,48.81,10.567825,77.821246,Active
Mine_05885,Theni,Sand,118.94,10.476516,80.185517,Active
Mine_05886,Perambalur,Iron Ore,35.5,8.558557,77.457602,Active
Mine_05887,Karur,Limestone,1.74,11.727149,79.996913,Active
Mine_05888,Theni,Sand,96.87,11.829662,79.223467,Active
Mine_05889,Vellore,Granite,49.48,11.27066,77.607798,Active
Mine_05890,Theni,Limestone,1.0,10.192011,79.438474,Active
Mine_05891,Tuticorin,Sandstone,9.72,13.210015,79.047981,Active
Mine_05892,Tiruppur,Granite,39.76,12.323474,79.599568,Active
Mine_05893,Cuddalore,Silica Sand,37.75,10.047129,80.273414,Active
Mine_05894,Dharmapuri,Granite,74.11,9.43822,77.872166,Active
Mine_05895,Salem,Sandstone,9.57,11.700409,76.530056,Active
Mine_05896,Perambalur,Sandstone,21.09,9.758573,77.16076,Active
Mine_05897,Theni,Limestone,20.66,12.975319,77.009921,Active
Mine_05898,Coimbatore,Iron Ore,16.36,10.126859,76.695196,Closed
Mine_05899,Karur,Marble,13.38,11.857837,78.420322,Active
Mine_05900,Tuticorin,Sand,5.48,8.678639,80.030419,Active
Mine_05901,Tiruvannamalai,Sandstone,160.8,8.93784,78.966989,Active
Mine_05902,Salem,Iron Ore,4.74,8.839175,77.110682,Active
Mine_05903,Ariyalur,Limestone,21.85,10.957854,76.213016,Active
Mine_05904,Vellore,Salt,17.86,8.395459,76.615569,Active
Mine_05905,Tiruvannamalai,Marble,45.2,11.036752,80.286347,Active
Mine_05906,Theni,Salt,4.16,11.014852,77.417006,Active
Mine_05907,Karur,Marble,72.85,13.498335,77.450816,Active
Mine_05908,Dharmapuri,Salt,75.18,8.87266,76.622173,Active
Mine_05909,Perambalur,Sandstone,29.85,12.247317,79.453764,Active
Mine_05910,Dharmapuri,Silica Sand,2.08,10.136449,76.120093,Active
Mine_05911,Erode,Silica Sand,7.23,11.448583,78.436994,Active
Mine_05912,Perambalur,Iron Ore,24.27,8.241318,79.435735,Active
Mine_05913,Theni,Iron Ore,23.08,11.357075,78.218428,Active
Mine_05914,Cuddalore,Marble,45.24,9.182414,76.281931,Active
Mine_05915,Karur,Granite,3.16,8.371945,76.689043,Active
Mine_05916,Dharmapuri,Marble,77.11,11.179533,77.657179,Active
Mine_05917,Tuticorin,Limestone,4.96,12.087711,79.612411,Active
Mine_05918,Tirunelveli,Silica Sand,61.83,9.693053,77.001939,Active
Mine_05919,Krishnagiri,Sand,14.12,12.980682,76.24144,Closed
Mine_05920,Krishnagiri,Silica Sand,8.46,9.741414,76.613678,Active
Mine_05921,Cuddalore,Salt,116.74,8.910775,76.115517,Active
Mine_05922,Karur,Salt,56.88,12.372714,77.065147,Active
Mine_05923,Karur,Silica Sand,88.37,12.660101,76.526871,Active
Mine_05924,Perambalur,Limestone,6.46,10.077916,78.860385,Active
Mine_05925,Cuddalore,Sand,41.01,9.449495,78.508471,Active
Mine_05926,Perambalur,Marble,1.73,9.167768,79.119657,Active
Mine_05927,Namakkal,Iron Ore,154.36,9.980105,79.405621,Active
Mine_05928,Kanyakumari,Limestone,49.41,13.232061,78.024675,Active
Mine_05929,Tirunelveli,Limestone,1.0,12.765688,78.355865,Active
Mine_05930,Tuticorin,Limestone,125.74,11.382815,78.304923,Active
Mine_05931,Kanyakumari,Limestone,70.6,10.293112,79.272819,Active
Mine_05932,Tiruppur,Sand,1.41,12.629868,77.059664,Closed
Mine_05933,Theni,Sand,91.63,10.774674,78.012284,Active
Mine_05934,Tirunelveli,Salt,3.62,8.119289,79.095923,Active
Mine_05935,Coimbatore,Limestone,27.61,9.220008,79.623163,Active
Mine_05936,Krishnagiri,Limestone,11.53,8.922464,78.219958,Closed
Mine_05937,Dharmapuri,Limestone,27.41,9.183088,76.042087,Active
Mine_05938,Kanyakumari,Iron Ore,20.05,8.745082,78.608537,Active
Mine_05939,Dharmapuri,Granite,20.02,8.756779,78.24769,Active
Mine_05940,Tuticorin,Salt,8.71,8.511793,80.24767,Active
Mine_05941,Virudhunagar,Marble,14.0,12.923702,76.799057,Active
Mine_05942,Cuddalore,Granite,20.19,8.219463,77.024915,Active
Mine_05943,Karur,Marble,21.87,8.196919,77.901448,Active
Mine_05944,Tirunelveli,Silica Sand,34.27,11.553236,77.299888,Active
Mine_05945,Perambalur,Marble,16.28,11.77507,77.110077,Active
Mine_05946,Madurai,Sandstone,39.33,13.219815,79.250986,Closed
Mine_05947,Perambalur,Limestone,27.57,9.825388,77.682858,Active
Mine_05948,Tirunelveli,Marble,1.0,8.712432,79.649693,Active
Mine_05949,Vellore,Iron Ore,25.04,9.39232,77.006162,Active
Mine_05950,Erode,Salt,18.97,10.305482,79.826823,Active
Mine_05951,Dindigul,Iron Ore,34.72,10.860297,77.69264,Active
Mine_05952,Coimbatore,Iron Ore,15.02,10.442572,77.605616,Active
Mine_05953,Cuddalore,Silica Sand,4.75,11.430304,79.078308,Active
Mine_05954,Vellore,Granite,114.96,12.733401,77.883293,Active
Mine_05955,Karur,Iron Ore,16.96,10.969859,76.883486,Active
Mine_05956,Virudhunagar,Sand,1.34,11.09079,79.55189,Active
Mine_05957,Coimbatore,Marble,20.83,9.081004,78.766318,Active
Mine_05958,Tirunelveli,Sandstone,32.15,9.803201,79.946269,Active
Mine_05959,Tiruvannamalai,Limestone,9.75,13.335846,78.435958,Closed
Mine_05960,Tirunelveli,Granite,49.63,8.057036,76.154028,Active
Mine_05961,Cuddalore,Marble,3.63,12.409613,80.10124,Active
Mine_05962,Vellore,Sand,42.25,13.248495,77.348154,Active
Mine_05963,Cuddalore,Iron Ore,125.45,8.749423,80.381526,Active
Mine_05964,Tuticorin,Marble,24.55,10.915452,79.621488,Closed
Mine_05965,Tuticorin,Salt,21.58,12.358411,80.267027,Active
Mine_05966,Cuddalore,Limestone,80.39,11.592119,79.603732,Active
Mine_05967,Karur,Iron Ore,133.81,12.750266,79.6692,Active
Mine_05968,Vellore,Sandstone,32.55,11.902581,77.364467,Active
Mine_05969,Cuddalore,Iron Ore,83.95,13.02097,77.7049,Active
Mine_05970,Madurai,Iron Ore,18.85,11.664081,77.612455,Active
Mine_05971,Ariyalur,Marble,10.15,8.158439,78.118793,Active
Mine_05972,Tiruvannamalai,Marble,13.02,11.320399,80.458948,Active
Mine_05973,Ariyalur,Sand,16.51,10.926787,79.597804,Active
Mine_05974,Erode,Marble,86.88,9.096484,76.797587,Active
Mine_05975,Tiruvannamalai,Marble,28.71,12.091737,77.781696,Active
Mine_05976,Krishnagiri,Salt,67.97,8.070385,78.531485,Active
Mine_05977,Erode,Limestone,8.33,11.987353,78.412878,Active
Mine_05978,Vellore,Iron Ore,125.77,10.833103,76.657119,Active
Mine_05979,Perambalur,Limestone,5.07,9.887753,76.529441,Active
Mine_05980,Madurai,Silica Sand,90.25,9.321928,79.577024,Active
Mine_05981,Virudhunagar,Marble,6.13,12.742245,78.237414,Closed
Mine_05982,Cuddalore,Sandstone,134.15,10.10799,80.293639,Closed
Mine_05983,Ariyalur,Marble,8.52,9.35656,79.507018,Active
Mine_05984,Vellore,Sandstone,6.31,8.230226,78.125036,Active
Mine_05985,Salem,Sandstone,11.5,12.765988,77.423974,Closed
Mine_05986,Madurai,Silica Sand,16.29,12.862759,76.330354,Active
Mine_05987,Virudhunagar,Sandstone,3.71,9.112776,76.461938,Active
Mine_05988,Madurai,Iron Ore,1.4,10.536206,77.737316,Closed
Mine_05989,Karur,Limestone,90.16,8.104369,79.487124,Active
Mine_05990,Coimbatore,Iron Ore,21.8,9.676025,76.421015,Active
Mine_05991,Vellore,Iron Ore,69.0,8.740452,79.341879,Active
Mine_05992,Theni,Iron Ore,22.37,8.944478,80.4363,Active
Mine_05993,Virudhunagar,Salt,33.69,10.050474,80.281699,Active
Mine_05994,Ariyalur,Sand,146.22,10.514101,76.437336,Active
Mine_05995,Erode,Limestone,8.45,10.65786,80.165735,Active
Mine_05996,Dindigul,Salt,21.67,8.752411,79.81772,Active
Mine_05997,Perambalur,Silica Sand,14.47,10.148003,79.663587,Active
Mine_05998,Tuticorin,Granite,73.89,10.372347,76.37407,Active
Mine_05999,Vellore,Limestone,12.73,13.018819,79.316345,Closed
Mine_06000,Virudhunagar,Silica Sand,1.07,11.89608,79.301054,Active
Mine_06001,Tiruppur,Marble,39.58,8.983712,80.259925,Active
Mine_06002,Tiruvannamalai,Granite,8.28,11.649031,78.145017,Active
Mine_06003,Coimbatore,Granite,1.0,11.847491,77.073698,Active
Mine_06004,Karur,Marble,56.43,11.626882,77.643264,Active
Mine_06005,Theni,Sandstone,52.32,10.775763,78.670521,Closed
Mine_06006,Tiruvannamalai,Sandstone,15.77,10.283601,77.228337,Active
Mine_06007,Vellore,Sand,4.36,9.034377,80.131702,Active
Mine_06008,Perambalur,Silica Sand,18.29,10.713607,79.029085,Active
Mine_06009,Madurai,Limestone,96.67,8.029866,80.007518,Active
Mine_06010,Karur,Silica Sand,12.21,10.985455,76.562222,Active
Mine_06011,Karur,Salt,27.82,12.307674,77.426064,Active
Mine_06012,Tirunelveli,Sandstone,138.95,12.361102,78.161499,Active
Mine_06013,Virudhunagar,Salt,1.0,11.951038,76.448399,Active
Mine_06014,Karur,Silica Sand,1.0,13.389332,77.359626,Active
Mine_06015,Karur,Granite,13.11,11.772897,76.349806,Active
Mine_06016,Ariyalur,Sandstone,139.43,9.191477,79.370041,Closed
Mine_06017,Perambalur,Sandstone,21.38,13.056754,76.912544,Active
Mine_06018,Dindigul,Marble,4.21,10.474325,77.468175,Active
Mine_06019,Theni,Granite,10.46,8.741521,80.007912,Active
Mine_06020,Krishnagiri,Limestone,69.63,9.744244,76.019558,Active
Mine_06021,Salem,Granite,4.54,11.859499,76.090105,Active
Mine_06022,Erode,Iron Ore,32.39,8.414407,78.054031,Active
Mine_06023,Tiruppur,Sand,12.98,9.233639,76.026735,Active
Mine_06024,Tirunelveli,Sand,13.78,8.923388,79.081308,Active
Mine_06025,Kanyakumari,Sand,71.12,11.997011,76.569619,Closed
Mine_06026,Kanyakumari,Salt,57.64,9.44723,78.881339,Active
Mine_06027,Kanyakumari,Silica Sand,43.57,8.476826,78.895773,Active
Mine_06028,Dharmapuri,Silica Sand,82.99,9.157662,76.341825,Active
Mine_06029,Salem,Sand,126.3,8.261465,77.806163,Active
Mine_06030,Tuticorin,Granite,42.45,12.554101,76.897331,Active
Mine_06031,Ariyalur,Silica Sand,43.68,8.351687,79.978058,Active
Mine_06032,Tiruvannamalai,Silica Sand,74.99,12.734234,78.787954,Active
Mine_06033,Dharmapuri,Marble,35.66,9.551339,76.50432,Active
Mine_06034,Madurai,Salt,32.72,10.982412,76.554855,Active
Mine_06035,Namakkal,Sandstone,15.14,10.441073,78.222242,Active
Mine_06036,Tuticorin,Granite,71.37,12.145053,78.097261,Active
Mine_06037,Ariyalur,Limestone,53.37,12.840606,80.007437,Active
Mine_06038,Kanyakumari,Salt,4.28,8.560007,78.467201,Active
Mine_06039,Vellore,Granite,68.77,12.852496,80.414204,Active
Mine_06040,Dindigul,Granite,46.67,10.668207,77.588583,Active
Mine_06041,Dharmapuri,Salt,40.41,12.546181,76.793687,Active
Mine_06042,Dindigul,Sand,8.63,10.437459,80.265428,Active
Mine_06043,Ariyalur,Iron Ore,17.48,11.371916,77.58736,Active
Mine_06044,Tuticorin,Sand,16.98,11.881503,78.630783,Active
Mine_06045,Vellore,Marble,2.02,8.456168,79.156237,Closed
Mine_06046,Karur,Salt,41.17,8.18293,80.323465,Active
Mine_06047,Kanyakumari,Marble,33.73,11.484353,79.740569,Active
Mine_06048,Ariyalur,Iron Ore,74.34,10.98309,78.11762,Active
Mine_06049,Tuticorin,Silica Sand,12.34,12.492195,78.268355,Active
Mine_06050,Namakkal,Marble,21.5,12.415407,77.328978,Active
Mine_06051,Theni,Limestone,30.72,12.239389,78.33041,Active
Mine_06052,Vellore,Silica Sand,4.26,13.299097,79.808369,Active
Mine_06053,Tirunelveli,Granite,57.47,12.676355,76.847426,Active
Mine_06054,Dharmapuri,Iron Ore,4.91,12.268368,79.658514,Active
Mine_06055,Namakkal,Granite,1.04,9.078164,78.070833,Active
Mine_06056,Tuticorin,Sand,2.33,10.854768,79.684194,Active
Mine_06057,Theni,Iron Ore,43.57,8.719081,77.06176,Active
Mine_06058,Cuddalore,Granite,19.01,12.476685,79.589134,Active
Mine_06059,Vellore,Sandstone,21.96,11.527248,76.855927,Active
Mine_06060,Tuticorin,Sand,107.63,10.815288,79.812069,Active
Mine_06061,Karur,Iron Ore,45.84,12.463201,78.900284,Active
Mine_06062,Vellore,Marble,10.44,12.390668,76.387579,Active
Mine_06063,Tiruppur,Iron Ore,3.31,10.334344,77.35226,Active
Mine_06064,Coimbatore,Salt,14.08,12.742463,77.830696,Active
Mine_06065,Tiruppur,Salt,3.73,10.144412,77.812855,Active
Mine_06066,Namakkal,Silica Sand,10.47,10.672174,78.062759,Active
Mine_06067,Perambalur,Iron Ore,4.63,10.284228,77.92614,Active
Mine_06068,Salem,Marble,9.84,8.566077,78.780138,Active
Mine_06069,Tuticorin,Salt,22.25,9.208055,77.625475,Active
Mine_06070,Theni,Sandstone,32.87,8.148601,80.348689,Active
Mine_06071,Virudhunagar,Iron Ore,66.51,9.535076,79.369324,Active
Mine_06072,Tirunelveli,Silica Sand,35.19,8.035078,77.944555,Active
Mine_06073,Kanyakumari,Granite,20.87,9.054489,77.521643,Active
Mine_06074,Virudhunagar,Sand,24.26,12.940045,78.207617,Active
Mine_06075,Vellore,Limestone,21.54,10.886191,80.286681,Active
Mine_06076,Salem,Marble,56.88,9.856715,79.672932,Active
Mine_06077,Perambalur,Sand,3.96,8.469248,78.962753,Active
Mine_06078,Cuddalore,Sand,29.06,9.624388,79.244,Active
Mine_06079,Tuticorin,Iron Ore,41.27,8.918574,79.016395,Active
Mine_06080,Vellore,Marble,101.82,9.979802,78.753816,Active
Mine_06081,Ariyalur,Silica Sand,36.36,10.241268,77.757998,Active
Mine_06082,Dharmapuri,Sandstone,19.15,12.655323,76.459417,Active
Mine_06083,Namakkal,Sandstone,1.0,13.312418,76.082821,Closed
Mine_06084,Tirunelveli,Marble,198.63,10.525167,79.901309,Closed
Mine_06085,Dindigul,Granite,14.73,10.173474,79.158914,Active
Mine_06086,Kanyakumari,Iron Ore,40.32,12.804347,79.73363,Closed
Mine_06087,Dindigul,Marble,29.07,9.804816,76.508226,Active
Mine_06088,Perambalur,Granite,10.49,10.445275,77.820224,Active
Mine_06089,Perambalur,Iron Ore,38.58,13.31528,77.341023,Active
Mine_06090,Karur,Iron Ore,100.9,10.247571,77.992439,Active
Mine_06091,Cuddalore,Sandstone,4.68,11.87139,79.07123,Active
Mine_06092,Virudhunagar,Iron Ore,52.51,12.633746,80.045974,Active
Mine_06093,Kanyakumari,Sandstone,131.88,11.578364,77.579384,Active
Mine_06094,Theni,Marble,20.24,8.57195,78.729969,Active
Mine_06095,Vellore,Granite,10.1,11.852139,76.126194,Closed
Mine_06096,Perambalur,Granite,33.67,11.309733,80.355218,Active
Mine_06097,Virudhunagar,Limestone,2.36,11.620093,78.47069,Active
Mine_06098,Karur,Iron Ore,27.47,8.385492,78.447783,Active
Mine_06099,Erode,Silica Sand,134.05,9.690395,79.255764,Active
Mine_06100,Coimbatore,Sand,35.99,10.596253,77.275134,Active
Mine_06101,Karur,Granite,32.48,10.481774,76.806367,Active
Mine_06102,Erode,Sandstone,1.0,13.043191,79.087432,Active
Mine_06103,Tiruvannamalai,Marble,46.76,13.400244,77.733222,Active
Mine_06104,Dindigul,Marble,77.05,12.719157,80.060199,Active
Mine_06105,Ariyalur,Marble,5.75,10.496924,78.229523,Active
Mine_06106,Virudhunagar,Silica Sand,12.58,12.696403,76.799467,Active
Mine_06107,Dindigul,Granite,37.19,8.42916,79.808164,Active
Mine_06108,Tiruppur,Marble,80.89,11.002553,80.098517,Active
Mine_06109,Kanyakumari,Sandstone,76.02,12.516621,78.112122,Closed
Mine_06110,Virudhunagar,Limestone,13.24,9.875476,79.087353,Active
Mine_06111,Perambalur,Marble,6.1,12.101068,77.478563,Active
Mine_06112,Namakkal,Silica Sand,55.64,8.918583,76.442772,Active
Mine_06113,Salem,Sand,49.73,11.204597,77.562265,Active
Mine_06114,Perambalur,Marble,20.24,11.549962,77.785457,Active
Mine_06115,Kanyakumari,Sand,34.64,13.391456,77.262882,Active
Mine_06116,Tiruppur,Sand,22.07,10.498595,78.790472,Active
Mine_06117,Coimbatore,Salt,79.48,11.583022,80.004603,Active
Mine_06118,Namakkal,Granite,45.65,9.746315,79.763931,Active
Mine_06119,Dharmapuri,Limestone,46.05,10.498206,79.699619,Active
Mine_06120,Erode,Sandstone,69.12,9.177221,76.115561,Active
Mine_06121,Coimbatore,Marble,9.87,8.621542,78.906853,Active
Mine_06122,Namakkal,Granite,16.04,9.799668,79.09908,Active
Mine_06123,Tiruvannamalai,Limestone,78.74,13.333506,76.581317,Active
Mine_06124,Salem,Salt,21.05,11.603764,77.215576,Active
Mine_06125,Namakkal,Granite,40.48,12.8011,79.634958,Closed
Mine_06126,Krishnagiri,Sandstone,13.54,11.50414,78.657716,Active
Mine_06127,Cuddalore,Limestone,12.99,9.576621,78.708758,Active
Mine_06128,Perambalur,Salt,10.31,9.676649,76.162279,Closed
Mine_06129,Tirunelveli,Salt,68.32,8.921843,77.559827,Active
Mine_06130,Theni,Silica Sand,41.64,12.322675,78.62364,Active
Mine_06131,Karur,Limestone,13.78,8.109027,77.423812,Active
Mine_06132,Vellore,Silica Sand,1.27,11.179966,77.672499,Active
Mine_06133,Erode,Marble,8.2,11.105478,76.145962,Active
Mine_06134,Ariyalur,Marble,21.44,8.648748,76.276901,Active
Mine_06135,Vellore,Marble,16.81,8.902948,80.403773,Active
Mine_06136,Ariyalur,Silica Sand,102.21,8.362978,80.223796,Active
Mine_06137,Dindigul,Granite,30.6,10.781494,76.327503,Active
Mine_06138,Coimbatore,Sand,88.75,10.910153,77.590045,Active
Mine_06139,Namakkal,Sand,13.05,8.302575,78.996333,Active
Mine_06140,Vellore,Limestone,2.63,12.762797,77.400968,Active
Mine_06141,Dindigul,Silica Sand,29.73,9.68652,77.827443,Active
Mine_06142,Dharmapuri,Silica Sand,18.21,11.927207,78.82677,Active
Mine_06143,Tiruppur,Silica Sand,21.7,10.144602,76.538119,Active
Mine_06144,Dindigul,Salt,79.42,11.239518,78.154091,Active
Mine_06145,Tiruvannamalai,Marble,40.94,8.493613,78.068053,Active
Mine_06146,Krishnagiri,Sandstone,31.66,10.931681,76.196943,Active
Mine_06147,Salem,Sand,45.88,8.544564,76.935253,Closed
Mine_06148,Kanyakumari,Silica Sand,9.32,11.826903,78.453534,Active
Mine_06149,Tirunelveli,Granite,8.37,12.536868,77.597704,Active
Mine_06150,Cuddalore,Marble,137.28,13.113839,78.081457,Closed
Mine_06151,Erode,Limestone,2.83,12.957822,78.856852,Active
Mine_06152,Perambalur,Limestone,51.42,12.6904,77.825414,Active
Mine_06153,Ariyalur,Sandstone,14.09,8.791707,78.296784,Active
Mine_06154,Vellore,Salt,26.51,12.952973,79.788148,Active
Mine_06155,Tiruppur,Salt,64.39,9.829799,77.290969,Active
Mine_06156,Coimbatore,Silica Sand,5.91,10.76737,76.417916,Closed
Mine_06157,Namakkal,Sand,134.17,10.654743,78.48404,Active
Mine_06158,Salem,Marble,67.84,11.148625,76.596677,Active
Mine_06159,Tuticorin,Limestone,29.95,11.882102,77.678781,Active
Mine_06160,Madurai,Marble,16.0,11.711337,76.776275,Closed
Mine_06161,Kanyakumari,Silica Sand,5.6,9.900947,80.024244,Active
Mine_06162,Namakkal,Granite,27.27,8.180864,77.206152,Active
Mine_06163,Tiruvannamalai,Marble,110.44,10.428486,78.394092,Active
Mine_06164,Karur,Sandstone,2.61,8.295237,79.895145,Active
Mine_06165,Perambalur,Limestone,46.8,11.574021,80.038689,Active
Mine_06166,Tirunelveli,Granite,3.38,12.402552,78.8805,Active
Mine_06167,Theni,Silica Sand,96.45,10.561576,78.67471,Active
Mine_06168,Tiruppur,Salt,19.66,12.912612,80.098996,Active
Mine_06169,Salem,Iron Ore,132.67,8.305089,76.179111,Active
Mine_06170,Ariyalur,Sand,35.95,11.694379,78.903265,Active
Mine_06171,Virudhunagar,Marble,40.51,8.556129,78.465706,Active
Mine_06172,Cuddalore,Sand,157.77,9.417311,76.042087,Closed
Mine_06173,Theni,Iron Ore,112.77,9.641588,76.852769,Active
Mine_06174,Kanyakumari,Iron Ore,50.6,12.868201,78.518853,Active
Mine_06175,Virudhunagar,Sandstone,18.74,10.490043,80.31768,Active
Mine_06176,Erode,Silica Sand,23.42,9.256368,76.609671,Active
Mine_06177,Karur,Salt,46.55,10.550016,79.384422,Active
Mine_06178,Madurai,Limestone,24.75,13.230569,79.606861,Active
Mine_06179,Dindigul,Sand,5.28,9.396726,77.180002,Closed
Mine_06180,Dharmapuri,Sandstone,3.33,11.460498,76.44585,Active
Mine_06181,Tiruvannamalai,Sandstone,27.22,8.371229,78.876492,Active
Mine_06182,Madurai,Sandstone,36.3,11.334364,76.06765,Active
Mine_06183,Krishnagiri,Salt,45.33,11.172076,79.409331,Active
Mine_06184,Erode,Silica Sand,32.53,8.737104,77.48878,Active
Mine_06185,Krishnagiri,Limestone,28.25,8.900675,80.002225,Active
Mine_06186,Ariyalur,Silica Sand,83.73,13.375265,78.258377,Active
Mine_06187,Perambalur,Sandstone,3.66,10.703852,76.22563,Active
Mine_06188,Salem,Sandstone,25.88,10.301113,77.373014,Active
Mine_06189,Ariyalur,Granite,3.81,11.826477,77.840505,Active
Mine_06190,Krishnagiri,Granite,6.68,8.449173,77.434885,Active
Mine_06191,Tiruvannamalai,Marble,76.26,8.09876,77.927298,Active
Mine_06192,Krishnagiri,Limestone,11.03,8.673232,76.640171,Closed
Mine_06193,Cuddalore,Sandstone,15.61,8.70379,77.740941,Active
Mine_06194,Dindigul,Sand,71.74,10.043415,77.266235,Active
Mine_06195,Salem,Silica Sand,10.55,8.273971,76.845306,Active
Mine_06196,Theni,Iron Ore,21.83,10.638311,78.573598,Active
Mine_06197,Krishnagiri,Granite,16.41,12.037059,78.50742,Active
Mine_06198,Ariyalur,Granite,17.03,8.357062,78.50697,Active
Mine_06199,Perambalur,Marble,68.4,9.569579,76.616292,Active
Mine_06200,Madurai,Granite,44.74,8.234139,76.615507,Closed
Mine_06201,Cuddalore,Silica Sand,65.12,11.152694,78.756845,Active
Mine_06202,Namakkal,Marble,73.06,11.518617,76.834699,Closed
Mine_06203,Ariyalur,Sandstone,65.41,12.824332,79.142017,Active
Mine_06204,Madurai,Sandstone,42.51,8.607889,80.07436,Active
Mine_06205,Namakkal,Granite,111.77,12.958982,76.287532,Active
Mine_06206,Krishnagiri,Limestone,26.26,12.58551,79.324833,Active
Mine_06207,Dindigul,Silica Sand,32.84,12.846239,78.095793,Active
Mine_06208,Ariyalur,Limestone,21.82,10.128471,77.582598,Active
Mine_06209,Cuddalore,Granite,143.23,8.045358,80.255173,Active
Mine_06210,Virudhunagar,Salt,101.15,10.190058,78.078862,Active
Mine_06211,Cuddalore,Iron Ore,15.91,12.657511,77.54675,Active
Mine_06212,Perambalur,Limestone,79.2,11.586136,76.537152,Active
Mine_06213,Tirunelveli,Limestone,16.83,9.751923,80.182445,Active
Mine_06214,Dharmapuri,Marble,1.0,8.867648,77.953326,Active
Mine_06215,Coimbatore,Sand,23.77,8.070337,78.148752,Active
Mine_06216,Cuddalore,Iron Ore,23.24,8.892426,76.910884,Active
Mine_06217,Dharmapuri,Sandstone,3.21,10.111719,79.374301,Active
Mine_06218,Salem,Salt,33.88,8.496804,76.787119,Active
Mine_06219,Tirunelveli,Iron Ore,46.04,10.487233,77.113414,Active
Mine_06220,Ariyalur,Salt,11.8,11.968081,77.476675,Active
Mine_06221,Dharmapuri,Marble,69.62,11.24784,79.923246,Active
Mine_06222,Virudhunagar,Sandstone,121.48,10.756839,78.722508,Active
Mine_06223,Ariyalur,Sandstone,69.26,8.149761,79.300118,Active
Mine_06224,Tiruvannamalai,Sand,84.09,11.808291,80.02724,Closed
Mine_06225,Salem,Silica Sand,118.3,13.297862,77.413788,Active
Mine_06226,Karur,Granite,69.07,12.351301,80.424018,Active
Mine_06227,Dharmapuri,Silica Sand,10.0,11.413055,78.464685,Active
Mine_06228,Dharmapuri,Salt,14.91,9.18996,79.623394,Active
Mine_06229,Dindigul,Granite,16.43,8.364947,79.47915,Active
Mine_06230,Salem,Marble,18.68,9.62453,79.880354,Active
Mine_06231,Karur,Marble,29.84,8.997919,77.262726,Active
Mine_06232,Tirunelveli,Granite,22.62,9.121574,76.39575,Active
Mine_06233,Krishnagiri,Limestone,5.36,11.709568,76.934104,Active
Mine_06234,Theni,Iron Ore,10.37,10.309552,80.317721,Closed
Mine_06235,Perambalur,Granite,15.23,8.608712,78.823963,Active
Mine_06236,Kanyakumari,Granite,39.36,11.348941,77.867904,Active
Mine_06237,Tuticorin,Marble,19.0,10.432754,79.888039,Active
Mine_06238,Kanyakumari,Iron Ore,9.6,9.389134,78.91793,Active
Mine_06239,Tiruppur,Silica Sand,16.32,13.006494,76.611135,Active
Mine_06240,Coimbatore,Salt,46.88,13.144812,79.276856,Active
Mine_06241,Ariyalur,Granite,19.84,8.169448,80.110796,Active
Mine_06242,Salem,Marble,52.4,12.640433,78.49013,Active
Mine_06243,Kanyakumari,Salt,54.75,9.888787,80.062773,Active
Mine_06244,Ariyalur,Sand,27.63,12.267178,79.369596,Active
Mine_06245,Salem,Limestone,26.45,10.964528,77.931119,Active
Mine_06246,Salem,Sandstone,117.0,9.435329,78.823175,Active
Mine_06247,Dindigul,Marble,21.22,10.010105,76.776246,Active
Mine_06248,Madurai,Sandstone,7.86,10.47434,77.898298,Active
Mine_06249,Vellore,Sandstone,49.05,13.176492,76.391521,Active
Mine_06250,Theni,Silica Sand,30.39,11.425106,77.815856,Active
Mine_06251,Coimbatore,Granite,170.29,8.758422,76.26242,Active
Mine_06252,Salem,Salt,107.89,9.671734,78.485936,Active
Mine_06253,Karur,Sandstone,6.61,9.762013,78.769385,Active
Mine_06254,Dindigul,Sandstone,30.78,8.948726,76.800794,Active
Mine_06255,Tiruppur,Salt,4.9,13.491118,79.941605,Active
Mine_06256,Tiruvannamalai,Sand,102.04,8.677664,77.562805,Active
Mine_06257,Cuddalore,Silica Sand,38.45,9.848988,77.239674,Closed
Mine_06258,Dindigul,Silica Sand,88.05,10.810172,79.262942,Active
Mine_06259,Theni,Granite,9.48,12.48852,79.488738,Active
Mine_06260,Namakkal,Sand,69.54,8.603063,78.468178,Active
Mine_06261,Theni,Sand,27.95,10.800541,77.61865,Active
Mine_06262,Theni,Granite,23.09,9.42899,79.81795,Active
Mine_06263,Coimbatore,Limestone,37.82,12.811346,78.672073,Active
Mine_06264,Cuddalore,Limestone,74.46,8.271249,78.228174,Active
Mine_06265,Virudhunagar,Iron Ore,33.2,9.315353,76.557942,Active
Mine_06266,Virudhunagar,Sand,1.0,12.518409,78.65769,Active
Mine_06267,Theni,Silica Sand,60.72,9.089358,79.275915,Active
Mine_06268,Tirunelveli,Silica Sand,1.0,9.297411,77.207252,Active
Mine_06269,Namakkal,Sand,13.35,13.463084,78.60986,Active
Mine_06270,Tiruvannamalai,Marble,21.02,8.681879,79.431382,Active
Mine_06271,Cuddalore,Limestone,179.52,8.941169,76.006858,Active
Mine_06272,Erode,Limestone,6.16,10.526794,80.334345,Active
Mine_06273,Tiruppur,Limestone,161.92,10.069307,79.995476,Active
Mine_06274,Tiruvannamalai,Silica Sand,31.56,11.767471,79.161901,Active
Mine_06275,Erode,Salt,17.95,8.236299,77.630989,Closed
Mine_06276,Ariyalur,Sandstone,14.25,9.158907,76.015375,Active
Mine_06277,Dharmapuri,Granite,19.77,11.97414,79.019836,Active
Mine_06278,Krishnagiri,Limestone,97.57,10.971403,77.567946,Active
Mine_06279,Ariyalur,Limestone,36.04,11.201919,79.599972,Active
Mine_06280,Tirunelveli,Iron Ore,13.55,10.04077,77.478469,Active
Mine_06281,Karur,Limestone,10.76,10.210956,77.511546,Active
Mine_06282,Dindigul,Limestone,34.29,11.083261,77.794488,Active
Mine_06283,Tiruvannamalai,Sandstone,9.73,9.565601,79.965841,Active
Mine_06284,Vellore,Granite,18.3,10.50497,79.890286,Active
Mine_06285,Karur,Iron Ore,20.57,8.305718,79.094204,Active
Mine_06286,Ariyalur,Limestone,54.48,13.039933,79.367355,Active
Mine_06287,Madurai,Silica Sand,1.0,12.851387,76.518637,Active
Mine_06288,Namakkal,Sand,28.69,8.768889,77.77068,Closed
Mine_06289,Theni,Iron Ore,44.12,13.05708,78.007679,Closed
Mine_06290,Erode,Silica Sand,9.14,8.832664,80.472153,Active
Mine_06291,Erode,Marble,1.0,9.570633,80.001023,Active
Mine_06292,Madurai,Sandstone,102.24,10.82062,79.772259,Active
Mine_06293,Perambalur,Marble,3.28,11.986562,78.972548,Closed
Mine_06294,Tiruvannamalai,Salt,15.01,8.519711,78.631546,Active
Mine_06295,Theni,Marble,31.52,8.221725,76.626491,Active
Mine_06296,Krishnagiri,Sand,83.7,9.87115,78.443519,Closed
Mine_06297,Virudhunagar,Sand,62.39,8.137341,80.246561,Active
Mine_06298,Dindigul,Limestone,8.37,9.516985,77.385467,Active
Mine_06299,Erode,Iron Ore,52.79,9.676852,78.197393,Active
Mine_06300,Madurai,Silica Sand,43.42,9.774275,80.335525,Active
Mine_06301,Ariyalur,Marble,1.75,11.766432,77.181319,Active
Mine_06302,Madurai,Granite,30.16,12.045089,79.915519,Active
Mine_06303,Virudhunagar,Limestone,94.9,13.295674,79.837018,Closed
Mine_06304,Erode,Salt,74.65,10.937073,78.421977,Active
Mine_06305,Salem,Sand,137.48,12.880726,77.432518,Active
Mine_06306,Virudhunagar,Limestone,8.0,8.482464,79.846052,Active
Mine_06307,Virudhunagar,Iron Ore,75.53,12.414557,76.454282,Active
Mine_06308,Salem,Limestone,7.43,9.732975,79.798803,Active
Mine_06309,Ariyalur,Salt,7.02,9.419721,79.241022,Active
Mine_06310,Salem,Granite,33.08,10.952175,77.578166,Active
Mine_06311,Perambalur,Limestone,108.97,12.836027,78.971468,Closed
Mine_06312,Madurai,Granite,42.87,9.658429,79.869147,Active
Mine_06313,Ariyalur,Sand,12.58,9.761752,79.986651,Active
Mine_06314,Cuddalore,Iron Ore,2.15,11.183302,80.496296,Active
Mine_06315,Namakkal,Marble,45.43,12.099281,78.314118,Active
Mine_06316,Coimbatore,Salt,111.1,9.416327,77.705357,Active
Mine_06317,Cuddalore,Limestone,138.39,8.510616,79.181138,Active
Mine_06318,Theni,Salt,5.12,11.391992,79.042867,Active
Mine_06319,Karur,Silica Sand,86.3,12.753923,77.113571,Closed
Mine_06320,Tuticorin,Marble,8.83,8.605642,79.859184,Active
Mine_06321,Theni,Iron Ore,39.6,10.547484,79.157376,Active
Mine_06322,Tirunelveli,Marble,256.18,11.022893,78.526788,Closed
Mine_06323,Coimbatore,Limestone,40.06,8.542173,77.286274,Active
Mine_06324,Kanyakumari,Salt,3.1,9.748351,77.906431,Active
Mine_06325,Cuddalore,Limestone,29.67,12.728828,78.843085,Active
Mine_06326,Dharmapuri,Sandstone,15.12,10.070955,77.482021,Active
Mine_06327,Erode,Silica Sand,58.81,9.891611,77.936269,Active
Mine_06328,Vellore,Granite,30.0,10.014307,80.337153,Active
Mine_06329,Tiruppur,Sand,9.49,8.466497,78.43717,Closed
Mine_06330,Perambalur,Sandstone,30.55,10.710056,80.362948,Active
Mine_06331,Krishnagiri,Salt,8.69,12.508739,79.374013,Active
Mine_06332,Ariyalur,Granite,50.25,13.384958,78.081669,Active
Mine_06333,Erode,Granite,31.72,11.844729,76.090382,Closed
Mine_06334,Namakkal,Salt,49.32,8.214992,80.071893,Active
Mine_06335,Ariyalur,Limestone,11.69,9.002062,77.096891,Active
Mine_06336,Tiruvannamalai,Granite,61.92,12.690051,79.306924,Active
Mine_06337,Karur,Granite,12.34,11.879496,76.61463,Active
Mine_06338,Karur,Salt,3.67,9.090946,79.327201,Active
Mine_06339,Salem,Silica Sand,19.4,9.989829,79.90131,Active
Mine_06340,Krishnagiri,Limestone,87.69,11.508642,78.546358,Active
Mine_06341,Tiruvannamalai,Sand,65.92,8.277332,79.983085,Active
Mine_06342,Tiruppur,Marble,1.0,12.78102,76.540619,Active
Mine_06343,Coimbatore,Salt,110.39,9.891845,77.396846,Active
Mine_06344,Dindigul,Salt,53.05,12.993415,79.537254,Active
Mine_06345,Karur,Sandstone,31.67,9.303319,76.501782,Active
Mine_06346,Krishnagiri,Salt,1.57,13.3529,80.479599,Active
Mine_06347,Karur,Sand,124.1,12.902266,77.146398,Active
Mine_06348,Coimbatore,Limestone,23.0,9.979661,79.482411,Active
Mine_06349,Dharmapuri,Limestone,10.23,9.987436,78.015141,Active
Mine_06350,Perambalur,Sandstone,21.07,12.878642,80.336149,Active
Mine_06351,Cuddalore,Granite,28.52,9.1873,78.665249,Active
Mine_06352,Tuticorin,Granite,33.77,10.13114,80.044101,Active
Mine_06353,Dindigul,Marble,86.82,8.696546,76.00972,Active
Mine_06354,Virudhunagar,Limestone,64.92,9.870727,79.006139,Active
Mine_06355,Ariyalur,Iron Ore,2.32,12.472485,76.767694,Closed
Mine_06356,Tiruppur,Iron Ore,48.51,11.730794,78.465539,Active
Mine_06357,Dindigul,Granite,59.92,9.316737,77.930107,Active
Mine_06358,Cuddalore,Sand,48.39,11.802651,79.192421,Active
Mine_06359,Salem,Limestone,30.35,10.982601,78.250341,Active
Mine_06360,Virudhunagar,Sand,58.14,8.999883,76.906965,Active
Mine_06361,Tuticorin,Sand,5.39,11.085071,80.039419,Closed
Mine_06362,Ariyalur,Sand,80.17,12.952487,78.314585,Active
Mine_06363,Dindigul,Silica Sand,29.85,12.142374,78.429287,Active
Mine_06364,Tiruppur,Granite,185.75,12.353906,79.400403,Active
Mine_06365,Tiruvannamalai,Marble,79.93,10.862548,77.398457,Closed
Mine_06366,Tiruppur,Marble,58.91,11.312344,77.412661,Closed
Mine_06367,Cuddalore,Granite,13.76,13.197934,76.728502,Active
Mine_06368,Karur,Sandstone,71.43,13.136545,79.937421,Active
Mine_06369,Tuticorin,Silica Sand,62.26,10.712496,76.186384,Active
Mine_06370,Tirunelveli,Marble,20.18,11.337236,78.482551,Active
Mine_06371,Krishnagiri,Sand,50.77,12.999748,79.464837,Active
Mine_06372,Vellore,Limestone,72.16,11.2504,77.978061,Active
Mine_06373,Tiruppur,Sand,11.09,9.076495,78.649893,Active
Mine_06374,Dharmapuri,Sand,14.72,10.534532,79.061666,Active
Mine_06375,Salem,Iron Ore,14.16,10.471086,79.257433,Active
Mine_06376,Virudhunagar,Limestone,24.97,8.219214,80.023951,Active
Mine_06377,Salem,Marble,21.98,13.445305,77.661852,Active
Mine_06378,Erode,Limestone,14.95,9.285824,77.904446,Active
Mine_06379,Tuticorin,Sandstone,40.43,8.389144,77.540013,Active
Mine_06380,Namakkal,Salt,17.6,8.037049,76.030895,Active
Mine_06381,Tiruvannamalai,Marble,51.17,13.066982,80.455766,Active
Mine_06382,Madurai,Limestone,6.08,10.112963,78.576055,Active
Mine_06383,Namakkal,Limestone,63.02,13.494171,79.623811,Active
Mine_06384,Krishnagiri,Iron Ore,10.25,12.343901,76.482765,Active
Mine_06385,Coimbatore,Sandstone,34.68,10.986438,80.413976,Active
Mine_06386,Kanyakumari,Iron Ore,28.08,9.613272,78.362821,Active
Mine_06387,Cuddalore,Marble,44.71,10.286471,79.696168,Active
Mine_06388,Dharmapuri,Iron Ore,83.84,12.55874,78.393277,Active
Mine_06389,Madurai,Granite,211.15,8.255811,76.574113,Active
Mine_06390,Tiruvannamalai,Sand,32.41,12.027888,77.906034,Active
Mine_06391,Madurai,Sandstone,40.21,8.392854,76.768967,Active
Mine_06392,Coimbatore,Sand,55.84,10.130772,78.984851,Active
Mine_06393,Karur,Sandstone,36.27,12.431259,78.956981,Active
Mine_06394,Erode,Silica Sand,6.93,9.70195,77.486599,Active
Mine_06395,Salem,Salt,35.64,10.631845,78.444061,Active
Mine_06396,Tirunelveli,Silica Sand,46.0,9.438067,76.485602,Active
Mine_06397,Cuddalore,Iron Ore,1.19,10.258068,76.121631,Active
Mine_06398,Salem,Sand,30.63,8.127468,79.562789,Active
Mine_06399,Kanyakumari,Sandstone,9.7,9.443711,78.594385,Active
Mine_06400,Cuddalore,Silica Sand,100.84,10.14553,78.445717,Active
Mine_06401,Erode,Iron Ore,40.64,12.887431,80.284442,Active
Mine_06402,Vellore,Marble,6.96,9.831561,77.484117,Active
Mine_06403,Karur,Granite,31.79,12.306145,79.733102,Active
Mine_06404,Perambalur,Salt,69.27,12.081913,79.170111,Active
Mine_06405,Cuddalore,Limestone,47.55,13.196371,79.481758,Active
Mine_06406,Madurai,Marble,14.53,11.727553,79.203869,Active
Mine_06407,Ariyalur,Iron Ore,18.3,8.218116,80.088,Closed
Mine_06408,Dharmapuri,Silica Sand,170.19,12.401474,80.158545,Active
Mine_06409,Tiruppur,Sand,32.38,11.132354,79.229051,Active
Mine_06410,Dindigul,Silica Sand,62.13,9.589903,80.255844,Active
Mine_06411,Tuticorin,Sandstone,52.21,11.108838,77.452077,Active
Mine_06412,Karur,Silica Sand,8.13,9.514844,80.294976,Closed
Mine_06413,Cuddalore,Granite,14.92,10.471424,77.909715,Active
Mine_06414,Ariyalur,Sandstone,16.38,11.434232,77.739512,Active
Mine_06415,Kanyakumari,Iron Ore,18.93,10.544516,76.738496,Closed
Mine_06416,Krishnagiri,Limestone,9.81,9.001297,77.693687,Active
Mine_06417,Cuddalore,Salt,126.4,12.974972,76.680117,Active
Mine_06418,Dindigul,Iron Ore,29.53,10.835638,76.603483,Active
Mine_06419,Krishnagiri,Silica Sand,4.92,9.172173,76.404383,Closed
Mine_06420,Namakkal,Silica Sand,51.73,13.013054,76.253718,Active
Mine_06421,Tiruppur,Sandstone,120.64,8.549414,79.593725,Active
Mine_06422,Tiruppur,Limestone,49.35,13.111574,79.222904,Active
Mine_06423,Virudhunagar,Granite,10.55,13.476774,76.024906,Active
Mine_06424,Vellore,Silica Sand,4.28,8.185026,76.545905,Active
Mine_06425,Ariyalur,Iron Ore,50.49,9.025937,76.418721,Active
Mine_06426,Tuticorin,Sand,1.44,12.545759,78.27912,Closed
Mine_06427,Kanyakumari,Iron Ore,13.75,9.828895,78.469007,Active
Mine_06428,Tuticorin,Marble,54.26,8.845037,76.820025,Active
Mine_06429,Vellore,Salt,83.3,8.766454,77.795412,Active
Mine_06430,Salem,Sandstone,15.07,11.670274,76.844654,Active
Mine_06431,Dharmapuri,Sandstone,55.45,12.414294,77.684667,Active
Mine_06432,Karur,Iron Ore,169.21,11.989755,78.025213,Active
Mine_06433,Virudhunagar,Sandstone,125.78,8.587638,79.395211,Active
Mine_06434,Madurai,Marble,15.88,8.821348,79.585925,Closed
Mine_06435,Karur,Sand,57.88,11.200853,76.492863,Active
Mine_06436,Virudhunagar,Sandstone,28.25,12.337844,76.130095,Closed
Mine_06437,Virudhunagar,Marble,27.69,9.857405,78.909927,Closed
Mine_06438,Tiruppur,Sandstone,20.68,8.859597,78.234944,Active
Mine_06439,Vellore,Limestone,21.28,11.118261,79.983682,Closed
Mine_06440,Erode,Salt,56.61,9.817905,76.739535,Active
Mine_06441,Tirunelveli,Sand,12.4,13.353817,78.259689,Active
Mine_06442,Vellore,Sand,27.0,9.097991,79.848075,Active
Mine_06443,Coimbatore,Silica Sand,29.45,13.0718,76.920751,Active
Mine_06444,Namakkal,Granite,49.07,10.049218,76.061561,Active
Mine_06445,Dharmapuri,Marble,67.45,8.477011,78.731596,Active
Mine_06446,Theni,Salt,9.97,11.484547,79.491998,Active
Mine_06447,Dindigul,Sand,10.22,12.187643,78.371446,Active
Mine_06448,Tiruvannamalai,Granite,98.55,12.155797,78.02814,Active
Mine_06449,Erode,Limestone,1.0,8.61802,78.49286,Active
Mine_06450,Madurai,Granite,90.41,9.32358,79.434786,Active
Mine_06451,Salem,Sand,1.0,13.065267,79.702812,Active
Mine_06452,Vellore,Sand,43.72,8.924114,79.676649,Active
Mine_06453,Vellore,Sandstone,8.35,12.496055,76.150903,Active
Mine_06454,Erode,Marble,35.85,12.254572,77.039828,Active
Mine_06455,Dindigul,Granite,11.65,10.685077,79.291102,Active
Mine_06456,Vellore,Salt,23.15,8.894483,79.380163,Active
Mine_06457,Vellore,Granite,15.04,11.721985,77.380048,Active
Mine_06458,Ariyalur,Iron Ore,75.57,12.213784,76.883458,Active
Mine_06459,Virudhunagar,Iron Ore,6.83,11.899136,78.936784,Closed
Mine_06460,Namakkal,Limestone,18.5,9.755707,80.31293,Active
Mine_06461,Virudhunagar,Sandstone,1.95,12.008765,76.453957,Active
Mine_06462,Virudhunagar,Granite,6.72,9.790085,77.624492,Active
Mine_06463,Tuticorin,Sandstone,9.22,9.220464,77.717253,Active
Mine_06464,Tuticorin,Iron Ore,60.62,13.096939,79.795838,Active
Mine_06465,Theni,Iron Ore,67.29,9.89263,80.036668,Active
Mine_06466,Tuticorin,Iron Ore,23.03,9.19359,76.769523,Active
Mine_06467,Salem,Granite,1.74,13.097018,79.701917,Closed
Mine_06468,Dharmapuri,Iron Ore,9.49,8.115632,76.105967,Active
Mine_06469,Kanyakumari,Granite,27.4,8.722343,80.38981,Active
Mine_06470,Vellore,Sandstone,98.23,10.208129,79.705653,Active
Mine_06471,Tiruvannamalai,Marble,16.72,10.185466,77.678315,Active
Mine_06472,Karur,Salt,25.79,9.429126,76.234817,Active
Mine_06473,Madurai,Sandstone,4.78,13.193836,78.952455,Active
Mine_06474,Vellore,Silica Sand,23.74,13.423897,78.852426,Active
Mine_06475,Karur,Marble,26.54,9.135563,78.914893,Active
Mine_06476,Tuticorin,Granite,2.85,12.152606,78.634588,Active
Mine_06477,Dindigul,Marble,42.32,8.652743,77.313145,Active
Mine_06478,Namakkal,Iron Ore,48.33,10.011532,77.639306,Active
Mine_06479,Dindigul,Limestone,48.88,11.49732,78.327943,Active
Mine_06480,Vellore,Salt,84.74,12.537632,77.649522,Active
Mine_06481,Salem,Salt,3.28,10.330651,76.38638,Active
Mine_06482,Tiruvannamalai,Limestone,39.69,11.702631,78.19215,Active
Mine_06483,Tiruppur,Sandstone,7.3,11.224857,76.853286,Active
Mine_06484,Karur,Limestone,11.42,10.186398,80.179804,Active
Mine_06485,Theni,Marble,18.6,12.987579,76.393308,Closed
Mine_06486,Dharmapuri,Salt,39.24,8.936143,79.899035,Active
Mine_06487,Ariyalur,Sand,1.0,11.464935,77.85606,Closed
Mine_06488,Salem,Sand,34.04,11.646271,76.283129,Active
Mine_06489,Karur,Marble,24.28,8.586918,76.386748,Closed
Mine_06490,Erode,Sand,54.74,12.890768,77.980854,Active
Mine_06491,Theni,Marble,16.43,8.376666,79.612691,Active
Mine_06492,Namakkal,Silica Sand,12.02,8.64911,79.830567,Active
Mine_06493,Ariyalur,Granite,38.89,9.422595,77.01307,Active
Mine_06494,Karur,Iron Ore,6.5,8.068042,76.47183,Active
Mine_06495,Krishnagiri,Iron Ore,78.26,11.834836,80.48169,Active
Mine_06496,Virudhunagar,Limestone,47.64,11.521883,77.604395,Active
Mine_06497,Vellore,Iron Ore,50.0,11.686741,76.137922,Active
Mine_06498,Dindigul,Limestone,67.57,8.19403,77.424969,Closed
Mine_06499,Vellore,Sand,25.11,11.254054,77.456659,Active
Mine_06500,Cuddalore,Sand,105.42,8.467448,76.299558,Active
Mine_06501,Tirunelveli,Silica Sand,44.48,8.151554,80.219539,Active
Mine_06502,Coimbatore,Limestone,97.18,11.179842,77.775999,Active
Mine_06503,Karur,Salt,58.57,11.352726,76.981362,Active
Mine_06504,Kanyakumari,Salt,10.0,10.643544,80.487428,Active
Mine_06505,Karur,Limestone,28.22,10.713466,79.655909,Active
Mine_06506,Erode,Silica Sand,3.63,12.986544,77.153591,Active
Mine_06507,Vellore,Marble,3.59,11.187405,77.556449,Active
Mine_06508,Tiruppur,Sand,13.14,8.974901,78.537203,Active
Mine_06509,Tiruvannamalai,Salt,45.39,8.40928,79.344237,Active
Mine_06510,Krishnagiri,Salt,244.94,8.956411,77.174888,Active
Mine_06511,Erode,Sandstone,27.13,11.094878,77.329729,Active
Mine_06512,Madurai,Salt,79.84,11.381746,77.053732,Active
Mine_06513,Vellore,Iron Ore,9.86,11.601985,76.189652,Active
Mine_06514,Vellore,Sandstone,6.47,9.222095,79.95592,Active
Mine_06515,Tuticorin,Iron Ore,9.47,9.877753,78.584487,Active
Mine_06516,Madurai,Limestone,21.04,10.62178,76.475024,Active
Mine_06517,Tiruppur,Sand,4.08,8.763518,76.861051,Active
Mine_06518,Salem,Marble,16.23,10.487469,76.212801,Active
Mine_06519,Ariyalur,Sand,4.19,12.318144,78.913568,Active
Mine_06520,Perambalur,Sandstone,27.97,8.295861,79.308173,Active
Mine_06521,Kanyakumari,Limestone,45.67,11.822861,76.96073,Active
Mine_06522,Ariyalur,Sand,42.87,11.281998,76.766828,Active
Mine_06523,Erode,Sandstone,72.38,10.195753,79.710802,Active
Mine_06524,Perambalur,Sand,126.43,10.10566,76.891919,Closed
Mine_06525,Madurai,Marble,65.48,11.976412,79.544707,Active
Mine_06526,Salem,Sand,39.36,12.372708,80.001132,Active
Mine_06527,Vellore,Marble,1.3,8.117497,76.162496,Active
Mine_06528,Theni,Silica Sand,1.0,9.476821,76.923109,Active
Mine_06529,Virudhunagar,Salt,33.47,10.49664,76.852737,Active
Mine_06530,Cuddalore,Granite,25.83,9.847183,77.272513,Active
Mine_06531,Dharmapuri,Salt,97.46,8.078262,79.575118,Active
Mine_06532,Kanyakumari,Limestone,108.76,11.244521,77.082416,Active
Mine_06533,Dharmapuri,Limestone,38.67,9.426005,77.681671,Active
Mine_06534,Tirunelveli,Granite,35.34,12.78601,79.851175,Active
Mine_06535,Vellore,Limestone,37.75,11.784691,79.163213,Active
Mine_06536,Madurai,Granite,84.99,13.266971,77.74958,Closed
Mine_06537,Tiruppur,Salt,39.42,13.371042,77.105514,Closed
Mine_06538,Dharmapuri,Granite,7.67,12.178818,80.402127,Active
Mine_06539,Karur,Iron Ore,16.94,10.304569,77.477297,Active
Mine_06540,Perambalur,Salt,119.56,10.300993,78.457986,Active
Mine_06541,Krishnagiri,Sand,1.0,12.634793,77.206633,Active
Mine_06542,Theni,Sandstone,8.26,8.203442,79.093339,Active
Mine_06543,Kanyakumari,Marble,45.99,12.628414,77.150774,Closed
Mine_06544,Ariyalur,Iron Ore,140.09,12.734385,78.404984,Active
Mine_06545,Virudhunagar,Sandstone,29.28,9.806652,78.72831,Active
Mine_06546,Dindigul,Silica Sand,12.5,10.676191,78.133164,Active
Mine_06547,Theni,Sand,12.5,12.62626,79.63579,Active
Mine_06548,Perambalur,Granite,1.65,10.019246,77.185277,Active
Mine_06549,Perambalur,Silica Sand,17.53,12.008904,78.691434,Active
Mine_06550,Theni,Granite,2.46,10.940343,76.004622,Active
Mine_06551,Tirunelveli,Sandstone,52.9,11.704223,77.56299,Active
Mine_06552,Krishnagiri,Sandstone,54.52,12.272437,77.62007,Active
Mine_06553,Tiruvannamalai,Limestone,90.94,12.717952,76.559489,Active
Mine_06554,Namakkal,Marble,37.27,12.307105,80.201592,Closed
Mine_06555,Vellore,Salt,39.49,12.55651,78.43325,Closed
Mine_06556,Vellore,Marble,28.33,10.594842,78.73685,Active
Mine_06557,Madurai,Sandstone,7.96,10.185703,77.269206,Active
Mine_06558,Virudhunagar,Limestone,37.55,9.312638,76.380154,Active
Mine_06559,Namakkal,Marble,23.34,8.712775,77.865987,Active
Mine_06560,Krishnagiri,Salt,39.03,10.415885,79.635634,Active
Mine_06561,Vellore,Marble,26.84,11.863719,76.391553,Active
Mine_06562,Salem,Marble,2.02,13.09556,76.251953,Active
Mine_06563,Dharmapuri,Salt,108.43,13.423288,77.509438,Active
Mine_06564,Erode,Sandstone,33.64,10.901076,78.149134,Active
Mine_06565,Tirunelveli,Salt,33.6,9.8665,78.122721,Active
Mine_06566,Theni,Granite,54.37,9.227123,77.837859,Active
Mine_06567,Dindigul,Iron Ore,1.86,12.338943,78.458053,Active
Mine_06568,Salem,Salt,1.26,11.467702,77.42445,Active
Mine_06569,Tiruppur,Marble,9.77,10.244019,77.721932,Active
Mine_06570,Dindigul,Sand,13.39,11.965676,76.99012,Closed
Mine_06571,Krishnagiri,Sand,92.47,9.880092,76.038897,Active
Mine_06572,Virudhunagar,Sandstone,55.55,13.429042,76.537903,Active
Mine_06573,Tiruppur,Iron Ore,46.68,8.206009,78.635408,Active
Mine_06574,Theni,Iron Ore,27.7,13.012047,76.569654,Active
Mine_06575,Ariyalur,Iron Ore,78.38,8.839645,76.436021,Active
Mine_06576,Tirunelveli,Sand,2.99,11.493582,77.095964,Active
Mine_06577,Kanyakumari,Silica Sand,206.02,12.034521,77.749361,Active
Mine_06578,Ariyalur,Granite,82.49,9.465089,77.006201,Active
Mine_06579,Namakkal,Marble,6.37,13.470454,80.05195,Active
Mine_06580,Tiruvannamalai,Sand,109.62,11.718596,78.334059,Active
Mine_06581,Tiruppur,Marble,58.96,12.865154,76.04284,Active
Mine_06582,Namakkal,Sandstone,75.31,12.611156,76.833131,Active
Mine_06583,Kanyakumari,Salt,31.19,11.447234,79.641427,Active
Mine_06584,Ariyalur,Marble,78.37,8.614758,76.396814,Active
Mine_06585,Perambalur,Iron Ore,145.0,9.097752,79.518335,Active
Mine_06586,Tirunelveli,Iron Ore,28.95,13.497849,80.272145,Active
Mine_06587,Krishnagiri,Iron Ore,10.11,11.51178,77.729577,Active
Mine_06588,Kanyakumari,Sandstone,3.37,10.075327,78.007173,Active
Mine_06589,Vellore,Salt,11.03,13.313333,78.140262,Active
Mine_06590,Tiruvannamalai,Silica Sand,46.11,10.765276,77.529273,Active
Mine_06591,Coimbatore,Marble,91.96,12.23167,78.805045,Active
Mine_06592,Karur,Sandstone,26.55,9.506642,77.343577,Active
Mine_06593,Dharmapuri,Silica Sand,43.14,13.056376,80.478422,Active
Mine_06594,Coimbatore,Granite,7.08,10.513739,76.450834,Active
Mine_06595,Kanyakumari,Salt,23.21,12.890659,77.121043,Active
Mine_06596,Tiruvannamalai,Salt,11.46,10.900116,76.879487,Active
Mine_06597,Madurai,Sand,48.07,9.127384,80.240326,Active
Mine_06598,Virudhunagar,Sand,39.84,11.691393,79.277397,Active
Mine_06599,Tirunelveli,Marble,40.33,11.976079,78.352694,Active
Mine_06600,Virudhunagar,Granite,44.97,11.947903,77.941676,Active
Mine_06601,Vellore,Marble,42.94,9.214622,77.83529,Active
Mine_06602,Perambalur,Marble,38.53,8.472233,77.384641,Active
Mine_06603,Dharmapuri,Limestone,11.52,9.991484,79.04495,Active
Mine_06604,Vellore,Limestone,14.24,8.753134,76.759894,Active
Mine_06605,Dindigul,Sand,20.64,8.378955,79.299945,Active
Mine_06606,Salem,Silica Sand,47.08,10.020985,76.329211,Active
Mine_06607,Virudhunagar,Limestone,12.94,9.484562,80.180399,Active
Mine_06608,Tirunelveli,Salt,10.04,11.934741,76.808458,Active
Mine_06609,Erode,Salt,7.39,11.18839,77.680802,Active
Mine_06610,Virudhunagar,Sandstone,58.42,9.730916,77.542232,Active
Mine_06611,Erode,Limestone,24.91,10.913168,80.354057,Active
Mine_06612,Krishnagiri,Granite,2.24,12.933395,79.027623,Active
Mine_06613,Kanyakumari,Silica Sand,114.26,10.294107,78.072499,Active
Mine_06614,Dharmapuri,Iron Ore,104.87,10.3815,76.750692,Active
Mine_06615,Dindigul,Limestone,33.1,11.693224,78.563032,Active
Mine_06616,Theni,Limestone,25.85,9.963603,80.380159,Active
Mine_06617,Perambalur,Marble,113.8,13.409229,79.712057,Active
Mine_06618,Tiruvannamalai,Sand,20.44,12.435489,76.247609,Active
Mine_06619,Coimbatore,Marble,6.86,11.809933,79.693452,Active
Mine_06620,Vellore,Sandstone,5.93,9.431862,78.202929,Active
Mine_06621,Cuddalore,Limestone,20.26,13.191375,80.087862,Active
Mine_06622,Vellore,Marble,7.85,10.076503,76.945334,Active
Mine_06623,Dindigul,Granite,13.77,12.284216,79.49177,Active
Mine_06624,Kanyakumari,Iron Ore,100.27,11.677633,77.111729,Active
Mine_06625,Ariyalur,Iron Ore,5.62,13.446884,76.056033,Closed
Mine_06626,Theni,Salt,2.7,9.677551,77.936107,Active
Mine_06627,Virudhunagar,Silica Sand,8.68,11.872776,79.479178,Active
Mine_06628,Erode,Iron Ore,130.22,9.060531,80.091863,Active
Mine_06629,Perambalur,Sand,2.13,12.115652,78.152229,Active
Mine_06630,Virudhunagar,Granite,29.68,9.450044,76.637076,Active
Mine_06631,Tiruvannamalai,Silica Sand,10.25,10.526571,78.488128,Active
Mine_06632,Erode,Sand,9.44,10.532335,80.4658,Active
Mine_06633,Vellore,Sandstone,61.76,11.915551,76.053009,Active
Mine_06634,Krishnagiri,Limestone,31.02,8.573232,77.242616,Active
Mine_06635,Perambalur,Limestone,32.24,11.34578,77.651791,Active
Mine_06636,Ariyalur,Marble,21.82,8.976216,76.469182,Active
Mine_06637,Kanyakumari,Salt,69.97,9.473586,77.358434,Active
Mine_06638,Dindigul,Silica Sand,63.92,9.590623,80.485508,Active
Mine_06639,Tirunelveli,Sandstone,92.95,11.035421,78.633834,Closed
Mine_06640,Perambalur,Sand,53.27,12.601139,79.221327,Active
Mine_06641,Theni,Sand,76.64,12.123141,78.327734,Active
Mine_06642,Tirunelveli,Iron Ore,70.47,12.082428,79.853102,Active
Mine_06643,Tirunelveli,Silica Sand,77.12,9.27776,77.998093,Active
Mine_06644,Madurai,Sandstone,1.0,9.169152,77.055027,Closed
Mine_06645,Tuticorin,Iron Ore,1.0,12.064673,78.767865,Closed
Mine_06646,Dharmapuri,Granite,9.89,9.989166,79.554842,Active
Mine_06647,Virudhunagar,Limestone,6.26,12.418091,77.383941,Active
Mine_06648,Krishnagiri,Salt,9.55,8.720005,77.088758,Active
Mine_06649,Karur,Limestone,36.53,11.223946,78.888504,Active
Mine_06650,Namakkal,Granite,10.47,11.23276,76.352513,Closed
Mine_06651,Virudhunagar,Sandstone,26.67,12.170826,77.915549,Active
Mine_06652,Ariyalur,Silica Sand,8.38,9.523373,80.478763,Active
Mine_06653,Kanyakumari,Limestone,7.2,13.103811,78.540492,Active
Mine_06654,Virudhunagar,Granite,29.13,12.543712,80.46484,Active
Mine_06655,Dharmapuri,Salt,18.18,9.07083,78.95496,Active
Mine_06656,Dindigul,Silica Sand,23.0,12.156916,76.739053,Active
Mine_06657,Ariyalur,Granite,7.89,10.750607,78.560322,Active
Mine_06658,Tirunelveli,Sandstone,94.06,8.467824,76.692942,Active
Mine_06659,Tiruppur,Limestone,33.22,10.052455,77.812052,Closed
Mine_06660,Coimbatore,Sand,1.0,8.253466,78.111423,Active
Mine_06661,Tiruppur,Iron Ore,52.54,9.043481,77.180281,Active
Mine_06662,Virudhunagar,Granite,11.21,11.37509,77.648852,Active
Mine_06663,Krishnagiri,Iron Ore,9.53,10.570601,78.67016,Active
Mine_06664,Krishnagiri,Granite,41.73,9.637926,78.848515,Active
Mine_06665,Vellore,Silica Sand,41.31,12.965151,76.616711,Active
Mine_06666,Ariyalur,Iron Ore,37.88,8.199037,79.32658,Active
Mine_06667,Coimbatore,Marble,94.84,10.870611,80.069974,Active
Mine_06668,Theni,Granite,31.87,11.365189,79.467061,Active
Mine_06669,Tiruvannamalai,Granite,46.64,13.440803,78.994216,Active
Mine_06670,Tiruvannamalai,Limestone,7.93,8.167765,77.507323,Active
Mine_06671,Tiruppur,Marble,18.72,12.031273,76.073075,Active
Mine_06672,Ariyalur,Sandstone,9.91,10.056933,78.735306,Active
Mine_06673,Coimbatore,Limestone,2.29,9.071951,80.040333,Active
Mine_06674,Perambalur,Granite,5.8,8.617353,79.857261,Active
Mine_06675,Perambalur,Sand,29.04,10.994145,76.879459,Active
Mine_06676,Vellore,Iron Ore,1.08,8.275861,77.460913,Closed
Mine_06677,Namakkal,Iron Ore,25.54,8.098875,76.354957,Active
Mine_06678,Cuddalore,Salt,47.4,12.319651,79.826504,Active
Mine_06679,Namakkal,Marble,117.56,12.246459,76.526322,Active
Mine_06680,Theni,Silica Sand,23.2,12.605797,78.231297,Closed
Mine_06681,Perambalur,Sand,8.6,10.620989,76.526627,Active
Mine_06682,Dharmapuri,Sand,103.94,10.831564,78.164949,Active
Mine_06683,Ariyalur,Iron Ore,77.0,12.742892,77.047016,Active
Mine_06684,Krishnagiri,Marble,1.0,10.744598,78.786852,Active
Mine_06685,Tiruppur,Silica Sand,98.68,13.170747,76.144563,Closed
Mine_06686,Karur,Limestone,8.31,12.401752,77.877084,Active
Mine_06687,Virudhunagar,Marble,64.82,8.752589,76.794597,Active
Mine_06688,Virudhunagar,Sand,26.63,13.170146,78.95825,Active
Mine_06689,Karur,Marble,21.79,10.484026,78.705825,Active
Mine_06690,Cuddalore,Salt,4.15,11.082493,78.805892,Active
Mine_06691,Virudhunagar,Sand,38.23,11.551472,78.239846,Active
Mine_06692,Dharmapuri,Sandstone,183.83,8.801917,78.442075,Active
Mine_06693,Dharmapuri,Sand,91.58,8.938131,77.914124,Active
Mine_06694,Coimbatore,Limestone,36.05,13.055445,80.273575,Active
Mine_06695,Tirunelveli,Silica Sand,42.24,9.212327,79.288053,Active
Mine_06696,Perambalur,Sand,34.08,11.798357,76.937261,Active
Mine_06697,Tuticorin,Sand,31.66,11.988073,78.191198,Active
Mine_06698,Perambalur,Silica Sand,82.0,12.33178,79.172027,Active
Mine_06699,Erode,Granite,55.38,11.509575,77.360851,Active
Mine_06700,Namakkal,Marble,107.64,10.300969,78.480625,Active
Mine_06701,Ariyalur,Iron Ore,11.97,9.453949,80.182156,Active
Mine_06702,Dharmapuri,Sand,6.2,9.498021,78.672981,Active
Mine_06703,Virudhunagar,Silica Sand,81.81,8.600491,76.934196,Active
Mine_06704,Theni,Limestone,87.61,11.871643,76.328892,Active
Mine_06705,Kanyakumari,Silica Sand,107.61,10.316075,78.010436,Active
Mine_06706,Coimbatore,Granite,9.47,8.426433,80.486136,Active
Mine_06707,Cuddalore,Iron Ore,48.09,12.519252,76.288349,Active
Mine_06708,Dharmapuri,Sandstone,43.48,10.781169,79.678785,Active
Mine_06709,Dindigul,Salt,26.59,12.348623,77.833122,Closed
Mine_06710,Kanyakumari,Iron Ore,4.56,11.107048,79.268514,Active
Mine_06711,Tirunelveli,Sandstone,23.77,9.434303,80.092418,Active
Mine_06712,Krishnagiri,Iron Ore,39.51,10.787295,79.295159,Active
Mine_06713,Kanyakumari,Granite,12.0,8.968261,76.916761,Active
Mine_06714,Dharmapuri,Iron Ore,42.23,10.072616,79.520326,Active
Mine_06715,Dindigul,Granite,20.19,11.003434,78.629113,Active
Mine_06716,Kanyakumari,Silica Sand,27.45,8.03874,78.661033,Active
Mine_06717,Theni,Sand,71.74,9.383439,79.226559,Active
Mine_06718,Salem,Marble,113.51,11.568616,80.006099,Active
Mine_06719,Virudhunagar,Sandstone,150.38,10.239975,77.57127,Active
Mine_06720,Krishnagiri,Sand,23.7,11.512646,78.294355,Active
Mine_06721,Tirunelveli,Marble,78.29,12.462349,79.551354,Active
Mine_06722,Karur,Limestone,52.21,10.129626,76.453193,Active
Mine_06723,Tiruvannamalai,Sand,32.79,11.607545,77.983696,Active
Mine_06724,Dharmapuri,Limestone,108.1,10.947341,76.553229,Active
Mine_06725,Cuddalore,Iron Ore,18.5,10.358164,77.528647,Active
Mine_06726,Virudhunagar,Salt,72.74,9.563576,76.70984,Active
Mine_06727,Namakkal,Granite,104.53,12.799433,77.388213,Active
Mine_06728,Virudhunagar,Silica Sand,1.0,11.303176,80.122017,Closed
Mine_06729,Tiruppur,Sand,9.88,13.073429,76.076601,Active
Mine_06730,Madurai,Granite,72.83,10.626844,77.046177,Active
Mine_06731,Salem,Sandstone,11.79,12.441799,76.694196,Active
Mine_06732,Ariyalur,Marble,48.84,12.296134,78.985836,Active
Mine_06733,Tuticorin,Iron Ore,13.22,8.238582,78.791941,Closed
Mine_06734,Perambalur,Salt,19.22,10.614831,76.731881,Active
Mine_06735,Dindigul,Limestone,11.28,12.402333,79.413013,Active
Mine_06736,Vellore,Limestone,16.23,9.392525,78.445916,Active
Mine_06737,Krishnagiri,Sandstone,14.48,10.107066,79.561143,Active
Mine_06738,Salem,Limestone,34.46,12.217723,79.356027,Active
Mine_06739,Perambalur,Iron Ore,17.12,9.031483,76.054727,Active
Mine_06740,Dindigul,Salt,42.53,8.743502,77.502128,Active
Mine_06741,Karur,Limestone,14.77,8.269691,76.813333,Active
Mine_06742,Ariyalur,Salt,62.85,12.95616,78.229289,Active
Mine_06743,Dharmapuri,Granite,14.77,8.906765,78.33173,Active
Mine_06744,Theni,Marble,31.0,9.297349,76.155474,Active
Mine_06745,Madurai,Limestone,23.17,12.907949,79.228284,Active
Mine_06746,Dindigul,Salt,7.71,10.354846,80.393686,Active
Mine_06747,Virudhunagar,Salt,180.05,9.452138,76.750002,Active
Mine_06748,Theni,Sand,13.63,9.800927,79.456888,Active
Mine_06749,Dindigul,Sand,49.66,10.667444,79.153101,Active
Mine_06750,Ariyalur,Salt,90.36,9.15994,76.978699,Active
Mine_06751,Salem,Sandstone,74.91,11.011991,78.711113,Active
Mine_06752,Salem,Iron Ore,64.74,8.771351,76.209521,Closed
Mine_06753,Karur,Salt,46.42,10.362653,78.822088,Active
Mine_06754,Dharmapuri,Granite,18.41,8.954863,78.039389,Active
Mine_06755,Theni,Marble,15.32,10.28279,76.974123,Active
Mine_06756,Coimbatore,Silica Sand,1.74,11.912167,79.304616,Active
Mine_06757,Cuddalore,Sandstone,3.45,13.033241,77.163921,Active
Mine_06758,Tuticorin,Iron Ore,57.18,8.698642,79.130139,Active
Mine_06759,Theni,Sandstone,1.5,9.606268,76.31279,Closed
Mine_06760,Coimbatore,Marble,30.63,8.723018,78.200645,Active
Mine_06761,Salem,Iron Ore,59.17,8.337018,78.910086,Active
Mine_06762,Perambalur,Salt,54.8,9.553506,78.702284,Closed
Mine_06763,Tiruppur,Sandstone,40.71,12.681092,76.302617,Active
Mine_06764,Kanyakumari,Limestone,9.85,11.365,76.965447,Active
Mine_06765,Coimbatore,Sand,29.31,10.777079,79.674541,Active
Mine_06766,Ariyalur,Iron Ore,19.03,9.202654,76.894695,Active
Mine_06767,Perambalur,Marble,47.89,13.257059,77.57498,Closed
Mine_06768,Dharmapuri,Marble,47.18,11.248041,79.6434,Active
Mine_06769,Perambalur,Granite,97.71,8.589223,79.347643,Active
Mine_06770,Karur,Marble,3.3,11.326051,76.118979,Active
Mine_06771,Salem,Sand,189.94,9.430515,77.450754,Active
Mine_06772,Krishnagiri,Limestone,107.42,13.358781,80.256151,Active
Mine_06773,Dindigul,Sand,18.86,13.215767,79.42459,Closed
Mine_06774,Krishnagiri,Limestone,9.66,12.283131,78.842636,Active
Mine_06775,Krishnagiri,Iron Ore,6.09,12.520128,79.573724,Active
Mine_06776,Karur,Sand,94.84,9.876065,77.872269,Active
Mine_06777,Dharmapuri,Silica Sand,23.17,12.99003,79.868814,Active
Mine_06778,Ariyalur,Sand,150.66,11.99126,78.154966,Active
Mine_06779,Krishnagiri,Silica Sand,14.46,8.334844,78.885902,Active
Mine_06780,Dharmapuri,Sandstone,6.28,10.40784,77.755747,Active
Mine_06781,Coimbatore,Granite,3.97,9.433894,79.002716,Active
Mine_06782,Namakkal,Silica Sand,28.89,13.297335,79.797213,Active
Mine_06783,Vellore,Salt,35.58,12.734327,78.543614,Active
Mine_06784,Ariyalur,Iron Ore,33.34,12.451918,76.601437,Active
Mine_06785,Kanyakumari,Sandstone,41.72,12.517207,80.395044,Active
Mine_06786,Ariyalur,Iron Ore,16.68,12.828793,76.062837,Active
Mine_06787,Erode,Sand,5.64,8.238369,78.897564,Active
Mine_06788,Salem,Limestone,71.26,12.045285,77.24393,Active
Mine_06789,Madurai,Iron Ore,44.99,8.651998,79.115078,Active
Mine_06790,Coimbatore,Sand,7.57,11.992818,76.273958,Active
Mine_06791,Dindigul,Marble,1.69,12.097569,80.414286,Active
Mine_06792,Namakkal,Marble,1.0,8.648285,78.515592,Active
Mine_06793,Madurai,Granite,6.32,8.840596,77.632389,Active
Mine_06794,Tirunelveli,Iron Ore,7.86,10.713831,80.236524,Closed
Mine_06795,Vellore,Granite,18.25,12.781046,76.84064,Closed
Mine_06796,Kanyakumari,Granite,1.64,13.188019,79.64773,Active
Mine_06797,Tiruvannamalai,Iron Ore,55.25,9.879178,79.428412,Active
Mine_06798,Krishnagiri,Salt,48.2,9.657826,79.671017,Active
Mine_06799,Krishnagiri,Sand,19.87,9.135348,79.934662,Active
Mine_06800,Madurai,Salt,10.64,11.336525,80.124666,Active
Mine_06801,Theni,Sandstone,15.25,12.605579,78.414003,Active
Mine_06802,Vellore,Salt,23.38,9.974406,78.04945,Active
Mine_06803,Tiruvannamalai,Salt,59.66,12.97196,77.2704,Active
Mine_06804,Tirunelveli,Silica Sand,84.2,8.57154,77.131746,Active
Mine_06805,Tiruppur,Iron Ore,7.54,12.775105,77.883755,Active
Mine_06806,Dharmapuri,Salt,5.96,11.002476,80.470953,Active
Mine_06807,Virudhunagar,Limestone,108.17,9.291919,79.098381,Active
Mine_06808,Tiruppur,Limestone,13.29,13.108179,80.103667,Active
Mine_06809,Namakkal,Limestone,6.81,10.872384,77.385235,Active
Mine_06810,Madurai,Sandstone,54.85,12.904323,78.633778,Active
Mine_06811,Dharmapuri,Sand,27.43,12.012948,79.274462,Active
Mine_06812,Erode,Iron Ore,103.0,11.475987,78.891586,Active
Mine_06813,Cuddalore,Sandstone,39.98,12.473625,76.654592,Active
Mine_06814,Vellore,Sandstone,32.47,8.856086,78.609071,Active
Mine_06815,Tirunelveli,Granite,38.97,10.451349,77.358737,Active
Mine_06816,Dharmapuri,Sand,3.07,8.894722,78.814324,Active
Mine_06817,Namakkal,Salt,38.85,12.568172,78.473454,Active
Mine_06818,Tirunelveli,Sandstone,78.01,8.796065,76.329797,Active
Mine_06819,Kanyakumari,Limestone,14.28,10.527277,77.775356,Closed
Mine_06820,Erode,Sandstone,17.57,11.516793,80.270656,Active
Mine_06821,Ariyalur,Limestone,21.49,13.025493,78.898717,Active
Mine_06822,Tirunelveli,Silica Sand,52.43,11.773222,78.880324,Active
Mine_06823,Tiruppur,Salt,17.22,8.807286,76.424591,Active
Mine_06824,Namakkal,Sandstone,121.26,13.32816,77.3612,Closed
Mine_06825,Tirunelveli,Salt,177.8,8.430927,79.386376,Closed
Mine_06826,Tiruppur,Salt,3.74,12.887178,76.011796,Closed
Mine_06827,Kanyakumari,Salt,28.9,11.282251,76.147664,Active
Mine_06828,Erode,Iron Ore,7.41,13.251732,77.19824,Active
Mine_06829,Krishnagiri,Granite,22.01,10.697324,78.252859,Active
Mine_06830,Tiruppur,Salt,29.02,10.64942,76.939238,Active
Mine_06831,Cuddalore,Sand,87.42,11.770641,76.719537,Active
Mine_06832,Kanyakumari,Marble,27.93,12.222535,80.327806,Active
Mine_06833,Salem,Salt,51.38,9.647454,78.724098,Closed
Mine_06834,Cuddalore,Silica Sand,90.6,11.062822,79.30003,Active
Mine_06835,Dharmapuri,Limestone,78.62,13.466049,79.716531,Active
Mine_06836,Karur,Sand,74.6,9.54666,77.944212,Active
Mine_06837,Karur,Sandstone,111.14,13.187789,77.144986,Active
Mine_06838,Dharmapuri,Sand,19.97,9.663098,77.753159,Active
Mine_06839,Tirunelveli,Silica Sand,62.63,9.650149,79.66613,Active
Mine_06840,Namakkal,Limestone,19.4,9.956218,76.720457,Active
Mine_06841,Cuddalore,Silica Sand,160.52,12.948394,76.876648,Active
Mine_06842,Virudhunagar,Salt,68.36,12.871035,78.808081,Active
Mine_06843,Tiruppur,Sand,17.43,8.230525,77.860689,Active
Mine_06844,Kanyakumari,Sandstone,3.55,12.27426,77.162609,Closed
Mine_06845,Dharmapuri,Limestone,209.82,9.148482,76.587243,Active
Mine_06846,Tirunelveli,Sandstone,17.08,13.373404,80.477644,Active
Mine_06847,Tirunelveli,Limestone,57.23,9.417135,76.676189,Active
Mine_06848,Coimbatore,Salt,34.64,13.017339,79.988839,Active
Mine_06849,Tuticorin,Granite,117.46,12.549587,80.330071,Active
Mine_06850,Karur,Marble,32.87,9.787456,78.158485,Active
Mine_06851,Tiruppur,Sandstone,17.85,13.499448,77.555843,Active
Mine_06852,Tirunelveli,Salt,51.34,11.6819,76.488994,Active
Mine_06853,Dharmapuri,Sand,36.27,9.370313,76.759499,Active
Mine_06854,Namakkal,Iron Ore,3.21,11.430674,79.448936,Active
Mine_06855,Salem,Limestone,3.15,9.987856,78.133591,Active
Mine_06856,Namakkal,Iron Ore,24.18,11.455947,78.80836,Active
Mine_06857,Coimbatore,Granite,44.34,12.604349,76.692163,Active
Mine_06858,Theni,Sandstone,20.38,9.231627,76.997027,Active
Mine_06859,Coimbatore,Silica Sand,54.87,11.722367,80.160954,Active
Mine_06860,Perambalur,Granite,16.9,9.276452,76.639922,Active
Mine_06861,Perambalur,Limestone,123.64,8.711373,79.704208,Active
Mine_06862,Vellore,Salt,4.66,13.445044,78.950169,Active
Mine_06863,Virudhunagar,Marble,20.11,9.35952,80.426074,Active
Mine_06864,Salem,Limestone,28.74,10.073778,77.176221,Active
Mine_06865,Dindigul,Limestone,15.18,11.272756,78.975588,Active
Mine_06866,Tiruvannamalai,Sandstone,35.76,8.115119,79.989749,Active
Mine_06867,Virudhunagar,Salt,9.68,10.762749,77.479138,Active
Mine_06868,Tirunelveli,Marble,10.62,8.537134,77.03368,Active
Mine_06869,Tuticorin,Silica Sand,16.26,9.43675,80.488875,Active
Mine_06870,Coimbatore,Salt,35.76,8.586752,76.804731,Active
Mine_06871,Tiruvannamalai,Limestone,180.1,12.806302,78.84809,Active
Mine_06872,Erode,Granite,12.89,11.621026,77.765422,Active
Mine_06873,Karur,Sand,1.31,10.094729,79.281125,Active
Mine_06874,Theni,Limestone,27.98,9.660904,78.27809,Active
Mine_06875,Namakkal,Sandstone,10.78,8.924691,78.220909,Active
Mine_06876,Kanyakumari,Iron Ore,96.11,8.925252,78.512852,Active
Mine_06877,Tiruppur,Iron Ore,6.51,12.984046,76.791247,Active
Mine_06878,Vellore,Sandstone,2.27,10.479931,77.954814,Active
Mine_06879,Dharmapuri,Sand,13.3,11.84968,76.024714,Active
Mine_06880,Karur,Salt,43.12,9.954759,76.657439,Closed
Mine_06881,Perambalur,Sandstone,84.86,8.138383,79.263287,Active
Mine_06882,Kanyakumari,Granite,21.42,12.809204,78.493807,Active
Mine_06883,Salem,Limestone,1.56,9.172297,76.354436,Active
Mine_06884,Tirunelveli,Sand,21.87,8.982584,79.850634,Active
Mine_06885,Tiruppur,Granite,26.86,9.407278,78.137282,Active
Mine_06886,Ariyalur,Silica Sand,17.34,12.904102,78.594789,Active
Mine_06887,Dharmapuri,Sandstone,14.67,8.504677,77.456636,Active
Mine_06888,Salem,Marble,59.39,8.659848,76.714873,Active
Mine_06889,Ariyalur,Sandstone,2.73,8.844093,79.853036,Active
Mine_06890,Vellore,Marble,29.9,9.437224,78.62729,Active
Mine_06891,Kanyakumari,Granite,11.0,12.504915,78.969995,Closed
Mine_06892,Tiruppur,Sandstone,6.82,8.656026,77.448371,Closed
Mine_06893,Tiruppur,Silica Sand,4.45,9.346428,79.058526,Active
Mine_06894,Kanyakumari,Limestone,10.37,10.267173,77.515554,Active
Mine_06895,Coimbatore,Silica Sand,8.54,11.177232,76.298853,Active
Mine_06896,Theni,Marble,16.35,11.733477,78.24727,Active
Mine_06897,Madurai,Sand,5.43,10.376169,79.451426,Closed
Mine_06898,Ariyalur,Marble,29.88,10.776486,77.909248,Closed
Mine_06899,Coimbatore,Silica Sand,38.44,8.731021,76.324655,Active
Mine_06900,Ariyalur,Silica Sand,29.21,8.971828,76.276409,Active
Mine_06901,Karur,Salt,3.4,8.318217,77.910749,Active
Mine_06902,Tiruvannamalai,Sand,43.09,10.116873,78.401949,Active
Mine_06903,Vellore,Salt,56.11,9.115394,78.626956,Active
Mine_06904,Namakkal,Salt,30.01,9.729532,77.015089,Active
Mine_06905,Madurai,Marble,13.77,11.279387,78.008369,Active
Mine_06906,Vellore,Marble,104.63,11.121763,79.0783,Active
Mine_06907,Salem,Silica Sand,101.4,12.031889,78.099472,Active
Mine_06908,Namakkal,Granite,20.62,11.755163,76.251898,Active
Mine_06909,Erode,Iron Ore,11.97,10.709717,80.281694,Closed
Mine_06910,Namakkal,Marble,2.42,13.241667,76.84389,Active
Mine_06911,Karur,Silica Sand,97.95,12.877081,76.169146,Closed
Mine_06912,Theni,Sandstone,56.28,10.511629,79.479639,Active
Mine_06913,Krishnagiri,Iron Ore,30.46,11.154509,79.248079,Active
Mine_06914,Erode,Sandstone,60.27,8.404087,78.611659,Active
Mine_06915,Erode,Sand,5.19,11.743811,76.579911,Active
Mine_06916,Theni,Sandstone,30.97,9.911271,76.71934,Active
Mine_06917,Cuddalore,Silica Sand,24.24,12.874996,78.42471,Active
Mine_06918,Ariyalur,Marble,7.03,12.30008,79.152304,Active
Mine_06919,Tiruppur,Salt,82.9,11.835504,78.300004,Active
Mine_06920,Salem,Sand,44.14,12.866204,77.395063,Active
Mine_06921,Virudhunagar,Iron Ore,68.84,8.281331,76.032469,Active
Mine_06922,Karur,Silica Sand,30.52,11.267557,79.789925,Active
Mine_06923,Coimbatore,Salt,10.28,10.920972,77.433608,Closed
Mine_06924,Theni,Marble,9.81,10.808387,76.838687,Active
Mine_06925,Cuddalore,Iron Ore,65.95,12.374771,79.127873,Active
Mine_06926,Namakkal,Iron Ore,7.28,11.196019,77.045935,Active
Mine_06927,Dindigul,Iron Ore,115.73,11.011687,78.262557,Active
Mine_06928,Erode,Granite,12.21,10.978504,76.376111,Active
Mine_06929,Cuddalore,Iron Ore,51.72,9.561378,79.308141,Active
Mine_06930,Dharmapuri,Sandstone,43.17,9.48788,76.549608,Active
Mine_06931,Coimbatore,Salt,55.21,10.205256,79.226515,Active
Mine_06932,Cuddalore,Iron Ore,31.37,8.497049,78.0903,Active
Mine_06933,Krishnagiri,Marble,18.28,12.187412,79.347939,Active
Mine_06934,Virudhunagar,Limestone,81.43,13.3254,78.868619,Active
Mine_06935,Kanyakumari,Silica Sand,16.39,11.440104,77.09695,Active
Mine_06936,Tuticorin,Sandstone,21.8,11.39996,79.549577,Active
Mine_06937,Salem,Granite,3.67,10.712252,78.346186,Closed
Mine_06938,Theni,Granite,2.88,9.725673,80.427675,Active
Mine_06939,Karur,Sandstone,83.59,8.18015,77.413918,Active
Mine_06940,Ariyalur,Salt,8.85,12.739942,78.771793,Active
Mine_06941,Krishnagiri,Iron Ore,17.61,9.711674,79.960595,Active
Mine_06942,Kanyakumari,Silica Sand,6.16,12.264705,77.069665,Active
Mine_06943,Erode,Sandstone,1.0,12.805654,80.300142,Active
Mine_06944,Tuticorin,Granite,144.9,9.798358,76.832756,Active
Mine_06945,Dharmapuri,Salt,12.92,12.081161,78.778091,Active
Mine_06946,Erode,Salt,46.35,9.882327,77.401751,Active
Mine_06947,Vellore,Marble,111.4,10.503854,76.385948,Active
Mine_06948,Perambalur,Granite,6.93,12.772229,78.481653,Active
Mine_06949,Karur,Sand,129.26,9.819195,79.907909,Closed
Mine_06950,Salem,Iron Ore,113.5,8.34688,77.43074,Active
Mine_06951,Perambalur,Iron Ore,26.64,9.061287,78.666697,Active
Mine_06952,Coimbatore,Salt,40.91,12.219352,77.289495,Active
Mine_06953,Dindigul,Sand,56.54,13.014758,77.988402,Active
Mine_06954,Virudhunagar,Limestone,9.12,9.097257,78.695368,Active
Mine_06955,Dindigul,Marble,1.0,12.622997,80.371967,Active
Mine_06956,Namakkal,Marble,5.2,10.613077,78.057948,Active
Mine_06957,Tuticorin,Sandstone,61.34,13.259346,79.454126,Active
Mine_06958,Kanyakumari,Sand,7.43,9.385542,76.836268,Active
Mine_06959,Coimbatore,Marble,54.54,13.255525,80.135344,Active
Mine_06960,Salem,Sandstone,75.24,9.2879,77.804887,Active
Mine_06961,Dindigul,Granite,13.47,11.278054,76.68499,Closed
Mine_06962,Tiruppur,Iron Ore,1.92,10.093553,76.45062,Active
Mine_06963,Kanyakumari,Limestone,4.8,10.923202,80.123247,Active
Mine_06964,Cuddalore,Iron Ore,40.93,11.065874,78.517336,Active
Mine_06965,Tiruvannamalai,Marble,19.61,10.953133,80.018608,Closed
Mine_06966,Madurai,Silica Sand,99.03,12.905359,78.867265,Active
Mine_06967,Salem,Limestone,9.06,13.308448,76.02628,Active
Mine_06968,Tiruppur,Granite,20.94,11.492134,79.103193,Active
Mine_06969,Perambalur,Sand,11.58,12.890893,79.649983,Active
Mine_06970,Vellore,Granite,3.21,8.528689,79.53196,Active
Mine_06971,Virudhunagar,Iron Ore,31.48,13.112198,78.780588,Active
Mine_06972,Kanyakumari,Iron Ore,14.32,9.49815,77.762995,Active
Mine_06973,Coimbatore,Marble,30.4,12.254216,77.160335,Closed
Mine_06974,Karur,Iron Ore,17.18,8.98784,77.349154,Active
Mine_06975,Virudhunagar,Sandstone,96.33,12.965212,79.726023,Active
Mine_06976,Perambalur,Limestone,35.64,8.281784,80.048136,Active
Mine_06977,Vellore,Sand,10.53,11.049253,76.492212,Active
Mine_06978,Tiruvannamalai,Silica Sand,14.33,8.809632,76.03362,Active
Mine_06979,Tiruppur,Granite,26.48,9.169366,78.08476,Closed
Mine_06980,Virudhunagar,Sand,24.11,8.951236,76.846045,Active
Mine_06981,Krishnagiri,Salt,52.08,9.479218,79.242529,Active
Mine_06982,Virudhunagar,Iron Ore,21.02,10.834241,77.58828,Active
Mine_06983,Coimbatore,Silica Sand,45.38,10.811639,79.172992,Active
Mine_06984,Tiruvannamalai,Sand,19.26,9.694735,78.506883,Active
Mine_06985,Namakkal,Salt,35.53,12.86896,78.785936,Active
Mine_06986,Erode,Salt,73.25,8.268674,76.56378,Active
Mine_06987,Virudhunagar,Granite,7.25,9.454778,76.652044,Active
Mine_06988,Dharmapuri,Sand,284.19,8.518812,76.95851,Active
Mine_06989,Dindigul,Sandstone,117.08,10.450804,79.936955,Active
Mine_06990,Coimbatore,Granite,13.8,11.023686,77.755133,Closed
Mine_06991,Erode,Silica Sand,63.24,11.05912,77.25704,Active
Mine_06992,Dharmapuri,Limestone,23.67,12.382778,79.366174,Active
Mine_06993,Namakkal,Sandstone,28.44,12.393659,79.94392,Active
Mine_06994,Ariyalur,Granite,5.38,8.225337,76.47579,Closed
Mine_06995,Vellore,Salt,44.49,10.040999,77.76215,Active
Mine_06996,Tiruvannamalai,Limestone,70.7,13.15827,79.571145,Closed
Mine_06997,Tuticorin,Granite,15.15,8.600417,79.283107,Active
Mine_06998,Vellore,Sandstone,59.75,12.975647,79.438555,Active
Mine_06999,Namakkal,Salt,3.4,13.471918,76.811261,Active
Mine_07000,Theni,Sand,154.02,10.094366,79.71615,Active
Mine_07001,Perambalur,Iron Ore,41.91,13.001206,76.515414,Active
Mine_07002,Karur,Granite,4.71,12.271071,79.411569,Active
Mine_07003,Cuddalore,Sandstone,9.92,12.476118,79.361531,Active
Mine_07004,Tuticorin,Sandstone,7.54,8.276479,76.205252,Active
Mine_07005,Madurai,Sand,32.49,9.969496,78.002256,Active
Mine_07006,Ariyalur,Salt,41.79,9.434711,79.643322,Active
Mine_07007,Tuticorin,Sandstone,1.0,12.945348,80.155969,Active
Mine_07008,Kanyakumari,Iron Ore,67.8,9.658048,80.11562,Active
Mine_07009,Dharmapuri,Silica Sand,2.84,9.433503,80.37908,Active
Mine_07010,Virudhunagar,Granite,77.81,8.647904,76.438552,Active
Mine_07011,Madurai,Silica Sand,25.61,10.149379,76.284599,Active
Mine_07012,Dharmapuri,Sandstone,16.04,8.48108,78.608838,Active
Mine_07013,Ariyalur,Granite,18.58,11.789227,80.46825,Active
Mine_07014,Virudhunagar,Sandstone,45.32,10.925573,77.956625,Active
Mine_07015,Tiruvannamalai,Marble,13.15,11.881206,79.92388,Active
Mine_07016,Erode,Limestone,22.77,9.661468,78.794999,Active
Mine_07017,Dharmapuri,Marble,57.0,9.730839,79.617408,Active
Mine_07018,Tiruppur,Salt,3.97,9.275636,77.921457,Active
Mine_07019,Dindigul,Limestone,1.0,10.65849,80.484829,Active
Mine_07020,Madurai,Limestone,4.27,8.952048,79.258549,Closed
Mine_07021,Kanyakumari,Iron Ore,2.7,11.300405,79.908461,Active
Mine_07022,Krishnagiri,Silica Sand,16.85,9.982014,78.032359,Active
Mine_07023,Salem,Granite,15.2,12.212114,77.454746,Active
Mine_07024,Coimbatore,Limestone,1.9,8.938283,77.836136,Active
Mine_07025,Tiruvannamalai,Silica Sand,4.6,9.98462,79.590967,Active
Mine_07026,Tuticorin,Iron Ore,43.88,12.51294,79.095671,Active
Mine_07027,Tirunelveli,Sand,2.06,10.167148,79.779451,Active
Mine_07028,Tiruppur,Limestone,52.55,11.632883,79.990951,Closed
Mine_07029,Tiruppur,Salt,5.42,10.948919,77.096173,Active
Mine_07030,Coimbatore,Iron Ore,83.85,8.90909,80.019711,Active
Mine_07031,Dindigul,Silica Sand,43.49,10.797939,77.406424,Active
Mine_07032,Namakkal,Sandstone,60.48,13.444694,77.255387,Active
Mine_07033,Vellore,Iron Ore,121.63,12.099364,77.559683,Active
Mine_07034,Theni,Salt,36.01,13.054152,79.448094,Active
Mine_07035,Madurai,Limestone,35.93,12.673267,79.784242,Closed
Mine_07036,Erode,Sandstone,35.07,10.576159,78.207441,Active
Mine_07037,Theni,Sandstone,15.33,10.545131,76.903071,Active
Mine_07038,Ariyalur,Sand,122.78,12.073031,80.010141,Active
Mine_07039,Dindigul,Limestone,17.11,13.150835,76.116285,Active
Mine_07040,Salem,Sandstone,3.24,12.710956,77.317059,Active
Mine_07041,Tiruvannamalai,Sand,28.53,12.610723,78.495169,Active
Mine_07042,Tirunelveli,Sand,22.99,8.14602,78.711067,Active
Mine_07043,Karur,Limestone,30.22,12.405009,80.386601,Active
Mine_07044,Tiruvannamalai,Marble,66.58,11.826837,80.292871,Active
Mine_07045,Dindigul,Sandstone,131.7,10.961445,76.071576,Active
Mine_07046,Theni,Marble,53.53,11.112698,76.494105,Active
Mine_07047,Coimbatore,Granite,4.84,8.88006,79.699467,Active
Mine_07048,Tuticorin,Silica Sand,2.88,9.341225,79.440622,Active
Mine_07049,Erode,Salt,109.97,9.160864,79.824008,Active
Mine_07050,Cuddalore,Salt,106.32,11.403928,78.379633,Active
Mine_07051,Kanyakumari,Granite,97.7,12.143242,79.263622,Active
Mine_07052,Tuticorin,Iron Ore,1.66,12.165488,76.948915,Active
Mine_07053,Vellore,Sand,56.93,12.884462,77.271665,Active
Mine_07054,Cuddalore,Salt,9.31,11.660144,80.287351,Closed
Mine_07055,Tiruppur,Salt,40.6,10.91003,77.55995,Active
Mine_07056,Perambalur,Iron Ore,74.18,8.287381,80.174291,Active
Mine_07057,Tuticorin,Salt,24.26,8.561674,79.033726,Closed
Mine_07058,Virudhunagar,Limestone,4.83,9.054387,79.089196,Active
Mine_07059,Cuddalore,Iron Ore,1.29,11.83707,78.41261,Active
Mine_07060,Krishnagiri,Granite,40.01,11.505488,78.627035,Active
Mine_07061,Erode,Marble,19.9,9.192917,78.495308,Closed
Mine_07062,Dindigul,Marble,28.29,10.246686,80.189056,Active
Mine_07063,Tirunelveli,Marble,16.75,8.389529,76.96185,Active
Mine_07064,Tiruppur,Sandstone,35.88,13.262677,79.577932,Active
Mine_07065,Krishnagiri,Limestone,25.02,10.161227,80.372798,Active
Mine_07066,Coimbatore,Granite,6.44,13.008353,79.57094,Active
Mine_07067,Theni,Sand,6.39,9.514819,76.22009,Active
Mine_07068,Tuticorin,Marble,19.12,9.092819,76.362028,Active
Mine_07069,Ariyalur,Sand,39.91,9.546431,76.396108,Active
Mine_07070,Dindigul,Sand,24.1,10.519196,78.653426,Active
Mine_07071,Theni,Marble,47.19,10.372485,79.950872,Active
Mine_07072,Perambalur,Silica Sand,5.08,8.151956,78.617786,Active
Mine_07073,Tuticorin,Sandstone,25.09,12.607404,78.500224,Active
Mine_07074,Tiruvannamalai,Silica Sand,16.82,13.193655,80.115585,Active
Mine_07075,Kanyakumari,Sand,72.28,10.223695,79.452328,Active
Mine_07076,Ariyalur,Marble,29.87,9.816886,76.246131,Active
Mine_07077,Tuticorin,Limestone,17.48,9.922217,76.679517,Active
Mine_07078,Coimbatore,Marble,60.26,9.371035,77.292794,Active
Mine_07079,Krishnagiri,Limestone,54.77,11.710078,78.162004,Active
Mine_07080,Dharmapuri,Granite,1.25,13.458751,79.728063,Active
Mine_07081,Madurai,Sand,37.92,8.310381,78.51722,Closed
Mine_07082,Ariyalur,Sandstone,24.62,12.260304,78.263181,Active
Mine_07083,Kanyakumari,Salt,31.05,9.36615,77.174472,Active
Mine_07084,Tiruvannamalai,Sand,16.84,11.512147,79.662935,Active
Mine_07085,Perambalur,Sandstone,14.22,8.712965,78.824589,Active
Mine_07086,Karur,Granite,10.83,9.780043,77.314429,Active
Mine_07087,Tiruppur,Silica Sand,4.14,10.951253,79.198944,Active
Mine_07088,Virudhunagar,Marble,17.03,9.890523,79.718887,Active
Mine_07089,Tuticorin,Marble,37.0,11.780979,77.326706,Active
Mine_07090,Tuticorin,Granite,73.94,12.355439,79.786755,Active
Mine_07091,Tiruvannamalai,Salt,58.87,11.20333,78.526972,Closed
Mine_07092,Dharmapuri,Sandstone,10.28,12.557836,78.492118,Active
Mine_07093,Coimbatore,Granite,31.72,13.124938,77.196972,Active
Mine_07094,Erode,Sand,29.49,9.71439,80.43942,Active
Mine_07095,Ariyalur,Marble,12.06,8.010516,80.445321,Active
Mine_07096,Virudhunagar,Sandstone,73.32,12.467531,78.065578,Active
Mine_07097,Tiruppur,Sand,21.0,9.406379,78.016383,Active
Mine_07098,Theni,Iron Ore,124.87,8.072453,80.186103,Active
Mine_07099,Namakkal,Salt,61.53,10.220943,76.413358,Active
Mine_07100,Salem,Granite,12.22,8.389705,78.880773,Active
Mine_07101,Kanyakumari,Limestone,25.57,11.680708,80.316057,Active
Mine_07102,Salem,Limestone,16.34,12.866379,78.333044,Active
Mine_07103,Theni,Granite,3.92,10.602175,78.935683,Closed
Mine_07104,Kanyakumari,Marble,33.14,11.89709,78.631984,Active
Mine_07105,Salem,Limestone,71.55,10.473292,80.442507,Active
Mine_07106,Virudhunagar,Sand,18.37,9.126685,77.972768,Active
Mine_07107,Kanyakumari,Marble,81.28,11.613227,78.850247,Active
Mine_07108,Coimbatore,Limestone,10.52,11.662601,78.244944,Active
Mine_07109,Namakkal,Marble,28.18,9.427378,80.205133,Active
Mine_07110,Tuticorin,Granite,3.46,8.152988,78.366648,Active
Mine_07111,Krishnagiri,Silica Sand,7.52,12.36652,77.421871,Closed
Mine_07112,Kanyakumari,Granite,64.9,11.468415,79.137045,Closed
Mine_07113,Cuddalore,Salt,4.3,8.356764,78.99973,Active
Mine_07114,Tirunelveli,Salt,4.61,13.196963,78.480213,Active
Mine_07115,Ariyalur,Silica Sand,129.74,11.094255,78.535134,Active
Mine_07116,Kanyakumari,Sand,9.95,13.121044,79.314796,Closed
Mine_07117,Ariyalur,Silica Sand,21.31,11.205524,79.155984,Active
Mine_07118,Tuticorin,Salt,74.76,11.492494,80.144923,Active
Mine_07119,Dharmapuri,Sandstone,20.59,9.843154,79.046348,Active
Mine_07120,Ariyalur,Sand,59.47,12.34741,79.306027,Active
Mine_07121,Tiruppur,Salt,48.15,10.719966,78.680582,Active
Mine_07122,Cuddalore,Salt,26.23,12.895646,79.251434,Active
Mine_07123,Kanyakumari,Marble,31.32,11.861691,78.573164,Active
Mine_07124,Namakkal,Sandstone,19.0,13.42945,80.265021,Active
Mine_07125,Madurai,Granite,19.98,11.198086,77.226948,Active
Mine_07126,Erode,Salt,79.97,12.385032,77.447844,Active
Mine_07127,Coimbatore,Sand,221.34,11.075749,79.959242,Active
Mine_07128,Dharmapuri,Salt,13.51,13.014823,78.048158,Active
Mine_07129,Perambalur,Granite,47.32,10.228371,76.141477,Active
Mine_07130,Kanyakumari,Limestone,6.58,9.011522,78.091883,Active
Mine_07131,Krishnagiri,Sandstone,16.2,9.202739,76.364697,Active
Mine_07132,Krishnagiri,Marble,31.19,8.864021,77.185881,Active
Mine_07133,Cuddalore,Marble,2.34,11.025272,77.178613,Active
Mine_07134,Tuticorin,Granite,135.04,12.320671,79.253882,Active
Mine_07135,Cuddalore,Silica Sand,1.0,10.158556,76.985581,Active
Mine_07136,Tiruvannamalai,Marble,5.47,8.128874,76.621901,Active
Mine_07137,Ariyalur,Silica Sand,64.16,9.519686,77.062446,Active
Mine_07138,Krishnagiri,Sand,19.28,12.597374,79.068404,Active
Mine_07139,Ariyalur,Iron Ore,58.9,11.961306,76.97477,Closed
Mine_07140,Kanyakumari,Iron Ore,14.13,11.601585,76.952884,Active
Mine_07141,Theni,Sandstone,51.81,13.268298,77.83366,Active
Mine_07142,Theni,Limestone,47.78,8.077435,76.568374,Active
Mine_07143,Tirunelveli,Limestone,24.79,10.875355,78.79723,Active
Mine_07144,Karur,Iron Ore,38.0,11.620032,76.116551,Active
Mine_07145,Vellore,Salt,2.86,10.272451,77.469301,Active
Mine_07146,Vellore,Sandstone,91.49,9.818593,78.391063,Active
Mine_07147,Tiruvannamalai,Granite,76.3,10.447238,79.231705,Active
Mine_07148,Namakkal,Salt,129.59,11.664382,79.691302,Active
Mine_07149,Karur,Iron Ore,17.31,10.66793,76.84581,Active
Mine_07150,Perambalur,Silica Sand,38.95,12.777486,77.37183,Active
Mine_07151,Tirunelveli,Marble,32.16,8.221902,79.384954,Active
Mine_07152,Virudhunagar,Granite,5.94,8.12471,77.339562,Active
Mine_07153,Erode,Limestone,18.62,8.477895,76.09637,Active
Mine_07154,Dharmapuri,Sandstone,69.19,10.279264,77.265219,Active
Mine_07155,Coimbatore,Granite,3.83,8.621737,77.436195,Active
Mine_07156,Perambalur,Silica Sand,61.96,9.290395,76.498283,Active
Mine_07157,Vellore,Salt,32.32,12.205597,80.364428,Active
Mine_07158,Karur,Iron Ore,20.85,9.082147,77.683903,Active
Mine_07159,Krishnagiri,Salt,25.84,12.741821,80.39481,Active
Mine_07160,Perambalur,Sandstone,6.74,10.163217,77.014437,Active
Mine_07161,Perambalur,Sandstone,31.29,10.189978,79.319905,Active
Mine_07162,Tiruppur,Sand,17.3,12.707163,78.663834,Closed
Mine_07163,Vellore,Limestone,5.58,13.21074,78.463287,Active
Mine_07164,Namakkal,Silica Sand,55.61,11.732629,79.28266,Active
Mine_07165,Vellore,Sand,51.19,9.641644,77.000963,Active
Mine_07166,Kanyakumari,Salt,22.26,9.435217,80.022395,Active
Mine_07167,Dharmapuri,Sand,11.34,12.661178,77.649714,Active
Mine_07168,Namakkal,Salt,1.69,8.955351,76.207895,Active
Mine_07169,Kanyakumari,Sandstone,1.83,8.497652,78.184863,Active
Mine_07170,Tiruppur,Marble,4.42,12.881483,80.128526,Active
Mine_07171,Karur,Salt,113.91,10.798117,80.319846,Active
Mine_07172,Krishnagiri,Silica Sand,60.81,12.309859,79.294825,Active
Mine_07173,Tuticorin,Granite,40.43,10.524088,78.101895,Active
Mine_07174,Virudhunagar,Iron Ore,20.88,8.811219,76.479383,Active
Mine_07175,Ariyalur,Iron Ore,31.26,8.964851,77.454734,Active
Mine_07176,Dindigul,Limestone,21.4,13.159419,79.487711,Active
Mine_07177,Salem,Salt,84.16,8.123553,78.616598,Active
Mine_07178,Theni,Sand,21.01,12.197984,78.141069,Active
Mine_07179,Dharmapuri,Granite,85.36,10.382877,77.686096,Active
Mine_07180,Tiruppur,Iron Ore,103.7,8.199621,78.197795,Active
Mine_07181,Virudhunagar,Granite,31.16,12.870347,77.918246,Active
Mine_07182,Madurai,Sandstone,22.19,12.830044,79.073862,Active
Mine_07183,Tiruppur,Sand,27.17,10.306192,80.091772,Active
Mine_07184,Coimbatore,Marble,29.49,8.189322,79.254933,Active
Mine_07185,Madurai,Sand,21.53,10.951357,77.047377,Active
Mine_07186,Erode,Silica Sand,80.68,13.169105,78.178494,Active
Mine_07187,Cuddalore,Marble,50.91,9.545412,76.220884,Active
Mine_07188,Tirunelveli,Silica Sand,11.62,10.463446,80.277594,Closed
Mine_07189,Karur,Sand,32.11,8.485093,76.427895,Active
Mine_07190,Dindigul,Silica Sand,45.41,10.799084,77.00047,Active
Mine_07191,Perambalur,Granite,47.56,9.310909,76.65664,Active
Mine_07192,Theni,Sand,1.0,9.618353,76.880794,Active
Mine_07193,Madurai,Sand,13.37,13.163341,78.730702,Closed
Mine_07194,Erode,Granite,32.05,12.741994,78.437636,Closed
Mine_07195,Ariyalur,Salt,6.3,11.044268,80.398517,Active
Mine_07196,Ariyalur,Limestone,41.24,9.913498,76.763268,Active
Mine_07197,Ariyalur,Salt,116.35,9.779973,78.660461,Active
Mine_07198,Tiruppur,Granite,23.98,9.452561,77.528797,Active
Mine_07199,Madurai,Granite,61.58,11.442085,77.518921,Active
Mine_07200,Krishnagiri,Limestone,1.0,8.378005,79.386878,Active
Mine_07201,Salem,Silica Sand,6.3,8.865252,79.589886,Active
Mine_07202,Karur,Limestone,107.94,11.431793,79.58489,Active
Mine_07203,Tirunelveli,Sand,81.9,9.860283,79.26948,Active
Mine_07204,Vellore,Silica Sand,4.78,8.74204,76.994763,Active
Mine_07205,Virudhunagar,Iron Ore,37.04,9.410875,77.643506,Active
Mine_07206,Namakkal,Salt,36.36,8.03594,80.090075,Active
Mine_07207,Tiruppur,Salt,20.02,12.67927,80.172368,Active
Mine_07208,Krishnagiri,Salt,34.53,11.220265,79.507535,Active
Mine_07209,Kanyakumari,Silica Sand,9.46,10.431589,79.258569,Active
Mine_07210,Tuticorin,Granite,25.89,10.809356,80.210602,Active
Mine_07211,Dharmapuri,Salt,43.69,11.52267,80.11094,Active
Mine_07212,Namakkal,Sandstone,57.96,12.776308,77.608761,Active
Mine_07213,Dindigul,Iron Ore,6.04,12.04614,80.317503,Closed
Mine_07214,Dharmapuri,Salt,34.58,8.045437,78.937509,Active
Mine_07215,Dindigul,Iron Ore,31.35,10.470194,80.134852,Active
Mine_07216,Dharmapuri,Granite,50.74,9.240882,76.003764,Active
Mine_07217,Karur,Granite,125.86,11.32424,79.823433,Active
Mine_07218,Perambalur,Salt,23.08,10.732391,79.613449,Active
Mine_07219,Coimbatore,Silica Sand,20.75,8.337136,77.715711,Active
Mine_07220,Tuticorin,Iron Ore,4.44,9.983429,79.129714,Active
Mine_07221,Karur,Limestone,4.41,8.260166,76.20258,Closed
Mine_07222,Tirunelveli,Limestone,17.24,8.488362,77.051817,Active
Mine_07223,Tuticorin,Granite,60.56,12.273577,80.360682,Active
Mine_07224,Krishnagiri,Salt,21.44,13.036727,78.750514,Active
Mine_07225,Tuticorin,Silica Sand,193.89,12.672085,77.265759,Active
Mine_07226,Dindigul,Marble,10.52,12.925757,79.974412,Closed
Mine_07227,Tuticorin,Silica Sand,14.57,11.710369,80.111014,Active
Mine_07228,Perambalur,Salt,101.8,13.357632,76.280063,Active
Mine_07229,Ariyalur,Salt,16.46,12.194158,79.496666,Active
Mine_07230,Dharmapuri,Marble,5.71,13.149191,76.366576,Active
Mine_07231,Tuticorin,Sandstone,41.01,9.934108,76.745697,Active
Mine_07232,Tiruvannamalai,Silica Sand,77.47,9.091985,78.179411,Active
Mine_07233,Salem,Iron Ore,31.19,12.718997,78.11682,Active
Mine_07234,Madurai,Sand,7.68,10.505126,78.242601,Active
Mine_07235,Namakkal,Iron Ore,33.27,12.886442,78.313835,Active
Mine_07236,Karur,Salt,81.11,8.30895,76.529243,Active
Mine_07237,Krishnagiri,Iron Ore,30.42,8.109311,78.320138,Active
Mine_07238,Ariyalur,Limestone,70.87,11.767321,78.13073,Active
Mine_07239,Perambalur,Granite,16.72,9.959605,80.122052,Active
Mine_07240,Erode,Iron Ore,253.58,12.778999,79.169609,Active
Mine_07241,Namakkal,Granite,83.7,9.324107,78.201231,Closed
Mine_07242,Virudhunagar,Iron Ore,34.02,9.348603,77.315797,Closed
Mine_07243,Vellore,Granite,27.71,8.542025,76.337602,Active
Mine_07244,Vellore,Limestone,17.8,11.113627,76.327042,Active
Mine_07245,Salem,Sandstone,9.06,9.931539,79.982994,Active
Mine_07246,Erode,Marble,5.68,10.309835,79.472751,Active
Mine_07247,Kanyakumari,Limestone,45.57,8.355569,78.860381,Active
Mine_07248,Ariyalur,Salt,19.44,9.129633,79.710501,Active
Mine_07249,Salem,Marble,30.55,8.490632,77.654959,Closed
Mine_07250,Ariyalur,Silica Sand,24.33,10.26584,77.059204,Active
Mine_07251,Tuticorin,Sandstone,11.26,11.150044,78.762575,Active
Mine_07252,Perambalur,Sand,43.97,10.115187,79.951714,Active
Mine_07253,Salem,Marble,1.0,11.863818,77.802298,Active
Mine_07254,Coimbatore,Silica Sand,3.01,10.155914,77.416149,Active
Mine_07255,Madurai,Granite,23.16,8.029351,78.145716,Active
Mine_07256,Kanyakumari,Sandstone,38.85,11.588925,76.711484,Active
Mine_07257,Ariyalur,Limestone,86.23,10.259518,77.574308,Closed
Mine_07258,Cuddalore,Sandstone,14.12,13.171558,80.313761,Active
Mine_07259,Dharmapuri,Silica Sand,6.2,11.275434,78.909273,Active
Mine_07260,Tiruppur,Iron Ore,10.5,10.02899,77.28293,Active
Mine_07261,Dindigul,Limestone,10.19,9.952307,80.176963,Active
Mine_07262,Karur,Granite,21.47,13.10271,76.733048,Closed
Mine_07263,Ariyalur,Limestone,17.2,11.541534,77.89921,Active
Mine_07264,Dharmapuri,Salt,33.98,9.765903,79.168184,Active
Mine_07265,Theni,Sandstone,12.92,11.377574,80.244182,Active
Mine_07266,Dharmapuri,Iron Ore,2.86,9.180344,77.535691,Closed
Mine_07267,Vellore,Sand,24.04,9.573702,77.589448,Closed
Mine_07268,Coimbatore,Salt,31.71,11.236438,79.185351,Active
Mine_07269,Madurai,Silica Sand,46.69,8.119611,77.75639,Active
Mine_07270,Theni,Iron Ore,1.0,8.39139,78.00835,Active
Mine_07271,Salem,Sandstone,48.74,13.106259,79.710501,Active
Mine_07272,Madurai,Iron Ore,50.6,12.406026,79.389786,Active
Mine_07273,Theni,Limestone,43.12,10.630621,80.327062,Active
Mine_07274,Coimbatore,Granite,205.01,8.514733,77.243423,Active
Mine_07275,Vellore,Marble,34.64,8.565761,77.398882,Active
Mine_07276,Kanyakumari,Sand,7.61,12.714133,78.597913,Active
Mine_07277,Ariyalur,Sand,38.32,9.845241,78.309295,Active
Mine_07278,Perambalur,Iron Ore,68.54,9.753161,76.350813,Active
Mine_07279,Kanyakumari,Salt,10.19,11.04426,76.618156,Closed
Mine_07280,Tirunelveli,Marble,14.15,8.327225,77.993209,Active
Mine_07281,Theni,Granite,50.6,10.630452,79.861483,Active
Mine_07282,Krishnagiri,Sandstone,107.86,12.077689,77.826718,Active
Mine_07283,Vellore,Sandstone,18.37,11.712687,77.579337,Active
Mine_07284,Tiruvannamalai,Iron Ore,110.76,10.588875,78.409372,Active
Mine_07285,Kanyakumari,Limestone,7.04,8.610883,80.207294,Active
Mine_07286,Kanyakumari,Salt,6.2,11.443928,78.348604,Active
Mine_07287,Madurai,Iron Ore,28.1,10.847652,80.428437,Closed
Mine_07288,Tiruvannamalai,Sand,7.25,10.601013,77.519262,Closed
Mine_07289,Tiruppur,Marble,18.02,8.113967,79.388305,Active
Mine_07290,Tiruppur,Iron Ore,167.11,11.734467,79.346748,Active
Mine_07291,Tiruvannamalai,Iron Ore,116.05,9.299706,79.089089,Active
Mine_07292,Karur,Salt,4.43,10.923713,77.422228,Active
Mine_07293,Karur,Granite,2.68,10.409055,76.363729,Active
Mine_07294,Virudhunagar,Salt,10.32,9.56849,76.667736,Active
Mine_07295,Dharmapuri,Sandstone,72.47,10.96354,77.029409,Active
Mine_07296,Cuddalore,Limestone,56.49,10.129402,78.311538,Active
Mine_07297,Virudhunagar,Limestone,6.67,13.162056,78.528949,Closed
Mine_07298,Tiruvannamalai,Marble,42.73,12.122658,79.698051,Active
Mine_07299,Tirunelveli,Granite,38.17,10.238978,79.693589,Active
Mine_07300,Karur,Sandstone,53.34,11.506169,77.429472,Active
Mine_07301,Theni,Sandstone,9.78,11.197668,79.710997,Active
Mine_07302,Dindigul,Sand,3.27,12.567578,79.582569,Active
Mine_07303,Kanyakumari,Sandstone,43.2,11.151391,80.13766,Active
Mine_07304,Vellore,Sandstone,33.59,10.827232,77.025384,Active
Mine_07305,Namakkal,Sandstone,1.0,12.284005,78.370594,Active
Mine_07306,Ariyalur,Iron Ore,43.56,10.267415,78.137887,Closed
Mine_07307,Vellore,Marble,34.58,12.430223,77.177949,Active
Mine_07308,Ariyalur,Sand,95.39,8.762472,77.065974,Active
Mine_07309,Namakkal,Sandstone,42.7,11.517392,77.724645,Active
Mine_07310,Karur,Granite,48.58,12.473078,76.734973,Active
Mine_07311,Dindigul,Limestone,21.16,8.907435,80.296953,Active
Mine_07312,Erode,Limestone,20.29,10.473378,79.611884,Closed
Mine_07313,Theni,Salt,23.04,11.467882,79.236441,Active
Mine_07314,Ariyalur,Marble,14.52,12.034606,79.960856,Active
Mine_07315,Erode,Sand,4.79,11.580133,77.935742,Closed
Mine_07316,Tuticorin,Silica Sand,23.85,12.551429,76.957701,Active
Mine_07317,Perambalur,Sand,28.09,13.065349,77.317006,Active
Mine_07318,Tiruppur,Sandstone,28.99,11.61375,78.504485,Active
Mine_07319,Ariyalur,Granite,7.4,12.41793,79.784946,Active
Mine_07320,Theni,Silica Sand,19.2,13.099895,80.463727,Active
Mine_07321,Tirunelveli,Granite,73.51,10.839275,79.912777,Active
Mine_07322,Dharmapuri,Marble,104.47,11.968407,78.298452,Active
Mine_07323,Salem,Granite,4.59,11.434186,78.421469,Active
Mine_07324,Krishnagiri,Sand,1.0,9.019698,76.949233,Active
Mine_07325,Tiruvannamalai,Iron Ore,6.44,10.388339,80.067116,Active
Mine_07326,Coimbatore,Granite,6.69,9.729483,77.472588,Active
Mine_07327,Dharmapuri,Sand,58.52,11.857168,77.130889,Active
Mine_07328,Dindigul,Iron Ore,7.71,12.845612,77.576122,Active
Mine_07329,Namakkal,Salt,85.78,8.674999,78.130762,Active
Mine_07330,Dharmapuri,Silica Sand,28.19,9.4125,79.85625,Active
Mine_07331,Madurai,Iron Ore,12.92,11.503813,79.213782,Active
Mine_07332,Vellore,Sandstone,1.0,11.272059,78.761058,Active
Mine_07333,Theni,Sandstone,7.32,11.766298,77.51105,Active
Mine_07334,Tiruvannamalai,Sand,25.69,11.418631,79.772546,Active
Mine_07335,Theni,Granite,19.47,12.562909,78.227086,Active
Mine_07336,Coimbatore,Limestone,20.56,13.300397,77.659861,Active
Mine_07337,Namakkal,Marble,2.59,10.409595,78.635066,Active
Mine_07338,Dindigul,Iron Ore,40.13,10.983777,79.010877,Active
Mine_07339,Tirunelveli,Marble,3.99,8.540084,77.172177,Active
Mine_07340,Tuticorin,Iron Ore,14.75,8.99451,78.679709,Closed
Mine_07341,Krishnagiri,Granite,92.95,10.903693,79.545501,Active
Mine_07342,Krishnagiri,Sand,5.05,13.031339,76.275262,Active
Mine_07343,Tiruppur,Silica Sand,4.54,12.78366,79.551719,Closed
Mine_07344,Krishnagiri,Sandstone,48.8,8.61082,77.73863,Closed
Mine_07345,Salem,Limestone,27.14,11.390757,76.03929,Active
Mine_07346,Coimbatore,Sand,3.2,12.345287,78.633901,Active
Mine_07347,Coimbatore,Salt,8.57,8.288421,78.812313,Active
Mine_07348,Dharmapuri,Marble,125.54,13.024175,77.259145,Active
Mine_07349,Coimbatore,Sandstone,17.84,9.394704,77.152855,Active
Mine_07350,Tuticorin,Sand,18.91,9.872951,76.77794,Active
Mine_07351,Dindigul,Silica Sand,3.39,9.409357,79.211198,Active
Mine_07352,Coimbatore,Salt,3.3,13.20147,79.989477,Active
Mine_07353,Dharmapuri,Iron Ore,129.16,12.109285,78.213155,Active
Mine_07354,Salem,Granite,30.09,8.665218,80.202408,Active
Mine_07355,Krishnagiri,Sandstone,2.34,10.947272,77.278642,Active
Mine_07356,Namakkal,Salt,70.92,8.62609,79.944694,Closed
Mine_07357,Krishnagiri,Sand,82.0,11.289122,79.819014,Active
Mine_07358,Cuddalore,Sand,13.76,10.13231,78.554884,Active
Mine_07359,Cuddalore,Sand,6.38,8.038479,79.829445,Active
Mine_07360,Tuticorin,Marble,2.48,9.958826,76.900715,Active
Mine_07361,Tiruvannamalai,Sand,17.5,9.702984,79.437901,Active
Mine_07362,Karur,Iron Ore,6.34,10.850542,80.134814,Active
Mine_07363,Namakkal,Silica Sand,106.61,9.68673,77.0128,Active
Mine_07364,Namakkal,Sand,25.56,13.208046,76.912182,Active
Mine_07365,Tirunelveli,Iron Ore,112.59,11.53588,78.173092,Active
Mine_07366,Tirunelveli,Limestone,1.0,10.139668,76.467329,Active
Mine_07367,Tuticorin,Granite,26.34,10.340093,78.425677,Closed
Mine_07368,Madurai,Limestone,4.26,10.455476,78.752612,Active
Mine_07369,Tiruvannamalai,Silica Sand,51.36,9.693994,79.99732,Active
Mine_07370,Tiruvannamalai,Sandstone,1.58,11.323928,78.894513,Closed
Mine_07371,Cuddalore,Sand,6.25,11.406557,77.006053,Active
Mine_07372,Kanyakumari,Silica Sand,18.38,8.794218,79.972567,Active
Mine_07373,Theni,Granite,31.98,9.624455,76.866455,Active
Mine_07374,Madurai,Granite,2.38,11.565284,80.110166,Active
Mine_07375,Salem,Salt,37.62,10.507123,79.319486,Closed
Mine_07376,Namakkal,Sandstone,9.41,12.510307,80.2819,Active
Mine_07377,Tuticorin,Silica Sand,29.21,8.616051,77.574289,Active
Mine_07378,Perambalur,Silica Sand,34.9,8.184439,76.277231,Active
Mine_07379,Erode,Sandstone,7.86,11.285151,78.664589,Active
Mine_07380,Salem,Silica Sand,12.48,12.796238,76.724944,Active
Mine_07381,Vellore,Sand,4.96,12.834386,77.250366,Active
Mine_07382,Erode,Sand,40.41,13.104969,79.800735,Active
Mine_07383,Tuticorin,Iron Ore,24.05,9.925801,79.025746,Active
Mine_07384,Virudhunagar,Granite,58.45,9.119294,77.710613,Active
Mine_07385,Theni,Sandstone,2.79,10.794267,79.553389,Active
Mine_07386,Kanyakumari,Silica Sand,23.55,13.0839,78.961918,Active
Mine_07387,Madurai,Marble,3.8,11.198451,77.691618,Active
Mine_07388,Ariyalur,Granite,172.91,12.448103,78.908006,Active
Mine_07389,Kanyakumari,Sandstone,58.09,8.121839,76.506482,Active
Mine_07390,Tirunelveli,Iron Ore,50.25,9.265572,79.61696,Active
Mine_07391,Ariyalur,Sand,13.37,9.577388,79.602828,Active
Mine_07392,Erode,Salt,37.45,11.40068,78.250888,Active
Mine_07393,Coimbatore,Salt,30.53,11.395151,77.201362,Closed
Mine_07394,Dindigul,Marble,32.59,10.111177,78.717569,Active
Mine_07395,Tuticorin,Sand,1.0,10.232392,79.740686,Active
Mine_07396,Tiruppur,Iron Ore,19.63,9.985468,77.298366,Active
Mine_07397,Virudhunagar,Silica Sand,71.0,9.093668,79.23685,Active
Mine_07398,Karur,Salt,26.54,11.215559,79.356291,Closed
Mine_07399,Madurai,Iron Ore,95.15,8.663241,79.294281,Active
Mine_07400,Namakkal,Salt,6.07,11.554858,79.577475,Active
Mine_07401,Theni,Marble,38.83,10.282461,78.510297,Active
Mine_07402,Virudhunagar,Iron Ore,75.64,12.750092,78.175252,Active
Mine_07403,Virudhunagar,Granite,298.69,10.074378,80.159659,Active
Mine_07404,Perambalur,Salt,50.39,11.196009,79.249872,Active
Mine_07405,Tuticorin,Sand,2.59,11.372689,80.170134,Active
Mine_07406,Cuddalore,Silica Sand,106.59,8.731307,79.973236,Active
Mine_07407,Tuticorin,Sandstone,35.36,8.721321,78.253797,Active
Mine_07408,Dharmapuri,Sand,23.72,11.738216,80.421237,Active
Mine_07409,Coimbatore,Granite,79.92,8.511096,79.601107,Active
Mine_07410,Perambalur,Sand,165.54,9.736887,76.592933,Closed
Mine_07411,Vellore,Sandstone,38.29,8.178257,79.380761,Active
Mine_07412,Madurai,Silica Sand,26.29,10.12501,79.35715,Active
Mine_07413,Virudhunagar,Iron Ore,52.22,10.538405,76.151956,Active
Mine_07414,Madurai,Silica Sand,24.42,9.792339,80.443523,Active
Mine_07415,Namakkal,Salt,27.82,12.438981,77.200913,Active
Mine_07416,Virudhunagar,Salt,60.67,8.496562,79.813781,Active
Mine_07417,Theni,Salt,53.95,8.193559,77.730764,Active
Mine_07418,Dindigul,Sand,50.6,12.928776,76.372252,Active
Mine_07419,Cuddalore,Sand,20.34,10.648972,78.719422,Active
Mine_07420,Vellore,Marble,70.72,8.112883,78.027047,Active
Mine_07421,Krishnagiri,Sand,14.86,8.825057,79.053488,Active
Mine_07422,Tirunelveli,Silica Sand,34.22,13.320376,80.112472,Active
Mine_07423,Tirunelveli,Granite,48.94,10.142675,79.50059,Active
Mine_07424,Kanyakumari,Marble,153.08,8.801404,78.936919,Active
Mine_07425,Dharmapuri,Iron Ore,19.25,10.739425,78.701688,Active
Mine_07426,Tiruppur,Silica Sand,74.46,12.876944,79.317626,Active
Mine_07427,Salem,Sandstone,117.8,11.914371,78.328476,Closed
Mine_07428,Tiruppur,Granite,26.56,10.913268,80.233489,Active
Mine_07429,Namakkal,Marble,41.01,12.216687,77.50617,Active
Mine_07430,Erode,Iron Ore,163.34,8.554789,76.316852,Active
Mine_07431,Dharmapuri,Granite,99.95,10.994786,77.737502,Active
Mine_07432,Tiruppur,Granite,26.2,10.006661,77.545959,Active
Mine_07433,Dharmapuri,Marble,11.85,9.946582,78.658516,Active
Mine_07434,Tirunelveli,Salt,4.88,8.321332,80.187618,Active
Mine_07435,Perambalur,Iron Ore,40.73,11.258708,79.343548,Active
Mine_07436,Cuddalore,Silica Sand,14.91,9.941924,79.616907,Active
Mine_07437,Tiruppur,Iron Ore,71.51,10.671793,77.090694,Closed
Mine_07438,Virudhunagar,Marble,24.96,9.264572,78.507572,Active
Mine_07439,Ariyalur,Sandstone,20.98,12.664748,79.15293,Closed
Mine_07440,Salem,Marble,95.28,11.128844,78.141444,Active
Mine_07441,Tiruvannamalai,Sand,34.0,12.941151,79.16828,Active
Mine_07442,Tirunelveli,Sandstone,81.67,11.3567,77.329173,Active
Mine_07443,Krishnagiri,Limestone,11.41,8.023881,76.119509,Active
Mine_07444,Tirunelveli,Sand,1.0,12.725981,77.233618,Active
Mine_07445,Vellore,Sand,38.22,10.096187,76.579229,Active
Mine_07446,Karur,Granite,143.14,9.489261,76.860357,Active
Mine_07447,Salem,Sandstone,29.11,11.148817,78.997551,Closed
Mine_07448,Salem,Silica Sand,57.45,10.468044,77.670738,Active
Mine_07449,Salem,Limestone,5.93,10.984631,79.076391,Active
Mine_07450,Tiruppur,Iron Ore,29.37,11.550016,76.802092,Closed
Mine_07451,Namakkal,Marble,12.26,10.708182,79.751333,Active
Mine_07452,Krishnagiri,Iron Ore,1.83,11.420834,77.89072,Active
Mine_07453,Kanyakumari,Sandstone,66.09,8.067293,79.500079,Active
Mine_07454,Madurai,Marble,23.73,11.143821,76.600496,Active
Mine_07455,Vellore,Silica Sand,17.82,10.923044,77.929292,Active
Mine_07456,Namakkal,Sandstone,1.84,8.868407,80.391147,Active
Mine_07457,Tiruvannamalai,Sand,48.85,11.329858,80.265218,Active
Mine_07458,Dindigul,Iron Ore,80.02,11.034687,77.109003,Active
Mine_07459,Coimbatore,Limestone,16.03,11.215383,78.336191,Active
Mine_07460,Tiruvannamalai,Silica Sand,31.45,11.189584,78.392873,Active
Mine_07461,Vellore,Marble,16.2,12.124085,78.933022,Active
Mine_07462,Tirunelveli,Salt,55.81,9.054517,77.651334,Active
Mine_07463,Theni,Limestone,101.9,12.500678,79.097061,Closed
Mine_07464,Tirunelveli,Silica Sand,123.11,8.136336,80.147389,Active
Mine_07465,Erode,Iron Ore,9.68,12.686876,78.277526,Active
Mine_07466,Cuddalore,Silica Sand,21.28,9.825309,78.322609,Active
Mine_07467,Cuddalore,Marble,2.37,9.672311,76.397223,Active
Mine_07468,Kanyakumari,Limestone,8.95,12.345811,78.60903,Active
Mine_07469,Virudhunagar,Sandstone,33.13,10.387012,76.250808,Active
Mine_07470,Kanyakumari,Salt,12.97,9.597283,78.037531,Active
Mine_07471,Madurai,Iron Ore,73.2,10.336748,79.734609,Active
Mine_07472,Erode,Granite,2.57,8.737106,76.549542,Active
Mine_07473,Virudhunagar,Salt,54.74,11.590109,80.14218,Active
Mine_07474,Salem,Silica Sand,15.11,10.72563,80.250231,Active
Mine_07475,Madurai,Granite,11.6,9.017593,77.045011,Active
Mine_07476,Tirunelveli,Sandstone,2.52,9.488613,80.1018,Active
Mine_07477,Kanyakumari,Limestone,48.73,10.017785,77.033835,Active
Mine_07478,Salem,Iron Ore,19.9,11.93435,76.526082,Active
Mine_07479,Tiruvannamalai,Salt,65.71,11.985252,77.269403,Active
Mine_07480,Tiruvannamalai,Limestone,45.53,9.599847,76.076181,Active
Mine_07481,Karur,Iron Ore,7.76,13.015087,77.615593,Active
Mine_07482,Dindigul,Silica Sand,68.46,8.550978,80.044033,Active
Mine_07483,Virudhunagar,Silica Sand,10.64,9.458781,79.816042,Active
Mine_07484,Karur,Iron Ore,105.27,9.313394,76.527703,Active
Mine_07485,Vellore,Granite,104.99,9.331869,77.644594,Active
Mine_07486,Theni,Marble,46.13,10.376428,76.884002,Active
Mine_07487,Tuticorin,Sand,13.83,9.958998,78.061982,Active
Mine_07488,Tiruppur,Silica Sand,36.09,11.276785,77.679722,Active
Mine_07489,Theni,Sand,34.88,8.3943,78.210074,Closed
Mine_07490,Vellore,Sandstone,8.35,11.871204,76.361931,Active
Mine_07491,Tirunelveli,Sand,18.89,12.758795,76.29794,Active
Mine_07492,Dindigul,Silica Sand,8.33,12.57098,76.870395,Closed
Mine_07493,Tiruppur,Iron Ore,6.81,11.477204,78.021637,Active
Mine_07494,Coimbatore,Silica Sand,138.47,8.274299,76.283212,Active
Mine_07495,Ariyalur,Sand,16.91,11.679904,80.001341,Active
Mine_07496,Salem,Silica Sand,16.88,11.1794,79.279666,Active
Mine_07497,Dindigul,Iron Ore,12.91,10.749609,76.932875,Active
Mine_07498,Kanyakumari,Limestone,98.43,8.732114,79.915166,Active
Mine_07499,Salem,Sand,13.52,8.997964,78.208014,Active
Mine_07500,Erode,Sandstone,37.88,12.904465,78.835333,Active
Mine_07501,Madurai,Marble,8.3,10.877908,79.585175,Closed
Mine_07502,Vellore,Salt,12.4,8.933497,77.233875,Active
Mine_07503,Tiruppur,Sand,9.62,8.643647,77.638687,Active
Mine_07504,Virudhunagar,Sandstone,39.35,10.506575,76.64993,Active
Mine_07505,Tuticorin,Sand,30.98,12.653485,77.451726,Active
Mine_07506,Kanyakumari,Granite,76.51,9.069179,77.871493,Active
Mine_07507,Cuddalore,Sand,25.98,10.058727,78.138101,Active
Mine_07508,Tuticorin,Silica Sand,6.22,9.414798,79.784633,Active
Mine_07509,Kanyakumari,Salt,14.86,10.061626,78.915083,Active
Mine_07510,Erode,Sand,77.6,12.977353,78.099087,Active
Mine_07511,Ariyalur,Silica Sand,5.11,11.488808,80.018037,Active
Mine_07512,Erode,Sand,72.91,12.013983,78.383479,Active
Mine_07513,Dindigul,Sand,22.8,10.873472,78.114627,Active
Mine_07514,Cuddalore,Limestone,92.43,10.054002,76.794445,Active
Mine_07515,Dindigul,Sand,49.86,13.482073,76.875429,Active
Mine_07516,Coimbatore,Sand,77.52,11.558404,79.100541,Active
Mine_07517,Theni,Marble,19.68,8.872852,77.447239,Active
Mine_07518,Erode,Sandstone,37.52,13.020881,77.125474,Active
Mine_07519,Dharmapuri,Silica Sand,25.11,11.830539,78.169288,Active
Mine_07520,Karur,Limestone,98.5,8.305504,77.331505,Active
Mine_07521,Dharmapuri,Sand,35.94,9.915191,80.460713,Active
Mine_07522,Tiruppur,Silica Sand,43.52,9.325996,78.262939,Active
Mine_07523,Erode,Salt,12.85,12.912099,78.160162,Active
Mine_07524,Tiruvannamalai,Silica Sand,2.94,8.097563,80.220285,Active
Mine_07525,Vellore,Sand,45.84,9.299671,79.298821,Active
Mine_07526,Namakkal,Iron Ore,13.06,9.121024,79.742598,Active
Mine_07527,Vellore,Salt,40.38,10.429492,77.124507,Active
Mine_07528,Tiruppur,Limestone,105.4,8.826738,79.622202,Active
Mine_07529,Perambalur,Silica Sand,20.59,9.218535,76.611971,Active
Mine_07530,Madurai,Limestone,31.62,12.731446,76.438629,Active
Mine_07531,Tiruppur,Granite,34.68,9.201735,76.288581,Active
Mine_07532,Krishnagiri,Iron Ore,18.13,8.233762,77.168044,Active
Mine_07533,Salem,Granite,1.0,11.810762,79.458809,Active
Mine_07534,Coimbatore,Granite,42.25,10.505572,77.722197,Active
Mine_07535,Namakkal,Marble,42.14,9.085144,78.015546,Closed
Mine_07536,Dharmapuri,Sand,44.08,10.831479,79.061641,Active
Mine_07537,Kanyakumari,Iron Ore,9.51,11.61025,76.51288,Active
Mine_07538,Tiruvannamalai,Sandstone,52.35,12.949436,79.164207,Closed
Mine_07539,Virudhunagar,Sand,13.78,9.639957,77.004426,Active
Mine_07540,Ariyalur,Silica Sand,19.62,12.585591,79.916315,Active
Mine_07541,Dindigul,Granite,11.0,9.528609,78.250177,Active
Mine_07542,Erode,Iron Ore,27.77,11.752344,77.105474,Active
Mine_07543,Perambalur,Salt,107.74,11.285455,76.018357,Active
Mine_07544,Tuticorin,Iron Ore,19.22,13.128937,79.505577,Active
Mine_07545,Coimbatore,Granite,10.16,9.848007,77.855445,Active
Mine_07546,Tiruvannamalai,Salt,11.73,10.589888,79.381903,Active
Mine_07547,Dharmapuri,Silica Sand,56.27,13.348483,78.386999,Active
Mine_07548,Cuddalore,Marble,156.95,13.079326,79.922453,Closed
Mine_07549,Virudhunagar,Granite,122.5,11.03773,79.476645,Active
Mine_07550,Ariyalur,Marble,35.42,12.891554,78.233734,Active
Mine_07551,Namakkal,Marble,13.27,11.540147,78.292615,Active
Mine_07552,Salem,Silica Sand,119.87,8.30455,78.800569,Active
Mine_07553,Erode,Granite,18.73,10.608972,77.455453,Active
Mine_07554,Perambalur,Marble,44.39,8.277098,77.722296,Active
Mine_07555,Krishnagiri,Marble,7.97,9.120093,77.090178,Active
Mine_07556,Kanyakumari,Silica Sand,28.5,9.698836,80.082834,Active
Mine_07557,Tirunelveli,Iron Ore,103.21,8.897243,77.925435,Active
Mine_07558,Theni,Salt,21.61,11.719024,76.54513,Active
Mine_07559,Tirunelveli,Limestone,5.27,11.561638,80.314941,Active
Mine_07560,Dharmapuri,Sand,23.97,12.636306,76.395058,Active
Mine_07561,Tirunelveli,Marble,22.15,12.563761,80.243005,Active
Mine_07562,Karur,Iron Ore,27.89,11.977182,79.006271,Active
Mine_07563,Karur,Salt,119.24,9.435884,78.873685,Active
Mine_07564,Kanyakumari,Limestone,40.36,8.593451,80.364691,Active
Mine_07565,Salem,Iron Ore,30.79,12.34765,76.545078,Active
Mine_07566,Tirunelveli,Sandstone,14.96,12.283334,76.024574,Active
Mine_07567,Krishnagiri,Sand,92.65,11.44785,77.500549,Active
Mine_07568,Perambalur,Sandstone,85.21,10.549393,80.243784,Closed
Mine_07569,Tiruppur,Marble,45.95,12.717097,80.012948,Closed
Mine_07570,Salem,Sandstone,16.24,10.419447,79.563567,Closed
Mine_07571,Dharmapuri,Limestone,51.74,9.198484,77.747664,Active
Mine_07572,Dharmapuri,Iron Ore,9.01,9.928652,76.064638,Active
Mine_07573,Tirunelveli,Marble,1.7,12.694083,78.194748,Active
Mine_07574,Theni,Salt,2.83,11.816597,79.600237,Active
Mine_07575,Dharmapuri,Sand,99.06,8.150609,80.401427,Closed
Mine_07576,Ariyalur,Limestone,44.43,8.951134,79.51055,Active
Mine_07577,Perambalur,Sand,10.16,8.516555,76.962357,Closed
Mine_07578,Ariyalur,Marble,3.98,9.295397,80.145737,Active
Mine_07579,Coimbatore,Sandstone,230.97,9.640942,79.248234,Active
Mine_07580,Theni,Sand,16.76,13.233248,76.228901,Active
Mine_07581,Coimbatore,Marble,68.11,11.308562,80.302454,Active
Mine_07582,Tirunelveli,Granite,3.62,12.249868,79.190426,Active
Mine_07583,Dharmapuri,Sand,97.02,11.757844,76.50445,Active
Mine_07584,Salem,Iron Ore,15.48,12.816374,77.777042,Closed
Mine_07585,Tiruppur,Salt,23.36,13.025899,78.107156,Active
Mine_07586,Karur,Sand,10.82,12.897243,76.219843,Active
Mine_07587,Madurai,Salt,8.62,9.592159,79.989187,Active
Mine_07588,Theni,Granite,45.46,10.264604,80.073656,Active
Mine_07589,Erode,Sandstone,35.24,9.277472,77.227952,Active
Mine_07590,Salem,Silica Sand,28.82,10.291121,79.634065,Active
Mine_07591,Salem,Salt,28.98,9.279901,76.908864,Active
Mine_07592,Krishnagiri,Sandstone,21.85,10.833938,79.722374,Closed
Mine_07593,Krishnagiri,Iron Ore,18.78,9.375832,80.466836,Active
Mine_07594,Kanyakumari,Sand,187.01,10.283485,79.645387,Active
Mine_07595,Krishnagiri,Granite,47.3,11.078449,80.292298,Active
Mine_07596,Theni,Sandstone,39.21,8.446687,79.343443,Active
Mine_07597,Kanyakumari,Salt,22.2,8.33918,78.076575,Active
Mine_07598,Namakkal,Limestone,1.93,10.05698,76.372793,Active
Mine_07599,Namakkal,Sand,23.97,8.285417,77.223963,Active
Mine_07600,Tiruvannamalai,Limestone,105.65,10.86016,77.404699,Closed
Mine_07601,Namakkal,Marble,35.38,12.590041,78.064737,Active
Mine_07602,Namakkal,Limestone,30.54,11.824098,77.765315,Closed
Mine_07603,Tirunelveli,Sandstone,1.79,8.481688,76.922136,Active
Mine_07604,Tiruppur,Marble,74.25,8.472269,79.790547,Closed
Mine_07605,Erode,Sandstone,5.27,12.631083,79.804516,Active
Mine_07606,Krishnagiri,Sandstone,2.91,11.16237,76.411426,Active
Mine_07607,Vellore,Limestone,38.08,12.821083,77.702263,Active
Mine_07608,Erode,Silica Sand,21.26,11.266962,76.14569,Active
Mine_07609,Namakkal,Salt,117.47,9.491516,78.99693,Active
Mine_07610,Namakkal,Sand,23.83,11.052572,76.027952,Active
Mine_07611,Perambalur,Silica Sand,42.37,11.471776,79.528828,Active
Mine_07612,Karur,Sand,13.11,8.469996,79.317878,Active
Mine_07613,Cuddalore,Marble,181.22,12.660062,80.435298,Closed
Mine_07614,Ariyalur,Iron Ore,14.69,9.733011,78.515233,Active
Mine_07615,Coimbatore,Salt,86.09,10.346829,77.230406,Active
Mine_07616,Dharmapuri,Silica Sand,1.0,12.977987,77.471148,Active
Mine_07617,Ariyalur,Sand,32.37,8.542454,80.343919,Active
Mine_07618,Karur,Sand,24.21,10.731117,77.959151,Active
Mine_07619,Krishnagiri,Silica Sand,2.2,13.455379,77.908226,Active
Mine_07620,Tuticorin,Silica Sand,95.37,10.997489,76.469233,Active
Mine_07621,Tirunelveli,Limestone,15.19,10.08886,79.632787,Active
Mine_07622,Tiruppur,Silica Sand,22.96,11.201881,77.59241,Active
Mine_07623,Dindigul,Granite,2.97,12.810457,77.388832,Closed
Mine_07624,Cuddalore,Iron Ore,96.33,8.049915,78.979865,Active
Mine_07625,Krishnagiri,Salt,7.43,12.200817,77.39292,Active
Mine_07626,Tiruppur,Limestone,41.88,8.101996,76.685233,Active
Mine_07627,Karur,Iron Ore,36.35,12.152668,77.827474,Active
Mine_07628,Vellore,Sand,6.37,8.475912,77.087638,Active
Mine_07629,Tirunelveli,Sandstone,79.14,9.485816,78.974378,Active
Mine_07630,Dharmapuri,Marble,7.38,11.791628,79.459667,Active
Mine_07631,Vellore,Salt,14.71,13.319122,76.107182,Active
Mine_07632,Namakkal,Silica Sand,53.86,12.428728,79.700766,Active
Mine_07633,Theni,Salt,45.2,13.105014,77.143923,Active
Mine_07634,Cuddalore,Iron Ore,49.37,10.216462,76.499837,Active
Mine_07635,Erode,Sand,79.35,8.971701,77.858335,Active
Mine_07636,Krishnagiri,Iron Ore,10.89,10.094412,78.210101,Active
Mine_07637,Madurai,Salt,4.72,12.838904,78.166032,Active
Mine_07638,Dindigul,Silica Sand,2.46,12.163449,80.256738,Active
Mine_07639,Tuticorin,Iron Ore,61.45,11.961941,78.929391,Active
Mine_07640,Dindigul,Silica Sand,1.0,10.494041,78.935456,Active
Mine_07641,Ariyalur,Granite,95.92,9.660711,78.097222,Active
Mine_07642,Cuddalore,Silica Sand,22.05,12.965095,79.894559,Active
Mine_07643,Karur,Marble,52.56,9.605178,77.774948,Active
Mine_07644,Vellore,Iron Ore,30.55,11.441803,78.244782,Active
Mine_07645,Kanyakumari,Granite,1.0,11.15031,78.129393,Active
Mine_07646,Coimbatore,Iron Ore,11.64,13.255376,79.607827,Active
Mine_07647,Tiruvannamalai,Marble,17.86,11.527256,79.262614,Active
Mine_07648,Coimbatore,Silica Sand,15.14,9.777206,80.052322,Active
Mine_07649,Coimbatore,Granite,66.26,9.777572,80.458403,Active
Mine_07650,Perambalur,Iron Ore,12.1,8.797686,77.752926,Active
Mine_07651,Coimbatore,Salt,7.66,10.901065,78.82687,Active
Mine_07652,Salem,Granite,5.98,9.670924,79.404553,Active
Mine_07653,Tuticorin,Salt,66.17,12.924661,77.370543,Active
Mine_07654,Krishnagiri,Sand,63.34,11.177992,78.311867,Active
Mine_07655,Karur,Silica Sand,89.66,9.167204,79.978019,Active
Mine_07656,Perambalur,Limestone,80.08,8.288937,77.214846,Active
Mine_07657,Namakkal,Sandstone,28.12,8.503415,77.33094,Active
Mine_07658,Dharmapuri,Limestone,14.79,9.355028,79.518146,Active
Mine_07659,Madurai,Sand,18.78,8.862471,76.461384,Active
Mine_07660,Erode,Iron Ore,113.63,13.210114,78.155147,Active
Mine_07661,Kanyakumari,Salt,3.85,9.338203,76.94137,Active
Mine_07662,Namakkal,Limestone,3.63,11.276965,76.044419,Active
Mine_07663,Madurai,Sand,1.55,11.556752,80.273681,Active
Mine_07664,Coimbatore,Sand,34.27,10.477287,78.7917,Active
Mine_07665,Cuddalore,Limestone,3.73,12.094437,77.073808,Active
Mine_07666,Kanyakumari,Salt,2.03,9.106661,77.313967,Active
Mine_07667,Dharmapuri,Silica Sand,22.5,10.253733,78.511117,Active
Mine_07668,Dindigul,Salt,56.73,13.489044,78.679494,Active
Mine_07669,Virudhunagar,Sand,31.1,10.442635,76.883462,Active
Mine_07670,Vellore,Silica Sand,22.6,9.238033,77.892049,Active
Mine_07671,Cuddalore,Silica Sand,5.78,12.262823,77.565171,Active
Mine_07672,Madurai,Sandstone,70.85,13.049697,79.034824,Active
Mine_07673,Virudhunagar,Iron Ore,77.7,12.574796,79.886463,Closed
Mine_07674,Tiruppur,Silica Sand,5.77,8.61183,77.4747,Active
Mine_07675,Coimbatore,Limestone,11.2,11.717388,76.436163,Active
Mine_07676,Krishnagiri,Granite,28.9,11.555605,76.580655,Active
Mine_07677,Erode,Granite,49.08,13.250444,78.28892,Active
Mine_07678,Virudhunagar,Salt,19.79,12.688557,76.607979,Active
Mine_07679,Theni,Marble,31.63,8.827731,76.978675,Active
Mine_07680,Dharmapuri,Silica Sand,21.38,12.460348,77.179288,Active
Mine_07681,Erode,Marble,117.64,12.89858,78.967801,Active
Mine_07682,Tiruppur,Limestone,70.16,10.252031,76.390349,Active
Mine_07683,Vellore,Sand,11.59,8.897069,77.518658,Active
Mine_07684,Karur,Limestone,225.75,8.2888,79.502994,Active
Mine_07685,Ariyalur,Sandstone,40.71,12.803234,76.793343,Active
Mine_07686,Dharmapuri,Iron Ore,94.79,9.486982,78.001208,Active
Mine_07687,Coimbatore,Limestone,69.59,12.172209,76.596781,Active
Mine_07688,Salem,Limestone,4.31,12.537603,77.13997,Active
Mine_07689,Dindigul,Iron Ore,1.85,11.530092,76.740232,Active
Mine_07690,Theni,Salt,2.37,9.115098,76.672068,Active
Mine_07691,Tiruppur,Sandstone,8.43,11.480986,78.258008,Active
Mine_07692,Tuticorin,Sandstone,9.93,11.662324,79.751249,Closed
Mine_07693,Karur,Sand,5.61,8.296163,77.253309,Active
Mine_07694,Namakkal,Salt,34.63,11.358314,77.494969,Active
Mine_07695,Krishnagiri,Marble,56.32,10.810776,77.695173,Closed
Mine_07696,Tirunelveli,Sand,11.37,9.378883,78.004063,Active
Mine_07697,Salem,Marble,58.02,12.91428,76.30213,Active
Mine_07698,Karur,Limestone,67.68,10.750881,79.126973,Active
Mine_07699,Karur,Iron Ore,71.53,11.813711,80.123471,Active
Mine_07700,Madurai,Salt,18.01,8.872239,79.666724,Active
Mine_07701,Vellore,Silica Sand,13.77,12.194775,76.553758,Active
Mine_07702,Vellore,Silica Sand,2.0,13.162578,77.479809,Active
Mine_07703,Madurai,Sandstone,20.44,10.368549,77.565748,Active
Mine_07704,Karur,Sandstone,116.7,13.1481,78.453227,Active
Mine_07705,Cuddalore,Sand,45.69,12.848599,79.287753,Active
Mine_07706,Karur,Sand,77.31,10.153515,77.737956,Active
Mine_07707,Tuticorin,Sandstone,15.56,13.127231,78.025456,Active
Mine_07708,Vellore,Sandstone,85.23,10.487787,76.859012,Active
Mine_07709,Coimbatore,Salt,11.68,8.887251,78.189799,Active
Mine_07710,Kanyakumari,Limestone,14.7,8.742591,79.720423,Active
Mine_07711,Namakkal,Sand,1.0,10.400263,77.596603,Active
Mine_07712,Namakkal,Silica Sand,4.93,12.975443,79.563092,Active
Mine_07713,Namakkal,Sandstone,69.18,10.316442,77.997387,Active
Mine_07714,Karur,Granite,35.72,8.189748,79.684791,Active
Mine_07715,Tirunelveli,Limestone,6.28,8.969648,79.146511,Active
Mine_07716,Dindigul,Silica Sand,12.23,12.989772,76.961846,Active
Mine_07717,Krishnagiri,Sandstone,102.5,9.031822,76.917833,Active
Mine_07718,Erode,Silica Sand,7.74,8.848457,76.526396,Active
Mine_07719,Karur,Iron Ore,75.28,9.178194,76.784817,Active
Mine_07720,Perambalur,Salt,90.21,8.346659,80.12396,Active
Mine_07721,Ariyalur,Iron Ore,46.0,12.382965,76.213186,Active
Mine_07722,Theni,Sand,15.51,8.832116,77.766391,Active
Mine_07723,Namakkal,Sandstone,179.32,10.61635,77.424419,Active
Mine_07724,Tirunelveli,Limestone,28.31,11.487659,79.990252,Active
Mine_07725,Vellore,Sandstone,27.61,13.399725,76.265696,Active
Mine_07726,Erode,Marble,1.0,8.992948,78.136407,Active
Mine_07727,Coimbatore,Silica Sand,44.96,13.150375,78.004035,Active
Mine_07728,Cuddalore,Silica Sand,44.59,12.629576,76.826827,Active
Mine_07729,Tuticorin,Salt,6.22,11.535748,78.340237,Active
Mine_07730,Ariyalur,Granite,18.77,9.438511,76.762831,Active
Mine_07731,Cuddalore,Marble,17.52,12.919958,78.284314,Active
Mine_07732,Karur,Marble,61.17,8.949301,79.547593,Closed
Mine_07733,Perambalur,Silica Sand,4.52,13.186837,78.055052,Active
Mine_07734,Cuddalore,Limestone,16.22,11.870009,76.557862,Active
Mine_07735,Dindigul,Salt,1.0,12.60667,76.2535,Active
Mine_07736,Virudhunagar,Limestone,69.93,11.585991,78.692704,Active
Mine_07737,Tuticorin,Iron Ore,3.21,9.828269,78.125133,Closed
Mine_07738,Erode,Silica Sand,25.4,9.060178,78.415518,Active
Mine_07739,Tiruvannamalai,Silica Sand,20.32,12.464793,77.262286,Closed
Mine_07740,Tirunelveli,Sandstone,81.98,13.309165,78.470297,Active
Mine_07741,Perambalur,Marble,20.81,10.69458,77.190814,Active
Mine_07742,Dharmapuri,Iron Ore,94.66,13.337913,77.920258,Active
Mine_07743,Krishnagiri,Limestone,58.37,8.981396,76.236047,Active
Mine_07744,Dindigul,Sand,4.33,12.273006,79.797999,Active
Mine_07745,Erode,Marble,48.62,12.192316,79.098875,Active
Mine_07746,Krishnagiri,Silica Sand,26.1,13.478688,77.519024,Active
Mine_07747,Tirunelveli,Sand,9.62,10.929813,76.431107,Active
Mine_07748,Dharmapuri,Marble,51.31,9.179941,80.370121,Closed
Mine_07749,Tirunelveli,Limestone,27.58,13.448953,76.310011,Active
Mine_07750,Cuddalore,Marble,3.26,13.142674,78.654362,Active
Mine_07751,Kanyakumari,Sand,57.34,12.556615,77.938732,Active
Mine_07752,Tiruvannamalai,Limestone,53.92,10.734767,77.846811,Active
Mine_07753,Tiruppur,Iron Ore,126.16,11.537842,79.713642,Active
Mine_07754,Erode,Granite,13.96,8.239204,79.558976,Active
Mine_07755,Krishnagiri,Iron Ore,76.5,10.446648,80.265686,Active
Mine_07756,Theni,Sandstone,67.69,9.952166,78.679136,Closed
Mine_07757,Tiruvannamalai,Silica Sand,2.1,12.970328,78.326573,Active
Mine_07758,Tirunelveli,Granite,32.63,11.186716,77.68394,Active
Mine_07759,Tuticorin,Granite,4.5,12.957102,77.261688,Active
Mine_07760,Dindigul,Salt,3.13,8.385291,78.797067,Active
Mine_07761,Perambalur,Marble,24.68,10.396726,78.460101,Active
Mine_07762,Karur,Salt,22.68,12.360085,80.151504,Active
Mine_07763,Virudhunagar,Limestone,29.43,10.91008,79.90922,Active
Mine_07764,Dharmapuri,Sandstone,7.11,10.08436,77.297829,Active
Mine_07765,Ariyalur,Sand,8.0,12.947135,76.389154,Active
Mine_07766,Kanyakumari,Silica Sand,36.17,9.802201,78.233053,Active
Mine_07767,Erode,Granite,20.96,12.670928,77.870804,Active
Mine_07768,Dharmapuri,Granite,5.26,8.862373,79.55607,Active
Mine_07769,Kanyakumari,Granite,69.0,13.435255,77.681609,Active
Mine_07770,Tuticorin,Sandstone,89.84,8.054637,78.940567,Active
Mine_07771,Vellore,Marble,9.9,9.318255,79.602089,Active
Mine_07772,Vellore,Silica Sand,12.33,10.781557,80.040377,Active
Mine_07773,Dharmapuri,Sandstone,22.65,13.092899,78.258726,Active
Mine_07774,Tiruppur,Silica Sand,94.19,10.488184,76.587481,Active
Mine_07775,Krishnagiri,Salt,18.0,13.083796,77.213577,Active
Mine_07776,Dharmapuri,Silica Sand,32.18,10.804898,77.071355,Active
Mine_07777,Tiruvannamalai,Iron Ore,14.61,10.622906,76.140571,Active
Mine_07778,Virudhunagar,Marble,22.58,9.525328,76.74901,Active
Mine_07779,Vellore,Limestone,53.1,9.379196,77.184106,Active
Mine_07780,Cuddalore,Granite,54.26,8.00751,76.392122,Active
Mine_07781,Vellore,Marble,127.12,9.658632,80.006275,Active
Mine_07782,Tuticorin,Sand,25.78,11.364789,76.242872,Active
Mine_07783,Kanyakumari,Sand,44.36,12.389105,78.430174,Active
Mine_07784,Perambalur,Sand,13.05,13.217643,76.703009,Closed
Mine_07785,Theni,Sand,1.0,9.431422,76.392447,Active
Mine_07786,Virudhunagar,Iron Ore,1.0,9.230056,79.015559,Active
Mine_07787,Cuddalore,Granite,39.76,10.532536,76.162737,Active
Mine_07788,Coimbatore,Marble,2.08,11.232001,78.066663,Active
Mine_07789,Virudhunagar,Granite,22.97,8.9941,78.762907,Active
Mine_07790,Erode,Sandstone,115.44,13.344492,79.474152,Active
Mine_07791,Tuticorin,Silica Sand,203.87,10.269674,76.895808,Active
Mine_07792,Theni,Sandstone,101.75,8.583453,78.358995,Active
Mine_07793,Namakkal,Marble,6.08,11.374581,78.145221,Closed
Mine_07794,Tiruvannamalai,Granite,60.03,12.945523,79.262698,Active
Mine_07795,Dindigul,Limestone,48.71,11.315465,78.442944,Active
Mine_07796,Vellore,Salt,138.57,12.142369,76.793947,Active
Mine_07797,Ariyalur,Marble,7.73,13.129886,76.346614,Active
Mine_07798,Kanyakumari,Sandstone,52.06,11.72492,80.488392,Closed
Mine_07799,Salem,Iron Ore,52.33,12.179163,77.441701,Closed
Mine_07800,Tirunelveli,Sandstone,46.11,8.358858,76.177782,Active
Mine_07801,Salem,Salt,154.94,13.200732,77.767251,Active
Mine_07802,Tirunelveli,Sand,42.39,11.10829,76.483554,Active
Mine_07803,Ariyalur,Granite,27.27,12.693557,78.476028,Active
Mine_07804,Karur,Marble,18.74,12.198502,78.294538,Active
Mine_07805,Salem,Limestone,38.38,12.797036,77.815422,Active
Mine_07806,Kanyakumari,Sand,57.83,8.400408,79.469094,Active
Mine_07807,Tiruppur,Limestone,31.06,8.598082,77.447284,Active
Mine_07808,Tuticorin,Silica Sand,24.6,11.331422,80.232302,Active
Mine_07809,Coimbatore,Limestone,138.78,10.628767,77.663728,Active
Mine_07810,Virudhunagar,Granite,35.3,13.433931,76.782396,Closed
Mine_07811,Ariyalur,Sandstone,29.72,12.893855,76.491944,Active
Mine_07812,Tiruppur,Sand,4.63,13.244579,77.324407,Active
Mine_07813,Krishnagiri,Sandstone,21.72,10.032835,77.22859,Active
Mine_07814,Coimbatore,Salt,60.26,10.413358,77.308489,Active
Mine_07815,Kanyakumari,Limestone,14.4,11.469385,80.452545,Active
Mine_07816,Vellore,Silica Sand,63.65,9.8099,77.928206,Closed
Mine_07817,Kanyakumari,Sand,18.16,12.184916,76.695225,Active
Mine_07818,Erode,Granite,64.73,8.36769,78.359594,Active
Mine_07819,Dharmapuri,Limestone,8.14,9.169916,76.390972,Active
Mine_07820,Namakkal,Marble,72.4,12.742994,76.165168,Active
Mine_07821,Namakkal,Granite,7.71,12.674749,79.686851,Active
Mine_07822,Tirunelveli,Salt,19.3,8.056745,76.117469,Active
Mine_07823,Tiruvannamalai,Sand,13.1,8.791716,80.23509,Active
Mine_07824,Kanyakumari,Sand,7.16,9.181013,78.582161,Active
Mine_07825,Coimbatore,Granite,31.98,9.104765,79.027477,Active
Mine_07826,Ariyalur,Sand,90.1,11.602167,78.212961,Active
Mine_07827,Tiruvannamalai,Iron Ore,60.89,13.183355,80.407453,Active
Mine_07828,Theni,Sand,23.81,13.483097,76.39813,Active
Mine_07829,Vellore,Iron Ore,225.61,11.408419,77.710425,Active
Mine_07830,Ariyalur,Limestone,76.6,12.010242,79.169624,Active
Mine_07831,Theni,Sand,23.69,12.759822,77.773944,Active
Mine_07832,Virudhunagar,Limestone,35.93,8.223006,78.075018,Active
Mine_07833,Madurai,Sandstone,75.2,9.711182,79.978344,Active
Mine_07834,Tirunelveli,Limestone,8.93,12.186413,76.055479,Active
Mine_07835,Tuticorin,Marble,92.63,10.837698,78.540589,Active
Mine_07836,Perambalur,Sand,29.86,11.029027,79.193501,Active
Mine_07837,Cuddalore,Limestone,10.63,9.834644,79.811904,Active
Mine_07838,Kanyakumari,Iron Ore,1.0,9.351181,78.661338,Active
Mine_07839,Virudhunagar,Granite,43.22,9.290223,77.263622,Active
Mine_07840,Tuticorin,Salt,1.0,11.686803,78.790414,Active
Mine_07841,Theni,Sandstone,29.53,9.12611,78.517104,Active
Mine_07842,Salem,Sand,41.46,12.882215,78.287636,Active
Mine_07843,Coimbatore,Sandstone,82.2,10.833642,80.23821,Active
Mine_07844,Karur,Limestone,37.92,9.641606,77.674384,Active
Mine_07845,Karur,Silica Sand,81.56,9.79192,78.041465,Closed
Mine_07846,Madurai,Marble,150.8,10.381046,79.602535,Closed
Mine_07847,Tirunelveli,Salt,12.37,12.859162,77.749341,Active
Mine_07848,Cuddalore,Granite,18.83,9.341796,76.015135,Active
Mine_07849,Erode,Marble,3.15,10.271511,78.054195,Active
Mine_07850,Perambalur,Granite,14.82,8.078518,80.062738,Active
Mine_07851,Krishnagiri,Sand,87.4,8.476198,77.65778,Active
Mine_07852,Perambalur,Silica Sand,42.56,9.636773,79.410287,Active
Mine_07853,Tiruppur,Marble,53.94,13.015686,77.63991,Active
Mine_07854,Madurai,Silica Sand,107.07,11.888963,77.473564,Active
Mine_07855,Tirunelveli,Silica Sand,42.87,10.659925,76.957423,Active
Mine_07856,Namakkal,Granite,24.44,12.333639,79.841892,Active
Mine_07857,Dindigul,Sand,200.54,11.941357,79.278696,Active
Mine_07858,Theni,Sand,1.0,13.428375,78.207106,Active
Mine_07859,Tiruppur,Salt,20.27,10.977002,78.42962,Active
Mine_07860,Tiruvannamalai,Silica Sand,59.33,13.184255,76.912795,Active
Mine_07861,Karur,Sandstone,4.78,13.018013,78.540601,Closed
Mine_07862,Tirunelveli,Silica Sand,78.33,10.215827,78.865416,Closed
Mine_07863,Tiruvannamalai,Limestone,28.19,10.150804,78.87676,Active
Mine_07864,Perambalur,Sand,42.04,11.815784,76.860996,Active
Mine_07865,Dindigul,Iron Ore,170.49,13.271082,79.697956,Active
Mine_07866,Tirunelveli,Granite,99.06,9.47424,78.348744,Active
Mine_07867,Tirunelveli,Sandstone,6.99,10.648468,79.145298,Active
Mine_07868,Cuddalore,Salt,100.36,11.642531,78.853529,Active
Mine_07869,Tiruvannamalai,Limestone,9.82,8.794949,79.56296,Active
Mine_07870,Krishnagiri,Sand,21.05,11.654747,77.253315,Active
Mine_07871,Coimbatore,Silica Sand,29.3,12.059034,78.820015,Active
Mine_07872,Coimbatore,Granite,73.36,12.866917,76.740234,Active
Mine_07873,Dharmapuri,Sandstone,110.87,9.126276,76.749427,Active
Mine_07874,Madurai,Granite,87.58,10.163521,76.61236,Active
Mine_07875,Dharmapuri,Marble,2.65,12.874273,79.918786,Active
Mine_07876,Tuticorin,Sand,58.75,8.992722,77.094814,Active
Mine_07877,Salem,Sand,52.35,8.735321,76.417806,Closed
Mine_07878,Vellore,Sandstone,44.47,9.078554,78.161276,Active
Mine_07879,Coimbatore,Marble,26.05,9.98003,78.513356,Active
Mine_07880,Salem,Granite,2.69,10.330263,77.585609,Active
Mine_07881,Tirunelveli,Limestone,1.0,9.782514,76.352838,Active
Mine_07882,Dindigul,Sandstone,122.39,10.702845,78.309279,Active
Mine_07883,Salem,Salt,10.82,8.140065,79.503021,Active
Mine_07884,Tiruvannamalai,Granite,114.33,11.021939,77.28508,Active
Mine_07885,Namakkal,Sandstone,5.16,9.478512,77.463543,Active
Mine_07886,Erode,Iron Ore,1.0,10.091022,76.034878,Active
Mine_07887,Virudhunagar,Iron Ore,6.48,11.304319,77.561253,Closed
Mine_07888,Tiruppur,Limestone,13.51,8.432427,76.91881,Active
Mine_07889,Salem,Salt,113.82,8.088561,79.409322,Active
Mine_07890,Dindigul,Iron Ore,42.47,12.999129,77.294634,Active
Mine_07891,Tiruvannamalai,Marble,59.89,12.779275,77.123678,Active
Mine_07892,Vellore,Sand,31.48,9.049689,76.657009,Active
Mine_07893,Tiruppur,Marble,33.75,9.447804,78.089391,Active
Mine_07894,Dindigul,Salt,1.0,9.177774,76.433217,Active
Mine_07895,Dharmapuri,Sandstone,110.01,12.121194,78.893784,Closed
Mine_07896,Kanyakumari,Iron Ore,5.09,9.744121,79.746216,Active
Mine_07897,Madurai,Sand,41.81,12.883132,77.482814,Active
Mine_07898,Dharmapuri,Sandstone,62.95,10.612279,77.527611,Active
Mine_07899,Virudhunagar,Salt,80.43,13.26938,78.148364,Active
Mine_07900,Ariyalur,Sand,24.09,9.38765,76.172949,Active
Mine_07901,Namakkal,Marble,70.65,10.419119,79.389649,Active
Mine_07902,Salem,Sand,17.71,13.06755,76.508331,Active
Mine_07903,Namakkal,Sand,76.86,10.711947,76.817783,Active
Mine_07904,Kanyakumari,Marble,2.92,9.725646,77.393831,Active
Mine_07905,Tiruppur,Marble,52.2,8.280576,77.239288,Active
Mine_07906,Madurai,Salt,92.66,9.429845,78.19299,Active
Mine_07907,Tiruvannamalai,Salt,13.48,10.546069,76.654167,Active
Mine_07908,Namakkal,Granite,6.73,12.175862,77.625897,Active
Mine_07909,Erode,Sandstone,16.01,10.444894,76.382835,Active
Mine_07910,Tuticorin,Marble,39.88,10.058348,77.521718,Active
Mine_07911,Salem,Granite,20.8,9.530895,78.286759,Active
Mine_07912,Perambalur,Marble,64.21,11.862705,76.379579,Active
Mine_07913,Coimbatore,Salt,62.56,12.25079,77.836156,Active
Mine_07914,Dindigul,Salt,140.89,13.394716,79.808731,Closed
Mine_07915,Ariyalur,Silica Sand,66.78,9.696991,77.519892,Active
Mine_07916,Coimbatore,Iron Ore,22.54,9.12346,78.936074,Active
Mine_07917,Cuddalore,Sandstone,14.03,13.057845,76.03677,Active
Mine_07918,Karur,Sandstone,12.23,11.977486,79.745141,Active
Mine_07919,Tuticorin,Sand,55.66,12.85158,78.594178,Active
Mine_07920,Krishnagiri,Silica Sand,11.71,12.4245,77.906462,Active
Mine_07921,Virudhunagar,Granite,25.18,11.294844,77.914089,Active
Mine_07922,Cuddalore,Marble,1.69,10.066445,78.507924,Active
Mine_07923,Tiruvannamalai,Granite,136.23,10.148226,78.504806,Active
Mine_07924,Kanyakumari,Salt,19.56,11.432436,78.925502,Active
Mine_07925,Dharmapuri,Salt,14.36,12.110752,78.727094,Active
Mine_07926,Tuticorin,Granite,24.61,8.610232,79.67778,Active
Mine_07927,Dharmapuri,Silica Sand,4.0,10.43894,77.947102,Closed
Mine_07928,Salem,Sand,44.72,11.332947,78.010839,Active
Mine_07929,Erode,Salt,29.93,11.342086,76.450014,Active
Mine_07930,Ariyalur,Sandstone,67.81,9.200598,79.739611,Active
Mine_07931,Virudhunagar,Sand,2.71,12.262459,76.985334,Active
Mine_07932,Kanyakumari,Silica Sand,47.13,11.617363,77.422134,Active
Mine_07933,Karur,Limestone,164.42,10.904765,77.28452,Active
Mine_07934,Kanyakumari,Limestone,33.19,10.060841,76.964418,Closed
Mine_07935,Tiruvannamalai,Iron Ore,2.38,8.326956,80.227462,Active
Mine_07936,Dindigul,Sand,39.1,10.306873,79.549163,Active
Mine_07937,Madurai,Salt,7.33,9.388696,76.851188,Active
Mine_07938,Karur,Sand,72.22,12.420922,76.633251,Active
Mine_07939,Dharmapuri,Marble,2.11,8.486989,78.53358,Active
Mine_07940,Virudhunagar,Sand,32.63,8.170619,79.076553,Active
Mine_07941,Kanyakumari,Iron Ore,53.33,12.241894,77.556166,Active
Mine_07942,Vellore,Limestone,81.67,13.303717,77.430221,Active
Mine_07943,Karur,Marble,20.42,8.514437,78.244514,Closed
Mine_07944,Kanyakumari,Silica Sand,25.49,9.281898,77.084632,Active
Mine_07945,Tirunelveli,Sandstone,7.83,10.753348,80.292651,Active
Mine_07946,Vellore,Salt,11.12,9.077457,78.962832,Active
Mine_07947,Tiruvannamalai,Marble,4.52,9.164045,78.863858,Active
Mine_07948,Cuddalore,Silica Sand,18.17,10.904276,78.070076,Active
Mine_07949,Cuddalore,Silica Sand,7.29,12.418236,76.176829,Active
Mine_07950,Perambalur,Salt,23.23,12.524092,79.840721,Active
Mine_07951,Cuddalore,Salt,64.22,13.481369,77.084155,Active
Mine_07952,Perambalur,Granite,7.88,11.907134,80.361582,Active
Mine_07953,Tuticorin,Iron Ore,21.33,10.996225,76.048003,Active
Mine_07954,Virudhunagar,Iron Ore,33.05,9.085329,77.095592,Active
Mine_07955,Theni,Limestone,37.64,8.382642,79.419726,Active
Mine_07956,Tiruppur,Limestone,5.27,13.488567,76.361508,Active
Mine_07957,Namakkal,Granite,3.59,8.147458,77.631996,Active
Mine_07958,Perambalur,Sandstone,48.75,11.60457,77.19492,Active
Mine_07959,Kanyakumari,Limestone,14.29,8.612608,79.066827,Closed
Mine_07960,Tiruppur,Salt,2.07,13.461412,78.014295,Active
Mine_07961,Kanyakumari,Silica Sand,17.1,13.030148,77.482596,Active
Mine_07962,Dharmapuri,Sandstone,124.46,8.468332,79.470332,Active
Mine_07963,Dindigul,Limestone,1.0,13.145545,79.33978,Active
Mine_07964,Dindigul,Iron Ore,10.9,11.739247,78.737355,Active
Mine_07965,Tirunelveli,Limestone,173.48,8.368548,76.358657,Active
Mine_07966,Cuddalore,Sand,15.8,12.19074,78.03748,Active
Mine_07967,Tuticorin,Sandstone,14.84,12.039197,80.385078,Active
Mine_07968,Kanyakumari,Sandstone,2.06,11.342734,79.759517,Active
Mine_07969,Erode,Limestone,5.95,8.972208,78.896693,Active
Mine_07970,Ariyalur,Granite,13.3,11.404053,79.264169,Active
Mine_07971,Vellore,Salt,25.44,12.336674,78.909401,Active
Mine_07972,Coimbatore,Salt,59.89,12.53107,76.330072,Active
Mine_07973,Tirunelveli,Sand,68.28,11.348897,76.046064,Active
Mine_07974,Erode,Sand,31.83,9.87689,79.134295,Active
Mine_07975,Theni,Sandstone,25.94,12.237131,78.440087,Active
Mine_07976,Erode,Sandstone,29.01,13.147295,79.973799,Active
Mine_07977,Dharmapuri,Salt,123.08,12.678254,78.964687,Active
Mine_07978,Cuddalore,Silica Sand,66.17,9.197042,78.133113,Active
Mine_07979,Namakkal,Sand,68.86,13.220961,77.681244,Active
Mine_07980,Virudhunagar,Salt,48.31,9.169917,78.003506,Active
Mine_07981,Dindigul,Granite,14.74,8.749992,77.708412,Active
Mine_07982,Theni,Sand,44.36,9.689103,79.627178,Active
Mine_07983,Krishnagiri,Granite,113.99,13.214657,77.882669,Active
Mine_07984,Cuddalore,Silica Sand,204.98,8.396738,78.490746,Closed
Mine_07985,Karur,Sand,69.02,10.576499,78.239882,Active
Mine_07986,Theni,Granite,3.52,13.123338,77.718401,Active
Mine_07987,Tirunelveli,Salt,63.24,12.398971,76.576223,Active
Mine_07988,Dharmapuri,Marble,62.33,11.04937,79.660064,Active
Mine_07989,Erode,Salt,2.43,10.754006,76.1014,Active
Mine_07990,Vellore,Limestone,38.11,8.577452,79.005589,Active
Mine_07991,Perambalur,Marble,57.59,9.752125,77.680868,Active
Mine_07992,Karur,Iron Ore,37.72,10.99035,78.6113,Active
Mine_07993,Theni,Marble,53.75,10.751226,78.909057,Active
Mine_07994,Namakkal,Sand,25.39,9.709302,77.823138,Active
Mine_07995,Dindigul,Marble,11.65,8.680501,77.919945,Active
Mine_07996,Dharmapuri,Iron Ore,68.58,11.962137,78.896804,Active
Mine_07997,Madurai,Marble,37.16,8.257914,80.084255,Active
Mine_07998,Karur,Salt,28.79,12.60354,80.108804,Active
Mine_07999,Madurai,Iron Ore,45.46,8.486859,78.195622,Active
Mine_08000,Tiruvannamalai,Sand,90.71,9.531535,77.303039,Active
Mine_08001,Kanyakumari,Iron Ore,21.67,12.74182,79.580061,Active
Mine_08002,Virudhunagar,Granite,22.56,8.308387,79.366661,Active
Mine_08003,Perambalur,Salt,20.29,11.422419,79.682347,Closed
Mine_08004,Erode,Iron Ore,18.37,10.284053,79.108971,Active
Mine_08005,Perambalur,Limestone,1.0,13.384208,76.754405,Active
Mine_08006,Karur,Salt,22.59,11.466725,76.316024,Active
Mine_08007,Theni,Sand,28.09,12.318774,76.55577,Active
Mine_08008,Tirunelveli,Granite,5.73,12.169218,80.409374,Active
Mine_08009,Tiruvannamalai,Granite,77.31,10.639836,77.500855,Closed
Mine_08010,Ariyalur,Salt,36.5,9.041169,79.563382,Active
Mine_08011,Vellore,Limestone,231.86,9.552495,77.773621,Active
Mine_08012,Vellore,Limestone,5.42,12.042752,80.132262,Active
Mine_08013,Virudhunagar,Iron Ore,1.0,10.144273,79.038727,Active
Mine_08014,Dindigul,Iron Ore,16.0,11.449958,78.166739,Active
Mine_08015,Erode,Sand,25.88,13.396682,78.042574,Active
Mine_08016,Tiruvannamalai,Sandstone,8.15,9.716091,77.911693,Active
Mine_08017,Tiruppur,Sand,4.05,8.254743,78.166737,Active
Mine_08018,Theni,Sand,66.46,8.74642,77.797461,Active
Mine_08019,Krishnagiri,Silica Sand,121.89,8.259915,77.08501,Active
Mine_08020,Tuticorin,Granite,1.0,11.3876,76.826658,Active
Mine_08021,Salem,Silica Sand,1.96,11.925012,78.180742,Active
Mine_08022,Theni,Limestone,71.74,12.748953,76.584985,Active
Mine_08023,Namakkal,Salt,40.46,11.116658,77.431678,Active
Mine_08024,Cuddalore,Granite,9.83,8.238517,78.424443,Active
Mine_08025,Theni,Marble,66.7,12.995563,80.326975,Active
Mine_08026,Erode,Silica Sand,11.25,13.471446,76.675278,Active
Mine_08027,Tirunelveli,Marble,61.08,10.41805,76.009998,Active
Mine_08028,Tiruvannamalai,Limestone,2.85,8.831244,80.471075,Active
Mine_08029,Tiruvannamalai,Granite,34.73,10.085838,78.446832,Active
Mine_08030,Madurai,Salt,15.16,8.690363,78.200356,Active
Mine_08031,Vellore,Sandstone,115.48,13.421334,76.068608,Closed
Mine_08032,Cuddalore,Silica Sand,171.83,11.102506,78.35758,Active
Mine_08033,Virudhunagar,Silica Sand,11.16,10.81032,77.219334,Active
Mine_08034,Tuticorin,Silica Sand,32.13,11.810912,79.365761,Closed
Mine_08035,Tiruppur,Sand,12.93,9.723778,78.032875,Active
Mine_08036,Ariyalur,Silica Sand,48.21,9.940401,76.880484,Active
Mine_08037,Krishnagiri,Sandstone,39.58,11.338946,76.489335,Closed
Mine_08038,Tiruppur,Sandstone,4.02,11.170004,78.036769,Active
Mine_08039,Tuticorin,Silica Sand,5.45,13.434657,78.070709,Active
Mine_08040,Dindigul,Salt,17.67,11.93533,80.071572,Active
Mine_08041,Karur,Iron Ore,29.52,11.31954,79.814662,Active
Mine_08042,Madurai,Silica Sand,55.73,11.98845,80.488895,Active
Mine_08043,Erode,Granite,49.84,13.202921,80.352302,Active
Mine_08044,Krishnagiri,Limestone,4.72,12.566772,77.139381,Active
Mine_08045,Krishnagiri,Granite,16.96,9.706375,79.849422,Active
Mine_08046,Dharmapuri,Marble,43.68,13.414904,77.788908,Active
Mine_08047,Karur,Iron Ore,113.84,12.418883,77.893667,Active
Mine_08048,Dharmapuri,Sand,41.97,10.842539,77.693252,Active
Mine_08049,Tiruvannamalai,Iron Ore,73.04,11.994253,80.286018,Active
Mine_08050,Dharmapuri,Sand,13.75,9.805225,78.462967,Active
Mine_08051,Theni,Silica Sand,12.13,9.965108,77.325407,Active
Mine_08052,Cuddalore,Marble,80.26,12.297182,77.361319,Active
Mine_08053,Ariyalur,Sand,39.33,8.102457,76.941115,Active
Mine_08054,Dindigul,Limestone,5.38,10.245428,76.953564,Active
Mine_08055,Tiruvannamalai,Sandstone,19.58,8.755664,77.614741,Active
Mine_08056,Dindigul,Limestone,58.99,9.605705,78.448909,Active
Mine_08057,Kanyakumari,Salt,1.62,11.014925,77.564304,Active
Mine_08058,Coimbatore,Iron Ore,32.64,13.371543,78.892177,Active
Mine_08059,Kanyakumari,Granite,10.8,13.477809,77.155781,Active
Mine_08060,Madurai,Granite,5.86,9.40335,79.038031,Active
Mine_08061,Theni,Granite,96.5,12.440348,77.086843,Active
Mine_08062,Dindigul,Sand,134.64,12.393516,76.483429,Active
Mine_08063,Karur,Silica Sand,5.83,9.378756,76.897873,Active
Mine_08064,Coimbatore,Marble,5.37,9.528092,79.097853,Active
Mine_08065,Ariyalur,Iron Ore,145.76,13.181824,79.376166,Active
Mine_08066,Tiruvannamalai,Sand,38.9,10.749847,77.902105,Active
Mine_08067,Tiruvannamalai,Limestone,26.51,11.982184,79.176776,Active
Mine_08068,Theni,Sand,26.96,12.45547,77.336794,Active
Mine_08069,Ariyalur,Silica Sand,19.23,10.264339,77.579016,Active
Mine_08070,Tiruvannamalai,Iron Ore,12.74,12.862076,80.038197,Active
Mine_08071,Ariyalur,Marble,3.74,12.490456,80.018797,Active
Mine_08072,Coimbatore,Iron Ore,19.79,12.551923,79.181824,Active
Mine_08073,Coimbatore,Limestone,49.57,12.205478,79.667268,Active
Mine_08074,Tuticorin,Salt,63.15,12.948848,78.852083,Active
Mine_08075,Karur,Sandstone,10.53,8.092973,76.045759,Active
Mine_08076,Vellore,Marble,25.49,9.336818,77.002013,Active
Mine_08077,Tiruvannamalai,Limestone,8.06,11.877018,79.174328,Active
Mine_08078,Namakkal,Salt,71.53,10.877343,78.781707,Active
Mine_08079,Erode,Granite,46.92,8.557466,78.904753,Active
Mine_08080,Krishnagiri,Sandstone,83.8,8.389966,78.725642,Active
Mine_08081,Salem,Limestone,70.04,11.609524,79.417748,Active
Mine_08082,Dindigul,Silica Sand,108.51,8.457539,76.489647,Active
Mine_08083,Salem,Sand,10.42,9.861797,77.501809,Active
Mine_08084,Salem,Silica Sand,25.5,9.891031,76.480737,Active
Mine_08085,Tiruvannamalai,Granite,42.44,10.418775,76.375708,Closed
Mine_08086,Salem,Granite,20.0,11.773921,77.853139,Active
Mine_08087,Namakkal,Salt,1.39,13.357272,78.954492,Closed
Mine_08088,Ariyalur,Sand,21.11,11.152642,76.684028,Active
Mine_08089,Kanyakumari,Sand,13.84,13.097923,79.942959,Active
Mine_08090,Dindigul,Sand,28.9,9.533474,79.589037,Active
Mine_08091,Cuddalore,Granite,100.34,12.22244,78.631623,Active
Mine_08092,Dindigul,Sand,39.9,13.428447,79.806691,Active
Mine_08093,Erode,Marble,42.82,9.322805,76.715356,Active
Mine_08094,Tirunelveli,Silica Sand,19.42,9.652179,78.309403,Active
Mine_08095,Tirunelveli,Sand,53.73,11.442992,79.365921,Active
Mine_08096,Cuddalore,Marble,6.61,8.384184,79.740848,Active
Mine_08097,Perambalur,Marble,2.66,10.01757,78.684936,Active
Mine_08098,Krishnagiri,Limestone,100.68,12.174066,77.534686,Active
Mine_08099,Vellore,Salt,131.07,12.996433,78.536392,Active
Mine_08100,Vellore,Iron Ore,72.69,11.839232,78.520708,Active
Mine_08101,Erode,Silica Sand,34.54,9.242389,78.04977,Active
Mine_08102,Tiruvannamalai,Silica Sand,16.16,11.609783,80.169078,Active
Mine_08103,Ariyalur,Granite,9.29,9.384397,80.442837,Active
Mine_08104,Tiruvannamalai,Sand,10.51,12.251779,77.743495,Active
Mine_08105,Dindigul,Limestone,8.21,9.503573,78.822413,Active
Mine_08106,Perambalur,Salt,35.16,8.331199,78.036813,Active
Mine_08107,Coimbatore,Iron Ore,15.17,12.540908,77.796153,Active
Mine_08108,Namakkal,Salt,65.82,10.41173,78.929829,Active
Mine_08109,Vellore,Sandstone,52.49,12.407204,79.679419,Active
Mine_08110,Tuticorin,Sand,158.43,13.379226,78.635924,Closed
Mine_08111,Dharmapuri,Sand,9.17,12.130077,77.447464,Closed
Mine_08112,Dharmapuri,Sand,19.58,9.640072,76.597352,Closed
Mine_08113,Ariyalur,Sandstone,34.92,10.488629,78.557123,Active
Mine_08114,Karur,Sand,134.86,11.664069,79.849076,Active
Mine_08115,Dindigul,Sand,33.52,8.373668,79.834878,Active
Mine_08116,Krishnagiri,Granite,12.83,12.965433,79.784082,Active
Mine_08117,Karur,Salt,11.34,8.133397,77.947465,Active
Mine_08118,Kanyakumari,Silica Sand,10.43,11.579517,79.352436,Active
Mine_08119,Perambalur,Silica Sand,35.9,8.528113,79.642953,Active
Mine_08120,Coimbatore,Salt,29.51,12.025267,80.374427,Active
Mine_08121,Dindigul,Sandstone,4.67,8.152344,78.719424,Active
Mine_08122,Madurai,Iron Ore,149.66,11.592314,79.850932,Active
Mine_08123,Coimbatore,Sand,105.12,12.765856,76.204042,Active
Mine_08124,Kanyakumari,Iron Ore,146.74,12.531199,77.980604,Active
Mine_08125,Virudhunagar,Sandstone,1.0,8.677564,76.337038,Active
Mine_08126,Tuticorin,Silica Sand,8.44,10.826809,76.463855,Active
Mine_08127,Virudhunagar,Limestone,19.54,13.008263,76.835653,Active
Mine_08128,Tiruvannamalai,Sandstone,3.53,8.942211,79.882882,Active
Mine_08129,Krishnagiri,Limestone,40.24,12.504666,78.977279,Active
Mine_08130,Dharmapuri,Sandstone,13.2,11.042119,78.183565,Closed
Mine_08131,Perambalur,Salt,171.85,10.800294,76.413773,Closed
Mine_08132,Cuddalore,Silica Sand,30.6,13.282037,77.180879,Active
Mine_08133,Kanyakumari,Sandstone,58.51,8.158055,77.302555,Active
Mine_08134,Dindigul,Granite,28.01,9.130208,79.376849,Active
Mine_08135,Coimbatore,Salt,35.3,13.134416,76.232364,Active
Mine_08136,Vellore,Iron Ore,39.97,11.581404,76.928419,Active
Mine_08137,Kanyakumari,Sandstone,218.8,9.518948,77.245997,Active
Mine_08138,Salem,Sandstone,68.71,11.588909,79.785361,Active
Mine_08139,Dharmapuri,Sand,5.7,12.957824,79.172559,Active
Mine_08140,Karur,Salt,132.24,12.873974,77.558553,Active
Mine_08141,Tiruppur,Granite,34.54,12.592396,80.456209,Active
Mine_08142,Ariyalur,Sand,112.35,13.119451,79.232348,Active
Mine_08143,Krishnagiri,Limestone,7.23,9.945053,77.187946,Active
Mine_08144,Theni,Sand,2.32,13.365974,77.91305,Active
Mine_08145,Vellore,Silica Sand,46.61,10.74051,79.784598,Active
Mine_08146,Kanyakumari,Iron Ore,24.59,10.306167,78.541897,Active
Mine_08147,Tiruppur,Limestone,10.72,9.612021,78.468617,Active
Mine_08148,Madurai,Limestone,8.93,9.692063,77.461789,Active
Mine_08149,Dindigul,Sand,28.83,10.567664,76.315565,Active
Mine_08150,Krishnagiri,Sand,29.83,13.43091,78.663046,Active
Mine_08151,Perambalur,Salt,100.22,10.039028,76.657637,Active
Mine_08152,Cuddalore,Silica Sand,22.43,12.792686,79.846273,Active
Mine_08153,Tiruppur,Salt,6.28,10.19525,76.593719,Active
Mine_08154,Dharmapuri,Silica Sand,82.4,11.679553,76.544882,Active
Mine_08155,Krishnagiri,Limestone,73.73,8.997016,77.005762,Active
Mine_08156,Tiruvannamalai,Marble,85.27,8.622795,79.087319,Active
Mine_08157,Tirunelveli,Silica Sand,23.22,13.19864,79.876494,Active
Mine_08158,Coimbatore,Marble,38.9,13.235651,80.381461,Active
Mine_08159,Dindigul,Sandstone,28.07,8.977337,80.06772,Active
Mine_08160,Dindigul,Iron Ore,6.71,10.823171,79.967584,Active
Mine_08161,Theni,Silica Sand,14.08,13.368138,76.23782,Active
Mine_08162,Salem,Sandstone,10.21,12.678534,76.292847,Active
Mine_08163,Dharmapuri,Granite,84.16,11.884613,76.330183,Active
Mine_08164,Ariyalur,Salt,42.25,12.851184,79.965231,Active
Mine_08165,Erode,Sandstone,11.91,12.212679,80.182437,Active
Mine_08166,Karur,Granite,69.25,10.126314,77.244022,Active
Mine_08167,Namakkal,Granite,151.03,9.823324,80.336606,Closed
Mine_08168,Tiruppur,Limestone,13.1,9.823183,77.280979,Active
Mine_08169,Ariyalur,Marble,25.53,11.034749,76.704248,Active
Mine_08170,Tiruvannamalai,Limestone,100.02,9.812538,79.882955,Active
Mine_08171,Virudhunagar,Granite,39.81,11.519635,80.322697,Active
Mine_08172,Dharmapuri,Limestone,9.78,13.442691,79.07698,Active
Mine_08173,Krishnagiri,Sandstone,39.53,11.205625,77.921949,Active
Mine_08174,Madurai,Limestone,53.55,8.195027,79.290085,Active
Mine_08175,Virudhunagar,Granite,7.35,10.064375,76.21783,Active
Mine_08176,Tuticorin,Limestone,10.91,12.052511,80.072318,Active
Mine_08177,Tiruppur,Salt,27.25,8.806782,78.857661,Active
Mine_08178,Kanyakumari,Silica Sand,34.22,9.091028,79.989275,Active
Mine_08179,Perambalur,Salt,5.0,12.467775,78.538742,Active
Mine_08180,Coimbatore,Marble,53.83,8.327986,77.249613,Active
Mine_08181,Tiruvannamalai,Limestone,41.45,12.899703,79.302424,Active
Mine_08182,Kanyakumari,Granite,14.16,11.011716,78.060728,Active
Mine_08183,Tiruvannamalai,Salt,29.19,8.693994,78.671091,Active
Mine_08184,Karur,Silica Sand,34.84,8.191681,78.31917,Active
Mine_08185,Cuddalore,Sand,11.31,13.474139,79.007338,Active
Mine_08186,Krishnagiri,Marble,55.52,10.206601,76.556602,Active
Mine_08187,Tuticorin,Salt,3.16,8.898928,78.785168,Active
Mine_08188,Tirunelveli,Granite,63.66,9.475645,80.238193,Active
Mine_08189,Karur,Granite,29.83,12.245963,76.231393,Active
Mine_08190,Namakkal,Silica Sand,7.66,12.815153,76.639955,Active
Mine_08191,Kanyakumari,Iron Ore,6.39,8.701504,79.116291,Active
Mine_08192,Tirunelveli,Iron Ore,39.3,10.084367,79.599286,Active
Mine_08193,Tiruvannamalai,Silica Sand,31.54,9.951491,77.951795,Closed
Mine_08194,Tuticorin,Silica Sand,13.94,11.384411,79.45998,Active
Mine_08195,Theni,Sandstone,2.43,13.081978,79.811035,Active
Mine_08196,Madurai,Marble,15.03,12.01732,78.325113,Active
Mine_08197,Perambalur,Silica Sand,134.58,12.605749,79.570246,Active
Mine_08198,Tiruppur,Sand,34.06,12.654228,80.205828,Active
Mine_08199,Kanyakumari,Sand,51.48,9.245157,77.833609,Active
Mine_08200,Cuddalore,Iron Ore,79.74,12.826439,79.0154,Active
Mine_08201,Tuticorin,Marble,39.32,10.270906,80.139112,Active
Mine_08202,Krishnagiri,Granite,93.4,10.165968,79.868376,Active
Mine_08203,Namakkal,Limestone,6.59,12.249361,76.9213,Active
Mine_08204,Ariyalur,Iron Ore,18.93,10.294793,79.289592,Active
Mine_08205,Erode,Sandstone,4.5,10.619716,80.255242,Active
Mine_08206,Kanyakumari,Sandstone,26.57,13.117162,78.190558,Active
Mine_08207,Namakkal,Salt,110.51,8.269816,76.69028,Active
Mine_08208,Krishnagiri,Iron Ore,14.39,9.2612,78.469111,Active
Mine_08209,Madurai,Marble,113.8,8.856106,77.748058,Active
Mine_08210,Tuticorin,Marble,7.63,11.21217,78.449126,Active
Mine_08211,Perambalur,Silica Sand,147.23,10.068713,77.034135,Active
Mine_08212,Dharmapuri,Limestone,1.39,8.104393,78.03205,Active
Mine_08213,Tiruppur,Silica Sand,57.74,8.708051,78.401685,Active
Mine_08214,Vellore,Sand,65.21,8.363502,76.866721,Active
Mine_08215,Tuticorin,Iron Ore,49.03,9.527798,76.834235,Active
Mine_08216,Vellore,Iron Ore,72.6,10.396459,78.05366,Active
Mine_08217,Tuticorin,Salt,62.48,10.512319,78.389795,Active
Mine_08218,Namakkal,Sandstone,63.15,11.041064,80.070826,Active
Mine_08219,Tiruppur,Silica Sand,26.09,10.297442,76.510044,Active
Mine_08220,Tiruvannamalai,Marble,41.13,10.488342,79.427936,Closed
Mine_08221,Dharmapuri,Iron Ore,43.22,10.486302,77.136694,Active
Mine_08222,Tiruvannamalai,Iron Ore,5.33,11.467605,78.584453,Active
Mine_08223,Tiruvannamalai,Sand,3.21,12.151953,76.355685,Active
Mine_08224,Tiruppur,Iron Ore,21.55,12.765676,76.837591,Active
Mine_08225,Salem,Limestone,19.22,13.427033,76.724623,Active
Mine_08226,Tirunelveli,Limestone,1.0,13.196896,80.369911,Active
Mine_08227,Tirunelveli,Limestone,9.96,10.151956,78.763862,Active
Mine_08228,Kanyakumari,Marble,63.5,9.151661,77.822239,Active
Mine_08229,Kanyakumari,Limestone,17.01,8.196133,77.495647,Active
Mine_08230,Karur,Sand,1.0,11.16473,77.35687,Active
Mine_08231,Tirunelveli,Granite,35.12,8.941426,79.89361,Active
Mine_08232,Namakkal,Granite,29.49,12.690116,76.46544,Active
Mine_08233,Tiruppur,Sand,3.45,8.602405,80.008595,Active
Mine_08234,Kanyakumari,Sand,32.53,9.143957,77.058067,Active
Mine_08235,Madurai,Marble,1.0,10.414413,76.39092,Active
Mine_08236,Salem,Marble,1.15,10.535358,78.567635,Active
Mine_08237,Dharmapuri,Granite,18.55,12.121406,78.605571,Active
Mine_08238,Krishnagiri,Marble,6.15,8.928905,77.000674,Active
Mine_08239,Dharmapuri,Silica Sand,15.87,13.241295,76.532356,Active
Mine_08240,Tiruvannamalai,Salt,17.06,9.644338,77.508835,Active
Mine_08241,Tiruvannamalai,Salt,1.74,8.97437,79.674809,Active
Mine_08242,Coimbatore,Sand,10.54,12.68864,76.409504,Active
Mine_08243,Tuticorin,Marble,29.63,11.365467,76.009533,Active
Mine_08244,Tiruvannamalai,Sandstone,69.74,9.595894,76.729957,Active
Mine_08245,Coimbatore,Limestone,78.09,10.640712,80.09414,Active
Mine_08246,Vellore,Sandstone,25.25,10.911409,79.668214,Active
Mine_08247,Salem,Silica Sand,30.08,8.71842,77.035493,Active
Mine_08248,Erode,Silica Sand,127.78,12.507779,78.689217,Active
Mine_08249,Salem,Marble,27.12,13.235695,80.070222,Active
Mine_08250,Madurai,Granite,208.96,13.21463,76.369957,Active
Mine_08251,Tiruvannamalai,Marble,52.15,12.046831,76.00042,Active
Mine_08252,Krishnagiri,Salt,9.97,8.03236,77.735656,Active
Mine_08253,Ariyalur,Salt,44.08,12.096767,77.182373,Closed
Mine_08254,Salem,Salt,31.99,11.146794,79.4338,Active
Mine_08255,Dharmapuri,Salt,54.45,13.007416,79.988198,Active
Mine_08256,Tuticorin,Granite,44.69,12.505098,78.284799,Active
Mine_08257,Dharmapuri,Granite,50.95,11.430894,79.390713,Active
Mine_08258,Dharmapuri,Silica Sand,4.9,10.646941,76.925762,Active
Mine_08259,Erode,Silica Sand,33.46,8.009724,77.141403,Active
Mine_08260,Cuddalore,Sandstone,1.0,10.08544,78.901515,Active
Mine_08261,Tiruppur,Iron Ore,105.75,9.358451,80.011868,Active
Mine_08262,Coimbatore,Granite,20.84,11.197421,78.240383,Active
Mine_08263,Dharmapuri,Silica Sand,1.0,11.758516,79.840731,Active
Mine_08264,Dindigul,Marble,2.72,10.118586,76.624872,Active
Mine_08265,Virudhunagar,Granite,31.75,10.45524,77.466218,Active
Mine_08266,Ariyalur,Sandstone,16.3,11.78868,77.259857,Active
Mine_08267,Kanyakumari,Limestone,52.22,10.301198,79.364017,Closed
Mine_08268,Ariyalur,Salt,103.75,10.688489,79.697577,Active
Mine_08269,Virudhunagar,Iron Ore,65.11,8.502273,79.937402,Active
Mine_08270,Erode,Silica Sand,90.35,10.091441,79.855746,Closed
Mine_08271,Dharmapuri,Limestone,70.77,12.993559,76.380462,Active
Mine_08272,Kanyakumari,Silica Sand,1.05,10.97987,79.585371,Active
Mine_08273,Tiruvannamalai,Salt,63.37,13.4607,78.380103,Active
Mine_08274,Vellore,Iron Ore,20.41,11.056255,77.705885,Closed
Mine_08275,Kanyakumari,Silica Sand,61.26,13.41904,76.295832,Active
Mine_08276,Tiruvannamalai,Marble,8.8,11.813537,76.198595,Active
Mine_08277,Madurai,Sandstone,32.33,10.541449,80.119672,Active
Mine_08278,Dindigul,Granite,17.51,13.123689,79.264004,Active
Mine_08279,Erode,Sand,31.23,8.85223,80.492611,Active
Mine_08280,Cuddalore,Sandstone,30.23,10.16453,78.870902,Active
Mine_08281,Kanyakumari,Granite,21.4,10.547068,76.522692,Active
Mine_08282,Tiruvannamalai,Salt,25.03,12.711416,76.867534,Active
Mine_08283,Cuddalore,Sandstone,84.58,12.160808,79.860178,Active
Mine_08284,Madurai,Salt,1.0,8.237513,79.286596,Active
Mine_08285,Tuticorin,Salt,38.98,12.078301,78.514979,Active
Mine_08286,Tiruvannamalai,Sandstone,77.01,9.32442,80.080562,Closed
Mine_08287,Krishnagiri,Silica Sand,83.09,11.428954,79.627883,Active
Mine_08288,Coimbatore,Silica Sand,105.28,8.658636,78.44605,Closed
Mine_08289,Perambalur,Granite,2.18,13.201029,80.49404,Closed
Mine_08290,Tiruppur,Granite,40.44,12.097968,78.106076,Active
Mine_08291,Perambalur,Granite,49.91,10.006901,77.569651,Active
Mine_08292,Cuddalore,Salt,22.36,8.881889,78.242615,Active
Mine_08293,Dharmapuri,Limestone,12.4,12.902248,78.818938,Active
Mine_08294,Kanyakumari,Sand,4.61,12.720933,78.331007,Active
Mine_08295,Tirunelveli,Iron Ore,11.31,11.524667,76.69656,Active
Mine_08296,Perambalur,Salt,35.04,10.097343,77.470285,Active
Mine_08297,Karur,Sand,46.98,10.155442,77.69811,Active
Mine_08298,Krishnagiri,Iron Ore,48.46,13.120749,78.126654,Closed
Mine_08299,Theni,Sand,2.71,12.996718,79.004727,Active
Mine_08300,Madurai,Sandstone,22.83,11.654185,78.667612,Closed
Mine_08301,Vellore,Silica Sand,11.9,11.078229,79.820777,Active
Mine_08302,Madurai,Salt,11.47,10.477097,76.954954,Active
Mine_08303,Tiruppur,Iron Ore,1.49,12.209588,76.089973,Active
Mine_08304,Tiruppur,Granite,57.29,12.185659,77.87855,Active
Mine_08305,Erode,Granite,28.61,9.831822,77.056932,Active
Mine_08306,Ariyalur,Limestone,63.56,10.33744,77.762382,Active
Mine_08307,Tiruvannamalai,Sand,76.47,8.997744,77.235304,Active
Mine_08308,Madurai,Sand,95.74,11.636482,77.977493,Active
Mine_08309,Tiruppur,Granite,15.35,11.613748,78.018768,Active
Mine_08310,Erode,Salt,30.58,9.90097,76.32735,Active
Mine_08311,Coimbatore,Limestone,37.8,8.405976,78.173996,Active
Mine_08312,Cuddalore,Sand,1.01,11.719553,76.280518,Closed
Mine_08313,Salem,Iron Ore,15.95,12.572145,79.853068,Active
Mine_08314,Cuddalore,Silica Sand,9.79,10.378826,77.236755,Active
Mine_08315,Namakkal,Iron Ore,4.97,11.38819,76.753669,Active
Mine_08316,Virudhunagar,Iron Ore,17.89,9.343715,80.241616,Active
Mine_08317,Tirunelveli,Limestone,5.0,12.612028,79.544683,Active
Mine_08318,Perambalur,Marble,62.8,10.168567,79.100466,Active
Mine_08319,Tirunelveli,Limestone,69.96,12.104007,79.133433,Active
Mine_08320,Tuticorin,Iron Ore,5.9,8.56072,80.297554,Active
Mine_08321,Krishnagiri,Salt,30.68,10.191719,76.901213,Active
Mine_08322,Kanyakumari,Iron Ore,92.2,9.12757,76.04289,Active
Mine_08323,Madurai,Sandstone,3.06,9.953823,77.126425,Active
Mine_08324,Theni,Marble,255.87,12.691541,76.760017,Active
Mine_08325,Namakkal,Granite,40.9,9.191821,79.958433,Active
Mine_08326,Madurai,Salt,33.82,10.807041,78.12155,Active
Mine_08327,Virudhunagar,Limestone,35.28,12.034631,80.13044,Active
Mine_08328,Ariyalur,Sandstone,64.87,9.328095,80.115722,Active
Mine_08329,Tiruppur,Marble,28.76,10.834822,77.683025,Active
Mine_08330,Cuddalore,Sand,16.57,12.810846,78.944567,Active
Mine_08331,Cuddalore,Iron Ore,55.08,10.490553,78.045208,Closed
Mine_08332,Dindigul,Iron Ore,3.95,10.962088,79.981843,Active
Mine_08333,Vellore,Salt,13.23,9.404313,77.786157,Active
Mine_08334,Cuddalore,Sandstone,32.45,12.945806,77.327951,Active
Mine_08335,Tiruppur,Iron Ore,4.25,8.302717,77.524035,Active
Mine_08336,Krishnagiri,Limestone,53.52,12.865005,78.651641,Active
Mine_08337,Dindigul,Marble,35.0,11.399136,77.768264,Active
Mine_08338,Vellore,Granite,72.68,11.412149,77.424416,Active
Mine_08339,Virudhunagar,Marble,36.31,10.213015,76.674482,Active
Mine_08340,Dharmapuri,Silica Sand,4.76,12.531055,78.243622,Active
Mine_08341,Vellore,Limestone,1.0,11.007135,78.156179,Active
Mine_08342,Tiruvannamalai,Salt,105.3,8.370185,76.212781,Active
Mine_08343,Tiruppur,Sandstone,58.62,11.720738,79.493562,Closed
Mine_08344,Dindigul,Iron Ore,15.29,11.327863,78.73699,Active
Mine_08345,Namakkal,Salt,46.85,9.702906,76.339647,Active
Mine_08346,Salem,Silica Sand,39.98,8.377019,79.981373,Active
Mine_08347,Tirunelveli,Granite,43.86,9.088547,77.073967,Active
Mine_08348,Madurai,Marble,147.05,9.369395,76.46058,Closed
Mine_08349,Salem,Salt,57.37,10.90391,78.297641,Active
Mine_08350,Tiruvannamalai,Marble,45.22,10.686858,79.690662,Active
Mine_08351,Karur,Sandstone,32.21,13.111155,79.100658,Closed
Mine_08352,Ariyalur,Limestone,3.8,12.41233,79.620109,Active
Mine_08353,Virudhunagar,Sandstone,98.56,8.970742,78.774421,Active
Mine_08354,Tiruvannamalai,Iron Ore,5.35,9.848935,76.337498,Active
Mine_08355,Cuddalore,Limestone,19.03,11.380943,78.56089,Active
Mine_08356,Erode,Silica Sand,6.04,10.687122,80.140442,Active
Mine_08357,Dindigul,Sand,65.33,10.142945,79.190325,Active
Mine_08358,Dindigul,Marble,78.72,10.517611,76.073619,Active
Mine_08359,Coimbatore,Limestone,32.1,9.168284,78.170251,Active
Mine_08360,Namakkal,Sand,69.65,12.190448,76.814832,Closed
Mine_08361,Perambalur,Salt,27.14,8.166235,78.668542,Active
Mine_08362,Madurai,Salt,1.0,9.767882,79.458997,Active
Mine_08363,Madurai,Sand,74.75,9.194696,78.446378,Active
Mine_08364,Virudhunagar,Sand,11.78,10.717551,78.362623,Active
Mine_08365,Dindigul,Silica Sand,13.89,11.880786,77.79701,Active
Mine_08366,Madurai,Silica Sand,6.48,8.817488,79.682646,Closed
Mine_08367,Dindigul,Sand,38.96,8.324713,77.066328,Active
Mine_08368,Vellore,Sandstone,81.59,13.001329,77.392465,Active
Mine_08369,Ariyalur,Marble,20.06,12.545235,79.836985,Active
Mine_08370,Tiruppur,Iron Ore,70.51,10.509608,77.657779,Active
Mine_08371,Tuticorin,Silica Sand,23.2,8.705825,76.769516,Closed
Mine_08372,Perambalur,Granite,56.32,8.331125,76.67331,Active
Mine_08373,Theni,Silica Sand,75.92,9.212089,76.431027,Active
Mine_08374,Karur,Silica Sand,6.87,11.067442,79.925671,Active
Mine_08375,Salem,Iron Ore,12.79,11.587443,76.801038,Active
Mine_08376,Tiruppur,Silica Sand,32.93,8.638372,80.446989,Active
Mine_08377,Krishnagiri,Granite,216.77,12.751275,78.053655,Active
Mine_08378,Theni,Sandstone,1.0,9.477728,79.021822,Active
Mine_08379,Coimbatore,Limestone,11.78,12.344373,76.692144,Active
Mine_08380,Theni,Silica Sand,32.54,9.589689,77.78272,Active
Mine_08381,Tirunelveli,Sand,47.2,10.711217,77.388462,Active
Mine_08382,Tiruvannamalai,Sandstone,53.96,8.881868,78.989226,Active
Mine_08383,Tirunelveli,Iron Ore,30.31,9.590613,78.977179,Active
Mine_08384,Perambalur,Limestone,49.79,11.094591,76.77555,Closed
Mine_08385,Karur,Iron Ore,89.18,11.952709,76.770064,Active
Mine_08386,Vellore,Limestone,22.18,9.369571,77.901594,Active
Mine_08387,Karur,Limestone,2.97,9.942828,78.506179,Active
Mine_08388,Tiruvannamalai,Iron Ore,1.0,12.538865,78.87154,Active
Mine_08389,Dindigul,Granite,36.86,9.567523,76.620283,Active
Mine_08390,Tiruvannamalai,Limestone,1.0,8.834977,79.973851,Active
Mine_08391,Karur,Salt,56.01,11.103307,76.938015,Active
Mine_08392,Madurai,Iron Ore,7.61,10.359624,76.877128,Active
Mine_08393,Ariyalur,Sandstone,17.85,11.613744,80.21163,Active
Mine_08394,Karur,Silica Sand,7.99,9.7939,77.182101,Active
Mine_08395,Tiruvannamalai,Limestone,23.98,11.930346,78.791376,Active
Mine_08396,Karur,Granite,30.72,13.046517,80.417625,Active
Mine_08397,Tiruppur,Marble,105.3,8.97962,79.134232,Active
Mine_08398,Theni,Iron Ore,3.13,10.64408,77.075361,Active
Mine_08399,Erode,Sandstone,50.69,8.902493,79.229001,Active
Mine_08400,Coimbatore,Limestone,20.97,12.660949,76.458416,Active
Mine_08401,Krishnagiri,Sandstone,91.64,9.95909,79.17137,Active
Mine_08402,Cuddalore,Sandstone,6.89,8.510021,79.157121,Active
Mine_08403,Madurai,Salt,14.75,8.782905,76.417065,Active
Mine_08404,Karur,Limestone,12.05,11.039955,78.524069,Active
Mine_08405,Tiruvannamalai,Iron Ore,17.85,12.570715,79.352455,Active
Mine_08406,Theni,Salt,33.49,8.434486,78.962227,Active
Mine_08407,Tiruvannamalai,Limestone,36.29,11.338343,78.150902,Active
Mine_08408,Dindigul,Sandstone,20.42,8.307036,79.230915,Active
Mine_08409,Tirunelveli,Salt,24.96,12.556208,76.847478,Closed
Mine_08410,Madurai,Marble,11.88,12.58471,77.158002,Closed
Mine_08411,Dindigul,Silica Sand,60.28,12.63987,79.891909,Active
Mine_08412,Theni,Sandstone,55.61,11.131625,80.343779,Active
Mine_08413,Ariyalur,Silica Sand,35.6,9.944083,77.542032,Active
Mine_08414,Erode,Limestone,19.1,12.901873,80.028486,Active
Mine_08415,Perambalur,Silica Sand,21.48,13.148003,79.295104,Active
Mine_08416,Ariyalur,Marble,15.18,12.518795,78.953215,Active
Mine_08417,Dharmapuri,Limestone,20.24,12.453021,76.970612,Active
Mine_08418,Madurai,Sand,19.36,13.391133,78.053132,Active
Mine_08419,Ariyalur,Limestone,60.79,9.380825,78.256904,Active
Mine_08420,Tiruppur,Sandstone,17.25,11.202143,77.703407,Active
Mine_08421,Tiruppur,Marble,21.02,13.039638,77.528882,Active
Mine_08422,Theni,Silica Sand,51.13,11.249722,80.282807,Active
Mine_08423,Perambalur,Silica Sand,101.28,12.820748,80.356399,Active
Mine_08424,Tirunelveli,Limestone,37.86,10.706241,79.752192,Active
Mine_08425,Karur,Salt,89.74,13.108093,78.003793,Active
Mine_08426,Namakkal,Iron Ore,3.91,13.159883,80.42734,Active
Mine_08427,Erode,Silica Sand,15.64,12.764471,80.051361,Active
Mine_08428,Dharmapuri,Marble,48.65,9.008506,76.99036,Active
Mine_08429,Kanyakumari,Salt,149.71,12.311421,78.512366,Active
Mine_08430,Dharmapuri,Sandstone,25.47,9.224667,78.327009,Closed
Mine_08431,Erode,Sandstone,38.45,11.81691,76.96268,Active
Mine_08432,Cuddalore,Iron Ore,77.02,11.931145,79.718199,Active
Mine_08433,Namakkal,Salt,76.03,10.127148,76.808751,Active
Mine_08434,Theni,Sandstone,49.36,13.479243,79.130182,Active
Mine_08435,Krishnagiri,Sandstone,29.71,13.045649,79.105675,Active
Mine_08436,Madurai,Silica Sand,23.44,10.79624,79.250552,Active
Mine_08437,Coimbatore,Silica Sand,3.69,12.702922,80.241085,Active
Mine_08438,Virudhunagar,Iron Ore,115.12,9.201906,77.029748,Active
Mine_08439,Ariyalur,Granite,134.18,8.177388,78.682504,Active
Mine_08440,Tirunelveli,Iron Ore,1.0,9.443302,76.480078,Active
Mine_08441,Namakkal,Limestone,3.95,12.233251,77.864134,Active
Mine_08442,Erode,Limestone,195.08,12.421054,76.963683,Active
Mine_08443,Cuddalore,Sand,23.71,8.88587,79.599042,Closed
Mine_08444,Salem,Sandstone,19.2,12.09159,79.908399,Active
Mine_08445,Perambalur,Sand,1.02,10.504532,76.600248,Active
Mine_08446,Theni,Sand,1.0,11.675216,79.565574,Closed
Mine_08447,Namakkal,Marble,7.64,8.519196,76.384544,Active
Mine_08448,Namakkal,Silica Sand,17.9,8.643771,79.233034,Active
Mine_08449,Madurai,Sandstone,103.27,9.699064,78.946285,Active
Mine_08450,Dharmapuri,Limestone,133.38,12.875797,76.996063,Active
Mine_08451,Madurai,Silica Sand,76.49,12.010748,77.584237,Active
Mine_08452,Tirunelveli,Silica Sand,15.29,9.538272,80.225802,Active
Mine_08453,Theni,Silica Sand,11.73,9.163894,77.100217,Active
Mine_08454,Virudhunagar,Marble,1.68,8.063331,78.781327,Active
Mine_08455,Salem,Granite,7.18,9.254726,76.586458,Closed
Mine_08456,Salem,Granite,12.26,10.980187,77.851564,Closed
Mine_08457,Tiruvannamalai,Sand,32.74,9.976516,79.827535,Active
Mine_08458,Namakkal,Silica Sand,42.88,11.959632,80.013637,Active
Mine_08459,Virudhunagar,Iron Ore,3.89,12.16773,78.433344,Active
Mine_08460,Kanyakumari,Sand,6.58,10.626526,76.2602,Active
Mine_08461,Dharmapuri,Silica Sand,18.46,13.327022,80.232693,Active
Mine_08462,Tirunelveli,Salt,52.16,13.199602,78.568916,Active
Mine_08463,Namakkal,Limestone,84.78,11.867795,77.320988,Active
Mine_08464,Vellore,Granite,26.37,11.678305,76.502648,Active
Mine_08465,Namakkal,Granite,105.18,12.394006,80.208143,Closed
Mine_08466,Tiruvannamalai,Sand,39.42,12.999109,77.196409,Active
Mine_08467,Tirunelveli,Sand,19.39,12.342816,79.073912,Active
Mine_08468,Tirunelveli,Silica Sand,24.85,9.741246,79.095069,Closed
Mine_08469,Erode,Granite,45.62,12.785359,77.480731,Active
Mine_08470,Tiruppur,Sandstone,8.64,9.19707,79.455959,Active
Mine_08471,Tuticorin,Limestone,42.28,12.256216,79.527461,Active
Mine_08472,Madurai,Sand,31.36,9.595933,79.487939,Active
Mine_08473,Theni,Granite,151.98,9.671247,77.78592,Active
Mine_08474,Theni,Granite,78.16,9.045318,77.579028,Active
Mine_08475,Madurai,Salt,70.87,10.449929,76.54854,Active
Mine_08476,Cuddalore,Marble,16.04,13.121846,78.777162,Active
Mine_08477,Madurai,Sand,24.44,12.981961,78.061098,Active
Mine_08478,Namakkal,Iron Ore,36.79,10.971957,76.258331,Active
Mine_08479,Namakkal,Sand,48.41,9.99446,79.465568,Active
Mine_08480,Cuddalore,Marble,12.02,10.023905,76.142578,Active
Mine_08481,Dharmapuri,Granite,5.48,10.779106,76.77924,Active
Mine_08482,Perambalur,Salt,118.11,11.435812,77.673506,Active
Mine_08483,Vellore,Granite,6.17,8.405375,80.205867,Closed
Mine_08484,Theni,Sandstone,16.64,10.000175,76.014982,Active
Mine_08485,Cuddalore,Silica Sand,48.57,10.955025,78.576646,Active
Mine_08486,Namakkal,Sandstone,42.78,10.523076,77.223519,Active
Mine_08487,Theni,Salt,124.79,10.939593,76.525325,Active
Mine_08488,Kanyakumari,Granite,1.05,8.163479,77.580172,Active
Mine_08489,Cuddalore,Iron Ore,44.06,11.301972,76.008385,Active
Mine_08490,Tirunelveli,Limestone,73.28,12.764368,77.277519,Active
Mine_08491,Theni,Salt,25.4,11.702276,77.179353,Active
Mine_08492,Kanyakumari,Marble,67.43,13.229359,77.817633,Active
Mine_08493,Dindigul,Iron Ore,4.3,9.896202,78.903014,Active
Mine_08494,Virudhunagar,Silica Sand,71.62,12.252216,77.439919,Active
Mine_08495,Salem,Silica Sand,71.2,8.880058,78.342243,Closed
Mine_08496,Dharmapuri,Silica Sand,133.42,8.699116,80.089289,Closed
Mine_08497,Erode,Limestone,10.8,9.91932,80.096354,Active
Mine_08498,Tiruppur,Silica Sand,20.23,8.82105,77.252965,Active
Mine_08499,Ariyalur,Marble,40.66,12.255167,79.425541,Active
Mine_08500,Tiruppur,Iron Ore,1.0,13.489267,79.075048,Active
Mine_08501,Virudhunagar,Sand,3.44,8.851944,77.028038,Closed
Mine_08502,Vellore,Silica Sand,2.97,11.502471,76.67201,Active
Mine_08503,Vellore,Sandstone,30.48,10.446517,78.196125,Active
Mine_08504,Tiruppur,Granite,100.14,11.92804,79.983804,Active
Mine_08505,Cuddalore,Sand,34.54,10.67324,78.419286,Active
Mine_08506,Namakkal,Sandstone,123.76,11.768184,77.162249,Closed
Mine_08507,Krishnagiri,Sand,9.58,10.493295,76.767583,Active
Mine_08508,Tirunelveli,Silica Sand,15.43,8.740328,79.64204,Active
Mine_08509,Dharmapuri,Silica Sand,4.43,12.929495,79.767221,Active
Mine_08510,Tiruvannamalai,Marble,6.1,8.59342,78.725212,Active
Mine_08511,Karur,Salt,6.03,12.568737,79.114792,Active
Mine_08512,Tiruppur,Marble,52.83,12.175512,77.305332,Active
Mine_08513,Ariyalur,Sandstone,29.92,12.53686,76.950206,Active
Mine_08514,Virudhunagar,Iron Ore,16.69,9.516379,76.682791,Active
Mine_08515,Virudhunagar,Iron Ore,5.08,9.05973,79.471218,Active
Mine_08516,Coimbatore,Sandstone,33.13,13.466363,76.309843,Active
Mine_08517,Krishnagiri,Iron Ore,37.18,12.016521,79.861239,Active
Mine_08518,Madurai,Iron Ore,6.38,8.758603,79.946405,Active
Mine_08519,Coimbatore,Salt,72.26,11.624071,77.486094,Active
Mine_08520,Coimbatore,Marble,47.64,10.506877,76.132323,Active
Mine_08521,Perambalur,Salt,28.73,10.395429,77.411557,Active
Mine_08522,Coimbatore,Marble,92.56,8.167739,78.164292,Closed
Mine_08523,Virudhunagar,Sandstone,8.93,12.298624,78.137806,Active
Mine_08524,Dindigul,Marble,8.41,11.792964,79.128309,Active
Mine_08525,Krishnagiri,Silica Sand,21.47,10.293702,80.097144,Closed
Mine_08526,Madurai,Iron Ore,50.77,11.408188,77.378845,Active
Mine_08527,Krishnagiri,Limestone,2.97,13.184393,76.82359,Active
Mine_08528,Perambalur,Granite,53.4,10.062913,79.92998,Active
Mine_08529,Ariyalur,Salt,34.64,10.748159,79.944646,Active
Mine_08530,Dindigul,Silica Sand,109.99,11.783322,78.782478,Active
Mine_08531,Tirunelveli,Salt,104.46,10.133591,78.567781,Active
Mine_08532,Vellore,Sandstone,6.79,8.944984,76.622528,Active
Mine_08533,Tiruvannamalai,Sand,53.83,8.335092,79.692002,Active
Mine_08534,Tiruvannamalai,Silica Sand,32.19,8.847122,77.292837,Active
Mine_08535,Tirunelveli,Iron Ore,62.14,13.479587,76.431538,Active
Mine_08536,Karur,Granite,18.55,13.314051,76.42307,Active
Mine_08537,Salem,Salt,9.12,8.965967,79.900338,Active
Mine_08538,Tirunelveli,Sand,96.23,10.123222,76.039225,Active
Mine_08539,Dharmapuri,Limestone,59.51,11.13662,77.580702,Active
Mine_08540,Karur,Silica Sand,9.28,13.342414,77.106259,Active
Mine_08541,Virudhunagar,Marble,24.85,10.209371,79.164669,Active
Mine_08542,Krishnagiri,Sand,25.41,11.06435,76.851175,Active
Mine_08543,Kanyakumari,Iron Ore,25.08,12.983163,77.862728,Active
Mine_08544,Cuddalore,Sandstone,9.27,12.794018,77.924384,Active
Mine_08545,Tiruppur,Iron Ore,25.33,11.150203,76.036339,Active
Mine_08546,Perambalur,Sand,9.05,8.694684,79.797111,Active
Mine_08547,Dindigul,Salt,91.68,13.4224,79.177662,Closed
Mine_08548,Kanyakumari,Granite,15.05,10.881301,79.517885,Active
Mine_08549,Coimbatore,Limestone,27.38,10.913349,76.237267,Closed
Mine_08550,Dindigul,Salt,17.26,12.213615,80.399197,Closed
Mine_08551,Tiruppur,Limestone,10.84,8.0684,78.108719,Active
Mine_08552,Dindigul,Limestone,70.23,9.391734,76.274662,Active
Mine_08553,Namakkal,Iron Ore,102.16,13.402159,76.922731,Active
Mine_08554,Kanyakumari,Sand,66.02,12.260338,80.151997,Active
Mine_08555,Dindigul,Sand,1.0,9.301243,78.745245,Active
Mine_08556,Theni,Salt,5.64,9.188067,77.168852,Active
Mine_08557,Vellore,Sand,32.15,8.115176,79.695384,Active
Mine_08558,Virudhunagar,Marble,2.72,12.481675,79.744126,Active
Mine_08559,Kanyakumari,Granite,20.04,8.401755,76.872483,Active
Mine_08560,Karur,Marble,6.71,12.877419,78.454312,Active
Mine_08561,Salem,Sandstone,9.06,11.240621,78.550146,Active
Mine_08562,Virudhunagar,Iron Ore,35.88,9.451955,79.093382,Closed
Mine_08563,Namakkal,Granite,84.94,13.466893,76.725319,Active
Mine_08564,Cuddalore,Limestone,35.66,8.956731,79.65168,Active
Mine_08565,Erode,Marble,24.32,12.968304,76.158109,Active
Mine_08566,Tiruvannamalai,Limestone,41.94,10.276942,76.070539,Active
Mine_08567,Theni,Sand,3.56,10.428896,76.731677,Active
Mine_08568,Coimbatore,Granite,43.95,9.74933,76.628797,Active
Mine_08569,Tiruvannamalai,Limestone,1.0,11.142817,77.110048,Active
Mine_08570,Salem,Limestone,22.82,9.392216,79.103207,Active
Mine_08571,Madurai,Granite,24.54,8.026446,76.968384,Active
Mine_08572,Krishnagiri,Sandstone,38.73,12.977124,76.092359,Active
Mine_08573,Salem,Sand,13.1,9.236683,79.702281,Active
Mine_08574,Madurai,Salt,4.07,8.817379,80.045174,Active
Mine_08575,Dharmapuri,Limestone,68.04,12.608354,77.290743,Closed
Mine_08576,Virudhunagar,Marble,28.46,8.292623,80.372156,Active
Mine_08577,Kanyakumari,Granite,45.35,8.855259,76.480915,Active
Mine_08578,Krishnagiri,Salt,11.58,9.491156,78.243799,Active
Mine_08579,Virudhunagar,Salt,38.29,9.270288,76.606169,Active
Mine_08580,Erode,Limestone,26.54,13.171867,79.252729,Active
Mine_08581,Vellore,Silica Sand,20.8,8.619014,77.507217,Active
Mine_08582,Coimbatore,Sand,35.14,8.997957,77.603041,Active
Mine_08583,Tuticorin,Marble,82.75,10.2977,78.386035,Active
Mine_08584,Perambalur,Limestone,15.32,9.227436,76.364713,Active
Mine_08585,Tuticorin,Salt,5.66,8.747172,78.308304,Active
Mine_08586,Madurai,Limestone,27.64,13.381302,79.303714,Closed
Mine_08587,Tiruvannamalai,Granite,5.76,11.79333,77.83182,Active
Mine_08588,Coimbatore,Iron Ore,39.39,12.763336,77.812731,Active
Mine_08589,Tiruvannamalai,Limestone,35.37,12.275627,76.908131,Active
Mine_08590,Vellore,Limestone,15.38,9.227444,77.007506,Active
Mine_08591,Virudhunagar,Marble,47.6,8.166613,79.113569,Closed
Mine_08592,Karur,Sand,63.23,11.877713,77.263613,Active
Mine_08593,Cuddalore,Sand,10.65,9.345804,78.897758,Active
Mine_08594,Cuddalore,Sandstone,86.51,9.162938,77.135865,Active
Mine_08595,Tiruppur,Iron Ore,31.0,8.057099,79.046244,Active
Mine_08596,Theni,Iron Ore,2.23,10.848736,76.189698,Active
Mine_08597,Perambalur,Marble,10.19,10.138523,76.502677,Active
Mine_08598,Coimbatore,Granite,13.2,11.111129,76.722042,Active
Mine_08599,Salem,Silica Sand,15.17,10.620327,79.762012,Active
Mine_08600,Dindigul,Silica Sand,114.17,8.316066,76.27003,Active
Mine_08601,Madurai,Iron Ore,18.0,11.387743,76.070278,Active
Mine_08602,Vellore,Limestone,3.53,11.446274,77.125238,Active
Mine_08603,Tirunelveli,Salt,30.02,11.295291,78.314827,Closed
Mine_08604,Krishnagiri,Silica Sand,6.52,10.32163,76.279732,Active
Mine_08605,Madurai,Sand,112.09,12.745905,79.386736,Active
Mine_08606,Tuticorin,Salt,41.04,12.671161,76.569777,Active
Mine_08607,Coimbatore,Salt,22.9,13.018882,78.423932,Active
Mine_08608,Tiruppur,Granite,28.79,10.398184,77.134894,Active
Mine_08609,Tiruvannamalai,Marble,94.97,9.978502,76.119238,Active
Mine_08610,Karur,Silica Sand,5.5,12.063255,76.822662,Active
Mine_08611,Ariyalur,Limestone,4.45,9.996693,77.187852,Active
Mine_08612,Kanyakumari,Sand,57.5,8.5859,77.221309,Active
Mine_08613,Ariyalur,Granite,43.18,13.08463,78.77937,Active
Mine_08614,Perambalur,Salt,10.05,11.195302,77.390755,Active
Mine_08615,Karur,Salt,35.22,12.369926,79.941501,Active
Mine_08616,Tirunelveli,Silica Sand,46.5,12.291976,77.139937,Active
Mine_08617,Madurai,Sand,18.97,13.398505,77.352141,Active
Mine_08618,Karur,Sandstone,85.05,12.831135,77.775299,Active
Mine_08619,Tiruvannamalai,Sandstone,104.3,9.284798,78.246393,Active
Mine_08620,Karur,Iron Ore,20.51,9.15747,79.344555,Active
Mine_08621,Cuddalore,Sandstone,42.57,8.092549,80.349931,Active
Mine_08622,Tiruppur,Granite,95.99,11.650949,78.156945,Active
Mine_08623,Ariyalur,Sand,7.47,12.507453,78.206824,Active
Mine_08624,Cuddalore,Granite,204.74,11.212111,77.80726,Active
Mine_08625,Salem,Granite,115.7,10.340706,78.637857,Active
Mine_08626,Dindigul,Sand,19.19,10.065466,79.216229,Active
Mine_08627,Dindigul,Marble,88.02,9.848402,76.609035,Active
Mine_08628,Namakkal,Silica Sand,30.54,11.487911,77.834843,Active
Mine_08629,Virudhunagar,Salt,14.69,12.871214,76.613358,Active
Mine_08630,Kanyakumari,Silica Sand,9.38,8.816406,78.408257,Closed
Mine_08631,Kanyakumari,Salt,24.13,11.522266,77.277716,Active
Mine_08632,Virudhunagar,Sandstone,31.64,13.184053,76.191087,Active
Mine_08633,Tiruppur,Sandstone,57.71,13.054236,79.144749,Closed
Mine_08634,Tirunelveli,Limestone,105.98,10.692905,77.78429,Active
Mine_08635,Madurai,Sandstone,14.8,11.508319,76.450553,Active
Mine_08636,Krishnagiri,Salt,39.07,9.028509,76.148881,Active
Mine_08637,Krishnagiri,Sandstone,1.0,9.778373,77.001039,Active
Mine_08638,Salem,Granite,50.66,9.688871,77.53366,Active
Mine_08639,Salem,Sand,16.13,12.068637,79.173917,Active
Mine_08640,Namakkal,Granite,1.0,10.031423,76.36931,Active
Mine_08641,Cuddalore,Sandstone,17.01,12.377661,79.997856,Active
Mine_08642,Perambalur,Sandstone,3.51,10.044411,77.910052,Active
Mine_08643,Madurai,Limestone,60.93,11.125114,78.693181,Active
Mine_08644,Cuddalore,Sandstone,51.12,12.667766,77.854001,Active
Mine_08645,Cuddalore,Sand,23.93,9.148893,79.419491,Active
Mine_08646,Ariyalur,Sand,1.51,11.423191,76.911951,Active
Mine_08647,Tirunelveli,Sand,23.82,9.2509,79.825496,Active
Mine_08648,Dindigul,Sand,29.1,13.124105,77.758144,Active
Mine_08649,Coimbatore,Sandstone,40.41,8.565561,76.408477,Active
Mine_08650,Salem,Sandstone,44.25,8.867203,78.03987,Active
Mine_08651,Krishnagiri,Silica Sand,5.93,10.965551,80.101082,Active
Mine_08652,Erode,Granite,29.27,11.462279,76.339465,Active
Mine_08653,Salem,Limestone,113.32,11.125376,77.162216,Active
Mine_08654,Virudhunagar,Iron Ore,1.0,13.405303,78.780608,Active
Mine_08655,Theni,Iron Ore,43.34,11.601314,76.02968,Closed
Mine_08656,Virudhunagar,Limestone,42.47,9.252803,79.818139,Active
Mine_08657,Virudhunagar,Salt,9.28,9.861898,76.284212,Active
Mine_08658,Tirunelveli,Granite,40.13,12.203841,79.008928,Closed
Mine_08659,Vellore,Limestone,72.39,12.454491,76.364759,Active
Mine_08660,Cuddalore,Sand,13.97,10.638352,77.22071,Active
Mine_08661,Tuticorin,Silica Sand,124.23,9.79023,77.504762,Active
Mine_08662,Virudhunagar,Sandstone,42.98,12.405972,76.75994,Active
Mine_08663,Karur,Iron Ore,5.41,9.335159,79.194117,Active
Mine_08664,Tiruvannamalai,Sandstone,21.56,10.825137,79.205466,Active
Mine_08665,Ariyalur,Silica Sand,10.81,11.393285,76.084007,Active
Mine_08666,Tiruvannamalai,Salt,7.93,8.628157,80.366058,Active
Mine_08667,Coimbatore,Iron Ore,9.36,9.837216,77.940512,Active
Mine_08668,Tuticorin,Silica Sand,51.04,13.1111,77.707805,Active
Mine_08669,Krishnagiri,Iron Ore,47.17,10.114254,79.455101,Active
Mine_08670,Dharmapuri,Sand,9.01,13.486259,77.032847,Active
Mine_08671,Dindigul,Marble,64.25,10.140509,76.219695,Active
Mine_08672,Kanyakumari,Iron Ore,67.33,10.193763,76.38732,Active
Mine_08673,Virudhunagar,Limestone,2.53,11.576318,77.028403,Active
Mine_08674,Tiruvannamalai,Sandstone,13.76,8.942359,78.267875,Active
Mine_08675,Madurai,Granite,85.79,12.649093,80.418113,Active
Mine_08676,Karur,Sandstone,15.1,10.929627,77.732309,Active
Mine_08677,Ariyalur,Silica Sand,34.26,13.260644,79.350329,Active
Mine_08678,Coimbatore,Granite,3.76,8.733699,79.640056,Active
Mine_08679,Madurai,Sand,57.7,9.571209,80.145687,Active
Mine_08680,Kanyakumari,Marble,32.84,9.537886,76.717976,Active
Mine_08681,Krishnagiri,Sandstone,51.47,8.254959,78.472244,Closed
Mine_08682,Karur,Sand,16.85,11.542826,76.745832,Active
Mine_08683,Tuticorin,Silica Sand,7.21,11.405925,78.873885,Active
Mine_08684,Kanyakumari,Salt,11.84,8.463538,78.83655,Active
Mine_08685,Theni,Sand,122.13,12.001381,77.708465,Active
Mine_08686,Salem,Marble,28.03,11.028228,79.071023,Active
Mine_08687,Vellore,Limestone,17.19,8.816279,77.897771,Active
Mine_08688,Virudhunagar,Sandstone,1.0,10.131437,76.510237,Closed
Mine_08689,Kanyakumari,Salt,56.15,10.146293,77.828114,Active
Mine_08690,Cuddalore,Marble,163.17,8.256128,77.458034,Active
Mine_08691,Karur,Granite,3.31,10.883449,78.845148,Active
Mine_08692,Dharmapuri,Sandstone,38.4,13.169433,79.78304,Active
Mine_08693,Krishnagiri,Iron Ore,23.25,10.683509,77.267299,Closed
Mine_08694,Tirunelveli,Marble,44.52,8.137129,77.060325,Active
Mine_08695,Karur,Granite,6.26,12.899265,76.559612,Closed
Mine_08696,Vellore,Sand,15.19,13.490491,77.017193,Active
Mine_08697,Dindigul,Salt,54.0,13.403775,79.156362,Active
Mine_08698,Karur,Silica Sand,5.3,8.918685,76.2968,Active
Mine_08699,Tiruvannamalai,Limestone,32.99,11.965947,80.02875,Active
Mine_08700,Karur,Sandstone,97.59,9.621977,76.916657,Active
Mine_08701,Tiruvannamalai,Limestone,8.41,10.261892,77.625628,Active
Mine_08702,Coimbatore,Limestone,5.2,11.580943,76.010862,Closed
Mine_08703,Tiruppur,Limestone,7.97,10.799088,78.628757,Active
Mine_08704,Tiruvannamalai,Sandstone,2.55,10.135719,78.659368,Active
Mine_08705,Tiruvannamalai,Granite,8.39,12.651596,78.319263,Active
Mine_08706,Karur,Silica Sand,3.12,13.072707,76.125025,Closed
Mine_08707,Virudhunagar,Marble,10.25,8.197855,76.431462,Active
Mine_08708,Dharmapuri,Silica Sand,71.94,9.485383,76.141719,Active
Mine_08709,Salem,Salt,43.64,11.066059,77.834588,Active
Mine_08710,Tiruppur,Sandstone,87.4,11.184968,77.695568,Active
Mine_08711,Tirunelveli,Sandstone,44.93,13.401732,77.113472,Active
Mine_08712,Tiruppur,Sand,26.43,11.955067,76.615029,Active
Mine_08713,Coimbatore,Marble,35.62,10.951466,77.9597,Active
Mine_08714,Tirunelveli,Granite,23.51,11.825266,76.370579,Active
Mine_08715,Tirunelveli,Sandstone,12.1,13.299177,80.326322,Active
Mine_08716,Tirunelveli,Sand,42.11,8.97532,78.25205,Active
Mine_08717,Dindigul,Granite,92.42,9.43817,79.247742,Active
Mine_08718,Perambalur,Silica Sand,8.11,12.068859,77.904994,Active
Mine_08719,Namakkal,Limestone,45.05,11.248863,77.130246,Closed
Mine_08720,Tuticorin,Salt,32.28,10.563042,80.495177,Active
Mine_08721,Madurai,Salt,25.92,9.352761,79.398613,Active
Mine_08722,Perambalur,Silica Sand,33.37,11.688757,78.007265,Closed
Mine_08723,Krishnagiri,Limestone,53.53,8.124852,76.128056,Active
Mine_08724,Theni,Sandstone,40.01,11.995906,79.707704,Closed
Mine_08725,Perambalur,Sand,108.18,13.162138,77.988283,Active
Mine_08726,Ariyalur,Silica Sand,49.3,8.045256,76.484739,Active
Mine_08727,Madurai,Silica Sand,13.28,11.01673,76.8296,Active
Mine_08728,Cuddalore,Granite,25.17,11.773404,76.878183,Active
Mine_08729,Ariyalur,Silica Sand,2.03,11.948492,76.508099,Active
Mine_08730,Virudhunagar,Iron Ore,16.97,12.801766,79.891827,Active
Mine_08731,Salem,Limestone,121.72,12.504302,77.870355,Active
Mine_08732,Dharmapuri,Salt,32.06,9.44732,77.275963,Active
Mine_08733,Krishnagiri,Marble,36.69,9.676781,79.565117,Active
Mine_08734,Dharmapuri,Iron Ore,13.04,12.477747,78.809235,Active
Mine_08735,Namakkal,Limestone,19.16,8.621589,76.969873,Active
Mine_08736,Dharmapuri,Limestone,32.57,9.817081,79.361046,Active
Mine_08737,Virudhunagar,Iron Ore,36.73,11.207805,78.73401,Active
Mine_08738,Namakkal,Limestone,25.1,13.152914,78.540847,Active
Mine_08739,Coimbatore,Sand,69.09,10.548626,76.636942,Active
Mine_08740,Ariyalur,Sand,55.4,13.378266,78.128629,Active
Mine_08741,Virudhunagar,Sand,55.78,13.067082,77.458966,Active
Mine_08742,Perambalur,Sandstone,6.1,10.074458,78.322028,Active
Mine_08743,Virudhunagar,Sandstone,2.16,11.087748,77.14745,Active
Mine_08744,Cuddalore,Sandstone,6.66,9.810051,78.869373,Active
Mine_08745,Perambalur,Limestone,1.59,12.228437,80.299397,Active
Mine_08746,Kanyakumari,Iron Ore,23.77,11.409855,76.850331,Active
Mine_08747,Tiruppur,Marble,1.0,10.883378,76.518174,Active
Mine_08748,Karur,Granite,5.03,12.25837,80.344455,Active
Mine_08749,Tuticorin,Silica Sand,125.6,8.731195,79.660848,Active
Mine_08750,Ariyalur,Sand,99.82,12.854755,76.747213,Active
Mine_08751,Coimbatore,Salt,75.62,12.0168,80.308629,Active
Mine_08752,Virudhunagar,Granite,45.64,8.380129,78.242758,Active
Mine_08753,Tiruvannamalai,Silica Sand,20.46,9.926577,77.507361,Active
Mine_08754,Dharmapuri,Iron Ore,63.84,8.318172,78.042592,Active
Mine_08755,Karur,Iron Ore,59.73,8.58328,76.475107,Active
Mine_08756,Coimbatore,Iron Ore,40.65,12.299654,76.222968,Active
Mine_08757,Dharmapuri,Silica Sand,53.48,10.333876,78.492321,Active
Mine_08758,Tiruvannamalai,Sandstone,40.21,9.190941,77.499327,Active
Mine_08759,Tuticorin,Sand,113.85,10.278653,76.346955,Active
Mine_08760,Perambalur,Marble,81.49,9.160464,77.326916,Active
Mine_08761,Namakkal,Sandstone,23.62,8.642601,78.525383,Active
Mine_08762,Namakkal,Limestone,21.71,11.379366,79.651094,Closed
Mine_08763,Theni,Salt,5.16,10.380232,77.691196,Active
Mine_08764,Namakkal,Sand,20.33,12.786468,80.216748,Active
Mine_08765,Namakkal,Iron Ore,1.0,8.635695,77.553038,Active
Mine_08766,Theni,Marble,3.14,12.019773,78.100444,Active
Mine_08767,Tuticorin,Salt,19.17,10.852544,79.340527,Closed
Mine_08768,Theni,Marble,6.33,8.035439,78.803454,Active
Mine_08769,Theni,Limestone,23.26,9.538464,79.887561,Closed
Mine_08770,Theni,Granite,12.76,12.996847,76.802806,Active
Mine_08771,Tirunelveli,Sand,33.17,9.355573,79.01903,Active
Mine_08772,Tuticorin,Iron Ore,1.04,10.805214,79.852354,Active
Mine_08773,Tiruvannamalai,Granite,25.79,11.927952,79.500455,Active
Mine_08774,Madurai,Marble,101.11,8.710162,80.288928,Active
Mine_08775,Tiruppur,Granite,33.17,9.486228,79.755437,Active
Mine_08776,Krishnagiri,Granite,92.01,11.19462,78.227637,Active
Mine_08777,Madurai,Salt,121.69,11.094292,77.99131,Closed
Mine_08778,Namakkal,Sand,164.55,9.849236,76.197405,Active
Mine_08779,Salem,Sandstone,32.65,12.208187,79.270315,Active
Mine_08780,Perambalur,Iron Ore,81.25,11.977841,79.207123,Active
Mine_08781,Namakkal,Iron Ore,17.75,10.207648,77.294025,Active
Mine_08782,Salem,Marble,1.0,10.507506,79.262529,Active
Mine_08783,Madurai,Sandstone,13.21,10.717721,76.766746,Active
Mine_08784,Vellore,Sandstone,7.36,10.998039,77.187282,Active
Mine_08785,Tiruvannamalai,Limestone,162.89,8.2369,76.052018,Active
Mine_08786,Tiruppur,Iron Ore,29.73,12.819027,76.587547,Active
Mine_08787,Tiruvannamalai,Marble,31.5,10.228076,78.911808,Active
Mine_08788,Tiruppur,Salt,19.55,10.818399,78.288319,Active
Mine_08789,Tirunelveli,Salt,17.26,9.462149,78.609587,Active
Mine_08790,Krishnagiri,Silica Sand,202.85,8.4885,76.964162,Active
Mine_08791,Vellore,Marble,1.0,9.382942,77.194472,Closed
Mine_08792,Erode,Granite,19.38,13.169095,79.871196,Active
Mine_08793,Karur,Sandstone,1.14,8.604357,80.11433,Active
Mine_08794,Tiruvannamalai,Marble,75.53,9.554781,79.436721,Active
Mine_08795,Theni,Limestone,21.36,13.217589,76.760363,Active
Mine_08796,Dindigul,Sand,46.01,12.339203,79.225724,Active
Mine_08797,Virudhunagar,Salt,19.71,9.188639,80.1152,Active
Mine_08798,Salem,Sandstone,34.46,10.639343,79.149419,Closed
Mine_08799,Tiruvannamalai,Marble,14.98,8.903253,78.745614,Active
Mine_08800,Theni,Marble,82.53,9.212068,79.508662,Active
Mine_08801,Coimbatore,Limestone,56.85,8.665944,76.674359,Active
Mine_08802,Tirunelveli,Salt,1.0,10.262711,78.918485,Active
Mine_08803,Perambalur,Marble,10.58,10.883917,79.321417,Active
Mine_08804,Coimbatore,Sandstone,41.55,12.968795,76.293394,Active
Mine_08805,Tiruppur,Marble,37.64,8.025488,78.036467,Active
Mine_08806,Krishnagiri,Sandstone,12.46,12.96066,76.287313,Active
Mine_08807,Cuddalore,Iron Ore,77.84,12.483174,77.076817,Active
Mine_08808,Krishnagiri,Silica Sand,9.15,13.117789,76.302538,Active
Mine_08809,Coimbatore,Sand,15.25,10.976923,78.946882,Active
Mine_08810,Karur,Sandstone,1.78,12.394444,79.204749,Active
Mine_08811,Tuticorin,Limestone,55.61,10.084711,78.655829,Active
Mine_08812,Perambalur,Sandstone,21.98,12.072694,78.396865,Active
Mine_08813,Erode,Iron Ore,16.25,9.866814,78.317816,Active
Mine_08814,Erode,Marble,33.84,9.602803,79.775754,Active
Mine_08815,Perambalur,Iron Ore,94.86,10.395807,80.161462,Active
Mine_08816,Cuddalore,Sandstone,11.84,9.441866,79.948962,Active
Mine_08817,Virudhunagar,Iron Ore,31.03,13.339747,76.35593,Active
Mine_08818,Perambalur,Sandstone,70.99,9.478923,77.546584,Active
Mine_08819,Dharmapuri,Sand,8.94,13.036162,79.568096,Active
Mine_08820,Vellore,Sandstone,1.85,8.635256,77.608676,Active
Mine_08821,Perambalur,Granite,1.0,8.804689,79.926597,Active
Mine_08822,Krishnagiri,Sand,87.33,12.895705,76.578144,Closed
Mine_08823,Madurai,Limestone,125.92,10.674251,77.421106,Active
Mine_08824,Coimbatore,Marble,56.88,11.702789,78.380571,Active
Mine_08825,Madurai,Marble,100.0,13.161112,78.715554,Active
Mine_08826,Virudhunagar,Salt,66.66,11.51894,77.935872,Active
Mine_08827,Karur,Salt,20.18,11.434107,80.220693,Active
Mine_08828,Perambalur,Marble,3.6,13.439504,78.903595,Active
Mine_08829,Perambalur,Limestone,86.95,11.279285,77.292501,Active
Mine_08830,Tuticorin,Granite,53.2,12.886349,79.46401,Active
Mine_08831,Theni,Silica Sand,57.56,13.485922,76.835922,Active
Mine_08832,Vellore,Limestone,30.3,13.315514,77.452391,Active
Mine_08833,Karur,Silica Sand,2.85,12.494158,78.651562,Active
Mine_08834,Madurai,Marble,6.78,11.950862,76.6629,Active
Mine_08835,Tiruppur,Iron Ore,114.54,9.614427,79.036173,Active
Mine_08836,Virudhunagar,Salt,74.5,12.328621,77.323483,Active
Mine_08837,Dindigul,Granite,57.09,8.552994,79.024454,Active
Mine_08838,Tiruppur,Sand,79.28,8.282501,79.000961,Active
Mine_08839,Karur,Sand,31.61,9.965739,76.785915,Active
Mine_08840,Coimbatore,Limestone,11.8,12.2787,76.592835,Active
Mine_08841,Ariyalur,Salt,5.98,13.472432,79.704109,Active
Mine_08842,Coimbatore,Granite,42.12,10.378662,79.983001,Active
Mine_08843,Dharmapuri,Limestone,11.38,12.190728,78.920077,Active
Mine_08844,Cuddalore,Marble,10.63,10.026476,76.373804,Active
Mine_08845,Tiruppur,Granite,94.42,11.798454,79.527613,Active
Mine_08846,Namakkal,Iron Ore,57.07,8.644361,76.413973,Active
Mine_08847,Tiruppur,Salt,41.46,11.436635,79.464125,Closed
Mine_08848,Krishnagiri,Sandstone,29.31,10.411599,76.357692,Active
Mine_08849,Karur,Salt,51.53,13.063609,77.038543,Active
Mine_08850,Theni,Sandstone,193.55,8.116974,77.364427,Active
Mine_08851,Dindigul,Sand,24.92,9.880628,80.332173,Active
Mine_08852,Tirunelveli,Salt,54.24,12.945748,79.456085,Active
Mine_08853,Krishnagiri,Salt,180.78,11.586685,76.30653,Active
Mine_08854,Salem,Salt,197.56,10.378458,80.018739,Closed
Mine_08855,Tuticorin,Limestone,21.24,12.906715,78.79507,Active
Mine_08856,Tiruppur,Granite,23.49,10.481348,77.402244,Active
Mine_08857,Dharmapuri,Iron Ore,21.47,12.404744,79.282713,Active
Mine_08858,Tirunelveli,Iron Ore,18.02,10.577292,79.873952,Active
Mine_08859,Namakkal,Iron Ore,15.19,9.593408,79.512983,Active
Mine_08860,Dindigul,Salt,21.41,11.715553,77.487055,Active
Mine_08861,Tuticorin,Granite,1.27,11.953143,77.184597,Active
Mine_08862,Tuticorin,Granite,63.67,12.665784,76.323501,Active
Mine_08863,Erode,Salt,15.22,12.309707,76.5163,Active
Mine_08864,Tiruvannamalai,Sandstone,13.66,9.894501,76.823046,Active
Mine_08865,Kanyakumari,Silica Sand,18.86,11.781163,78.313484,Active
Mine_08866,Erode,Sandstone,1.0,13.089436,78.667318,Active
Mine_08867,Tiruvannamalai,Limestone,68.28,8.416927,78.582965,Active
Mine_08868,Tuticorin,Limestone,10.06,10.17698,79.989363,Active
Mine_08869,Cuddalore,Salt,16.26,10.535178,80.181548,Closed
Mine_08870,Perambalur,Sand,34.54,9.706996,78.288197,Active
Mine_08871,Kanyakumari,Limestone,2.95,10.914893,76.108583,Active
Mine_08872,Coimbatore,Sandstone,152.81,13.130183,79.098194,Active
Mine_08873,Kanyakumari,Sand,138.51,9.460256,78.152263,Active
Mine_08874,Tirunelveli,Iron Ore,19.2,11.123517,80.054132,Active
Mine_08875,Tuticorin,Silica Sand,115.71,8.54596,79.155719,Active
Mine_08876,Theni,Granite,80.91,8.295484,80.209631,Active
Mine_08877,Karur,Sandstone,2.86,12.739252,76.922417,Active
Mine_08878,Salem,Limestone,13.42,10.831979,77.482521,Active
Mine_08879,Dharmapuri,Sand,58.4,8.460389,80.176098,Active
Mine_08880,Erode,Limestone,5.36,13.095791,76.15214,Active
Mine_08881,Virudhunagar,Salt,21.87,8.884797,76.434676,Active
Mine_08882,Dindigul,Limestone,18.28,11.336352,77.776019,Active
Mine_08883,Vellore,Granite,73.88,12.695578,79.211932,Active
Mine_08884,Dindigul,Granite,100.77,9.457837,77.108489,Active
Mine_08885,Erode,Marble,45.2,11.718888,77.174737,Active
Mine_08886,Krishnagiri,Limestone,60.98,11.958425,77.202409,Active
Mine_08887,Kanyakumari,Silica Sand,17.23,9.90561,78.520595,Active
Mine_08888,Karur,Salt,1.0,9.03167,77.555042,Closed
Mine_08889,Kanyakumari,Salt,34.69,11.822615,77.534102,Active
Mine_08890,Salem,Sandstone,103.91,13.197784,78.20757,Active
Mine_08891,Madurai,Granite,18.59,12.568013,76.311898,Active
Mine_08892,Perambalur,Limestone,18.24,8.532801,76.687155,Closed
Mine_08893,Theni,Salt,8.89,12.475824,78.199031,Active
Mine_08894,Namakkal,Silica Sand,5.38,10.829985,79.490457,Active
Mine_08895,Virudhunagar,Granite,76.3,8.581135,76.513225,Active
Mine_08896,Virudhunagar,Marble,70.5,9.09392,78.037552,Active
Mine_08897,Dharmapuri,Iron Ore,60.38,10.588236,76.718106,Active
Mine_08898,Vellore,Granite,24.77,11.862408,76.311888,Active
Mine_08899,Tirunelveli,Iron Ore,20.84,11.435674,76.433505,Active
Mine_08900,Dindigul,Sandstone,79.08,8.586306,80.009017,Active
Mine_08901,Krishnagiri,Salt,45.34,9.412649,78.110912,Active
Mine_08902,Madurai,Granite,2.88,8.446277,78.689757,Active
Mine_08903,Salem,Salt,54.86,11.780246,76.815984,Closed
Mine_08904,Dharmapuri,Marble,106.98,11.837498,77.883867,Active
Mine_08905,Perambalur,Granite,65.27,9.670887,76.527452,Active
Mine_08906,Erode,Salt,59.46,9.308296,80.335598,Closed
Mine_08907,Madurai,Marble,42.77,12.518122,77.717644,Active
Mine_08908,Dharmapuri,Sand,20.31,8.22743,79.283686,Active
Mine_08909,Ariyalur,Iron Ore,14.43,9.763992,79.334629,Active
Mine_08910,Madurai,Iron Ore,57.45,12.168693,77.13298,Active
Mine_08911,Krishnagiri,Salt,160.94,12.812991,78.400577,Active
Mine_08912,Virudhunagar,Sandstone,53.02,12.159815,76.331497,Active
Mine_08913,Kanyakumari,Iron Ore,1.66,9.722387,78.297886,Active
Mine_08914,Virudhunagar,Marble,25.05,13.383338,77.110951,Active
Mine_08915,Tuticorin,Silica Sand,17.3,8.019964,77.782977,Active
Mine_08916,Cuddalore,Granite,40.46,8.633631,79.080308,Active
Mine_08917,Namakkal,Sand,28.18,10.916963,78.631859,Active
Mine_08918,Ariyalur,Iron Ore,57.9,10.609448,79.365596,Active
Mine_08919,Ariyalur,Granite,10.97,12.278201,79.373209,Closed
Mine_08920,Salem,Granite,23.61,11.462181,78.386573,Active
Mine_08921,Tirunelveli,Marble,108.69,8.064513,77.758552,Active
Mine_08922,Tirunelveli,Granite,13.07,12.784494,80.217122,Active
Mine_08923,Dindigul,Salt,183.94,12.0427,77.60024,Active
Mine_08924,Cuddalore,Salt,52.16,8.673525,78.473814,Active
Mine_08925,Erode,Marble,14.38,12.968162,76.528372,Active
Mine_08926,Tiruppur,Sand,19.83,8.459512,76.086285,Active
Mine_08927,Erode,Salt,18.19,12.597653,79.505726,Active
Mine_08928,Perambalur,Limestone,88.11,8.810571,79.394044,Active
Mine_08929,Perambalur,Marble,4.98,9.51958,78.466358,Active
Mine_08930,Erode,Sandstone,8.89,10.632602,76.70483,Active
Mine_08931,Perambalur,Iron Ore,32.66,12.311504,76.953146,Closed
Mine_08932,Krishnagiri,Granite,66.99,8.118643,79.872159,Active
Mine_08933,Tirunelveli,Limestone,105.89,10.396193,79.067367,Closed
Mine_08934,Salem,Salt,4.8,12.772785,78.144183,Active
Mine_08935,Kanyakumari,Granite,76.24,11.087564,77.10337,Closed
Mine_08936,Salem,Sandstone,9.0,12.032712,79.746287,Active
Mine_08937,Salem,Salt,57.02,12.713014,78.982987,Active
Mine_08938,Karur,Sandstone,23.35,13.430077,77.484582,Active
Mine_08939,Krishnagiri,Marble,21.14,8.680128,79.980751,Active
Mine_08940,Tuticorin,Limestone,67.72,10.623282,76.337628,Active
Mine_08941,Perambalur,Silica Sand,46.37,9.646752,76.574607,Active
Mine_08942,Tuticorin,Sandstone,64.06,8.74466,79.092842,Active
Mine_08943,Salem,Limestone,33.07,13.094475,77.568959,Active
Mine_08944,Karur,Iron Ore,52.56,8.532654,77.011992,Active
Mine_08945,Vellore,Salt,12.5,10.320512,77.309143,Active
Mine_08946,Karur,Sand,10.1,11.56217,76.450364,Active
Mine_08947,Perambalur,Sand,57.09,11.663152,76.139047,Active
Mine_08948,Tirunelveli,Iron Ore,6.25,12.470694,78.629051,Active
Mine_08949,Salem,Silica Sand,1.57,10.180247,80.093964,Active
Mine_08950,Salem,Silica Sand,107.13,12.260034,76.398628,Active
Mine_08951,Tuticorin,Limestone,102.95,12.493175,76.862375,Active
Mine_08952,Erode,Marble,30.72,8.108585,80.20402,Active
Mine_08953,Krishnagiri,Limestone,69.25,8.60661,77.615198,Active
Mine_08954,Cuddalore,Salt,4.39,10.665021,76.92582,Active
Mine_08955,Virudhunagar,Sandstone,65.07,8.919431,78.694229,Active
Mine_08956,Kanyakumari,Limestone,17.67,10.018791,76.345612,Active
Mine_08957,Tiruppur,Sandstone,109.02,8.49218,79.983783,Active
Mine_08958,Vellore,Granite,40.97,8.061595,78.603295,Closed
Mine_08959,Vellore,Limestone,34.5,10.058716,78.616646,Active
Mine_08960,Dharmapuri,Salt,2.91,8.703277,80.030438,Active
Mine_08961,Tiruvannamalai,Iron Ore,6.0,12.853465,78.205465,Active
Mine_08962,Dindigul,Iron Ore,74.65,8.126628,78.614455,Active
Mine_08963,Virudhunagar,Sandstone,13.1,9.73732,78.708336,Active
Mine_08964,Dindigul,Granite,61.38,8.749421,77.261258,Active
Mine_08965,Dharmapuri,Silica Sand,3.99,9.262296,78.911433,Active
Mine_08966,Tiruvannamalai,Marble,5.32,9.113203,79.301992,Active
Mine_08967,Dindigul,Iron Ore,9.68,8.111048,76.429204,Active
Mine_08968,Namakkal,Granite,3.13,8.235154,80.269324,Active
Mine_08969,Coimbatore,Limestone,42.85,10.684698,77.959397,Closed
Mine_08970,Tirunelveli,Salt,57.43,8.498836,77.590557,Active
Mine_08971,Madurai,Salt,37.79,10.683647,79.683348,Active
Mine_08972,Tiruvannamalai,Silica Sand,5.83,8.082899,78.679754,Active
Mine_08973,Madurai,Sandstone,25.38,11.330382,79.103678,Active
Mine_08974,Theni,Granite,27.34,10.409087,78.946042,Active
Mine_08975,Tuticorin,Granite,1.32,10.500591,76.447539,Active
Mine_08976,Cuddalore,Limestone,5.26,11.527906,78.375349,Active
Mine_08977,Virudhunagar,Sand,4.62,9.406292,79.577322,Active
Mine_08978,Tuticorin,Sandstone,20.31,8.658623,77.139074,Active
Mine_08979,Tuticorin,Silica Sand,40.9,8.878578,76.824875,Active
Mine_08980,Tiruppur,Iron Ore,2.62,11.522907,79.150769,Active
Mine_08981,Ariyalur,Silica Sand,115.49,12.938816,77.102353,Active
Mine_08982,Erode,Sandstone,6.9,13.246742,76.727185,Active
Mine_08983,Cuddalore,Iron Ore,34.11,8.259456,76.922553,Active
Mine_08984,Krishnagiri,Silica Sand,60.12,8.165773,76.686206,Active
Mine_08985,Dindigul,Salt,92.83,9.085883,77.634408,Closed
Mine_08986,Theni,Iron Ore,11.14,9.248794,78.365516,Active
Mine_08987,Virudhunagar,Silica Sand,66.71,9.929782,76.940579,Active
Mine_08988,Virudhunagar,Silica Sand,55.46,9.079942,76.513715,Active
Mine_08989,Theni,Iron Ore,30.91,9.401825,80.318982,Active
Mine_08990,Tirunelveli,Sand,16.49,8.250518,79.826119,Active
Mine_08991,Erode,Sandstone,73.22,11.868482,78.248083,Active
Mine_08992,Cuddalore,Limestone,12.01,11.091354,76.75064,Active
Mine_08993,Ariyalur,Sand,207.0,12.890707,79.175604,Active
Mine_08994,Madurai,Silica Sand,14.16,10.027456,76.366399,Active
Mine_08995,Tirunelveli,Marble,11.11,8.761897,77.681184,Closed
Mine_08996,Coimbatore,Silica Sand,2.59,8.49715,78.850752,Active
Mine_08997,Erode,Sandstone,48.45,9.653358,77.11774,Active
Mine_08998,Namakkal,Iron Ore,6.45,9.920533,76.975048,Active
Mine_08999,Salem,Sand,149.23,12.126163,79.510234,Active
Mine_09000,Vellore,Marble,2.81,9.458629,79.824072,Active
Mine_09001,Kanyakumari,Sand,36.66,8.590553,79.448818,Active
Mine_09002,Madurai,Silica Sand,67.28,9.812606,79.813426,Active
Mine_09003,Tiruppur,Salt,39.66,13.201156,77.776192,Active
Mine_09004,Tiruvannamalai,Sandstone,16.76,12.778721,79.807817,Active
Mine_09005,Tiruvannamalai,Granite,164.23,11.863093,78.89452,Active
Mine_09006,Tiruvannamalai,Silica Sand,83.17,12.465837,79.035716,Active
Mine_09007,Dharmapuri,Silica Sand,31.82,12.991327,76.970785,Closed
Mine_09008,Madurai,Limestone,42.01,8.500528,79.834878,Active
Mine_09009,Erode,Granite,44.66,8.303709,78.611907,Active
Mine_09010,Coimbatore,Granite,95.0,13.099714,79.378464,Active
Mine_09011,Dindigul,Salt,15.73,11.694382,79.801653,Closed
Mine_09012,Tiruvannamalai,Granite,51.9,12.962113,80.331671,Active
Mine_09013,Coimbatore,Granite,10.19,10.216662,78.19955,Active
Mine_09014,Tiruppur,Sandstone,166.55,12.161795,78.16903,Active
Mine_09015,Tuticorin,Sandstone,8.58,8.51566,77.556339,Active
Mine_09016,Madurai,Salt,8.95,10.151266,78.202892,Active
Mine_09017,Vellore,Granite,38.46,11.829157,78.029423,Active
Mine_09018,Madurai,Sandstone,70.49,8.846902,80.290163,Active
Mine_09019,Cuddalore,Silica Sand,21.97,12.631981,78.826264,Active
Mine_09020,Tirunelveli,Sand,13.82,12.830607,79.880248,Active
Mine_09021,Tuticorin,Salt,38.38,13.218761,76.582035,Active
Mine_09022,Kanyakumari,Salt,24.71,12.696367,79.76248,Active
Mine_09023,Madurai,Sandstone,1.0,10.99006,77.086701,Active
Mine_09024,Kanyakumari,Salt,43.49,9.898216,77.576431,Active
Mine_09025,Tirunelveli,Sandstone,34.63,11.195575,79.854746,Active
Mine_09026,Kanyakumari,Sandstone,15.63,10.313771,76.082317,Active
Mine_09027,Perambalur,Iron Ore,9.42,12.471277,79.044189,Active
Mine_09028,Dharmapuri,Sandstone,152.06,10.009013,78.179693,Active
Mine_09029,Dharmapuri,Marble,20.61,8.64219,77.127295,Closed
Mine_09030,Virudhunagar,Silica Sand,56.88,11.563267,78.211903,Active
Mine_09031,Tiruvannamalai,Granite,1.57,9.453042,80.128218,Active
Mine_09032,Tiruppur,Salt,2.34,8.129478,78.158178,Active
Mine_09033,Madurai,Marble,77.04,8.626177,76.425403,Active
Mine_09034,Tuticorin,Limestone,2.25,8.913003,77.976461,Active
Mine_09035,Dindigul,Limestone,4.42,12.426562,78.21542,Active
Mine_09036,Theni,Granite,21.16,12.300418,76.041973,Active
Mine_09037,Kanyakumari,Marble,4.76,10.348435,78.894828,Active
Mine_09038,Krishnagiri,Marble,67.5,11.287534,77.589175,Active
Mine_09039,Tiruvannamalai,Sand,4.81,13.411073,79.536898,Active
Mine_09040,Theni,Marble,41.55,10.049693,77.019116,Active
Mine_09041,Dindigul,Salt,34.29,13.335768,76.069469,Active
Mine_09042,Karur,Marble,71.51,9.842238,78.287536,Active
Mine_09043,Dindigul,Granite,16.26,9.784256,78.98265,Active
Mine_09044,Erode,Marble,17.41,12.920779,79.073752,Active
Mine_09045,Madurai,Granite,51.13,9.940876,76.317548,Active
Mine_09046,Perambalur,Granite,16.53,10.635436,79.228636,Active
Mine_09047,Vellore,Sandstone,22.1,8.30209,79.137708,Active
Mine_09048,Vellore,Sand,12.88,8.999363,77.047526,Active
Mine_09049,Tiruppur,Marble,4.1,12.926455,79.983042,Active
Mine_09050,Tirunelveli,Marble,65.19,8.339837,76.478896,Active
Mine_09051,Coimbatore,Limestone,17.47,8.908764,76.504584,Active
Mine_09052,Tirunelveli,Silica Sand,82.34,10.42895,76.70847,Closed
Mine_09053,Theni,Iron Ore,38.09,12.450733,77.034571,Active
Mine_09054,Erode,Limestone,51.95,13.364391,80.173146,Closed
Mine_09055,Cuddalore,Granite,47.91,11.238896,79.140232,Active
Mine_09056,Virudhunagar,Limestone,48.25,10.520964,78.965846,Active
Mine_09057,Virudhunagar,Iron Ore,1.14,8.007858,76.328083,Active
Mine_09058,Salem,Granite,12.32,11.848132,80.316174,Active
Mine_09059,Salem,Sand,190.61,13.124209,77.585423,Active
Mine_09060,Cuddalore,Marble,6.76,10.530286,77.535042,Active
Mine_09061,Namakkal,Marble,7.67,8.558015,79.580185,Closed
Mine_09062,Tiruvannamalai,Sand,16.36,11.980976,76.541139,Active
Mine_09063,Cuddalore,Marble,10.72,10.657923,76.79926,Active
Mine_09064,Tirunelveli,Silica Sand,54.69,13.069156,77.736665,Active
Mine_09065,Madurai,Silica Sand,61.56,13.468051,79.310587,Active
Mine_09066,Tiruppur,Sand,15.24,11.667791,76.141443,Active
Mine_09067,Madurai,Silica Sand,10.18,8.988676,79.316785,Active
Mine_09068,Perambalur,Salt,2.01,11.954015,78.42192,Active
Mine_09069,Krishnagiri,Silica Sand,9.65,11.232289,78.407725,Active
Mine_09070,Cuddalore,Sandstone,94.99,12.795297,77.001371,Closed
Mine_09071,Perambalur,Limestone,87.2,10.933203,78.434346,Active
Mine_09072,Salem,Salt,6.88,12.86636,79.049292,Active
Mine_09073,Vellore,Iron Ore,57.91,10.285846,76.597696,Active
Mine_09074,Krishnagiri,Silica Sand,6.67,9.232114,79.134455,Active
Mine_09075,Madurai,Silica Sand,88.07,8.884924,77.548669,Active
Mine_09076,Theni,Salt,17.93,13.018962,78.963813,Active
Mine_09077,Vellore,Marble,1.37,13.096536,77.004892,Active
Mine_09078,Namakkal,Marble,70.27,8.911033,78.415119,Active
Mine_09079,Tuticorin,Iron Ore,44.35,10.20862,77.084274,Active
Mine_09080,Perambalur,Marble,87.81,11.834265,77.420932,Closed
Mine_09081,Tiruvannamalai,Limestone,16.26,8.373838,78.746432,Active
Mine_09082,Kanyakumari,Salt,77.54,8.960298,78.925381,Active
Mine_09083,Tuticorin,Sand,1.0,12.852686,79.176009,Active
Mine_09084,Perambalur,Sandstone,5.0,12.866911,76.124634,Active
Mine_09085,Dindigul,Salt,21.48,9.951701,76.874819,Active
Mine_09086,Coimbatore,Sandstone,58.2,9.000794,77.676346,Active
Mine_09087,Karur,Marble,39.64,11.927799,76.785244,Active
Mine_09088,Tirunelveli,Granite,164.68,12.395686,76.866789,Active
Mine_09089,Vellore,Iron Ore,6.61,8.659891,80.345664,Active
Mine_09090,Virudhunagar,Iron Ore,31.81,12.612425,78.919773,Active
Mine_09091,Erode,Marble,26.39,13.361361,78.827642,Active
Mine_09092,Erode,Silica Sand,176.05,8.389265,80.435364,Active
Mine_09093,Coimbatore,Salt,15.83,10.292524,77.934734,Active
Mine_09094,Karur,Salt,18.62,12.762603,79.161341,Active
Mine_09095,Krishnagiri,Sandstone,1.0,12.910418,79.361524,Active
Mine_09096,Madurai,Salt,4.42,8.405206,76.143366,Active
Mine_09097,Cuddalore,Granite,7.11,9.881746,77.63548,Closed
Mine_09098,Tuticorin,Sandstone,8.12,11.925077,80.093299,Active
Mine_09099,Dharmapuri,Silica Sand,9.05,10.426275,76.570639,Active
Mine_09100,Kanyakumari,Iron Ore,33.5,10.879483,79.122932,Active
Mine_09101,Theni,Iron Ore,34.11,9.733299,78.248138,Active
Mine_09102,Virudhunagar,Limestone,12.62,12.751866,77.610063,Active
Mine_09103,Tiruppur,Sandstone,66.63,9.947252,79.810737,Active
Mine_09104,Tiruvannamalai,Sand,4.9,8.342103,79.319092,Active
Mine_09105,Ariyalur,Sandstone,34.15,13.427786,76.771794,Active
Mine_09106,Erode,Granite,48.29,11.883799,78.679324,Active
Mine_09107,Perambalur,Limestone,71.98,8.048927,77.879098,Active
Mine_09108,Coimbatore,Salt,121.92,9.745192,79.82519,Active
Mine_09109,Dharmapuri,Sandstone,8.6,11.822284,80.34191,Active
Mine_09110,Dharmapuri,Marble,19.58,10.165958,79.628138,Active
Mine_09111,Krishnagiri,Sand,101.36,10.052533,79.008393,Active
Mine_09112,Cuddalore,Limestone,1.0,8.484204,80.30439,Active
Mine_09113,Erode,Granite,13.27,10.139478,77.410251,Active
Mine_09114,Salem,Silica Sand,31.65,8.422525,79.029818,Active
Mine_09115,Erode,Sand,50.93,12.695808,80.151313,Active
Mine_09116,Namakkal,Granite,124.4,8.604355,78.352398,Closed
Mine_09117,Theni,Silica Sand,57.97,12.865729,78.925043,Active
Mine_09118,Virudhunagar,Silica Sand,5.35,10.67117,79.746465,Active
Mine_09119,Perambalur,Sand,27.07,9.604016,77.04805,Active
Mine_09120,Cuddalore,Sandstone,28.45,10.130872,78.396382,Active
Mine_09121,Dindigul,Limestone,24.34,11.310771,80.379748,Active
Mine_09122,Salem,Sand,21.33,8.998927,78.618611,Active
Mine_09123,Ariyalur,Marble,2.86,9.455087,77.858142,Active
Mine_09124,Dindigul,Silica Sand,27.17,9.353703,80.275896,Active
Mine_09125,Theni,Iron Ore,11.26,8.422247,79.382437,Active
Mine_09126,Cuddalore,Salt,57.54,9.306352,78.332636,Active
Mine_09127,Perambalur,Granite,1.04,9.742402,79.971202,Active
Mine_09128,Cuddalore,Limestone,34.33,9.682322,78.102825,Active
Mine_09129,Virudhunagar,Salt,29.95,11.854379,79.031202,Closed
Mine_09130,Namakkal,Marble,62.17,9.967448,77.816018,Active
Mine_09131,Madurai,Granite,4.82,9.877083,78.408304,Active
Mine_09132,Vellore,Silica Sand,25.87,12.037437,77.900115,Active
Mine_09133,Coimbatore,Sandstone,20.3,12.338658,76.947455,Closed
Mine_09134,Coimbatore,Limestone,1.0,8.09584,76.639984,Active
Mine_09135,Salem,Salt,46.36,9.715333,77.075819,Active
Mine_09136,Tuticorin,Granite,2.56,13.117227,79.553167,Active
Mine_09137,Erode,Silica Sand,50.54,11.372726,79.65733,Active
Mine_09138,Salem,Iron Ore,24.02,11.015907,78.101279,Active
Mine_09139,Vellore,Sand,12.41,12.680966,78.639383,Closed
Mine_09140,Madurai,Granite,81.7,9.554557,79.575083,Active
Mine_09141,Dharmapuri,Salt,13.92,13.227007,79.306319,Active
Mine_09142,Salem,Marble,12.31,10.776729,77.305512,Active
Mine_09143,Ariyalur,Sand,10.76,10.185282,77.280875,Active
Mine_09144,Tirunelveli,Limestone,16.49,8.449597,78.431436,Active
Mine_09145,Vellore,Sandstone,135.82,9.675596,77.170876,Closed
Mine_09146,Virudhunagar,Salt,48.01,13.285394,76.110507,Active
Mine_09147,Tuticorin,Silica Sand,2.97,12.207757,78.807902,Closed
Mine_09148,Virudhunagar,Iron Ore,27.89,8.6454,79.92497,Active
Mine_09149,Namakkal,Limestone,7.37,12.596749,79.234324,Active
Mine_09150,Tiruvannamalai,Sandstone,39.18,12.782154,79.446553,Active
Mine_09151,Tiruppur,Sand,2.89,11.062974,80.252555,Closed
Mine_09152,Tirunelveli,Sandstone,77.61,11.703047,76.24727,Active
Mine_09153,Tiruvannamalai,Sandstone,36.61,13.367426,76.763935,Active
Mine_09154,Cuddalore,Limestone,52.79,8.748069,80.281274,Active
Mine_09155,Karur,Sand,6.0,11.668044,79.633345,Active
Mine_09156,Vellore,Salt,6.0,9.737277,78.206392,Closed
Mine_09157,Erode,Salt,7.93,10.557149,78.144229,Active
Mine_09158,Vellore,Limestone,139.5,10.830402,77.525373,Active
Mine_09159,Vellore,Iron Ore,3.92,8.082137,76.572882,Active
Mine_09160,Salem,Marble,9.58,10.481498,80.156399,Active
Mine_09161,Coimbatore,Granite,16.46,10.83027,78.693633,Active
Mine_09162,Virudhunagar,Sand,35.13,11.657765,79.883135,Active
Mine_09163,Tiruppur,Marble,21.25,8.885364,76.039427,Active
Mine_09164,Namakkal,Iron Ore,54.16,8.814814,77.704732,Active
Mine_09165,Cuddalore,Limestone,36.53,13.051981,78.311755,Active
Mine_09166,Vellore,Limestone,75.49,9.412994,77.127437,Active
Mine_09167,Tiruvannamalai,Sandstone,34.52,13.288125,77.372204,Closed
Mine_09168,Tiruppur,Sandstone,1.94,12.563379,76.111232,Active
Mine_09169,Madurai,Limestone,11.88,10.985849,80.248449,Active
Mine_09170,Krishnagiri,Iron Ore,1.0,8.376194,79.871579,Active
Mine_09171,Erode,Iron Ore,6.02,9.227124,77.112347,Active
Mine_09172,Kanyakumari,Sand,17.43,10.474248,76.81855,Active
Mine_09173,Dharmapuri,Sand,2.58,9.648461,79.769195,Active
Mine_09174,Erode,Silica Sand,92.94,11.516421,80.447133,Active
Mine_09175,Namakkal,Sandstone,14.15,12.468708,76.681878,Active
Mine_09176,Tirunelveli,Limestone,7.1,8.289204,76.720383,Active
Mine_09177,Erode,Granite,23.14,10.130579,77.522104,Active
Mine_09178,Erode,Limestone,76.37,8.595421,78.749709,Active
Mine_09179,Coimbatore,Granite,31.56,13.014871,77.506105,Active
Mine_09180,Dharmapuri,Sand,105.64,9.97266,77.685705,Active
Mine_09181,Virudhunagar,Marble,137.82,13.146408,76.962939,Active
Mine_09182,Tirunelveli,Sandstone,40.95,10.550352,76.490224,Closed
Mine_09183,Dharmapuri,Granite,60.01,10.459418,76.2513,Active
Mine_09184,Krishnagiri,Sandstone,27.44,13.106336,77.593453,Closed
Mine_09185,Tiruvannamalai,Sand,130.54,12.350617,77.446659,Active
Mine_09186,Perambalur,Sandstone,18.22,12.327753,78.781966,Active
Mine_09187,Tiruppur,Limestone,22.87,8.867479,78.045553,Active
Mine_09188,Namakkal,Marble,14.88,11.264291,78.259429,Active
Mine_09189,Dharmapuri,Silica Sand,22.15,10.781125,78.914197,Closed
Mine_09190,Vellore,Granite,8.56,10.11456,76.898546,Active
Mine_09191,Tirunelveli,Iron Ore,91.25,12.666663,79.164184,Active
Mine_09192,Dharmapuri,Sand,5.68,11.479164,78.810815,Active
Mine_09193,Namakkal,Salt,2.74,11.936532,80.44373,Active
Mine_09194,Karur,Silica Sand,25.88,8.525712,79.269729,Active
Mine_09195,Tiruppur,Marble,48.57,12.976315,78.188121,Active
Mine_09196,Cuddalore,Iron Ore,5.23,10.851386,79.872825,Active
Mine_09197,Madurai,Granite,13.41,9.106933,77.255135,Active
Mine_09198,Coimbatore,Salt,70.64,8.898578,78.487847,Active
Mine_09199,Ariyalur,Salt,13.12,13.055833,80.209517,Active
Mine_09200,Cuddalore,Limestone,1.35,8.256101,80.3101,Active
Mine_09201,Tiruvannamalai,Limestone,44.33,12.652093,79.919066,Active
Mine_09202,Erode,Sandstone,111.73,12.212861,78.428882,Active
Mine_09203,Perambalur,Salt,19.08,10.049326,78.917559,Active
Mine_09204,Madurai,Marble,75.48,13.156513,79.510938,Active
Mine_09205,Vellore,Iron Ore,51.8,10.424772,79.504617,Active
Mine_09206,Coimbatore,Granite,63.44,12.128397,77.236189,Closed
Mine_09207,Erode,Limestone,15.26,13.068029,80.08094,Active
Mine_09208,Karur,Iron Ore,5.91,11.727608,79.833626,Active
Mine_09209,Cuddalore,Iron Ore,3.18,8.380933,78.749176,Active
Mine_09210,Theni,Silica Sand,52.47,9.811152,78.637174,Active
Mine_09211,Namakkal,Salt,5.69,11.476135,79.288802,Closed
Mine_09212,Coimbatore,Marble,1.0,11.257017,76.4776,Active
Mine_09213,Tiruvannamalai,Sand,31.18,13.369973,78.827492,Active
Mine_09214,Madurai,Sand,8.01,8.213104,76.450945,Active
Mine_09215,Coimbatore,Salt,27.57,11.284727,77.884107,Active
Mine_09216,Erode,Sandstone,23.22,12.388272,76.380834,Active
Mine_09217,Erode,Salt,32.76,8.237578,79.870193,Active
Mine_09218,Karur,Limestone,5.76,9.414994,79.930819,Active
Mine_09219,Cuddalore,Granite,16.21,10.336725,78.282,Active
Mine_09220,Namakkal,Silica Sand,8.67,8.538324,78.399833,Active
Mine_09221,Tiruppur,Granite,97.52,10.194481,79.16826,Closed
Mine_09222,Tiruppur,Silica Sand,4.13,10.101049,80.46561,Active
Mine_09223,Ariyalur,Limestone,54.47,11.774792,78.6046,Active
Mine_09224,Dharmapuri,Sandstone,125.2,10.800237,78.655859,Active
Mine_09225,Salem,Granite,3.79,10.227506,76.919491,Active
Mine_09226,Virudhunagar,Sand,34.65,9.22002,76.934906,Active
Mine_09227,Salem,Limestone,22.69,9.3004,79.439163,Active
Mine_09228,Ariyalur,Salt,40.87,11.326073,80.086298,Active
Mine_09229,Namakkal,Silica Sand,51.23,9.944393,80.439351,Active
Mine_09230,Perambalur,Marble,77.81,8.430121,79.851559,Active
Mine_09231,Erode,Granite,15.42,9.855048,80.134065,Active
Mine_09232,Coimbatore,Silica Sand,13.95,12.41835,78.426014,Active
Mine_09233,Tuticorin,Iron Ore,106.37,12.15865,78.331029,Closed
Mine_09234,Karur,Salt,67.52,12.686229,78.618394,Active
Mine_09235,Tiruvannamalai,Sand,1.0,12.214415,80.045926,Active
Mine_09236,Vellore,Sand,21.0,8.431549,79.070039,Active
Mine_09237,Madurai,Sand,67.17,9.578054,79.046806,Active
Mine_09238,Namakkal,Sand,16.62,11.925395,79.393091,Closed
Mine_09239,Virudhunagar,Granite,12.9,9.288358,78.33389,Active
Mine_09240,Ariyalur,Iron Ore,13.6,8.005385,77.634655,Active
Mine_09241,Kanyakumari,Salt,11.95,13.420042,77.178169,Active
Mine_09242,Salem,Granite,32.9,10.797426,78.984244,Active
Mine_09243,Madurai,Marble,17.66,9.904137,80.149369,Active
Mine_09244,Virudhunagar,Iron Ore,22.62,10.248955,76.018892,Active
Mine_09245,Namakkal,Iron Ore,99.93,10.600882,79.819929,Active
Mine_09246,Madurai,Silica Sand,4.38,12.417509,78.384021,Active
Mine_09247,Coimbatore,Iron Ore,58.17,11.592998,80.25325,Active
Mine_09248,Virudhunagar,Sandstone,48.22,9.402009,77.457345,Active
Mine_09249,Salem,Marble,70.76,11.171923,76.491192,Active
Mine_09250,Krishnagiri,Sandstone,78.54,8.345813,79.900141,Active
Mine_09251,Tuticorin,Limestone,4.73,8.999335,79.614679,Active
Mine_09252,Krishnagiri,Granite,94.21,9.587008,76.654527,Active
Mine_09253,Erode,Marble,18.1,12.521837,79.821525,Closed
Mine_09254,Perambalur,Granite,7.6,10.456469,79.956701,Active
Mine_09255,Kanyakumari,Salt,6.63,9.072057,76.939892,Active
Mine_09256,Dharmapuri,Sand,33.1,13.268844,79.276136,Active
Mine_09257,Erode,Sand,3.78,8.924096,77.198327,Active
Mine_09258,Salem,Limestone,17.61,13.081215,78.460815,Closed
Mine_09259,Namakkal,Salt,31.59,10.499653,76.071836,Active
Mine_09260,Perambalur,Iron Ore,3.05,12.053199,78.800537,Active
Mine_09261,Tiruvannamalai,Sandstone,36.31,10.38902,77.994466,Active
Mine_09262,Erode,Iron Ore,32.14,8.474833,77.833433,Active
Mine_09263,Krishnagiri,Silica Sand,48.24,12.242501,78.071177,Active
Mine_09264,Salem,Sandstone,32.41,12.787417,78.165158,Active
Mine_09265,Perambalur,Limestone,22.45,8.005567,77.801846,Active
Mine_09266,Tiruppur,Granite,15.51,9.114011,76.556974,Active
Mine_09267,Erode,Granite,3.16,12.891155,76.895138,Active
Mine_09268,Erode,Iron Ore,72.96,9.394692,79.633286,Active
Mine_09269,Tuticorin,Marble,87.98,12.822462,78.57396,Active
Mine_09270,Coimbatore,Marble,36.93,12.629299,78.546674,Active
Mine_09271,Vellore,Salt,90.67,12.123317,79.728104,Active
Mine_09272,Tiruvannamalai,Marble,20.07,9.737653,79.732562,Active
Mine_09273,Coimbatore,Granite,22.35,11.744965,76.790424,Active
Mine_09274,Virudhunagar,Silica Sand,49.56,11.873665,76.51272,Active
Mine_09275,Cuddalore,Limestone,39.6,8.087956,78.696674,Active
Mine_09276,Dindigul,Granite,6.52,10.66103,76.519841,Active
Mine_09277,Tirunelveli,Sandstone,76.5,13.096669,77.969752,Active
Mine_09278,Tiruppur,Marble,20.51,10.921847,79.555835,Active
Mine_09279,Dindigul,Limestone,75.59,13.03787,76.553544,Active
Mine_09280,Tuticorin,Salt,11.3,8.377453,78.319262,Active
Mine_09281,Perambalur,Marble,1.0,10.13613,77.325123,Active
Mine_09282,Dindigul,Silica Sand,21.16,12.261314,77.899189,Active
Mine_09283,Tuticorin,Marble,86.91,8.042748,80.028865,Active
Mine_09284,Perambalur,Iron Ore,99.13,12.779238,76.168794,Closed
Mine_09285,Coimbatore,Salt,66.79,9.907368,78.97383,Active
Mine_09286,Dharmapuri,Marble,34.58,12.788753,78.840949,Active
Mine_09287,Karur,Sand,37.06,11.069003,77.829235,Active
Mine_09288,Perambalur,Salt,13.77,9.216922,77.580716,Active
Mine_09289,Salem,Iron Ore,14.12,13.210689,77.178817,Active
Mine_09290,Coimbatore,Iron Ore,43.73,10.529718,78.560985,Active
Mine_09291,Madurai,Iron Ore,58.14,12.218967,77.069002,Active
Mine_09292,Tiruvannamalai,Silica Sand,41.49,8.006351,79.536709,Active
Mine_09293,Namakkal,Marble,13.27,13.103491,78.259487,Active
Mine_09294,Tiruvannamalai,Salt,91.06,9.314651,77.862809,Active
Mine_09295,Virudhunagar,Marble,50.71,9.430739,77.889055,Active
Mine_09296,Kanyakumari,Iron Ore,1.0,10.019622,79.835905,Closed
Mine_09297,Madurai,Silica Sand,11.08,10.536982,79.356278,Active
Mine_09298,Coimbatore,Salt,21.89,10.691759,77.288368,Active
Mine_09299,Kanyakumari,Limestone,8.0,11.836235,79.992825,Active
Mine_09300,Vellore,Silica Sand,63.94,8.804298,77.533933,Active
Mine_09301,Cuddalore,Iron Ore,110.53,11.899995,77.598897,Active
Mine_09302,Virudhunagar,Sandstone,12.59,8.650126,76.588438,Active
Mine_09303,Tuticorin,Limestone,42.83,10.496392,79.281841,Active
Mine_09304,Madurai,Marble,9.04,9.719209,77.549909,Active
Mine_09305,Namakkal,Granite,22.33,13.23555,78.100942,Active
Mine_09306,Kanyakumari,Granite,28.19,9.579064,79.523453,Closed
Mine_09307,Vellore,Salt,20.09,11.205834,78.318781,Active
Mine_09308,Dindigul,Limestone,1.87,8.736474,76.968364,Active
Mine_09309,Tiruvannamalai,Iron Ore,15.72,13.300592,76.777873,Active
Mine_09310,Theni,Granite,19.71,9.134717,77.760818,Active
Mine_09311,Tirunelveli,Granite,34.21,12.225041,78.375393,Active
Mine_09312,Tirunelveli,Sandstone,3.25,12.448299,77.843086,Closed
Mine_09313,Krishnagiri,Limestone,9.98,8.670757,78.065188,Active
Mine_09314,Virudhunagar,Granite,85.18,11.944937,78.530135,Active
Mine_09315,Dindigul,Limestone,2.15,9.059234,79.04221,Closed
Mine_09316,Karur,Sandstone,1.56,11.538135,76.876091,Active
Mine_09317,Tiruvannamalai,Limestone,32.66,13.1284,78.186103,Active
Mine_09318,Erode,Sand,15.77,12.279742,78.114678,Active
Mine_09319,Virudhunagar,Limestone,17.99,13.441579,76.674158,Closed
Mine_09320,Tiruppur,Marble,40.18,8.254055,76.458042,Active
Mine_09321,Tiruvannamalai,Granite,1.0,10.652948,78.815847,Active
Mine_09322,Tiruvannamalai,Limestone,37.75,11.332095,78.277191,Active
Mine_09323,Tirunelveli,Marble,45.4,8.888001,77.767121,Active
Mine_09324,Kanyakumari,Sand,93.03,11.946066,77.937377,Active
Mine_09325,Tiruppur,Iron Ore,11.86,12.920609,79.183173,Active
Mine_09326,Erode,Salt,7.84,9.72423,76.56493,Active
Mine_09327,Cuddalore,Sandstone,2.64,10.416086,77.822495,Active
Mine_09328,Kanyakumari,Marble,7.01,8.486226,79.295974,Active
Mine_09329,Salem,Iron Ore,32.77,10.209331,79.079497,Closed
Mine_09330,Namakkal,Silica Sand,1.36,12.82723,77.913657,Active
Mine_09331,Tiruvannamalai,Silica Sand,42.31,10.066607,78.787878,Closed
Mine_09332,Madurai,Silica Sand,22.64,8.824276,79.510455,Active
Mine_09333,Coimbatore,Iron Ore,88.96,12.692703,78.514718,Active
Mine_09334,Madurai,Sandstone,33.52,9.736783,79.441399,Active
Mine_09335,Tuticorin,Marble,26.83,11.654854,77.544621,Active
Mine_09336,Tirunelveli,Granite,13.81,9.7087,80.212246,Active
Mine_09337,Vellore,Iron Ore,33.19,8.308806,78.922786,Active
Mine_09338,Dharmapuri,Sand,11.0,8.987445,78.805096,Active
Mine_09339,Vellore,Iron Ore,28.9,11.822246,80.012285,Active
Mine_09340,Virudhunagar,Marble,20.43,11.941892,79.987682,Active
Mine_09341,Cuddalore,Sandstone,196.83,8.691795,76.769083,Active
Mine_09342,Salem,Iron Ore,62.5,13.340546,77.614712,Active
Mine_09343,Ariyalur,Granite,49.62,10.185943,76.825642,Active
Mine_09344,Dharmapuri,Limestone,27.26,12.088832,76.981766,Active
Mine_09345,Salem,Sand,14.31,12.70488,77.936904,Active
Mine_09346,Perambalur,Silica Sand,6.31,9.12755,77.137464,Active
Mine_09347,Cuddalore,Sandstone,49.75,9.935507,79.557329,Closed
Mine_09348,Madurai,Sandstone,17.47,13.06577,78.307396,Active
Mine_09349,Salem,Marble,60.71,9.875717,79.647855,Active
Mine_09350,Vellore,Iron Ore,36.01,11.560059,79.954703,Active
Mine_09351,Dharmapuri,Salt,33.26,10.750857,77.812914,Active
Mine_09352,Tuticorin,Iron Ore,33.5,10.015361,77.548323,Active
Mine_09353,Tiruppur,Sand,69.75,10.46102,76.863344,Active
Mine_09354,Virudhunagar,Salt,38.14,12.286201,80.14419,Active
Mine_09355,Dindigul,Granite,1.0,12.329904,76.6735,Active
Mine_09356,Krishnagiri,Marble,57.81,9.591172,78.507642,Active
Mine_09357,Ariyalur,Iron Ore,14.33,9.568005,76.262091,Active
Mine_09358,Theni,Granite,49.59,10.628046,79.858291,Active
Mine_09359,Namakkal,Marble,35.17,10.147517,78.345841,Active
Mine_09360,Dindigul,Iron Ore,4.6,8.079933,77.530843,Active
Mine_09361,Tirunelveli,Silica Sand,110.65,12.504418,76.060169,Active
Mine_09362,Vellore,Iron Ore,31.28,11.462474,80.332333,Active
Mine_09363,Dindigul,Silica Sand,20.01,10.60003,76.899424,Active
Mine_09364,Tuticorin,Granite,48.33,9.799381,76.628269,Active
Mine_09365,Erode,Marble,35.95,11.249541,80.176239,Active
Mine_09366,Dindigul,Limestone,24.84,8.961136,79.760374,Active
Mine_09367,Tirunelveli,Sand,14.78,9.784794,77.84537,Active
Mine_09368,Salem,Granite,100.61,9.942537,76.457599,Active
Mine_09369,Theni,Sandstone,131.46,13.062986,76.475856,Active
Mine_09370,Karur,Sand,40.25,10.913559,76.978473,Active
Mine_09371,Madurai,Silica Sand,69.03,11.787541,76.813602,Active
Mine_09372,Theni,Salt,39.23,8.397389,78.763232,Active
Mine_09373,Kanyakumari,Limestone,11.31,9.423931,80.229146,Active
Mine_09374,Tiruppur,Iron Ore,51.54,10.043031,76.475,Active
Mine_09375,Krishnagiri,Sand,1.43,11.659442,79.165415,Active
Mine_09376,Perambalur,Granite,13.94,10.672946,80.027962,Active
Mine_09377,Madurai,Iron Ore,50.9,12.010114,77.326348,Active
Mine_09378,Ariyalur,Sand,6.4,10.611074,79.118704,Active
Mine_09379,Vellore,Granite,130.97,13.103681,77.880624,Active
Mine_09380,Dindigul,Silica Sand,16.08,12.361127,79.85185,Active
Mine_09381,Krishnagiri,Sandstone,45.79,11.948467,80.427132,Active
Mine_09382,Coimbatore,Iron Ore,11.91,9.246589,76.417754,Active
Mine_09383,Tiruvannamalai,Sand,103.66,10.221504,79.944775,Active
Mine_09384,Virudhunagar,Marble,24.24,8.17797,78.19129,Active
Mine_09385,Madurai,Marble,30.16,12.887369,80.211796,Active
Mine_09386,Tirunelveli,Silica Sand,8.68,8.43601,77.498361,Active
Mine_09387,Tuticorin,Iron Ore,73.39,9.632853,77.911479,Active
Mine_09388,Erode,Salt,9.65,10.103505,77.198563,Active
Mine_09389,Theni,Limestone,33.11,8.555038,77.868484,Active
Mine_09390,Theni,Marble,21.15,11.589885,77.668562,Active
Mine_09391,Cuddalore,Salt,1.48,9.840966,78.197859,Active
Mine_09392,Cuddalore,Granite,103.03,10.712174,78.143449,Active
Mine_09393,Ariyalur,Marble,58.53,8.572789,77.722841,Active
Mine_09394,Kanyakumari,Sand,43.71,12.74399,79.950618,Active
Mine_09395,Perambalur,Sand,119.87,12.497576,76.571433,Active
Mine_09396,Tuticorin,Sandstone,30.15,10.087441,78.392381,Active
Mine_09397,Tuticorin,Sand,61.98,11.813632,76.507464,Active
Mine_09398,Erode,Sand,16.43,11.117956,80.325713,Active
Mine_09399,Vellore,Iron Ore,26.2,12.061384,77.485501,Active
Mine_09400,Dindigul,Sandstone,41.36,12.359013,80.396558,Active
Mine_09401,Namakkal,Granite,13.85,13.10134,78.403946,Active
Mine_09402,Dharmapuri,Salt,81.75,12.064803,80.20718,Active
Mine_09403,Kanyakumari,Sand,62.77,12.482715,78.687682,Active
Mine_09404,Namakkal,Salt,20.95,10.89873,79.331332,Active
Mine_09405,Perambalur,Salt,28.23,13.168858,76.673455,Active
Mine_09406,Salem,Sandstone,24.53,10.184667,76.738896,Active
Mine_09407,Tiruppur,Silica Sand,5.41,9.621281,76.320483,Active
Mine_09408,Ariyalur,Limestone,26.3,9.130948,76.818303,Active
Mine_09409,Erode,Limestone,50.37,9.686995,79.141486,Active
Mine_09410,Namakkal,Limestone,13.83,12.804169,78.923976,Active
Mine_09411,Erode,Iron Ore,11.24,10.244998,78.588457,Active
Mine_09412,Madurai,Sandstone,48.01,11.895824,78.997335,Active
Mine_09413,Perambalur,Salt,8.6,13.399071,76.802884,Active
Mine_09414,Krishnagiri,Silica Sand,96.32,11.07661,78.679671,Active
Mine_09415,Dharmapuri,Silica Sand,45.74,9.970095,80.210532,Active
Mine_09416,Tuticorin,Granite,28.12,10.625453,77.801371,Active
Mine_09417,Erode,Granite,41.16,9.334938,78.72238,Closed
Mine_09418,Dindigul,Silica Sand,14.94,9.10374,77.196132,Closed
Mine_09419,Tuticorin,Silica Sand,22.62,8.216801,79.302936,Active
Mine_09420,Erode,Limestone,31.92,9.412017,80.131085,Active
Mine_09421,Kanyakumari,Salt,136.92,12.776021,79.628211,Active
Mine_09422,Vellore,Limestone,24.3,9.151666,80.458969,Active
Mine_09423,Cuddalore,Marble,1.0,10.408549,76.134532,Closed
Mine_09424,Salem,Marble,44.72,11.471712,79.505808,Active
Mine_09425,Dindigul,Iron Ore,48.58,8.973999,79.071569,Active
Mine_09426,Virudhunagar,Salt,88.64,8.092508,77.027974,Active
Mine_09427,Virudhunagar,Granite,72.28,9.394898,79.393592,Active
Mine_09428,Erode,Sand,1.0,12.090667,76.838098,Active
Mine_09429,Madurai,Sandstone,28.54,8.495178,79.580579,Active
Mine_09430,Tuticorin,Salt,21.83,9.112281,78.640842,Active
Mine_09431,Namakkal,Limestone,70.08,11.633825,76.054688,Active
Mine_09432,Dindigul,Silica Sand,98.66,11.990695,78.752266,Active
Mine_09433,Salem,Sand,6.23,10.479107,79.064687,Closed
Mine_09434,Dharmapuri,Marble,14.46,9.337354,78.574724,Active
Mine_09435,Virudhunagar,Sandstone,16.89,12.326266,78.937161,Active
Mine_09436,Erode,Silica Sand,4.62,10.921072,76.70245,Active
Mine_09437,Virudhunagar,Limestone,13.73,9.358495,78.142281,Active
Mine_09438,Virudhunagar,Granite,14.49,10.218824,77.544829,Active
Mine_09439,Dharmapuri,Limestone,32.61,9.987383,78.710959,Active
Mine_09440,Karur,Granite,24.09,8.428651,78.435706,Active
Mine_09441,Krishnagiri,Iron Ore,60.17,11.225367,77.068844,Active
Mine_09442,Erode,Salt,56.93,9.377815,79.074507,Active
Mine_09443,Perambalur,Silica Sand,76.58,12.810999,78.41609,Active
Mine_09444,Salem,Granite,5.79,12.594435,78.431831,Closed
Mine_09445,Madurai,Sand,22.66,11.729211,78.824774,Closed
Mine_09446,Theni,Silica Sand,15.61,12.394168,78.734384,Active
Mine_09447,Theni,Silica Sand,31.15,9.019367,77.599688,Active
Mine_09448,Theni,Granite,35.8,10.757151,79.820117,Closed
Mine_09449,Ariyalur,Iron Ore,24.82,11.716825,79.278115,Closed
Mine_09450,Namakkal,Limestone,13.6,10.927695,77.936374,Active
Mine_09451,Coimbatore,Iron Ore,89.34,10.697366,78.412036,Active
Mine_09452,Perambalur,Marble,28.57,13.1558,76.590051,Active
Mine_09453,Salem,Sand,57.86,11.565077,80.332304,Active
Mine_09454,Tiruppur,Salt,67.68,13.016352,78.378482,Active
Mine_09455,Cuddalore,Sand,62.71,10.589642,78.930247,Closed
Mine_09456,Tuticorin,Limestone,1.6,12.761613,78.205865,Active
Mine_09457,Salem,Silica Sand,35.14,8.444054,76.727775,Active
Mine_09458,Tuticorin,Iron Ore,12.67,13.316603,76.471648,Closed
Mine_09459,Ariyalur,Salt,61.94,8.038394,77.562131,Active
Mine_09460,Madurai,Silica Sand,16.17,8.502994,79.839455,Active
Mine_09461,Kanyakumari,Marble,8.88,9.513418,77.032599,Active
Mine_09462,Vellore,Iron Ore,8.13,10.493956,78.987683,Closed
Mine_09463,Virudhunagar,Marble,6.75,12.850912,79.200694,Active
Mine_09464,Vellore,Sandstone,20.32,10.807462,77.611381,Closed
Mine_09465,Kanyakumari,Sandstone,41.89,10.017897,76.06471,Active
Mine_09466,Tirunelveli,Sandstone,5.32,11.456078,78.458496,Active
Mine_09467,Vellore,Granite,86.42,8.741768,76.385543,Active
Mine_09468,Cuddalore,Salt,26.86,9.161866,76.313374,Active
Mine_09469,Salem,Granite,57.58,10.625554,77.818231,Closed
Mine_09470,Kanyakumari,Sand,47.39,9.231071,77.17671,Active
Mine_09471,Tiruvannamalai,Sandstone,4.7,10.170157,79.991662,Active
Mine_09472,Erode,Sand,118.75,9.720587,76.066449,Active
Mine_09473,Tirunelveli,Marble,29.82,10.332069,79.330302,Active
Mine_09474,Tuticorin,Iron Ore,5.88,9.057784,79.017492,Active
Mine_09475,Vellore,Marble,73.51,13.21133,77.927045,Active
Mine_09476,Dindigul,Iron Ore,109.79,10.144238,77.588772,Active
Mine_09477,Namakkal,Granite,78.55,9.750088,78.022558,Active
Mine_09478,Perambalur,Iron Ore,37.32,11.231858,77.327051,Active
Mine_09479,Tiruvannamalai,Salt,17.57,10.963151,76.646869,Closed
Mine_09480,Coimbatore,Iron Ore,47.63,9.434392,76.006675,Active
Mine_09481,Dindigul,Marble,9.91,9.832545,76.576258,Active
Mine_09482,Dindigul,Marble,27.97,13.493979,78.735703,Closed
Mine_09483,Namakkal,Marble,8.53,8.592548,79.853087,Active
Mine_09484,Vellore,Granite,14.15,9.96319,77.353436,Active
Mine_09485,Erode,Iron Ore,95.23,9.777815,77.10946,Active
Mine_09486,Cuddalore,Iron Ore,175.23,11.014482,78.143674,Active
Mine_09487,Perambalur,Sandstone,95.86,11.253385,79.397355,Active
Mine_09488,Tirunelveli,Iron Ore,96.25,11.280895,79.223045,Active
Mine_09489,Kanyakumari,Silica Sand,74.67,11.513205,79.085427,Active
Mine_09490,Tiruvannamalai,Marble,66.8,8.382619,77.683231,Active
Mine_09491,Tiruppur,Granite,27.87,10.688432,78.491975,Active
Mine_09492,Cuddalore,Sand,12.52,11.116846,79.752839,Active
Mine_09493,Salem,Granite,40.02,12.134598,80.295354,Active
Mine_09494,Theni,Salt,26.32,9.29667,80.332368,Closed
Mine_09495,Kanyakumari,Granite,61.46,10.367855,79.104932,Active
Mine_09496,Tiruvannamalai,Sandstone,57.07,13.104089,78.198871,Active
Mine_09497,Cuddalore,Silica Sand,10.2,9.267142,79.096107,Active
Mine_09498,Tirunelveli,Granite,39.12,10.607791,77.552363,Active
Mine_09499,Tirunelveli,Iron Ore,15.89,11.901742,77.566945,Active
Mine_09500,Dindigul,Sand,52.08,12.761718,78.254249,Active
Mine_09501,Ariyalur,Limestone,7.68,13.162375,77.379941,Active
Mine_09502,Kanyakumari,Sand,21.43,8.303541,77.842844,Active
Mine_09503,Madurai,Granite,14.21,9.244675,77.888919,Active
Mine_09504,Virudhunagar,Silica Sand,58.45,9.851736,76.059331,Active
Mine_09505,Dindigul,Sand,29.94,10.580681,78.623883,Active
Mine_09506,Vellore,Limestone,158.6,10.906031,80.151089,Active
Mine_09507,Theni,Sandstone,6.32,9.836923,79.264559,Active
Mine_09508,Tirunelveli,Marble,161.51,12.321242,78.573981,Active
Mine_09509,Namakkal,Granite,4.45,9.799215,78.72877,Active
Mine_09510,Krishnagiri,Marble,3.81,10.347372,79.479072,Active
Mine_09511,Dindigul,Granite,43.56,10.159904,80.376307,Active
Mine_09512,Vellore,Limestone,1.03,10.298606,79.729186,Active
Mine_09513,Tuticorin,Salt,15.76,8.888384,79.377594,Closed
Mine_09514,Tuticorin,Silica Sand,28.29,12.144463,78.704365,Active
Mine_09515,Karur,Sand,51.63,13.466538,78.666081,Active
Mine_09516,Tiruppur,Marble,30.78,13.015738,79.839949,Active
Mine_09517,Krishnagiri,Marble,74.93,9.565707,79.994281,Active
Mine_09518,Tiruvannamalai,Salt,15.58,9.724954,77.119886,Closed
Mine_09519,Karur,Sand,23.85,11.370236,76.437636,Active
Mine_09520,Karur,Silica Sand,18.72,9.786268,76.118652,Active
Mine_09521,Kanyakumari,Limestone,26.61,9.770194,76.034262,Active
Mine_09522,Ariyalur,Granite,21.98,11.365967,77.349578,Active
Mine_09523,Tiruvannamalai,Limestone,51.64,10.506224,78.093047,Active
Mine_09524,Krishnagiri,Salt,1.0,13.08116,77.322726,Active
Mine_09525,Coimbatore,Granite,1.91,12.87305,76.758308,Active
Mine_09526,Kanyakumari,Sandstone,15.28,12.582854,76.963136,Active
Mine_09527,Salem,Iron Ore,24.89,11.461498,79.279187,Active
Mine_09528,Virudhunagar,Limestone,8.06,13.484562,80.315806,Active
Mine_09529,Dindigul,Sand,6.35,12.87344,76.23827,Active
Mine_09530,Dindigul,Granite,83.35,13.21792,76.922464,Active
Mine_09531,Ariyalur,Sandstone,85.0,11.511457,80.492427,Active
Mine_09532,Coimbatore,Salt,24.8,11.830775,79.014117,Closed
Mine_09533,Dharmapuri,Iron Ore,64.1,11.143873,78.025667,Active
Mine_09534,Dindigul,Limestone,4.63,8.689845,77.915954,Active
Mine_09535,Namakkal,Marble,1.63,11.971039,77.413907,Closed
Mine_09536,Cuddalore,Salt,56.98,8.055629,76.043392,Active
Mine_09537,Coimbatore,Granite,87.89,9.002414,78.145581,Active
Mine_09538,Dindigul,Limestone,1.0,12.051745,76.107212,Active
Mine_09539,Kanyakumari,Marble,38.56,8.303296,77.155,Active
Mine_09540,Tirunelveli,Marble,25.08,9.138971,76.169908,Active
Mine_09541,Erode,Marble,88.24,11.245193,77.478361,Active
Mine_09542,Tiruppur,Sandstone,21.05,9.519401,79.921075,Active
Mine_09543,Tiruppur,Salt,31.67,9.594904,77.919988,Active
Mine_09544,Coimbatore,Sandstone,33.22,11.558935,76.658837,Active
Mine_09545,Ariyalur,Iron Ore,21.13,9.290488,78.045818,Active
Mine_09546,Kanyakumari,Granite,2.81,12.350396,78.130201,Closed
Mine_09547,Theni,Silica Sand,93.27,9.368453,80.228854,Active
Mine_09548,Dharmapuri,Silica Sand,2.18,12.208469,79.862807,Active
Mine_09549,Dindigul,Marble,172.08,10.255326,76.113231,Active
Mine_09550,Erode,Sand,88.79,13.159582,80.093091,Active
Mine_09551,Theni,Sandstone,1.0,10.000522,80.080853,Active
Mine_09552,Madurai,Salt,11.31,11.052074,80.038757,Active
Mine_09553,Namakkal,Silica Sand,42.57,9.617824,76.763667,Active
Mine_09554,Theni,Limestone,35.06,12.973922,78.384177,Active
Mine_09555,Kanyakumari,Iron Ore,50.0,11.567815,76.972819,Active
Mine_09556,Tiruvannamalai,Salt,36.01,11.678673,79.120077,Active
Mine_09557,Ariyalur,Iron Ore,20.54,9.29623,79.490234,Active
Mine_09558,Karur,Silica Sand,1.0,9.792291,79.764259,Active
Mine_09559,Ariyalur,Iron Ore,36.94,12.485451,77.355586,Active
Mine_09560,Dindigul,Limestone,1.15,10.985138,80.433278,Closed
Mine_09561,Vellore,Salt,45.89,9.591162,76.242619,Active
Mine_09562,Coimbatore,Sand,102.85,12.687441,77.429712,Active
Mine_09563,Ariyalur,Limestone,167.48,10.390089,76.145947,Active
Mine_09564,Theni,Granite,79.12,13.404852,80.080704,Active
Mine_09565,Cuddalore,Limestone,1.0,9.156638,79.594205,Active
Mine_09566,Perambalur,Sand,1.0,12.021046,77.125312,Active
Mine_09567,Tiruvannamalai,Granite,32.09,8.41043,79.929093,Closed
Mine_09568,Tirunelveli,Sand,9.99,12.200588,76.807894,Active
Mine_09569,Madurai,Salt,30.02,12.513929,79.399961,Active
Mine_09570,Vellore,Marble,76.48,11.575569,76.266406,Active
Mine_09571,Salem,Sand,7.58,11.750527,78.856809,Active
Mine_09572,Tirunelveli,Granite,66.79,10.061547,77.11144,Active
Mine_09573,Tiruppur,Marble,32.15,8.260785,79.770295,Active
Mine_09574,Madurai,Granite,10.11,8.152365,77.730548,Active
Mine_09575,Tuticorin,Marble,37.86,9.773916,77.728976,Active
Mine_09576,Tirunelveli,Sand,41.04,12.005893,78.339641,Active
Mine_09577,Coimbatore,Silica Sand,29.21,12.291682,79.749557,Active
Mine_09578,Ariyalur,Marble,16.14,8.110856,77.329524,Active
Mine_09579,Perambalur,Marble,35.24,8.219421,77.165979,Active
Mine_09580,Ariyalur,Granite,21.84,8.938716,78.839035,Active
Mine_09581,Perambalur,Salt,9.69,13.231244,79.380075,Active
Mine_09582,Cuddalore,Silica Sand,135.82,8.53217,77.219522,Active
Mine_09583,Krishnagiri,Sandstone,23.33,11.288917,79.674234,Active
Mine_09584,Erode,Silica Sand,52.46,10.969745,80.357673,Closed
Mine_09585,Theni,Sand,21.81,13.143177,79.345771,Active
Mine_09586,Perambalur,Limestone,63.61,8.579047,78.421109,Active
Mine_09587,Tuticorin,Marble,33.73,9.420776,79.819876,Active
Mine_09588,Namakkal,Marble,82.35,13.279325,78.419804,Active
Mine_09589,Namakkal,Silica Sand,5.24,11.48217,77.804083,Closed
Mine_09590,Vellore,Salt,61.39,9.096024,79.146368,Closed
Mine_09591,Perambalur,Salt,63.33,8.47551,78.167244,Active
Mine_09592,Madurai,Granite,22.31,11.81871,78.152173,Active
Mine_09593,Erode,Limestone,9.05,11.904523,76.550487,Active
Mine_09594,Salem,Sandstone,11.69,9.778127,78.849374,Closed
Mine_09595,Coimbatore,Silica Sand,6.25,11.698242,76.704625,Active
Mine_09596,Theni,Marble,18.96,12.657576,79.594205,Active
Mine_09597,Vellore,Sandstone,30.98,8.098366,80.343556,Active
Mine_09598,Erode,Sandstone,45.37,13.152667,77.117031,Closed
Mine_09599,Perambalur,Marble,21.96,13.211247,78.570234,Active
Mine_09600,Namakkal,Silica Sand,1.0,12.645421,76.002801,Active
Mine_09601,Tiruvannamalai,Iron Ore,23.27,10.389689,79.777601,Closed
Mine_09602,Namakkal,Marble,53.6,11.939346,78.385563,Active
Mine_09603,Vellore,Limestone,60.65,8.395167,78.936416,Active
Mine_09604,Erode,Limestone,105.01,12.278611,76.986664,Active
Mine_09605,Perambalur,Granite,181.65,11.841337,79.108109,Active
Mine_09606,Tiruppur,Marble,35.18,12.427762,77.779383,Active
Mine_09607,Perambalur,Salt,65.65,8.816162,77.189764,Active
Mine_09608,Ariyalur,Limestone,1.0,10.05824,77.372924,Active
Mine_09609,Dindigul,Salt,1.0,8.207392,77.150401,Active
Mine_09610,Coimbatore,Limestone,13.64,11.765238,79.684394,Active
Mine_09611,Salem,Silica Sand,69.84,11.778228,77.545975,Active
Mine_09612,Erode,Salt,55.43,9.219156,77.32764,Closed
Mine_09613,Vellore,Sandstone,41.02,13.169986,76.409204,Active
Mine_09614,Kanyakumari,Iron Ore,12.4,11.735444,79.255616,Active
Mine_09615,Coimbatore,Silica Sand,34.98,9.953049,77.708576,Active
Mine_09616,Perambalur,Granite,39.22,8.741369,80.470042,Active
Mine_09617,Theni,Silica Sand,17.85,12.856985,77.906047,Active
Mine_09618,Namakkal,Silica Sand,79.15,8.194584,77.953737,Active
Mine_09619,Kanyakumari,Sand,37.63,8.952941,79.986074,Active
Mine_09620,Cuddalore,Sand,24.93,11.844189,78.029571,Active
Mine_09621,Ariyalur,Limestone,19.42,8.775197,76.358504,Active
Mine_09622,Karur,Marble,1.81,8.898203,77.909623,Active
Mine_09623,Tiruppur,Silica Sand,137.6,10.349035,77.816797,Active
Mine_09624,Vellore,Marble,36.26,10.30002,77.772138,Active
Mine_09625,Tirunelveli,Limestone,124.52,11.953372,79.111263,Closed
Mine_09626,Coimbatore,Iron Ore,47.39,8.422039,76.412782,Closed
Mine_09627,Dindigul,Marble,32.64,9.177774,78.625776,Closed
Mine_09628,Tiruvannamalai,Sand,25.0,10.547402,77.95438,Active
Mine_09629,Theni,Granite,1.8,12.462422,79.669496,Active
Mine_09630,Coimbatore,Silica Sand,55.09,10.586179,80.162351,Active
Mine_09631,Ariyalur,Limestone,1.03,12.250366,79.052124,Active
Mine_09632,Coimbatore,Silica Sand,26.92,9.621891,76.04973,Active
Mine_09633,Vellore,Sandstone,30.86,12.639373,77.425915,Active
Mine_09634,Cuddalore,Silica Sand,103.51,12.054174,76.239829,Active
Mine_09635,Madurai,Granite,63.13,10.344235,80.474696,Closed
Mine_09636,Madurai,Limestone,7.47,10.416418,80.173409,Active
Mine_09637,Theni,Granite,17.47,13.138486,77.657174,Active
Mine_09638,Vellore,Salt,6.72,9.298137,78.456024,Active
Mine_09639,Cuddalore,Sand,2.64,8.164673,80.052526,Active
Mine_09640,Kanyakumari,Granite,14.15,11.78212,77.281251,Active
Mine_09641,Cuddalore,Granite,43.53,11.309123,76.578518,Active
Mine_09642,Madurai,Sand,5.99,11.386125,80.253532,Active
Mine_09643,Coimbatore,Iron Ore,58.02,9.853091,80.300072,Active
Mine_09644,Tirunelveli,Sandstone,16.48,9.315186,78.925094,Active
Mine_09645,Theni,Sand,99.93,12.189921,77.170303,Active
Mine_09646,Erode,Granite,5.86,8.181482,78.218132,Active
Mine_09647,Dindigul,Silica Sand,7.56,8.129702,78.381615,Active
Mine_09648,Namakkal,Silica Sand,190.3,11.499638,79.62713,Active
Mine_09649,Theni,Silica Sand,22.51,10.506895,79.9809,Active
Mine_09650,Theni,Sandstone,86.34,10.535341,79.153326,Active
Mine_09651,Ariyalur,Iron Ore,17.42,11.565664,79.672395,Active
Mine_09652,Tuticorin,Sand,40.03,12.910343,79.22613,Active
Mine_09653,Karur,Iron Ore,32.11,10.538872,77.149643,Active
Mine_09654,Dindigul,Granite,26.65,12.6527,76.452875,Active
Mine_09655,Krishnagiri,Salt,18.4,10.697498,77.118209,Closed
Mine_09656,Tuticorin,Granite,103.49,10.180959,78.485303,Active
Mine_09657,Karur,Silica Sand,68.6,12.956608,76.939361,Active
Mine_09658,Cuddalore,Salt,103.33,13.038861,77.75245,Active
Mine_09659,Tirunelveli,Sand,83.84,13.121755,78.829489,Active
Mine_09660,Virudhunagar,Iron Ore,89.77,11.017528,78.637694,Active
Mine_09661,Tiruvannamalai,Sandstone,1.0,8.311381,76.137986,Active
Mine_09662,Cuddalore,Iron Ore,77.91,12.855813,77.602391,Active
Mine_09663,Salem,Salt,41.4,8.911578,80.277558,Closed
Mine_09664,Coimbatore,Marble,23.94,11.015406,76.414367,Active
Mine_09665,Kanyakumari,Granite,131.97,8.152955,80.105994,Active
Mine_09666,Dharmapuri,Salt,75.78,8.071399,78.354841,Closed
Mine_09667,Perambalur,Silica Sand,12.81,10.541183,80.291002,Active
Mine_09668,Tiruppur,Limestone,62.82,8.90083,76.491806,Active
Mine_09669,Ariyalur,Salt,4.35,9.676117,77.835077,Active
Mine_09670,Tuticorin,Sand,12.07,11.626674,79.272186,Active
Mine_09671,Coimbatore,Iron Ore,8.16,10.936912,77.638925,Active
Mine_09672,Salem,Marble,22.23,12.334447,78.582498,Active
Mine_09673,Tirunelveli,Sand,35.63,8.088506,79.744267,Active
Mine_09674,Perambalur,Granite,42.53,10.000517,76.32976,Active
Mine_09675,Dindigul,Silica Sand,65.35,12.378697,77.609552,Active
Mine_09676,Vellore,Sandstone,56.24,10.88179,78.925025,Active
Mine_09677,Namakkal,Granite,44.49,12.235872,76.699469,Active
Mine_09678,Perambalur,Silica Sand,3.96,13.284107,76.935024,Active
Mine_09679,Dharmapuri,Iron Ore,58.82,9.151888,76.973971,Active
Mine_09680,Namakkal,Marble,8.31,11.194624,79.498881,Active
Mine_09681,Ariyalur,Sandstone,33.03,11.27319,79.045525,Active
Mine_09682,Madurai,Marble,19.94,13.296453,76.444023,Active
Mine_09683,Namakkal,Granite,78.04,8.534618,76.018137,Active
Mine_09684,Salem,Salt,158.7,10.973425,77.071315,Active
Mine_09685,Tuticorin,Limestone,42.11,12.263298,80.007863,Closed
Mine_09686,Vellore,Limestone,25.54,12.528575,79.473936,Active
Mine_09687,Tiruvannamalai,Sandstone,40.31,8.156036,77.114059,Active
Mine_09688,Kanyakumari,Iron Ore,16.11,10.998289,79.742139,Active
Mine_09689,Dindigul,Granite,118.54,11.875756,76.796742,Active
Mine_09690,Krishnagiri,Limestone,12.93,10.467188,79.121532,Active
Mine_09691,Perambalur,Marble,5.87,11.284124,77.688257,Active
Mine_09692,Krishnagiri,Sandstone,21.56,9.725731,79.210836,Active
Mine_09693,Krishnagiri,Limestone,1.0,8.051811,78.519559,Active
Mine_09694,Ariyalur,Limestone,49.34,8.215933,78.324015,Active
Mine_09695,Salem,Granite,51.3,13.228635,80.038795,Active
Mine_09696,Theni,Granite,6.51,8.039373,76.485248,Closed
Mine_09697,Tiruppur,Silica Sand,90.42,11.190095,77.581345,Active
Mine_09698,Coimbatore,Silica Sand,49.89,9.562961,79.771119,Active
Mine_09699,Krishnagiri,Granite,14.69,12.76422,77.724333,Active
Mine_09700,Coimbatore,Limestone,42.19,11.716442,77.11856,Closed
Mine_09701,Krishnagiri,Iron Ore,20.06,12.698624,79.4064,Active
Mine_09702,Namakkal,Marble,6.45,11.065341,79.927749,Active
Mine_09703,Salem,Marble,54.82,10.559485,78.715585,Active
Mine_09704,Karur,Salt,13.44,8.262747,79.159823,Closed
Mine_09705,Tirunelveli,Marble,92.48,10.360962,80.052364,Active
Mine_09706,Tuticorin,Salt,95.58,13.161066,79.450553,Active
Mine_09707,Virudhunagar,Iron Ore,55.14,11.491261,79.924345,Active
Mine_09708,Dindigul,Marble,59.14,13.166237,78.453668,Active
Mine_09709,Dharmapuri,Sand,141.35,9.505377,79.993341,Active
Mine_09710,Tirunelveli,Limestone,66.76,10.518212,80.137961,Active
Mine_09711,Coimbatore,Limestone,1.0,13.401717,78.831472,Active
Mine_09712,Coimbatore,Marble,18.43,11.974039,79.015514,Closed
Mine_09713,Tirunelveli,Iron Ore,1.0,12.533661,80.153293,Active
Mine_09714,Perambalur,Marble,15.7,12.317897,79.314706,Active
Mine_09715,Tiruppur,Limestone,9.86,8.618875,77.398394,Active
Mine_09716,Salem,Silica Sand,77.95,11.897872,76.476148,Active
Mine_09717,Tuticorin,Marble,4.71,12.733045,78.164072,Active
Mine_09718,Perambalur,Limestone,53.64,11.426741,80.043309,Active
Mine_09719,Tiruvannamalai,Granite,84.37,10.057219,77.942985,Active
Mine_09720,Namakkal,Salt,15.51,11.563592,78.42696,Active
Mine_09721,Ariyalur,Sandstone,21.69,8.788886,77.278405,Active
Mine_09722,Namakkal,Granite,1.0,13.399758,79.875207,Active
Mine_09723,Theni,Iron Ore,69.29,12.987233,77.75135,Active
Mine_09724,Vellore,Iron Ore,42.71,12.461835,79.239286,Active
Mine_09725,Madurai,Marble,42.19,12.587919,76.744866,Closed
Mine_09726,Tuticorin,Granite,7.4,11.156903,78.712335,Active
Mine_09727,Theni,Silica Sand,11.23,9.29498,77.411659,Active
Mine_09728,Tiruvannamalai,Sand,138.17,8.087142,76.971565,Active
Mine_09729,Tirunelveli,Iron Ore,1.38,12.859861,78.282731,Active
Mine_09730,Krishnagiri,Silica Sand,14.59,10.788113,79.335751,Active
Mine_09731,Dharmapuri,Granite,49.3,10.882629,76.26056,Closed
Mine_09732,Virudhunagar,Silica Sand,14.57,13.185903,80.16565,Active
Mine_09733,Namakkal,Iron Ore,55.74,12.592814,76.495354,Active
Mine_09734,Madurai,Sandstone,43.7,10.986315,79.2312,Closed
Mine_09735,Tiruvannamalai,Sandstone,97.51,10.187767,76.144087,Closed
Mine_09736,Erode,Marble,5.64,12.883691,79.194691,Active
Mine_09737,Tirunelveli,Sandstone,93.33,13.221641,79.734442,Closed
Mine_09738,Cuddalore,Marble,3.47,11.92368,76.886541,Active
Mine_09739,Namakkal,Salt,65.46,8.507544,79.116613,Active
Mine_09740,Erode,Limestone,14.1,9.782064,79.845621,Active
Mine_09741,Dindigul,Sandstone,65.33,10.493863,79.936963,Active
Mine_09742,Dharmapuri,Sand,11.07,8.219241,77.278681,Active
Mine_09743,Tiruppur,Iron Ore,28.44,8.985328,80.467447,Active
Mine_09744,Virudhunagar,Marble,110.16,10.983428,76.413834,Closed
Mine_09745,Tiruvannamalai,Marble,23.57,9.314723,79.612709,Active
Mine_09746,Erode,Limestone,1.59,12.985825,77.047933,Active
Mine_09747,Cuddalore,Silica Sand,34.38,10.047505,79.446088,Closed
Mine_09748,Cuddalore,Marble,2.72,10.03338,76.489383,Active
Mine_09749,Dindigul,Salt,64.79,10.491336,78.358806,Active
Mine_09750,Ariyalur,Salt,17.92,8.371245,76.744785,Active
Mine_09751,Tiruvannamalai,Limestone,65.7,12.994029,77.117774,Active
Mine_09752,Karur,Salt,17.24,11.978504,80.363704,Active
Mine_09753,Vellore,Marble,149.5,12.261356,76.045588,Active
Mine_09754,Krishnagiri,Sandstone,12.65,8.998533,80.046509,Active
Mine_09755,Tiruppur,Salt,50.05,11.301237,77.391468,Active
Mine_09756,Krishnagiri,Sandstone,39.54,11.466577,79.837059,Active
Mine_09757,Erode,Salt,44.08,12.243331,78.97085,Active
Mine_09758,Cuddalore,Iron Ore,3.2,9.09668,76.211227,Active
Mine_09759,Kanyakumari,Limestone,7.71,11.8915,78.20108,Active
Mine_09760,Salem,Limestone,49.27,11.798623,76.437889,Closed
Mine_09761,Kanyakumari,Salt,6.81,10.492894,78.564123,Active
Mine_09762,Cuddalore,Silica Sand,54.4,12.867676,76.727575,Active
Mine_09763,Virudhunagar,Limestone,33.19,11.278552,78.932057,Active
Mine_09764,Tirunelveli,Limestone,25.71,11.00879,76.165444,Active
Mine_09765,Cuddalore,Salt,5.18,12.972272,78.861659,Closed
Mine_09766,Erode,Granite,80.18,10.884106,79.713842,Active
Mine_09767,Erode,Granite,81.58,11.117968,78.195573,Closed
Mine_09768,Tiruvannamalai,Sandstone,1.0,12.533719,80.491145,Active
Mine_09769,Krishnagiri,Sandstone,30.29,9.299193,77.363443,Active
Mine_09770,Tiruvannamalai,Iron Ore,81.49,8.712219,76.073657,Closed
Mine_09771,Madurai,Sand,26.61,8.073681,76.257052,Active
Mine_09772,Vellore,Marble,5.42,8.902549,80.050733,Closed
Mine_09773,Erode,Limestone,5.43,10.311323,77.50182,Active
Mine_09774,Tiruppur,Sandstone,111.79,13.011876,79.473544,Active
Mine_09775,Vellore,Salt,43.85,9.604344,78.387803,Active
Mine_09776,Dharmapuri,Iron Ore,21.33,9.913417,79.499875,Active
Mine_09777,Virudhunagar,Iron Ore,18.78,12.266551,80.309666,Active
Mine_09778,Vellore,Salt,63.68,11.351161,79.949547,Active
Mine_09779,Kanyakumari,Limestone,26.71,11.775689,77.427411,Active
Mine_09780,Tiruvannamalai,Marble,61.25,12.435082,76.136472,Active
Mine_09781,Dharmapuri,Granite,5.28,11.685496,79.579545,Closed
Mine_09782,Ariyalur,Silica Sand,10.32,13.0798,77.358105,Active
Mine_09783,Coimbatore,Limestone,8.45,11.776804,78.31802,Active
Mine_09784,Madurai,Limestone,15.01,12.582989,76.257823,Active
Mine_09785,Kanyakumari,Granite,32.24,12.195856,80.145362,Active
Mine_09786,Dindigul,Granite,9.61,9.579862,79.537439,Active
Mine_09787,Perambalur,Granite,72.99,12.725357,79.970974,Active
Mine_09788,Cuddalore,Granite,12.44,11.35373,77.597403,Closed
Mine_09789,Vellore,Salt,3.92,13.354778,79.322221,Closed
Mine_09790,Theni,Granite,5.52,12.127578,79.269824,Active
Mine_09791,Namakkal,Sand,44.93,13.469442,78.784328,Active
Mine_09792,Tirunelveli,Marble,39.54,9.917477,76.094706,Closed
Mine_09793,Virudhunagar,Sand,102.91,13.287654,77.063896,Active
Mine_09794,Madurai,Sandstone,7.01,11.985444,77.867288,Active
Mine_09795,Perambalur,Silica Sand,5.66,8.72594,76.914687,Active
Mine_09796,Cuddalore,Sand,11.85,9.886206,76.237303,Active
Mine_09797,Namakkal,Marble,17.15,10.087136,79.474568,Active
Mine_09798,Coimbatore,Silica Sand,47.61,11.283581,76.351606,Active
Mine_09799,Salem,Salt,26.41,10.333062,76.674639,Closed
Mine_09800,Erode,Sandstone,4.44,10.414502,77.964911,Active
Mine_09801,Virudhunagar,Sandstone,26.45,9.106849,79.157938,Active
Mine_09802,Dharmapuri,Iron Ore,25.33,10.059007,78.418862,Active
Mine_09803,Kanyakumari,Marble,27.35,12.9672,77.002619,Active
Mine_09804,Vellore,Sand,8.12,10.162157,76.933349,Active
Mine_09805,Coimbatore,Sand,27.53,12.332598,76.586652,Active
Mine_09806,Perambalur,Granite,3.79,9.54524,79.870903,Active
Mine_09807,Tiruppur,Sand,10.21,8.77102,76.613851,Active
Mine_09808,Kanyakumari,Limestone,16.73,10.551519,80.011262,Active
Mine_09809,Coimbatore,Sandstone,6.55,13.007257,78.219195,Active
Mine_09810,Tirunelveli,Salt,42.54,12.468046,76.541512,Active
Mine_09811,Kanyakumari,Marble,81.81,10.477597,78.44088,Active
Mine_09812,Kanyakumari,Granite,9.0,8.630757,77.058585,Active
Mine_09813,Ariyalur,Salt,80.91,8.481495,77.873665,Active
Mine_09814,Madurai,Salt,65.64,13.413697,76.536728,Active
Mine_09815,Erode,Salt,1.0,12.561957,77.726768,Active
Mine_09816,Erode,Iron Ore,149.78,11.620446,77.847052,Active
Mine_09817,Namakkal,Limestone,16.27,10.83026,76.24244,Active
Mine_09818,Dharmapuri,Iron Ore,4.04,12.885182,78.041702,Closed
Mine_09819,Perambalur,Marble,27.1,9.95694,76.349633,Active
Mine_09820,Dharmapuri,Iron Ore,75.79,12.611906,76.636657,Active
Mine_09821,Kanyakumari,Marble,81.15,9.50694,76.396525,Active
Mine_09822,Madurai,Sandstone,73.43,9.811148,76.138894,Active
Mine_09823,Dharmapuri,Marble,1.95,8.384926,76.704633,Active
Mine_09824,Salem,Sandstone,110.86,11.16701,77.901273,Active
Mine_09825,Erode,Silica Sand,90.06,10.927722,78.032428,Active
Mine_09826,Kanyakumari,Iron Ore,16.46,13.148866,79.833989,Active
Mine_09827,Tiruvannamalai,Sand,9.1,11.906238,80.089533,Active
Mine_09828,Tiruppur,Sand,10.01,8.448926,80.297798,Active
Mine_09829,Madurai,Silica Sand,37.81,8.979179,78.850464,Active
Mine_09830,Perambalur,Sand,15.44,10.108154,78.71146,Active
Mine_09831,Tiruppur,Salt,24.26,9.692784,77.889011,Active
Mine_09832,Tuticorin,Iron Ore,28.27,10.624817,78.498536,Active
Mine_09833,Salem,Marble,5.79,12.077613,76.49916,Active
Mine_09834,Karur,Iron Ore,1.0,12.569615,78.916761,Active
Mine_09835,Dharmapuri,Sandstone,168.02,12.088924,78.285635,Active
Mine_09836,Cuddalore,Sandstone,46.48,11.678206,79.248027,Active
Mine_09837,Tuticorin,Silica Sand,33.29,11.318157,77.317856,Active
Mine_09838,Cuddalore,Salt,15.5,9.971389,79.232162,Active
Mine_09839,Erode,Marble,5.45,8.36571,76.262881,Active
Mine_09840,Virudhunagar,Marble,4.89,10.993624,79.196334,Active
Mine_09841,Tiruvannamalai,Salt,148.25,9.750257,79.107273,Active
Mine_09842,Dindigul,Limestone,20.03,9.710016,79.641616,Active
Mine_09843,Virudhunagar,Marble,72.14,12.670712,76.040128,Active
Mine_09844,Karur,Iron Ore,31.42,10.350938,77.099636,Closed
Mine_09845,Kanyakumari,Silica Sand,3.38,13.023679,76.530488,Active
Mine_09846,Ariyalur,Granite,25.58,8.911187,77.679386,Active
Mine_09847,Kanyakumari,Salt,49.63,12.883958,76.19893,Closed
Mine_09848,Namakkal,Limestone,1.0,10.073289,76.418642,Active
Mine_09849,Virudhunagar,Sandstone,12.61,12.764559,76.958761,Active
Mine_09850,Vellore,Granite,70.31,11.22953,78.637335,Active
Mine_09851,Erode,Sand,12.35,9.84915,78.69409,Active
Mine_09852,Coimbatore,Silica Sand,38.32,8.82522,77.440565,Active
Mine_09853,Erode,Sandstone,34.57,8.906307,78.130677,Active
Mine_09854,Krishnagiri,Limestone,69.92,12.29062,77.250363,Active
Mine_09855,Dindigul,Silica Sand,26.7,10.186803,78.992231,Active
Mine_09856,Vellore,Iron Ore,46.55,10.559593,76.510555,Active
Mine_09857,Tirunelveli,Limestone,16.56,9.574397,77.602274,Active
Mine_09858,Tuticorin,Marble,57.01,11.522217,77.624946,Active
Mine_09859,Vellore,Salt,35.91,11.288654,77.058512,Active
Mine_09860,Dindigul,Iron Ore,119.44,12.93948,79.936762,Active
Mine_09861,Madurai,Sandstone,90.04,9.605221,77.731411,Active
Mine_09862,Salem,Sand,71.29,12.854943,79.379336,Active
Mine_09863,Cuddalore,Silica Sand,43.28,10.233176,78.9504,Active
Mine_09864,Theni,Limestone,1.99,12.497645,78.788642,Active
Mine_09865,Krishnagiri,Sand,15.09,11.392794,78.993191,Active
Mine_09866,Vellore,Limestone,1.99,11.135655,79.808276,Active
Mine_09867,Krishnagiri,Salt,76.19,8.024464,77.241073,Active
Mine_09868,Theni,Iron Ore,37.36,10.790599,76.682557,Active
Mine_09869,Karur,Granite,47.02,11.005108,77.610309,Active
Mine_09870,Vellore,Granite,24.42,11.021177,78.06413,Active
Mine_09871,Kanyakumari,Sandstone,40.81,12.904904,80.470753,Active
Mine_09872,Dharmapuri,Marble,60.36,8.781545,78.308091,Active
Mine_09873,Tiruppur,Iron Ore,25.62,11.009742,77.438837,Active
Mine_09874,Tiruvannamalai,Marble,59.04,8.76272,77.793853,Active
Mine_09875,Virudhunagar,Iron Ore,3.76,10.814594,76.169078,Active
Mine_09876,Salem,Granite,6.24,10.948658,79.692322,Active
Mine_09877,Tiruvannamalai,Sandstone,10.42,11.927367,80.022909,Active
Mine_09878,Coimbatore,Granite,4.44,12.152029,76.475379,Active
Mine_09879,Vellore,Sandstone,17.8,9.81241,79.461309,Active
Mine_09880,Krishnagiri,Limestone,27.01,8.583818,78.589333,Active
Mine_09881,Tiruppur,Limestone,45.19,13.429855,79.711201,Active
Mine_09882,Virudhunagar,Sandstone,4.37,8.383188,79.177244,Active
Mine_09883,Vellore,Silica Sand,33.3,8.439285,77.897987,Active
Mine_09884,Coimbatore,Marble,66.53,12.922903,78.170096,Active
Mine_09885,Virudhunagar,Salt,11.19,12.143239,76.234217,Active
Mine_09886,Salem,Marble,52.07,9.176965,78.593047,Active
Mine_09887,Salem,Limestone,162.83,9.001031,78.163594,Active
Mine_09888,Coimbatore,Marble,83.62,10.387323,79.579081,Active
Mine_09889,Tuticorin,Sand,82.03,9.207551,77.975429,Active
Mine_09890,Karur,Salt,26.76,13.280483,78.663601,Active
Mine_09891,Karur,Marble,3.62,8.891352,77.308788,Closed
Mine_09892,Dindigul,Sandstone,61.79,8.350838,76.712943,Active
Mine_09893,Vellore,Salt,32.63,9.591119,80.420748,Active
Mine_09894,Ariyalur,Limestone,13.95,11.932353,77.143935,Active
Mine_09895,Theni,Marble,11.73,8.541119,77.922165,Active
Mine_09896,Erode,Silica Sand,23.0,9.640774,77.633338,Active
Mine_09897,Tirunelveli,Granite,42.04,13.347086,78.774073,Active
Mine_09898,Tirunelveli,Granite,47.62,11.818837,77.656463,Active
Mine_09899,Tirunelveli,Granite,157.33,12.994501,79.707339,Active
Mine_09900,Tiruppur,Limestone,34.07,10.868889,79.436046,Active
Mine_09901,Erode,Marble,9.95,10.670867,77.771252,Active
Mine_09902,Tiruvannamalai,Marble,26.85,12.025551,76.224788,Active
Mine_09903,Erode,Silica Sand,31.3,12.282578,79.763611,Active
Mine_09904,Erode,Iron Ore,72.73,12.728196,76.556324,Active
Mine_09905,Madurai,Silica Sand,44.0,11.901207,77.258756,Active
Mine_09906,Theni,Granite,31.91,11.217055,76.877134,Active
Mine_09907,Tirunelveli,Sandstone,15.17,8.331312,80.305715,Active
Mine_09908,Virudhunagar,Salt,1.0,11.4337,76.812828,Active
Mine_09909,Salem,Marble,11.8,8.15104,80.113499,Active
Mine_09910,Ariyalur,Salt,3.25,10.738829,78.358064,Active
Mine_09911,Erode,Sand,37.73,8.364083,76.855615,Active
Mine_09912,Cuddalore,Sand,24.88,11.228521,78.59589,Active
Mine_09913,Virudhunagar,Sand,75.65,10.107981,76.652949,Closed
Mine_09914,Kanyakumari,Sand,10.22,8.537307,77.96242,Active
Mine_09915,Tiruppur,Granite,14.45,8.075213,76.118599,Closed
Mine_09916,Namakkal,Sand,33.84,13.395976,77.889628,Active
Mine_09917,Theni,Iron Ore,30.05,8.160471,78.606029,Active
Mine_09918,Ariyalur,Iron Ore,14.97,12.721823,76.214079,Active
Mine_09919,Tiruppur,Limestone,62.23,12.002158,79.386799,Active
Mine_09920,Karur,Marble,1.0,11.674529,78.718013,Active
Mine_09921,Kanyakumari,Silica Sand,32.98,10.580952,77.79155,Closed
Mine_09922,Virudhunagar,Salt,33.54,11.471601,79.781892,Active
Mine_09923,Ariyalur,Salt,131.74,9.37008,78.68484,Active
Mine_09924,Perambalur,Sand,26.33,11.736449,76.79774,Active
Mine_09925,Salem,Sand,6.83,11.881821,76.307159,Active
Mine_09926,Namakkal,Sand,39.93,13.353491,79.471175,Active
Mine_09927,Cuddalore,Marble,38.35,8.017759,79.566635,Active
Mine_09928,Virudhunagar,Limestone,16.86,12.199541,77.195838,Active
Mine_09929,Tuticorin,Iron Ore,24.87,13.255633,77.185285,Active
Mine_09930,Virudhunagar,Iron Ore,38.8,13.231419,79.022247,Active
Mine_09931,Coimbatore,Sandstone,118.73,13.173028,78.361605,Active
Mine_09932,Vellore,Sandstone,6.84,12.976741,76.747935,Active
Mine_09933,Kanyakumari,Iron Ore,1.36,11.469076,77.57768,Closed
Mine_09934,Erode,Granite,26.54,8.545608,77.202451,Active
Mine_09935,Theni,Silica Sand,36.52,8.607679,79.838913,Active
Mine_09936,Perambalur,Iron Ore,1.74,9.825064,78.152627,Active
Mine_09937,Dindigul,Limestone,15.36,13.40379,79.507641,Active
Mine_09938,Krishnagiri,Salt,13.83,11.901963,79.031834,Active
Mine_09939,Krishnagiri,Sandstone,12.22,9.849646,77.405787,Active
Mine_09940,Vellore,Silica Sand,18.43,11.886502,77.25966,Active
Mine_09941,Salem,Sand,97.31,9.491399,76.256697,Active
Mine_09942,Tuticorin,Salt,1.96,8.004206,78.877132,Active
Mine_09943,Virudhunagar,Iron Ore,47.46,12.866644,76.662664,Closed
Mine_09944,Karur,Sand,24.47,12.673281,76.473349,Active
Mine_09945,Karur,Sandstone,9.55,9.412044,78.067308,Active
Mine_09946,Ariyalur,Salt,40.6,10.37329,77.897291,Active
Mine_09947,Tiruppur,Salt,1.0,12.146251,79.837238,Active
Mine_09948,Tirunelveli,Limestone,48.41,12.168617,80.428688,Active
Mine_09949,Tiruvannamalai,Salt,31.24,12.511845,78.974203,Active
Mine_09950,Coimbatore,Limestone,18.96,10.584494,77.196095,Active
Mine_09951,Kanyakumari,Limestone,74.17,12.305577,78.613011,Active
Mine_09952,Theni,Salt,1.22,11.258823,79.521541,Active
Mine_09953,Erode,Silica Sand,51.3,10.512857,76.984634,Active
Mine_09954,Virudhunagar,Sandstone,1.0,11.040963,76.589977,Active
Mine_09955,Krishnagiri,Granite,27.4,10.473207,77.566326,Closed
Mine_09956,Dindigul,Sand,4.51,9.767924,78.310501,Active
Mine_09957,Madurai,Granite,60.49,9.673901,79.416051,Closed
Mine_09958,Tirunelveli,Sand,87.06,9.374666,77.073903,Active
Mine_09959,Salem,Marble,46.29,12.123356,77.554435,Active
Mine_09960,Namakkal,Iron Ore,3.06,11.912136,78.370158,Active
Mine_09961,Tuticorin,Salt,45.03,8.524269,79.521664,Active
Mine_09962,Tiruvannamalai,Granite,12.13,9.21785,79.717415,Active
Mine_09963,Madurai,Silica Sand,32.08,11.218418,76.312779,Active
Mine_09964,Salem,Salt,7.69,9.738133,76.522693,Closed
Mine_09965,Karur,Granite,21.75,9.953696,79.138658,Active
Mine_09966,Coimbatore,Limestone,7.29,12.24778,80.143293,Active
Mine_09967,Karur,Granite,32.65,8.196517,76.96067,Closed
Mine_09968,Theni,Iron Ore,9.06,12.177425,78.814619,Active
Mine_09969,Cuddalore,Limestone,10.78,9.208504,76.277851,Active
Mine_09970,Salem,Iron Ore,21.75,8.05392,76.697875,Active
Mine_09971,Coimbatore,Sandstone,10.78,11.950606,79.008168,Active
Mine_09972,Dharmapuri,Silica Sand,53.69,12.181921,78.537487,Closed
Mine_09973,Krishnagiri,Sandstone,54.02,12.030002,76.139874,Active
Mine_09974,Kanyakumari,Iron Ore,2.79,10.257097,80.044551,Active
Mine_09975,Namakkal,Iron Ore,73.59,9.29993,79.468187,Active
Mine_09976,Tiruvannamalai,Marble,78.83,8.545655,76.565533,Active
Mine_09977,Erode,Salt,24.68,10.365287,78.487599,Active
Mine_09978,Coimbatore,Granite,20.68,11.408311,76.928203,Active
Mine_09979,Madurai,Iron Ore,32.16,11.047878,78.031684,Active
Mine_09980,Tuticorin,Silica Sand,3.82,10.128094,77.009135,Active
Mine_09981,Virudhunagar,Silica Sand,48.15,8.928559,80.272281,Closed
Mine_09982,Erode,Iron Ore,5.72,12.003192,78.568939,Active
Mine_09983,Dharmapuri,Limestone,30.43,11.583422,79.702931,Active
Mine_09984,Dharmapuri,Granite,37.98,9.937189,76.59353,Active
Mine_09985,Tirunelveli,Salt,8.42,10.721767,77.787604,Active
Mine_09986,Erode,Salt,10.86,10.30412,77.757079,Active
Mine_09987,Tuticorin,Sand,34.82,8.120153,77.158188,Active
Mine_09988,Dharmapuri,Marble,59.01,8.195587,78.418691,Active
Mine_09989,Coimbatore,Silica Sand,54.46,11.312303,79.553526,Active
Mine_09990,Salem,Salt,79.02,13.424031,78.354937,Active
Mine_09991,Madurai,Iron Ore,5.36,10.888912,78.62165,Active
Mine_09992,Tuticorin,Sand,5.32,10.760996,78.982209,Active
Mine_09993,Theni,Limestone,14.51,11.947621,76.486942,Active
Mine_09994,Ariyalur,Iron Ore,39.21,11.802283,78.243261,Active
Mine_09995,Karur,Salt,21.74,11.211964,78.438109,Active
Mine_09996,Karur,Silica Sand,16.33,10.626449,77.151692,Active
Mine_09997,Coimbatore,Granite,26.98,13.433314,78.504468,Active
Mine_09998,Tirunelveli,Granite,15.77,13.041175,79.340621,Active
Mine_09999,Ariyalur,Limestone,11.93,9.386394,78.266789,Active
Mine_10000,Salem,Limestone,54.66,10.983701,77.057094,Active
