mine_id,mine_name,latitude,longitude,elevation_m,slope_degrees,aspect_degrees,terrain_ruggedness_index,data_source
1,Mine_00001,11.292622,76.702084,1594.04,41.89,277.22,15.66,synthetic_srtm
2,Mine_00002,11.306133,79.186327,478.28,14.85,102.79,8.88,synthetic_srtm
3,Mine_00003,9.000037,76.82532,592.0,8.3,300.72,4.56,synthetic_srtm
4,Mine_00004,9.60176,78.753338,778.32,11.0,22.18,4.99,synthetic_srtm
5,Mine_00005,10.508385,79.533292,351.77,0.96,0.3,4.99,synthetic_srtm
6,Mine_00006,8.255477,78.733952,499.56,9.91,13.53,4.18,synthetic_srtm
7,Mine_00007,11.098085,77.734374,1215.44,37.65,256.99,11.52,synthetic_srtm
8,Mine_00008,11.354982,79.749377,267.66,13.91,305.28,8.56,synthetic_srtm
9,Mine_00009,12.154488,77.913201,1264.78,25.33,129.76,9.5,synthetic_srtm
10,Mine_00010,12.263231,80.227745,336.12,10.73,193.34,7.2,synthetic_srtm
11,Mine_00011,11.137442,78.343754,201.02,13.4,226.35,4.33,synthetic_srtm
12,Mine_00012,12.558056,77.60539,1098.03,36.66,62.86,11.94,synthetic_srtm
13,Mine_00013,8.086,77.905307,970.41,23.86,161.06,9.22,synthetic_srtm
14,Mine_00014,9.093633,79.201039,653.5,8.9,130.69,3.05,synthetic_srtm
15,Mine_00015,11.580924,80.117319,863.02,8.3,197.63,7.07,synthetic_srtm
16,Mine_00016,10.0395,79.009786,307.24,7.8,162.23,6.2,synthetic_srtm
17,Mine_00017,11.086839,77.723171,2076.62,26.75,287.94,12.8,synthetic_srtm
18,Mine_00018,9.297917,77.152307,911.2,23.51,255.13,10.93,synthetic_srtm
19,Mine_00019,8.593403,76.141431,682.1,24.16,154.98,8.45,synthetic_srtm
20,Mine_00020,12.991616,77.121815,2018.63,29.0,187.17,10.42,synthetic_srtm
21,Mine_00021,8.42339,77.303882,801.79,13.67,282.79,5.15,synthetic_srtm
22,Mine_00022,12.793033,79.616524,339.31,2.89,191.15,1.12,synthetic_srtm
23,Mine_00023,12.440921,80.032411,690.91,20.56,7.69,10.04,synthetic_srtm
24,Mine_00024,10.349093,79.681066,701.65,22.12,173.76,8.18,synthetic_srtm
25,Mine_00025,10.295761,76.999485,1020.7,26.58,243.81,10.44,synthetic_srtm
26,Mine_00026,9.777616,78.334558,204.39,11.82,84.98,8.24,synthetic_srtm
27,Mine_00027,13.29346,77.13302,1758.42,31.41,129.34,13.32,synthetic_srtm
28,Mine_00028,8.202878,78.74304,588.25,11.16,296.51,7.6,synthetic_srtm
29,Mine_00029,12.995462,77.078029,1957.45,27.63,15.52,11.96,synthetic_srtm
30,Mine_00030,9.331304,79.02461,976.4,11.21,255.09,5.08,synthetic_srtm
31,Mine_00031,10.022807,78.845376,876.6,6.13,169.69,2.07,synthetic_srtm
32,Mine_00032,12.594164,77.44351,1637.5,18.26,37.8,6.95,synthetic_srtm
33,Mine_00033,11.726604,76.074645,918.79,24.37,11.02,8.47,synthetic_srtm
34,Mine_00034,8.959015,79.10922,770.0,9.73,148.03,7.61,synthetic_srtm
35,Mine_00035,12.043689,76.940822,1320.39,20.15,216.59,6.9,synthetic_srtm
36,Mine_00036,13.401926,78.324862,908.0,14.06,206.14,9.15,synthetic_srtm
37,Mine_00037,11.070614,79.971864,983.93,7.64,251.45,5.67,synthetic_srtm
38,Mine_00038,12.934106,79.991889,742.72,11.15,163.16,4.73,synthetic_srtm
39,Mine_00039,12.319374,79.010447,599.14,15.36,36.88,9.13,synthetic_srtm
40,Mine_00040,8.027839,76.723636,1324.41,19.3,324.39,6.46,synthetic_srtm
41,Mine_00041,9.233481,79.204806,689.98,15.5,3.63,8.21,synthetic_srtm
42,Mine_00042,11.572981,79.821505,654.87,5.02,153.66,6.33,synthetic_srtm
43,Mine_00043,10.022437,77.193411,308.37,4.94,15.86,2.22,synthetic_srtm
44,Mine_00044,12.906256,78.840124,859.23,23.02,5.5,8.33,synthetic_srtm
45,Mine_00045,10.708847,76.878593,1071.46,44.13,188.16,17.28,synthetic_srtm
46,Mine_00046,8.239821,80.475477,506.49,18.14,113.13,8.01,synthetic_srtm
47,Mine_00047,13.241895,77.488376,1606.38,23.69,136.46,7.25,synthetic_srtm
48,Mine_00048,8.414404,77.375637,426.87,14.06,78.42,5.51,synthetic_srtm
49,Mine_00049,10.170803,79.798959,562.24,12.49,85.33,6.95,synthetic_srtm
50,Mine_00050,11.691289,77.613911,1107.44,24.62,275.73,8.59,synthetic_srtm
51,Mine_00051,8.751417,79.190099,260.76,7.39,216.92,6.64,synthetic_srtm
52,Mine_00052,9.409138,78.751812,412.1,12.64,168.47,8.25,synthetic_srtm
53,Mine_00053,8.390175,77.785527,574.32,18.04,119.9,7.83,synthetic_srtm
54,Mine_00054,11.183757,77.973134,1516.97,36.31,259.22,13.24,synthetic_srtm
55,Mine_00055,12.614134,79.871821,275.35,3.18,314.69,4.41,synthetic_srtm
56,Mine_00056,10.953953,77.469931,609.69,18.31,340.86,6.94,synthetic_srtm
57,Mine_00057,10.514958,79.789104,594.62,5.07,353.55,2.23,synthetic_srtm
58,Mine_00058,11.993502,80.391334,929.49,7.26,71.85,4.95,synthetic_srtm
59,Mine_00059,10.384364,79.348192,277.73,0.22,4.11,4.75,synthetic_srtm
60,Mine_00060,11.827858,77.840288,1874.47,24.16,122.23,11.1,synthetic_srtm
61,Mine_00061,11.930278,78.970888,458.74,12.77,200.08,4.6,synthetic_srtm
62,Mine_00062,10.396201,79.285177,750.16,17.93,126.11,5.38,synthetic_srtm
63,Mine_00063,8.660906,77.538459,268.41,9.23,27.01,5.97,synthetic_srtm
64,Mine_00064,11.870118,78.133782,594.28,24.94,291.84,9.5,synthetic_srtm
65,Mine_00065,10.386184,77.793271,881.45,16.97,121.68,7.82,synthetic_srtm
66,Mine_00066,10.060369,78.81637,403.42,6.4,337.21,2.32,synthetic_srtm
67,Mine_00067,8.388128,78.890887,473.87,2.85,199.44,1.58,synthetic_srtm
68,Mine_00068,11.165108,77.746765,2074.75,25.61,41.86,10.19,synthetic_srtm
69,Mine_00069,11.442668,79.691921,290.18,3.67,353.84,2.98,synthetic_srtm
70,Mine_00070,9.18024,77.697666,386.22,11.37,312.84,6.16,synthetic_srtm
71,Mine_00071,9.754366,79.801939,490.83,13.21,259.95,5.95,synthetic_srtm
72,Mine_00072,11.832054,78.830243,908.07,9.39,89.81,3.6,synthetic_srtm
73,Mine_00073,8.975917,79.377766,511.71,21.66,79.36,7.04,synthetic_srtm
74,Mine_00074,9.37509,78.612448,903.13,7.03,41.3,4.9,synthetic_srtm
75,Mine_00075,12.149986,76.464057,721.69,21.81,190.85,7.87,synthetic_srtm
76,Mine_00076,9.760273,80.029855,855.1,5.27,243.52,3.29,synthetic_srtm
77,Mine_00077,8.502077,77.436911,553.04,10.07,16.25,3.58,synthetic_srtm
78,Mine_00078,11.475105,78.018005,394.8,13.81,88.95,4.72,synthetic_srtm
79,Mine_00079,12.13806,79.562106,297.05,12.75,278.65,8.21,synthetic_srtm
80,Mine_00080,13.477622,76.25142,1173.2,18.3,249.66,9.55,synthetic_srtm
81,Mine_00081,13.327586,79.096135,350.35,9.4,340.43,6.22,synthetic_srtm
82,Mine_00082,11.85533,76.327434,733.85,22.67,186.08,11.62,synthetic_srtm
83,Mine_00083,8.466607,80.439878,521.23,24.17,163.75,8.23,synthetic_srtm
84,Mine_00084,13.209867,80.437005,418.42,8.05,210.15,7.04,synthetic_srtm
85,Mine_00085,12.274308,78.512819,355.07,4.75,208.58,4.02,synthetic_srtm
86,Mine_00086,9.395252,77.823409,442.93,0.53,333.02,1.35,synthetic_srtm
87,Mine_00087,12.093164,79.064677,312.16,6.85,358.44,4.78,synthetic_srtm
88,Mine_00088,13.297724,76.054695,1320.51,44.67,298.0,16.4,synthetic_srtm
89,Mine_00089,13.085538,80.136021,924.64,17.35,190.14,7.84,synthetic_srtm
90,Mine_00090,8.914185,76.975641,894.74,7.32,316.88,5.25,synthetic_srtm
91,Mine_00091,10.11311,79.316953,535.82,9.81,26.97,3.12,synthetic_srtm
92,Mine_00092,10.16987,76.480402,637.87,13.02,212.95,8.5,synthetic_srtm
93,Mine_00093,9.943437,78.626453,266.95,14.26,266.71,6.97,synthetic_srtm
94,Mine_00094,8.177738,77.258936,660.06,12.01,308.79,5.92,synthetic_srtm
95,Mine_00095,13.0101,79.701418,652.3,12.88,172.16,5.95,synthetic_srtm
96,Mine_00096,10.300337,80.197278,994.48,20.29,30.74,6.14,synthetic_srtm
97,Mine_00097,10.070549,79.64749,832.17,10.18,12.64,3.25,synthetic_srtm
98,Mine_00098,10.161442,79.731239,606.29,13.55,72.98,8.67,synthetic_srtm
99,Mine_00099,8.736187,76.061524,1046.89,39.54,324.21,13.42,synthetic_srtm
100,Mine_00100,13.481503,78.499443,571.73,5.06,123.21,4.06,synthetic_srtm
101,Mine_00101,9.360415,78.027449,376.53,8.29,281.6,3.26,synthetic_srtm
102,Mine_00102,9.257535,79.022653,465.56,5.84,21.48,4.46,synthetic_srtm
103,Mine_00103,10.739909,78.142948,892.79,8.75,95.14,5.13,synthetic_srtm
104,Mine_00104,13.323856,76.397837,1437.23,18.86,318.95,5.74,synthetic_srtm
105,Mine_00105,12.315675,78.877126,753.61,6.62,20.29,5.18,synthetic_srtm
106,Mine_00106,13.392545,78.736395,632.82,23.92,127.82,9.15,synthetic_srtm
107,Mine_00107,11.995184,78.463508,741.47,11.06,111.62,5.08,synthetic_srtm
108,Mine_00108,10.879813,79.139388,665.44,16.53,215.28,7.3,synthetic_srtm
109,Mine_00109,9.420344,78.066111,285.15,11.07,97.34,6.12,synthetic_srtm
110,Mine_00110,11.483705,77.080655,2218.28,26.44,26.52,12.51,synthetic_srtm
111,Mine_00111,8.835465,76.624722,1566.49,24.09,221.88,8.64,synthetic_srtm
112,Mine_00112,12.932336,78.132827,691.87,9.55,271.5,5.24,synthetic_srtm
113,Mine_00113,8.929143,77.253657,567.54,10.39,213.49,4.44,synthetic_srtm
114,Mine_00114,12.918195,76.579368,1622.17,44.35,182.9,15.42,synthetic_srtm
115,Mine_00115,11.453452,76.367916,1404.98,21.07,290.6,7.01,synthetic_srtm
116,Mine_00116,12.775656,76.380327,665.87,7.49,105.91,4.33,synthetic_srtm
117,Mine_00117,13.08223,77.062524,1059.74,37.89,132.17,15.72,synthetic_srtm
118,Mine_00118,8.812565,76.599026,604.36,16.23,330.31,7.2,synthetic_srtm
119,Mine_00119,8.167597,79.902467,837.84,24.49,258.94,9.39,synthetic_srtm
120,Mine_00120,12.055729,76.820277,1319.21,23.49,338.39,11.54,synthetic_srtm
121,Mine_00121,10.944346,77.049474,813.82,24.93,21.2,12.4,synthetic_srtm
122,Mine_00122,11.568526,78.158119,449.86,14.95,274.35,9.4,synthetic_srtm
123,Mine_00123,11.225945,78.540063,433.4,4.88,181.82,3.93,synthetic_srtm
124,Mine_00124,11.341554,77.099589,1428.49,40.35,129.91,12.14,synthetic_srtm
125,Mine_00125,8.559804,76.687866,818.45,15.75,226.23,6.81,synthetic_srtm
126,Mine_00126,12.432257,76.250441,1634.59,28.93,196.36,10.09,synthetic_srtm
127,Mine_00127,11.833288,80.48765,874.54,8.13,11.77,7.25,synthetic_srtm
128,Mine_00128,8.02915,80.387802,964.65,5.24,351.04,2.6,synthetic_srtm
129,Mine_00129,10.942702,78.144788,421.31,11.86,35.69,7.0,synthetic_srtm
130,Mine_00130,11.910239,76.897781,888.46,9.19,279.36,5.98,synthetic_srtm
131,Mine_00131,12.222787,76.392806,1435.12,22.52,285.47,10.35,synthetic_srtm
132,Mine_00132,8.285029,77.514719,272.88,11.86,90.19,7.17,synthetic_srtm
133,Mine_00133,9.772946,79.644435,250.31,14.27,213.51,5.04,synthetic_srtm
134,Mine_00134,11.276013,78.122093,801.62,11.4,65.12,3.99,synthetic_srtm
135,Mine_00135,12.10286,77.838332,1225.34,35.7,144.29,11.22,synthetic_srtm
136,Mine_00136,13.095472,79.247184,498.66,3.53,242.16,4.82,synthetic_srtm
137,Mine_00137,8.900108,76.739196,758.64,11.86,275.34,3.6,synthetic_srtm
138,Mine_00138,9.973568,79.947402,368.27,3.89,26.1,5.14,synthetic_srtm
139,Mine_00139,12.948171,78.808457,866.13,19.57,80.15,6.51,synthetic_srtm
140,Mine_00140,9.954493,77.761669,299.8,0.88,120.11,3.65,synthetic_srtm
141,Mine_00141,10.985671,77.941877,547.48,24.42,120.49,11.99,synthetic_srtm
142,Mine_00142,8.917019,79.953831,556.13,15.95,282.64,5.08,synthetic_srtm
143,Mine_00143,13.487309,79.385814,229.23,0.93,328.2,4.81,synthetic_srtm
144,Mine_00144,11.134393,79.431064,957.37,13.78,232.43,8.21,synthetic_srtm
145,Mine_00145,10.083519,78.056501,482.67,8.11,119.91,2.57,synthetic_srtm
146,Mine_00146,10.674966,77.840298,810.77,12.36,34.7,6.22,synthetic_srtm
147,Mine_00147,11.110296,79.222806,383.54,3.1,60.06,4.89,synthetic_srtm
148,Mine_00148,11.208655,77.803831,1970.08,34.74,24.74,13.95,synthetic_srtm
149,Mine_00149,11.224264,78.276499,693.48,23.45,140.37,7.17,synthetic_srtm
150,Mine_00150,8.56217,80.134377,297.78,3.09,246.91,3.81,synthetic_srtm
151,Mine_00151,12.241857,77.684959,1508.01,27.22,265.76,10.24,synthetic_srtm
152,Mine_00152,12.622418,80.098088,576.32,19.87,70.14,9.25,synthetic_srtm
153,Mine_00153,9.024765,79.768709,636.8,9.08,350.0,5.34,synthetic_srtm
154,Mine_00154,11.343419,77.706876,2072.63,40.91,94.08,14.57,synthetic_srtm
155,Mine_00155,9.834245,77.791759,827.75,23.04,164.67,10.45,synthetic_srtm
156,Mine_00156,12.056257,78.034981,562.87,6.39,262.72,2.02,synthetic_srtm
157,Mine_00157,8.970128,78.242655,604.03,11.41,35.26,4.37,synthetic_srtm
158,Mine_00158,11.193236,78.845189,749.5,10.04,11.46,4.41,synthetic_srtm
159,Mine_00159,10.524439,78.507874,212.57,9.11,315.6,5.19,synthetic_srtm
160,Mine_00160,10.18525,77.92055,500.8,13.46,73.51,7.67,synthetic_srtm
161,Mine_00161,8.201023,78.124301,982.0,22.78,157.25,8.72,synthetic_srtm
162,Mine_00162,10.493089,78.359756,656.4,16.66,211.48,8.13,synthetic_srtm
163,Mine_00163,8.566398,77.504633,289.25,0.29,24.1,4.0,synthetic_srtm
164,Mine_00164,11.541997,77.839304,2068.46,39.25,23.09,16.39,synthetic_srtm
165,Mine_00165,9.220847,77.039837,524.44,5.28,75.86,2.7,synthetic_srtm
166,Mine_00166,12.881033,78.505247,908.88,14.84,84.41,8.22,synthetic_srtm
167,Mine_00167,11.317586,79.630826,306.89,3.0,201.28,4.36,synthetic_srtm
168,Mine_00168,10.235158,77.457955,993.56,9.78,196.46,7.28,synthetic_srtm
169,Mine_00169,12.664705,76.552496,623.03,15.15,359.67,5.1,synthetic_srtm
170,Mine_00170,13.008432,78.811426,396.59,1.22,227.39,0.5,synthetic_srtm
171,Mine_00171,8.188255,79.737945,966.05,17.94,9.1,8.93,synthetic_srtm
172,Mine_00172,12.735874,76.987797,674.67,19.35,261.13,7.51,synthetic_srtm
173,Mine_00173,13.41952,78.119795,522.14,16.4,43.06,6.21,synthetic_srtm
174,Mine_00174,10.978988,78.850652,382.3,6.34,190.57,4.91,synthetic_srtm
175,Mine_00175,13.414212,78.365606,416.06,0.43,261.64,3.45,synthetic_srtm
176,Mine_00176,13.028643,76.52988,641.08,8.53,106.88,5.0,synthetic_srtm
177,Mine_00177,11.582812,79.733838,392.38,4.35,286.42,4.07,synthetic_srtm
178,Mine_00178,12.806395,78.688359,749.66,21.15,11.25,10.01,synthetic_srtm
179,Mine_00179,13.029266,77.884467,1805.46,42.57,309.54,14.72,synthetic_srtm
180,Mine_00180,9.01404,76.406516,885.94,15.25,273.9,8.83,synthetic_srtm
181,Mine_00181,10.404564,80.119812,655.49,21.5,291.87,10.93,synthetic_srtm
182,Mine_00182,11.650191,80.215734,332.24,4.83,222.24,5.03,synthetic_srtm
183,Mine_00183,9.442452,78.677851,318.18,0.8,53.27,4.02,synthetic_srtm
184,Mine_00184,9.838341,79.469105,769.78,15.33,46.66,7.46,synthetic_srtm
185,Mine_00185,11.877091,78.692287,853.71,19.2,101.25,5.78,synthetic_srtm
186,Mine_00186,11.820831,77.224653,1004.78,43.82,123.26,16.17,synthetic_srtm
187,Mine_00187,13.045225,76.615684,582.74,7.99,262.34,6.52,synthetic_srtm
188,Mine_00188,10.980455,79.928256,427.35,0.94,285.41,4.29,synthetic_srtm
189,Mine_00189,11.807521,79.82138,550.65,6.53,37.56,2.39,synthetic_srtm
190,Mine_00190,8.283777,79.014629,817.27,18.48,58.16,6.61,synthetic_srtm
191,Mine_00191,11.123699,80.119697,487.82,13.42,302.86,4.79,synthetic_srtm
192,Mine_00192,13.084179,80.369762,848.37,22.81,79.04,9.79,synthetic_srtm
193,Mine_00193,9.755053,79.73012,509.5,22.48,292.75,8.49,synthetic_srtm
194,Mine_00194,8.663118,76.346289,531.02,6.37,305.82,4.23,synthetic_srtm
195,Mine_00195,8.35946,77.418807,544.62,21.86,243.29,7.3,synthetic_srtm
196,Mine_00196,11.442403,79.9869,462.65,6.26,86.34,3.3,synthetic_srtm
197,Mine_00197,12.785544,76.095712,971.24,7.17,315.93,3.37,synthetic_srtm
198,Mine_00198,8.385163,76.042684,1352.7,38.04,306.81,15.29,synthetic_srtm
199,Mine_00199,11.194165,77.222591,2158.06,41.44,358.98,16.89,synthetic_srtm
200,Mine_00200,12.056703,77.074497,1542.31,16.58,194.14,5.64,synthetic_srtm
201,Mine_00201,9.629695,77.051235,561.03,18.37,25.45,7.15,synthetic_srtm
202,Mine_00202,8.602072,77.762336,225.91,8.19,0.07,4.89,synthetic_srtm
203,Mine_00203,9.424405,78.648494,855.68,5.44,57.82,6.04,synthetic_srtm
204,Mine_00204,12.970482,80.451332,459.04,6.48,48.33,6.76,synthetic_srtm
205,Mine_00205,12.608042,77.037561,1543.71,39.34,354.49,14.11,synthetic_srtm
206,Mine_00206,10.112498,76.165294,535.33,18.51,246.69,8.54,synthetic_srtm
207,Mine_00207,13.330064,79.977036,433.92,13.04,139.63,7.73,synthetic_srtm
208,Mine_00208,10.179331,79.412073,412.38,6.5,119.59,4.98,synthetic_srtm
209,Mine_00209,11.426156,79.365422,720.98,18.45,213.45,7.58,synthetic_srtm
210,Mine_00210,12.826035,77.1952,1018.31,35.38,198.07,15.44,synthetic_srtm
211,Mine_00211,12.452338,78.948589,825.59,19.11,158.74,6.51,synthetic_srtm
212,Mine_00212,10.049787,77.168892,325.87,13.04,236.86,6.4,synthetic_srtm
213,Mine_00213,9.211008,79.074664,831.12,17.98,52.14,10.09,synthetic_srtm
214,Mine_00214,10.643226,78.665835,271.74,7.01,78.09,6.64,synthetic_srtm
215,Mine_00215,12.754711,79.302595,222.6,2.72,34.78,4.86,synthetic_srtm
216,Mine_00216,12.770118,79.187633,260.81,4.79,30.87,2.56,synthetic_srtm
217,Mine_00217,11.402363,79.387225,792.01,10.31,62.44,4.39,synthetic_srtm
218,Mine_00218,8.16086,79.716175,886.05,5.71,140.0,3.96,synthetic_srtm
219,Mine_00219,8.884179,79.680852,904.19,17.92,55.36,5.86,synthetic_srtm
220,Mine_00220,9.57871,78.776171,509.69,10.36,39.53,7.07,synthetic_srtm
221,Mine_00221,11.487031,78.429934,879.28,19.52,13.7,7.54,synthetic_srtm
222,Mine_00222,10.976966,80.333464,476.64,6.73,33.37,3.32,synthetic_srtm
223,Mine_00223,8.955644,79.468843,438.12,12.98,98.79,4.58,synthetic_srtm
224,Mine_00224,11.897146,78.131082,571.25,17.75,96.41,5.68,synthetic_srtm
225,Mine_00225,10.452771,78.914081,319.91,2.2,266.83,4.13,synthetic_srtm
226,Mine_00226,12.518321,77.673251,2300.12,17.99,285.35,9.57,synthetic_srtm
227,Mine_00227,9.504947,80.48706,477.25,9.23,26.39,3.76,synthetic_srtm
228,Mine_00228,12.371453,79.12157,406.63,7.3,59.61,2.63,synthetic_srtm
229,Mine_00229,11.599812,77.229668,1118.45,38.39,156.22,13.14,synthetic_srtm
230,Mine_00230,13.189888,77.888773,1630.69,43.79,246.37,16.78,synthetic_srtm
231,Mine_00231,9.715736,77.443342,475.41,0.17,288.12,3.98,synthetic_srtm
232,Mine_00232,12.774675,79.217158,946.86,22.05,184.51,7.21,synthetic_srtm
233,Mine_00233,8.875852,76.916656,942.51,10.44,308.74,7.0,synthetic_srtm
234,Mine_00234,8.09824,79.58559,463.56,8.92,308.35,3.11,synthetic_srtm
235,Mine_00235,9.020024,78.079438,436.61,8.06,186.98,6.7,synthetic_srtm
236,Mine_00236,10.366682,76.902361,1068.39,26.22,345.17,10.77,synthetic_srtm
237,Mine_00237,8.822694,78.090694,745.59,20.41,342.49,7.22,synthetic_srtm
238,Mine_00238,11.613411,79.406767,341.8,5.53,143.72,2.24,synthetic_srtm
239,Mine_00239,8.577116,77.089203,817.54,6.69,356.53,3.96,synthetic_srtm
240,Mine_00240,9.156923,77.557075,974.44,11.0,37.29,6.87,synthetic_srtm
241,Mine_00241,10.938332,79.971401,503.2,23.25,164.93,7.77,synthetic_srtm
242,Mine_00242,8.729937,78.553934,541.08,14.87,342.2,7.07,synthetic_srtm
243,Mine_00243,8.921154,76.470555,1626.54,25.42,173.57,12.43,synthetic_srtm
244,Mine_00244,13.149167,76.233871,1567.23,35.61,274.42,12.19,synthetic_srtm
245,Mine_00245,11.439176,79.525402,862.69,14.49,148.76,5.87,synthetic_srtm
246,Mine_00246,11.041508,78.688641,523.61,13.5,354.82,5.53,synthetic_srtm
247,Mine_00247,8.448965,76.271584,1047.65,24.78,311.56,7.53,synthetic_srtm
248,Mine_00248,9.809596,78.115822,441.23,7.62,325.38,3.57,synthetic_srtm
249,Mine_00249,8.240139,76.727526,1532.75,34.27,51.97,11.22,synthetic_srtm
250,Mine_00250,10.983632,78.219746,438.41,2.39,266.63,0.76,synthetic_srtm
251,Mine_00251,8.168589,77.159573,389.69,6.76,132.75,4.35,synthetic_srtm
252,Mine_00252,12.084886,77.91472,1292.92,19.87,204.4,10.6,synthetic_srtm
253,Mine_00253,8.220601,79.901642,645.0,16.92,119.47,7.23,synthetic_srtm
254,Mine_00254,11.334038,78.689756,854.59,9.19,10.31,3.63,synthetic_srtm
255,Mine_00255,9.5612,77.61618,244.55,5.76,212.42,3.66,synthetic_srtm
256,Mine_00256,9.296857,79.492001,553.15,11.79,62.67,3.73,synthetic_srtm
257,Mine_00257,10.050668,78.306768,415.94,14.34,46.92,7.39,synthetic_srtm
258,Mine_00258,8.535664,77.822594,210.53,12.42,188.57,4.86,synthetic_srtm
259,Mine_00259,8.523938,78.934555,646.11,7.91,299.77,3.96,synthetic_srtm
260,Mine_00260,12.254102,76.588931,1062.27,30.1,215.46,13.7,synthetic_srtm
261,Mine_00261,8.404232,76.763911,808.06,7.31,337.7,4.17,synthetic_srtm
262,Mine_00262,10.369881,77.119214,881.69,8.36,176.76,4.38,synthetic_srtm
263,Mine_00263,8.921906,76.165021,748.41,20.06,189.29,10.41,synthetic_srtm
264,Mine_00264,12.642937,79.625516,471.26,2.73,280.58,1.4,synthetic_srtm
265,Mine_00265,8.188033,80.440118,916.15,9.4,358.59,5.88,synthetic_srtm
266,Mine_00266,11.520016,77.011155,1915.03,40.14,110.5,16.04,synthetic_srtm
267,Mine_00267,11.215689,79.096935,859.16,10.33,45.0,7.53,synthetic_srtm
268,Mine_00268,8.095589,77.454088,265.13,7.86,103.64,2.81,synthetic_srtm
269,Mine_00269,9.884594,78.395102,490.47,5.34,192.24,6.15,synthetic_srtm
270,Mine_00270,11.703878,80.364604,308.27,0.92,125.48,4.09,synthetic_srtm
271,Mine_00271,12.774782,76.797174,1105.51,16.24,244.71,5.89,synthetic_srtm
272,Mine_00272,11.757864,78.237286,548.89,7.61,198.12,5.33,synthetic_srtm
273,Mine_00273,8.167129,80.189269,859.81,20.42,132.84,7.81,synthetic_srtm
274,Mine_00274,11.62387,77.77239,2231.37,16.18,206.06,5.03,synthetic_srtm
275,Mine_00275,13.496775,76.216954,552.23,17.38,347.26,6.53,synthetic_srtm
276,Mine_00276,12.30312,78.551573,257.95,8.99,306.1,7.31,synthetic_srtm
277,Mine_00277,9.798682,79.00417,402.67,12.96,249.72,8.56,synthetic_srtm
278,Mine_00278,10.395708,79.680254,886.86,9.13,193.68,4.33,synthetic_srtm
279,Mine_00279,11.354075,78.535475,500.06,20.3,10.09,9.53,synthetic_srtm
280,Mine_00280,11.001278,77.999888,2069.0,30.63,270.12,11.26,synthetic_srtm
281,Mine_00281,11.534168,79.417049,646.51,21.55,308.94,9.07,synthetic_srtm
282,Mine_00282,12.65942,80.114064,511.12,23.29,36.77,10.58,synthetic_srtm
283,Mine_00283,10.934814,78.735573,643.16,8.67,141.93,3.82,synthetic_srtm
284,Mine_00284,13.25538,76.082047,766.53,8.46,290.7,5.78,synthetic_srtm
285,Mine_00285,13.25063,78.946119,782.26,17.53,115.69,7.74,synthetic_srtm
286,Mine_00286,9.070071,76.748492,1291.56,31.09,50.19,11.49,synthetic_srtm
287,Mine_00287,13.112832,78.395171,546.76,10.87,320.28,7.2,synthetic_srtm
288,Mine_00288,10.199479,80.395264,830.05,17.38,325.88,7.03,synthetic_srtm
289,Mine_00289,10.888399,79.190708,462.45,14.12,197.32,6.2,synthetic_srtm
290,Mine_00290,10.334901,76.391675,1465.73,32.44,290.38,13.2,synthetic_srtm
291,Mine_00291,13.232718,78.707253,540.24,5.5,138.47,4.57,synthetic_srtm
292,Mine_00292,10.260657,79.779376,206.73,12.47,7.45,4.81,synthetic_srtm
293,Mine_00293,12.29289,77.236627,1482.88,40.5,341.44,16.88,synthetic_srtm
294,Mine_00294,8.525444,78.807367,251.88,3.02,192.31,1.11,synthetic_srtm
295,Mine_00295,12.052806,79.882587,782.32,24.1,291.9,9.7,synthetic_srtm
296,Mine_00296,11.339017,78.460138,681.49,12.82,47.52,7.18,synthetic_srtm
297,Mine_00297,10.732218,80.445035,377.41,5.27,103.06,2.96,synthetic_srtm
298,Mine_00298,10.355098,79.22919,732.42,6.26,318.2,3.53,synthetic_srtm
299,Mine_00299,8.572603,79.259525,639.43,5.55,279.65,3.06,synthetic_srtm
300,Mine_00300,8.47112,80.023859,690.96,20.49,272.55,8.9,synthetic_srtm
301,Mine_00301,9.95248,76.312407,1478.38,35.79,102.83,12.73,synthetic_srtm
302,Mine_00302,9.285416,78.430054,484.61,1.95,79.36,1.51,synthetic_srtm
303,Mine_00303,9.783836,77.498509,443.26,13.86,211.93,7.7,synthetic_srtm
304,Mine_00304,11.067809,79.287927,540.39,5.97,21.84,3.87,synthetic_srtm
305,Mine_00305,13.289162,78.85732,545.13,20.84,80.61,7.07,synthetic_srtm
306,Mine_00306,10.32479,79.698129,950.91,22.5,81.51,10.55,synthetic_srtm
307,Mine_00307,10.611876,77.721368,886.35,5.12,254.03,4.28,synthetic_srtm
308,Mine_00308,12.227299,77.096455,1787.74,24.25,202.82,8.11,synthetic_srtm
309,Mine_00309,12.755774,78.738189,843.2,12.42,268.34,5.95,synthetic_srtm
310,Mine_00310,8.64707,77.023108,497.46,6.35,240.51,2.97,synthetic_srtm
311,Mine_00311,9.314804,78.293759,585.42,16.16,227.88,7.07,synthetic_srtm
312,Mine_00312,12.803352,76.727939,746.18,17.76,111.32,8.11,synthetic_srtm
313,Mine_00313,9.146808,80.187678,295.5,12.89,315.93,5.83,synthetic_srtm
314,Mine_00314,12.828859,79.906255,689.6,14.95,288.23,6.08,synthetic_srtm
315,Mine_00315,8.445056,77.813411,999.64,15.69,320.83,7.48,synthetic_srtm
316,Mine_00316,13.365856,78.884374,224.86,13.49,43.75,8.83,synthetic_srtm
317,Mine_00317,11.33504,76.626391,807.9,24.41,290.01,8.56,synthetic_srtm
318,Mine_00318,13.240386,79.713403,629.03,11.29,338.34,4.62,synthetic_srtm
319,Mine_00319,10.783592,77.046481,787.74,22.61,102.03,10.22,synthetic_srtm
320,Mine_00320,11.268599,80.214021,229.86,10.2,247.19,7.42,synthetic_srtm
321,Mine_00321,8.001829,76.079595,1242.19,15.66,157.29,6.14,synthetic_srtm
322,Mine_00322,11.104426,76.863021,1542.67,17.5,114.37,6.27,synthetic_srtm
323,Mine_00323,11.822694,80.426555,522.99,13.2,176.92,4.82,synthetic_srtm
324,Mine_00324,9.668013,76.454706,1234.93,40.11,197.72,12.72,synthetic_srtm
325,Mine_00325,13.481833,79.662866,392.16,9.9,172.53,5.45,synthetic_srtm
326,Mine_00326,10.898728,77.917375,430.58,2.15,83.71,3.81,synthetic_srtm
327,Mine_00327,9.948299,78.364771,302.53,9.44,350.5,7.22,synthetic_srtm
328,Mine_00328,8.060672,77.872693,731.3,11.46,280.94,3.66,synthetic_srtm
329,Mine_00329,9.043322,78.785267,517.98,14.2,351.93,4.98,synthetic_srtm
330,Mine_00330,9.09371,76.290775,641.05,19.46,129.37,6.33,synthetic_srtm
331,Mine_00331,10.499075,79.799607,760.74,19.35,293.62,9.34,synthetic_srtm
332,Mine_00332,10.6181,77.691497,936.17,8.62,337.01,5.54,synthetic_srtm
333,Mine_00333,12.906466,80.299006,432.24,12.9,346.23,6.6,synthetic_srtm
334,Mine_00334,10.406817,77.146018,328.85,10.87,287.96,8.09,synthetic_srtm
335,Mine_00335,10.538126,78.867407,521.09,14.47,252.08,9.24,synthetic_srtm
336,Mine_00336,11.376635,76.299934,1443.44,29.01,311.59,11.75,synthetic_srtm
337,Mine_00337,10.438002,76.215239,1111.73,28.81,226.88,10.43,synthetic_srtm
338,Mine_00338,12.411718,76.474154,1406.93,39.06,351.28,14.23,synthetic_srtm
339,Mine_00339,10.540708,80.462148,770.78,12.08,6.4,5.42,synthetic_srtm
340,Mine_00340,9.951627,77.854589,249.75,9.08,337.0,4.48,synthetic_srtm
341,Mine_00341,10.333633,76.371779,1549.86,34.2,198.71,12.59,synthetic_srtm
342,Mine_00342,9.253133,80.391959,760.35,19.28,246.96,10.0,synthetic_srtm
343,Mine_00343,9.433923,76.311644,1254.58,30.19,116.3,13.66,synthetic_srtm
344,Mine_00344,13.389837,78.708467,728.38,9.96,316.71,3.69,synthetic_srtm
345,Mine_00345,8.240546,76.498636,1589.92,44.86,226.65,18.02,synthetic_srtm
346,Mine_00346,11.025506,77.748938,1764.12,15.18,5.15,6.33,synthetic_srtm
347,Mine_00347,11.717903,78.232215,426.26,11.13,74.8,5.34,synthetic_srtm
348,Mine_00348,9.743074,79.956709,992.59,13.42,79.07,6.4,synthetic_srtm
349,Mine_00349,9.215849,80.402788,736.65,5.55,60.06,6.4,synthetic_srtm
350,Mine_00350,8.29622,77.440269,982.92,18.77,186.4,6.77,synthetic_srtm
351,Mine_00351,8.906481,76.592779,1489.74,25.43,327.92,10.27,synthetic_srtm
352,Mine_00352,10.78219,79.783164,845.44,6.14,28.4,5.67,synthetic_srtm
353,Mine_00353,10.795983,77.338968,497.32,1.07,264.04,3.57,synthetic_srtm
354,Mine_00354,11.499602,79.425047,853.0,7.75,138.62,6.92,synthetic_srtm
355,Mine_00355,9.356734,79.269078,813.21,9.67,35.47,4.91,synthetic_srtm
356,Mine_00356,12.40039,76.91816,1506.74,35.99,304.54,14.88,synthetic_srtm
357,Mine_00357,9.034136,77.599231,731.03,8.68,188.12,2.62,synthetic_srtm
358,Mine_00358,12.185449,76.158901,964.68,10.03,281.29,7.51,synthetic_srtm
359,Mine_00359,10.023674,77.471192,238.74,1.34,332.37,0.78,synthetic_srtm
360,Mine_00360,13.479839,77.657393,2390.96,20.86,266.03,8.81,synthetic_srtm
361,Mine_00361,8.758026,78.983689,918.23,12.9,145.89,5.88,synthetic_srtm
362,Mine_00362,9.955212,79.573888,957.11,10.77,351.38,6.56,synthetic_srtm
363,Mine_00363,11.53279,76.291841,941.04,9.14,113.54,3.78,synthetic_srtm
364,Mine_00364,11.319182,79.044106,794.49,20.89,197.1,7.42,synthetic_srtm
365,Mine_00365,10.740406,76.346762,594.09,12.12,341.37,8.44,synthetic_srtm
366,Mine_00366,12.337382,78.327711,971.06,23.49,211.11,9.89,synthetic_srtm
367,Mine_00367,10.387107,76.398702,1134.76,21.11,172.24,10.41,synthetic_srtm
368,Mine_00368,13.490911,80.19901,322.67,7.82,203.38,3.3,synthetic_srtm
369,Mine_00369,12.321084,76.532513,525.91,10.95,85.68,4.95,synthetic_srtm
370,Mine_00370,11.145297,78.644962,760.91,22.07,339.39,7.45,synthetic_srtm
371,Mine_00371,11.851386,78.636146,570.77,16.35,92.38,6.54,synthetic_srtm
372,Mine_00372,13.173736,77.166835,1071.68,23.87,6.67,8.0,synthetic_srtm
373,Mine_00373,9.023558,79.611895,825.55,5.49,141.92,6.48,synthetic_srtm
374,Mine_00374,8.443308,79.275727,975.54,16.95,189.91,5.82,synthetic_srtm
375,Mine_00375,12.210321,76.715087,1195.39,36.74,308.89,13.48,synthetic_srtm
376,Mine_00376,10.596332,76.060312,1402.02,25.71,177.55,8.28,synthetic_srtm
377,Mine_00377,9.358383,80.078146,301.64,14.9,179.69,6.25,synthetic_srtm
378,Mine_00378,12.646342,77.206626,1056.03,24.79,178.08,9.87,synthetic_srtm
379,Mine_00379,11.408347,78.528968,238.31,10.41,72.16,7.91,synthetic_srtm
380,Mine_00380,12.949083,76.098205,798.87,5.62,210.88,3.2,synthetic_srtm
381,Mine_00381,10.163963,79.725408,443.76,3.97,150.58,3.55,synthetic_srtm
382,Mine_00382,8.797308,79.263201,572.91,19.22,29.82,10.5,synthetic_srtm
383,Mine_00383,13.208698,80.353103,799.39,20.55,182.49,9.17,synthetic_srtm
384,Mine_00384,9.380317,79.827772,547.8,18.06,23.47,6.46,synthetic_srtm
385,Mine_00385,10.221878,78.441456,213.28,6.29,288.46,6.43,synthetic_srtm
386,Mine_00386,9.243809,79.811134,916.02,22.41,255.99,7.74,synthetic_srtm
387,Mine_00387,9.188497,76.439031,1025.67,42.32,250.39,14.96,synthetic_srtm
388,Mine_00388,9.598232,79.541366,653.46,11.42,17.8,6.93,synthetic_srtm
389,Mine_00389,12.366943,78.237652,376.6,7.75,72.87,2.46,synthetic_srtm
390,Mine_00390,12.162133,78.337236,981.26,8.5,14.36,2.96,synthetic_srtm
391,Mine_00391,9.405213,80.259871,984.93,9.18,61.95,7.05,synthetic_srtm
392,Mine_00392,11.038825,76.423684,1452.73,26.18,100.03,9.24,synthetic_srtm
393,Mine_00393,12.390893,77.673697,1483.96,21.48,204.82,10.32,synthetic_srtm
394,Mine_00394,9.120716,78.354983,905.72,14.58,179.74,5.77,synthetic_srtm
395,Mine_00395,11.534711,76.881284,1349.36,22.65,188.86,9.91,synthetic_srtm
396,Mine_00396,11.068011,76.747154,1653.39,44.12,71.21,18.23,synthetic_srtm
397,Mine_00397,8.928698,78.28173,963.72,8.82,158.89,3.33,synthetic_srtm
398,Mine_00398,11.598609,76.684469,1693.74,36.04,269.21,13.73,synthetic_srtm
399,Mine_00399,12.85329,79.616216,778.89,22.73,183.32,11.22,synthetic_srtm
400,Mine_00400,13.412607,79.00564,826.96,13.31,286.52,4.72,synthetic_srtm
401,Mine_00401,10.351193,76.73005,1633.62,35.08,328.74,11.26,synthetic_srtm
402,Mine_00402,12.526271,76.943888,563.85,24.71,166.74,11.92,synthetic_srtm
403,Mine_00403,12.504849,78.433572,297.41,1.73,140.61,5.2,synthetic_srtm
404,Mine_00404,12.519003,78.066693,411.5,6.77,73.92,5.33,synthetic_srtm
405,Mine_00405,8.955689,79.204063,435.24,5.26,96.54,4.07,synthetic_srtm
406,Mine_00406,12.068192,76.860672,689.42,17.22,300.56,6.36,synthetic_srtm
407,Mine_00407,12.05938,79.627881,390.34,11.62,288.72,7.32,synthetic_srtm
408,Mine_00408,11.718977,77.462968,1588.19,27.3,267.39,10.89,synthetic_srtm
409,Mine_00409,12.706555,77.022308,1997.07,17.96,298.13,6.3,synthetic_srtm
410,Mine_00410,11.817828,78.306946,696.46,5.08,126.75,4.14,synthetic_srtm
411,Mine_00411,9.671705,78.939233,886.22,14.36,191.26,7.29,synthetic_srtm
412,Mine_00412,12.33646,78.992432,326.73,7.16,133.5,2.47,synthetic_srtm
413,Mine_00413,11.082423,76.499453,637.54,14.57,199.39,4.75,synthetic_srtm
414,Mine_00414,8.708668,77.857425,425.12,5.0,17.16,1.89,synthetic_srtm
415,Mine_00415,12.069473,80.131344,873.71,18.66,334.66,5.84,synthetic_srtm
416,Mine_00416,12.14679,79.62208,634.7,21.97,129.58,6.72,synthetic_srtm
417,Mine_00417,9.676131,79.732276,489.37,0.27,36.29,4.4,synthetic_srtm
418,Mine_00418,8.66136,76.307534,1075.43,24.01,100.56,11.77,synthetic_srtm
419,Mine_00419,9.561056,79.710407,376.58,14.91,338.14,4.52,synthetic_srtm
420,Mine_00420,8.264786,80.063027,673.95,12.76,246.11,6.69,synthetic_srtm
421,Mine_00421,12.907664,76.833986,630.31,8.4,236.97,4.66,synthetic_srtm
422,Mine_00422,10.360504,77.204995,498.18,10.68,180.89,7.45,synthetic_srtm
423,Mine_00423,9.38769,76.991014,1139.82,34.22,190.38,11.58,synthetic_srtm
424,Mine_00424,8.179551,79.908482,260.99,6.76,30.54,2.65,synthetic_srtm
425,Mine_00425,11.819478,76.369932,1312.83,37.64,55.32,15.56,synthetic_srtm
426,Mine_00426,12.908878,77.99521,1624.38,20.69,264.03,7.0,synthetic_srtm
427,Mine_00427,11.864486,77.068451,1571.03,28.73,241.46,9.79,synthetic_srtm
428,Mine_00428,10.682169,78.935009,251.89,6.21,151.42,5.51,synthetic_srtm
429,Mine_00429,10.784463,78.853468,545.57,18.1,72.97,5.56,synthetic_srtm
430,Mine_00430,10.598713,76.205419,844.68,15.33,150.96,5.84,synthetic_srtm
431,Mine_00431,9.822409,78.169185,297.36,9.73,290.48,5.76,synthetic_srtm
432,Mine_00432,9.138459,78.324577,637.49,9.65,81.86,6.72,synthetic_srtm
433,Mine_00433,8.201967,76.486116,1492.39,44.63,225.75,15.57,synthetic_srtm
434,Mine_00434,10.182383,76.199745,1577.68,33.3,244.14,11.7,synthetic_srtm
435,Mine_00435,12.500137,78.392198,782.4,9.65,203.93,7.18,synthetic_srtm
436,Mine_00436,11.862423,80.467676,838.3,13.32,44.65,8.53,synthetic_srtm
437,Mine_00437,10.320055,77.849595,607.74,18.58,352.04,8.04,synthetic_srtm
438,Mine_00438,9.70155,79.707057,259.85,2.39,244.3,1.56,synthetic_srtm
439,Mine_00439,11.500208,76.230109,523.78,10.21,150.29,7.58,synthetic_srtm
440,Mine_00440,11.776245,76.515194,1179.32,39.06,201.81,14.7,synthetic_srtm
441,Mine_00441,11.279768,78.473126,678.89,24.75,36.2,10.32,synthetic_srtm
442,Mine_00442,12.124179,77.857039,1634.95,44.11,351.84,15.08,synthetic_srtm
443,Mine_00443,8.055722,78.862432,361.73,5.4,320.13,4.21,synthetic_srtm
444,Mine_00444,11.508324,79.334416,404.83,10.92,291.49,4.31,synthetic_srtm
445,Mine_00445,8.064386,77.899154,497.84,3.36,274.49,2.63,synthetic_srtm
446,Mine_00446,8.240565,76.553515,759.4,9.88,158.18,4.58,synthetic_srtm
447,Mine_00447,11.587604,79.80522,689.62,9.96,82.24,3.44,synthetic_srtm
448,Mine_00448,10.983939,79.877841,384.54,12.07,27.23,4.71,synthetic_srtm
449,Mine_00449,11.185965,79.41708,922.56,16.96,233.04,8.83,synthetic_srtm
450,Mine_00450,11.305908,79.175136,669.21,5.99,122.99,1.97,synthetic_srtm
451,Mine_00451,10.367911,76.641674,1154.18,28.4,90.88,9.33,synthetic_srtm
452,Mine_00452,10.844817,77.705096,877.11,5.54,102.59,3.76,synthetic_srtm
453,Mine_00453,11.277939,76.45567,1506.7,26.71,322.43,8.18,synthetic_srtm
454,Mine_00454,13.434198,78.043007,608.33,13.89,76.73,6.96,synthetic_srtm
455,Mine_00455,8.151452,78.274548,431.23,5.18,116.3,4.05,synthetic_srtm
456,Mine_00456,8.170257,77.74594,911.92,16.76,344.55,5.86,synthetic_srtm
457,Mine_00457,10.521877,77.301601,601.58,21.33,344.5,9.95,synthetic_srtm
458,Mine_00458,9.726817,79.997817,997.45,10.19,158.73,4.92,synthetic_srtm
459,Mine_00459,9.58623,80.32511,638.6,12.8,99.89,4.35,synthetic_srtm
460,Mine_00460,10.977742,76.693653,689.76,13.12,71.63,5.13,synthetic_srtm
461,Mine_00461,12.585075,77.981986,1550.37,33.76,183.95,12.33,synthetic_srtm
462,Mine_00462,8.317062,77.541016,761.38,11.34,110.32,7.8,synthetic_srtm
463,Mine_00463,9.910024,78.612104,697.3,21.35,293.1,10.64,synthetic_srtm
464,Mine_00464,10.209783,80.472318,490.97,0.79,294.12,0.52,synthetic_srtm
465,Mine_00465,10.53795,79.288681,459.8,1.63,87.11,2.86,synthetic_srtm
466,Mine_00466,12.988185,76.595676,978.38,9.26,208.19,5.5,synthetic_srtm
467,Mine_00467,8.208899,79.35637,397.73,10.53,304.02,6.49,synthetic_srtm
468,Mine_00468,10.567301,76.155076,597.36,14.64,355.21,8.34,synthetic_srtm
469,Mine_00469,8.515198,79.395795,814.73,13.01,77.5,8.86,synthetic_srtm
470,Mine_00470,10.873443,78.532203,861.14,13.61,195.53,5.89,synthetic_srtm
471,Mine_00471,11.175035,79.895097,448.36,6.62,304.6,3.98,synthetic_srtm
472,Mine_00472,12.204903,78.58088,700.82,13.07,196.18,5.18,synthetic_srtm
473,Mine_00473,12.696791,77.976174,1487.64,25.76,36.27,8.02,synthetic_srtm
474,Mine_00474,12.859056,78.017436,341.72,12.51,186.54,6.42,synthetic_srtm
475,Mine_00475,8.105139,78.145796,586.11,16.72,127.89,7.27,synthetic_srtm
476,Mine_00476,9.646676,77.61422,420.29,10.85,298.16,5.89,synthetic_srtm
477,Mine_00477,13.265964,76.039885,1115.08,21.88,74.8,9.52,synthetic_srtm
478,Mine_00478,9.620407,76.064419,1334.65,26.36,140.01,11.09,synthetic_srtm
479,Mine_00479,8.785677,79.390426,948.43,17.51,75.6,9.56,synthetic_srtm
480,Mine_00480,12.652568,78.761219,773.92,20.63,298.28,8.11,synthetic_srtm
481,Mine_00481,10.241487,77.831979,555.42,8.7,155.08,4.02,synthetic_srtm
482,Mine_00482,12.445294,80.264596,685.5,10.18,174.84,3.22,synthetic_srtm
483,Mine_00483,9.647611,76.345879,1186.96,34.89,131.63,14.21,synthetic_srtm
484,Mine_00484,8.798581,79.195495,565.36,12.87,312.21,8.0,synthetic_srtm
485,Mine_00485,12.419155,80.181526,879.98,17.74,109.53,6.84,synthetic_srtm
486,Mine_00486,9.206007,76.151511,815.36,24.34,103.89,7.41,synthetic_srtm
487,Mine_00487,9.033136,79.239062,433.61,2.62,118.5,3.67,synthetic_srtm
488,Mine_00488,11.504,78.368253,805.99,16.79,119.62,9.45,synthetic_srtm
489,Mine_00489,9.594836,78.5348,882.47,18.74,285.77,7.2,synthetic_srtm
490,Mine_00490,10.207951,76.713809,1530.7,26.36,213.21,8.49,synthetic_srtm
491,Mine_00491,9.493509,77.81101,447.59,13.03,352.18,5.57,synthetic_srtm
492,Mine_00492,11.264172,80.03077,489.01,14.6,89.48,9.13,synthetic_srtm
493,Mine_00493,12.074972,77.423216,1627.6,21.15,104.97,9.92,synthetic_srtm
494,Mine_00494,12.634915,77.410066,1368.39,35.03,213.6,10.69,synthetic_srtm
495,Mine_00495,13.004687,77.697931,1763.44,41.83,262.81,16.89,synthetic_srtm
496,Mine_00496,10.715977,77.74442,994.74,7.38,280.61,5.68,synthetic_srtm
497,Mine_00497,11.66512,80.347214,519.45,11.74,77.69,7.24,synthetic_srtm
498,Mine_00498,9.639287,76.474142,612.0,9.62,245.45,4.13,synthetic_srtm
499,Mine_00499,9.980278,80.305599,509.74,13.78,269.39,4.83,synthetic_srtm
500,Mine_00500,10.027889,77.66416,288.27,2.22,104.83,5.29,synthetic_srtm
501,Mine_00501,10.286886,79.238442,499.94,9.46,356.13,3.13,synthetic_srtm
502,Mine_00502,11.562422,79.583083,350.62,11.53,54.25,7.13,synthetic_srtm
503,Mine_00503,11.584019,79.323689,458.37,14.98,146.22,6.66,synthetic_srtm
504,Mine_00504,10.574848,78.606289,978.76,18.34,140.49,5.95,synthetic_srtm
505,Mine_00505,12.301084,78.447126,234.13,6.26,31.58,5.19,synthetic_srtm
506,Mine_00506,13.010878,79.772194,343.69,4.93,95.23,3.19,synthetic_srtm
507,Mine_00507,12.049102,77.486093,1329.28,23.23,79.04,10.11,synthetic_srtm
508,Mine_00508,12.827059,76.187456,742.66,12.47,69.24,8.49,synthetic_srtm
509,Mine_00509,12.251068,78.345832,684.55,5.44,20.34,3.56,synthetic_srtm
510,Mine_00510,10.104192,77.654801,725.9,14.9,347.17,5.18,synthetic_srtm
511,Mine_00511,9.87992,79.32562,921.07,16.11,169.96,8.06,synthetic_srtm
512,Mine_00512,11.124509,78.983533,675.5,14.69,349.96,8.95,synthetic_srtm
513,Mine_00513,11.008298,79.733934,420.39,2.36,145.5,0.94,synthetic_srtm
514,Mine_00514,8.361322,77.027059,254.82,10.52,1.6,7.4,synthetic_srtm
515,Mine_00515,10.605954,76.2603,1492.0,27.31,60.46,9.15,synthetic_srtm
516,Mine_00516,11.580265,78.90066,361.08,6.1,104.74,5.23,synthetic_srtm
517,Mine_00517,8.774416,78.800861,909.83,18.59,57.41,6.11,synthetic_srtm
518,Mine_00518,12.461181,78.861796,656.36,24.38,336.84,9.43,synthetic_srtm
519,Mine_00519,9.898557,80.128686,929.91,23.38,262.22,9.49,synthetic_srtm
520,Mine_00520,8.810167,76.035287,868.52,21.11,109.78,8.93,synthetic_srtm
521,Mine_00521,13.268638,78.383469,538.29,14.63,277.74,4.88,synthetic_srtm
522,Mine_00522,8.419316,77.236167,992.67,12.05,319.01,7.39,synthetic_srtm
523,Mine_00523,8.24145,76.745874,1431.07,17.81,25.99,7.28,synthetic_srtm
524,Mine_00524,8.753495,80.477416,207.16,11.23,349.45,6.39,synthetic_srtm
525,Mine_00525,8.598913,78.864424,708.15,14.82,171.75,6.37,synthetic_srtm
526,Mine_00526,11.132469,77.167938,2247.86,18.19,78.69,10.01,synthetic_srtm
527,Mine_00527,8.071663,76.063855,1620.39,20.57,188.26,6.85,synthetic_srtm
528,Mine_00528,11.840711,77.778427,1307.18,32.01,166.9,10.81,synthetic_srtm
529,Mine_00529,12.69822,79.478901,342.53,12.43,87.93,7.08,synthetic_srtm
530,Mine_00530,12.297419,80.320755,330.58,13.61,140.38,5.65,synthetic_srtm
531,Mine_00531,12.594743,79.529894,608.43,16.35,69.04,5.15,synthetic_srtm
532,Mine_00532,9.769185,79.816189,712.97,8.8,17.93,5.46,synthetic_srtm
533,Mine_00533,8.160434,78.164006,213.88,6.11,203.92,2.94,synthetic_srtm
534,Mine_00534,10.188101,80.13789,428.03,14.25,89.59,6.79,synthetic_srtm
535,Mine_00535,10.044482,77.766062,511.09,21.13,196.79,10.1,synthetic_srtm
536,Mine_00536,9.964166,79.543971,361.61,11.13,329.75,7.76,synthetic_srtm
537,Mine_00537,11.611471,77.081795,1609.54,22.43,38.27,9.6,synthetic_srtm
538,Mine_00538,9.21469,76.175185,1033.62,39.91,8.83,14.33,synthetic_srtm
539,Mine_00539,9.236896,77.941213,239.02,9.6,144.24,2.94,synthetic_srtm
540,Mine_00540,12.173269,77.271232,1250.37,39.85,305.2,13.25,synthetic_srtm
541,Mine_00541,10.20518,79.433988,413.99,13.38,67.39,8.72,synthetic_srtm
542,Mine_00542,11.251217,76.837612,837.16,19.37,86.16,9.45,synthetic_srtm
543,Mine_00543,8.391371,76.310534,833.91,10.19,209.15,5.05,synthetic_srtm
544,Mine_00544,12.459832,79.761217,713.71,21.91,296.65,7.32,synthetic_srtm
545,Mine_00545,12.536333,78.320467,819.44,12.74,8.81,8.48,synthetic_srtm
546,Mine_00546,13.120555,77.763208,1618.99,15.8,169.41,7.64,synthetic_srtm
547,Mine_00547,9.991969,79.254077,767.9,10.41,176.71,5.62,synthetic_srtm
548,Mine_00548,10.406151,79.972305,388.05,11.7,333.07,5.8,synthetic_srtm
549,Mine_00549,11.64676,79.338533,517.47,18.37,224.85,9.13,synthetic_srtm
550,Mine_00550,9.789123,79.206796,653.12,12.99,289.92,7.1,synthetic_srtm
551,Mine_00551,13.497492,77.82588,2320.45,30.04,168.56,12.59,synthetic_srtm
552,Mine_00552,8.822808,77.713104,391.02,4.95,24.09,3.27,synthetic_srtm
553,Mine_00553,10.84678,77.20981,463.07,9.71,2.6,3.58,synthetic_srtm
554,Mine_00554,9.63108,79.214909,269.57,8.89,92.76,7.04,synthetic_srtm
555,Mine_00555,8.946491,80.37589,421.66,3.7,73.12,1.91,synthetic_srtm
556,Mine_00556,12.41935,76.549137,1550.34,40.01,133.03,14.7,synthetic_srtm
557,Mine_00557,12.43889,76.878583,1001.46,31.09,42.87,10.98,synthetic_srtm
558,Mine_00558,12.710955,79.155264,675.55,6.59,252.64,2.83,synthetic_srtm
559,Mine_00559,10.729423,77.71233,860.85,11.67,166.49,4.33,synthetic_srtm
560,Mine_00560,10.113953,76.11337,567.07,20.68,283.21,7.16,synthetic_srtm
561,Mine_00561,13.336414,77.969476,1981.44,42.74,191.31,17.27,synthetic_srtm
562,Mine_00562,11.005367,80.351659,533.06,8.99,323.03,4.12,synthetic_srtm
563,Mine_00563,12.744523,76.80665,1041.27,16.52,200.85,8.89,synthetic_srtm
564,Mine_00564,12.759127,76.707729,619.62,8.03,144.42,6.59,synthetic_srtm
565,Mine_00565,11.699866,79.585066,200.8,5.67,138.38,5.28,synthetic_srtm
566,Mine_00566,12.580567,80.077392,977.8,24.52,317.85,7.56,synthetic_srtm
567,Mine_00567,11.018723,77.294347,1441.73,31.61,71.02,12.25,synthetic_srtm
568,Mine_00568,9.837275,79.297146,373.17,12.38,272.2,7.91,synthetic_srtm
569,Mine_00569,9.571671,77.947451,959.83,25.0,221.42,7.74,synthetic_srtm
570,Mine_00570,10.056566,80.250019,936.98,24.31,312.02,7.73,synthetic_srtm
571,Mine_00571,9.094457,77.882502,391.63,9.09,125.76,7.6,synthetic_srtm
572,Mine_00572,13.031021,76.051663,822.42,21.44,104.99,6.66,synthetic_srtm
573,Mine_00573,13.384266,78.499729,889.96,8.59,27.59,4.77,synthetic_srtm
574,Mine_00574,10.858373,76.33319,1516.71,15.6,4.97,4.72,synthetic_srtm
575,Mine_00575,11.468853,78.473228,345.54,7.59,0.41,5.6,synthetic_srtm
576,Mine_00576,8.946608,80.16485,261.6,2.29,287.53,4.27,synthetic_srtm
577,Mine_00577,10.519122,76.414429,1334.14,23.03,146.17,10.33,synthetic_srtm
578,Mine_00578,10.052929,78.53647,731.86,23.1,92.79,7.65,synthetic_srtm
579,Mine_00579,10.891659,77.12286,810.54,10.98,41.25,5.63,synthetic_srtm
580,Mine_00580,10.469966,78.755162,512.27,12.97,308.23,5.48,synthetic_srtm
581,Mine_00581,11.438626,77.680997,1328.1,40.45,166.02,15.17,synthetic_srtm
582,Mine_00582,13.149469,78.438955,433.48,9.16,354.93,5.76,synthetic_srtm
583,Mine_00583,11.39487,79.327337,799.3,21.37,99.82,6.95,synthetic_srtm
584,Mine_00584,12.085537,77.471701,1764.63,44.08,72.73,16.61,synthetic_srtm
585,Mine_00585,12.737258,79.677635,261.15,12.92,314.75,6.45,synthetic_srtm
586,Mine_00586,11.373104,78.869597,672.71,14.81,245.76,4.64,synthetic_srtm
587,Mine_00587,9.095987,79.948615,740.54,19.24,249.44,7.25,synthetic_srtm
588,Mine_00588,8.086973,76.347153,698.33,8.21,324.47,5.31,synthetic_srtm
589,Mine_00589,9.184394,78.686931,404.86,4.78,278.88,5.06,synthetic_srtm
590,Mine_00590,12.867304,77.724779,1027.94,19.36,210.89,8.16,synthetic_srtm
591,Mine_00591,10.185965,78.31125,719.77,13.61,202.68,6.07,synthetic_srtm
592,Mine_00592,13.064216,78.63002,285.7,13.18,203.44,6.72,synthetic_srtm
593,Mine_00593,12.729031,76.157536,1020.91,15.45,74.69,6.53,synthetic_srtm
594,Mine_00594,12.585037,78.247443,220.26,8.28,262.13,3.52,synthetic_srtm
595,Mine_00595,10.306643,78.250361,896.6,22.88,78.57,10.03,synthetic_srtm
596,Mine_00596,10.764472,76.252792,1551.27,24.05,156.64,8.46,synthetic_srtm
597,Mine_00597,10.253191,78.948282,524.44,23.07,280.42,7.9,synthetic_srtm
598,Mine_00598,8.387706,76.83541,1207.94,16.92,344.66,8.2,synthetic_srtm
599,Mine_00599,10.454107,79.6263,768.09,16.36,18.13,8.86,synthetic_srtm
600,Mine_00600,11.043591,77.14697,1161.06,39.53,166.7,13.95,synthetic_srtm
601,Mine_00601,13.025836,80.287668,565.87,6.49,88.84,5.72,synthetic_srtm
602,Mine_00602,13.176164,79.943437,252.22,13.26,7.06,8.58,synthetic_srtm
603,Mine_00603,9.066247,79.864675,298.14,10.64,346.52,6.9,synthetic_srtm
604,Mine_00604,12.115957,77.976448,2090.6,32.52,85.96,10.82,synthetic_srtm
605,Mine_00605,11.970611,77.731616,1890.78,24.98,344.67,11.76,synthetic_srtm
606,Mine_00606,12.746348,78.393501,775.12,11.41,176.71,4.72,synthetic_srtm
607,Mine_00607,9.898765,77.863904,624.59,21.55,72.04,7.35,synthetic_srtm
608,Mine_00608,8.5794,77.000626,913.08,15.01,95.81,5.33,synthetic_srtm
609,Mine_00609,8.317527,77.759648,874.19,24.45,232.89,12.11,synthetic_srtm
610,Mine_00610,11.389653,78.505953,870.34,18.59,149.88,9.2,synthetic_srtm
611,Mine_00611,11.830364,79.159657,961.06,10.06,327.75,7.32,synthetic_srtm
612,Mine_00612,12.787898,78.841385,233.71,0.55,283.32,4.95,synthetic_srtm
613,Mine_00613,8.644621,77.51743,337.72,11.87,165.25,8.5,synthetic_srtm
614,Mine_00614,11.733937,79.47844,827.55,5.38,8.84,2.42,synthetic_srtm
615,Mine_00615,12.715199,79.029609,800.94,16.54,84.61,7.15,synthetic_srtm
616,Mine_00616,11.930527,79.967036,450.25,11.11,170.06,7.72,synthetic_srtm
617,Mine_00617,12.807939,76.915464,1364.39,15.42,125.38,8.58,synthetic_srtm
618,Mine_00618,10.80809,79.692694,930.33,17.61,326.67,6.39,synthetic_srtm
619,Mine_00619,10.253566,78.914984,507.8,14.38,103.21,5.92,synthetic_srtm
620,Mine_00620,8.23092,78.15667,408.18,0.32,212.49,2.92,synthetic_srtm
621,Mine_00621,11.000719,80.417683,669.03,14.07,107.54,8.93,synthetic_srtm
622,Mine_00622,9.273516,80.241457,431.84,8.69,59.62,4.89,synthetic_srtm
623,Mine_00623,12.010791,78.73784,824.16,5.32,188.86,3.17,synthetic_srtm
624,Mine_00624,9.924697,80.181798,293.79,3.97,35.13,4.51,synthetic_srtm
625,Mine_00625,8.029224,79.620226,634.45,23.95,201.38,9.8,synthetic_srtm
626,Mine_00626,11.210425,79.51882,920.55,24.18,37.04,9.46,synthetic_srtm
627,Mine_00627,8.771785,79.020209,634.27,7.05,288.52,5.14,synthetic_srtm
628,Mine_00628,9.908295,77.758398,462.97,9.99,107.69,5.97,synthetic_srtm
629,Mine_00629,11.59773,80.001076,652.81,18.81,108.62,9.39,synthetic_srtm
630,Mine_00630,10.606567,79.223787,304.84,9.2,166.95,3.23,synthetic_srtm
631,Mine_00631,11.298742,79.876812,861.86,17.99,184.25,10.11,synthetic_srtm
632,Mine_00632,8.423344,79.132703,790.67,20.31,255.42,10.2,synthetic_srtm
633,Mine_00633,12.379328,77.223757,2152.02,19.65,185.64,9.7,synthetic_srtm
634,Mine_00634,11.500059,77.460303,2042.19,26.4,86.94,10.29,synthetic_srtm
635,Mine_00635,9.202936,78.678865,369.4,11.45,79.64,8.12,synthetic_srtm
636,Mine_00636,10.538376,80.424875,423.36,13.12,143.39,6.12,synthetic_srtm
637,Mine_00637,10.377904,76.140171,1546.91,33.05,44.14,11.85,synthetic_srtm
638,Mine_00638,11.065354,76.175407,1440.44,20.02,228.54,10.24,synthetic_srtm
639,Mine_00639,12.88465,77.463808,1661.04,20.15,119.78,6.4,synthetic_srtm
640,Mine_00640,12.114026,79.657211,694.15,15.96,146.02,4.97,synthetic_srtm
641,Mine_00641,13.134641,79.606066,544.45,20.17,347.7,7.09,synthetic_srtm
642,Mine_00642,8.22193,77.850362,431.91,0.27,45.74,2.86,synthetic_srtm
643,Mine_00643,12.31056,78.547813,385.96,12.24,214.15,7.73,synthetic_srtm
644,Mine_00644,12.203944,78.806844,451.87,2.12,78.42,2.58,synthetic_srtm
645,Mine_00645,8.029404,80.222862,491.06,10.66,119.07,6.08,synthetic_srtm
646,Mine_00646,8.381306,78.87245,405.38,12.52,214.72,6.59,synthetic_srtm
647,Mine_00647,11.183621,78.56268,515.86,17.73,195.52,8.36,synthetic_srtm
648,Mine_00648,11.4819,78.111784,875.47,5.01,53.78,4.62,synthetic_srtm
649,Mine_00649,11.933051,78.669212,816.54,5.97,11.59,5.96,synthetic_srtm
650,Mine_00650,11.726424,77.679052,1003.47,24.15,45.35,10.19,synthetic_srtm
651,Mine_00651,11.543412,80.384114,812.66,24.47,36.21,12.07,synthetic_srtm
652,Mine_00652,11.296162,76.807102,944.78,23.0,161.65,10.69,synthetic_srtm
653,Mine_00653,12.605519,76.763778,573.46,15.99,59.36,7.76,synthetic_srtm
654,Mine_00654,11.848018,79.771697,709.01,11.49,152.83,6.45,synthetic_srtm
655,Mine_00655,13.244443,79.96727,599.3,10.72,235.8,8.17,synthetic_srtm
656,Mine_00656,8.432068,79.332541,388.33,9.52,155.31,4.81,synthetic_srtm
657,Mine_00657,8.365902,77.038576,740.57,9.51,55.04,3.12,synthetic_srtm
658,Mine_00658,11.798739,78.685494,327.92,13.99,268.99,7.93,synthetic_srtm
659,Mine_00659,10.064926,79.60033,213.45,3.13,168.04,5.67,synthetic_srtm
660,Mine_00660,11.801665,78.713678,903.54,8.47,62.03,5.09,synthetic_srtm
661,Mine_00661,9.844035,76.301574,688.52,13.05,169.12,5.65,synthetic_srtm
662,Mine_00662,9.683283,78.483447,758.04,5.37,340.09,2.93,synthetic_srtm
663,Mine_00663,10.61223,76.248501,1069.57,25.08,170.8,10.4,synthetic_srtm
664,Mine_00664,13.351922,79.416816,485.19,0.7,293.24,4.66,synthetic_srtm
665,Mine_00665,12.390613,77.468143,2001.23,21.14,79.43,9.67,synthetic_srtm
666,Mine_00666,9.410547,77.598939,483.05,3.63,182.37,5.56,synthetic_srtm
667,Mine_00667,12.940309,79.495615,382.34,7.77,51.97,4.6,synthetic_srtm
668,Mine_00668,8.542206,79.731914,216.46,2.06,235.57,2.41,synthetic_srtm
669,Mine_00669,10.631729,79.512502,880.98,24.81,201.14,11.32,synthetic_srtm
670,Mine_00670,10.683089,76.370225,1334.38,39.31,359.68,15.98,synthetic_srtm
671,Mine_00671,10.000953,76.858267,570.61,12.16,273.77,3.8,synthetic_srtm
672,Mine_00672,12.742116,77.41244,1335.74,37.03,347.65,13.65,synthetic_srtm
673,Mine_00673,10.04307,76.878249,645.71,20.77,276.05,8.52,synthetic_srtm
674,Mine_00674,10.657495,79.772037,404.06,9.78,291.71,5.08,synthetic_srtm
675,Mine_00675,9.805282,78.042955,749.51,18.04,332.97,7.9,synthetic_srtm
676,Mine_00676,10.805816,79.313079,877.84,5.92,66.46,3.98,synthetic_srtm
677,Mine_00677,13.127775,79.337212,450.77,12.01,13.37,4.22,synthetic_srtm
678,Mine_00678,9.532537,76.984194,1410.14,25.06,162.34,7.93,synthetic_srtm
679,Mine_00679,13.099181,80.364669,714.49,14.51,47.57,8.41,synthetic_srtm
680,Mine_00680,12.387527,77.653258,1140.27,28.18,334.45,10.54,synthetic_srtm
681,Mine_00681,9.857071,80.448347,414.84,11.72,271.73,6.2,synthetic_srtm
682,Mine_00682,9.373179,77.184613,460.5,13.61,214.83,7.93,synthetic_srtm
683,Mine_00683,11.450309,79.376196,260.47,13.64,246.14,8.52,synthetic_srtm
684,Mine_00684,9.61672,77.066881,567.51,14.3,42.63,9.18,synthetic_srtm
685,Mine_00685,9.309807,80.087955,942.35,20.83,109.34,7.78,synthetic_srtm
686,Mine_00686,8.849707,78.192694,376.13,1.34,142.26,3.14,synthetic_srtm
687,Mine_00687,12.231969,77.790396,1105.63,38.18,176.65,13.84,synthetic_srtm
688,Mine_00688,8.249989,78.909702,680.17,21.25,112.31,11.07,synthetic_srtm
689,Mine_00689,12.25454,76.555304,1234.83,15.12,303.6,5.2,synthetic_srtm
690,Mine_00690,12.615492,76.723058,900.91,11.08,160.17,5.06,synthetic_srtm
691,Mine_00691,8.272879,79.260692,722.69,14.1,179.03,7.14,synthetic_srtm
692,Mine_00692,8.954228,77.708882,263.62,13.11,92.38,7.94,synthetic_srtm
693,Mine_00693,8.690175,79.477471,700.98,15.55,210.74,6.39,synthetic_srtm
694,Mine_00694,9.749273,79.372417,810.5,9.9,93.1,3.63,synthetic_srtm
695,Mine_00695,10.302203,77.316324,855.9,24.82,132.64,12.44,synthetic_srtm
696,Mine_00696,9.46023,78.751586,582.95,9.62,291.59,3.27,synthetic_srtm
697,Mine_00697,13.209388,79.981848,873.22,17.9,123.33,9.69,synthetic_srtm
698,Mine_00698,13.298482,76.04628,748.63,9.47,333.23,6.54,synthetic_srtm
699,Mine_00699,12.369644,77.251581,1789.06,26.3,149.62,12.81,synthetic_srtm
700,Mine_00700,8.489443,80.462632,322.97,5.64,113.2,5.26,synthetic_srtm
701,Mine_00701,10.490475,76.89321,1457.01,37.66,113.22,14.48,synthetic_srtm
702,Mine_00702,8.827597,80.356344,576.27,6.13,321.55,2.8,synthetic_srtm
703,Mine_00703,11.640525,79.380297,707.68,23.15,319.46,7.34,synthetic_srtm
704,Mine_00704,8.631383,80.236898,494.35,9.34,242.86,6.58,synthetic_srtm
705,Mine_00705,9.37202,79.227043,625.59,19.96,324.45,8.24,synthetic_srtm
706,Mine_00706,9.643714,76.481757,1031.32,31.01,323.29,9.52,synthetic_srtm
707,Mine_00707,12.747245,79.701226,289.93,10.95,326.36,4.08,synthetic_srtm
708,Mine_00708,9.649681,78.682369,716.91,5.11,264.01,5.16,synthetic_srtm
709,Mine_00709,11.006826,80.060859,733.63,13.24,142.97,4.0,synthetic_srtm
710,Mine_00710,13.123552,79.694415,281.97,10.21,291.36,7.78,synthetic_srtm
711,Mine_00711,11.083189,80.241966,350.95,1.88,96.34,2.79,synthetic_srtm
712,Mine_00712,8.543055,76.340475,543.91,8.45,150.45,6.42,synthetic_srtm
713,Mine_00713,9.244514,80.030641,255.41,13.09,185.67,8.28,synthetic_srtm
714,Mine_00714,12.749062,77.003779,1851.83,18.33,347.34,5.8,synthetic_srtm
715,Mine_00715,11.086906,77.108099,1940.56,21.63,75.28,9.17,synthetic_srtm
716,Mine_00716,9.911353,76.226573,1365.51,19.14,4.0,8.65,synthetic_srtm
717,Mine_00717,9.245869,78.762866,743.61,6.2,49.51,4.25,synthetic_srtm
718,Mine_00718,12.529537,79.693133,785.79,16.66,175.96,7.86,synthetic_srtm
719,Mine_00719,12.43143,77.476808,1108.61,36.84,149.18,15.36,synthetic_srtm
720,Mine_00720,13.020908,78.545597,850.31,17.58,35.33,7.97,synthetic_srtm
721,Mine_00721,12.19036,79.516775,547.0,12.92,99.77,5.86,synthetic_srtm
722,Mine_00722,11.761265,78.392075,987.55,15.08,251.28,7.47,synthetic_srtm
723,Mine_00723,11.597881,78.786576,797.22,8.52,24.41,7.51,synthetic_srtm
724,Mine_00724,9.231904,77.076141,788.05,16.3,184.8,7.55,synthetic_srtm
725,Mine_00725,11.813343,78.917062,762.29,14.73,340.27,6.73,synthetic_srtm
726,Mine_00726,8.257322,77.438434,228.5,14.24,271.43,9.15,synthetic_srtm
727,Mine_00727,9.951937,77.859276,827.59,8.23,328.19,6.41,synthetic_srtm
728,Mine_00728,8.999784,76.705657,768.05,10.8,159.07,5.43,synthetic_srtm
729,Mine_00729,10.850519,79.195516,279.68,8.95,199.7,7.12,synthetic_srtm
730,Mine_00730,9.442886,77.408726,336.55,7.1,316.9,5.59,synthetic_srtm
731,Mine_00731,10.087892,77.42464,677.34,24.68,358.87,11.06,synthetic_srtm
732,Mine_00732,8.236788,79.514337,575.56,12.86,175.02,6.91,synthetic_srtm
733,Mine_00733,11.619302,76.036266,1668.39,38.0,58.89,14.85,synthetic_srtm
734,Mine_00734,9.381431,79.798955,423.1,11.55,194.83,4.18,synthetic_srtm
735,Mine_00735,11.151732,77.46345,1251.62,29.05,119.14,9.25,synthetic_srtm
736,Mine_00736,13.31161,77.778199,2185.87,29.1,29.99,8.89,synthetic_srtm
737,Mine_00737,12.429865,80.260403,863.64,20.39,198.57,8.1,synthetic_srtm
738,Mine_00738,13.446828,76.115963,525.15,18.04,338.04,8.78,synthetic_srtm
739,Mine_00739,9.674709,76.89143,1373.81,38.15,356.75,12.96,synthetic_srtm
740,Mine_00740,10.732925,80.126239,704.63,7.74,201.93,6.35,synthetic_srtm
741,Mine_00741,12.384661,79.259046,851.18,14.66,201.52,8.83,synthetic_srtm
742,Mine_00742,8.288152,76.718312,1217.72,27.7,83.56,12.88,synthetic_srtm
743,Mine_00743,12.56583,80.267132,892.07,19.01,133.69,9.62,synthetic_srtm
744,Mine_00744,9.527455,76.161686,1573.42,26.66,328.41,11.06,synthetic_srtm
745,Mine_00745,8.053278,79.860798,726.81,9.61,70.92,6.01,synthetic_srtm
746,Mine_00746,9.363303,79.139723,552.25,19.5,111.14,8.37,synthetic_srtm
747,Mine_00747,9.513815,79.192475,627.28,23.72,144.54,8.26,synthetic_srtm
748,Mine_00748,9.069462,76.419383,517.93,21.01,322.95,7.22,synthetic_srtm
749,Mine_00749,9.74655,77.167248,448.28,5.03,295.48,2.61,synthetic_srtm
750,Mine_00750,8.278076,78.819057,309.73,10.29,337.56,6.08,synthetic_srtm
751,Mine_00751,11.64538,79.917852,748.4,19.26,291.93,10.33,synthetic_srtm
752,Mine_00752,10.914673,76.726153,789.62,9.29,197.11,6.84,synthetic_srtm
753,Mine_00753,8.846449,76.671623,889.03,24.42,309.13,11.41,synthetic_srtm
754,Mine_00754,11.738335,76.255062,1344.01,33.0,47.02,14.43,synthetic_srtm
755,Mine_00755,9.063894,78.88677,341.45,11.96,307.61,6.03,synthetic_srtm
756,Mine_00756,8.671613,76.500117,1013.04,44.13,57.69,17.59,synthetic_srtm
757,Mine_00757,8.776092,78.45512,244.56,11.67,333.17,6.46,synthetic_srtm
758,Mine_00758,10.943338,76.369107,1696.52,23.87,122.69,8.71,synthetic_srtm
759,Mine_00759,10.444905,78.270786,788.23,19.7,145.46,8.96,synthetic_srtm
760,Mine_00760,12.189217,78.281871,332.93,11.73,330.54,8.17,synthetic_srtm
761,Mine_00761,10.261548,77.923689,934.66,19.16,213.6,8.0,synthetic_srtm
762,Mine_00762,13.139382,79.100894,242.67,2.9,285.94,1.39,synthetic_srtm
763,Mine_00763,8.089102,79.682712,376.0,9.32,67.42,4.25,synthetic_srtm
764,Mine_00764,11.586512,79.514137,690.0,13.48,77.22,5.0,synthetic_srtm
765,Mine_00765,8.335539,77.295241,306.3,4.68,169.2,4.66,synthetic_srtm
766,Mine_00766,8.834765,80.003095,242.53,3.18,187.42,2.23,synthetic_srtm
767,Mine_00767,10.359843,77.241652,709.02,7.78,26.55,6.91,synthetic_srtm
768,Mine_00768,11.636274,78.935059,578.83,19.87,46.85,6.92,synthetic_srtm
769,Mine_00769,8.671041,79.156225,417.75,0.81,39.92,0.31,synthetic_srtm
770,Mine_00770,13.108728,77.493872,1573.42,15.21,186.6,7.16,synthetic_srtm
771,Mine_00771,9.422254,76.125335,1478.49,15.83,249.45,8.98,synthetic_srtm
772,Mine_00772,10.709295,78.850353,844.15,18.03,37.87,5.43,synthetic_srtm
773,Mine_00773,11.172847,78.537638,893.47,13.11,290.09,5.29,synthetic_srtm
774,Mine_00774,9.875272,80.127706,978.97,14.22,148.16,4.62,synthetic_srtm
775,Mine_00775,9.613444,78.364616,203.71,9.27,293.92,6.33,synthetic_srtm
776,Mine_00776,11.719986,79.058349,558.8,7.89,355.82,6.1,synthetic_srtm
777,Mine_00777,9.49575,76.980511,595.69,10.18,156.04,5.29,synthetic_srtm
778,Mine_00778,8.089339,79.279501,317.01,7.09,64.37,6.46,synthetic_srtm
779,Mine_00779,9.88502,76.605593,1635.36,26.2,258.06,8.11,synthetic_srtm
780,Mine_00780,11.573834,76.465454,1027.4,28.57,90.55,12.0,synthetic_srtm
781,Mine_00781,8.650202,76.000138,834.67,13.11,173.5,6.9,synthetic_srtm
782,Mine_00782,8.506543,79.668743,894.16,6.1,200.47,3.22,synthetic_srtm
783,Mine_00783,11.042116,79.655162,942.72,24.98,200.64,11.02,synthetic_srtm
784,Mine_00784,10.144449,78.160213,932.69,21.72,142.24,10.77,synthetic_srtm
785,Mine_00785,13.372369,77.821263,1072.58,18.41,159.06,7.77,synthetic_srtm
786,Mine_00786,9.76015,78.144076,539.61,24.87,21.04,9.99,synthetic_srtm
787,Mine_00787,11.257658,79.125942,462.43,0.29,212.24,2.65,synthetic_srtm
788,Mine_00788,8.657591,78.576893,702.68,12.19,86.28,6.63,synthetic_srtm
789,Mine_00789,13.470763,76.416252,1434.2,17.61,40.78,7.47,synthetic_srtm
790,Mine_00790,9.691414,78.214245,499.36,4.78,281.05,2.07,synthetic_srtm
791,Mine_00791,11.03078,78.356036,808.14,22.5,151.9,8.03,synthetic_srtm
792,Mine_00792,12.243316,78.933554,483.2,6.44,300.41,3.3,synthetic_srtm
793,Mine_00793,8.366816,76.216415,1387.34,24.97,173.74,9.57,synthetic_srtm
794,Mine_00794,9.494826,77.796251,259.38,7.09,52.59,3.73,synthetic_srtm
795,Mine_00795,13.373674,78.451475,809.18,17.68,298.52,6.17,synthetic_srtm
796,Mine_00796,12.992545,80.484545,768.32,8.89,37.66,6.06,synthetic_srtm
797,Mine_00797,13.178673,78.383713,733.82,20.36,152.51,10.92,synthetic_srtm
798,Mine_00798,9.666596,80.349464,664.54,20.91,138.64,8.67,synthetic_srtm
799,Mine_00799,9.689814,77.66511,477.73,8.84,266.91,4.05,synthetic_srtm
800,Mine_00800,11.188521,77.555312,1421.7,38.35,14.63,15.2,synthetic_srtm
801,Mine_00801,11.619562,80.489872,459.02,10.55,144.76,4.37,synthetic_srtm
802,Mine_00802,8.633304,79.974731,204.43,14.19,130.99,6.89,synthetic_srtm
803,Mine_00803,10.431184,78.917051,748.84,12.62,199.22,5.06,synthetic_srtm
804,Mine_00804,11.56821,80.295547,577.57,8.35,133.34,5.66,synthetic_srtm
805,Mine_00805,11.199552,77.806578,2198.38,17.54,313.24,6.66,synthetic_srtm
806,Mine_00806,8.894634,79.304646,290.88,8.92,7.84,5.38,synthetic_srtm
807,Mine_00807,11.273764,79.923609,499.37,6.89,107.19,5.95,synthetic_srtm
808,Mine_00808,10.971534,76.356761,918.61,15.51,112.23,5.82,synthetic_srtm
809,Mine_00809,8.789082,76.681505,1446.44,33.12,349.04,10.02,synthetic_srtm
810,Mine_00810,12.153235,78.639808,449.53,2.68,245.89,4.62,synthetic_srtm
811,Mine_00811,11.465512,79.728938,536.17,13.26,352.89,6.7,synthetic_srtm
812,Mine_00812,8.683902,79.938101,721.78,7.22,204.71,6.28,synthetic_srtm
813,Mine_00813,10.229826,78.323275,371.01,11.4,352.62,6.39,synthetic_srtm
814,Mine_00814,12.453213,80.277398,294.59,2.38,179.8,4.99,synthetic_srtm
815,Mine_00815,9.246799,78.551018,937.6,11.82,153.92,7.22,synthetic_srtm
816,Mine_00816,8.30011,78.697575,814.15,10.01,250.1,7.72,synthetic_srtm
817,Mine_00817,10.434175,76.217632,1115.97,44.31,115.76,15.31,synthetic_srtm
818,Mine_00818,10.769508,76.306491,737.23,6.23,160.78,5.78,synthetic_srtm
819,Mine_00819,10.449626,76.065552,1303.65,35.92,98.22,13.8,synthetic_srtm
820,Mine_00820,9.212682,78.815429,871.37,12.39,81.93,4.11,synthetic_srtm
821,Mine_00821,11.323976,79.436615,798.22,5.36,82.85,4.12,synthetic_srtm
822,Mine_00822,10.430085,76.73515,977.56,5.2,119.58,2.25,synthetic_srtm
823,Mine_00823,8.281326,77.79007,237.64,10.48,196.82,3.21,synthetic_srtm
824,Mine_00824,12.615306,76.65397,967.46,18.9,113.81,6.74,synthetic_srtm
825,Mine_00825,11.156262,78.547083,634.38,20.74,123.21,8.02,synthetic_srtm
826,Mine_00826,8.267822,76.441035,584.8,11.04,52.83,5.57,synthetic_srtm
827,Mine_00827,11.550647,76.205133,570.89,19.26,58.93,8.26,synthetic_srtm
828,Mine_00828,8.424531,76.764492,1339.47,39.81,304.96,12.65,synthetic_srtm
829,Mine_00829,9.352161,77.611629,522.56,15.41,349.54,4.63,synthetic_srtm
830,Mine_00830,8.784061,77.719628,349.55,9.05,117.99,6.32,synthetic_srtm
831,Mine_00831,11.687389,78.888188,759.64,23.74,110.03,9.85,synthetic_srtm
832,Mine_00832,9.844544,76.79687,1399.53,26.95,1.96,9.73,synthetic_srtm
833,Mine_00833,12.00761,77.419137,1420.08,42.6,169.47,14.65,synthetic_srtm
834,Mine_00834,11.39641,76.935025,1048.62,36.62,112.36,13.21,synthetic_srtm
835,Mine_00835,12.298979,77.966732,1076.02,35.04,37.11,15.35,synthetic_srtm
836,Mine_00836,9.787075,79.09283,371.04,5.77,23.18,2.36,synthetic_srtm
837,Mine_00837,11.468946,79.328573,744.58,15.79,225.68,6.62,synthetic_srtm
838,Mine_00838,12.023592,77.674541,1879.63,38.94,256.79,16.47,synthetic_srtm
839,Mine_00839,12.895759,78.935238,757.47,12.92,165.34,7.48,synthetic_srtm
840,Mine_00840,11.127037,76.266297,1191.29,28.01,298.95,13.31,synthetic_srtm
841,Mine_00841,8.873052,80.271729,283.32,0.21,110.76,3.24,synthetic_srtm
842,Mine_00842,9.954916,79.011486,598.87,8.12,55.16,5.6,synthetic_srtm
843,Mine_00843,11.265793,78.59017,569.16,11.52,297.17,4.97,synthetic_srtm
844,Mine_00844,11.136578,76.945482,1684.36,31.41,108.21,11.38,synthetic_srtm
845,Mine_00845,12.29117,78.537518,572.93,14.4,150.46,6.37,synthetic_srtm
846,Mine_00846,12.37934,79.307613,532.23,6.16,219.73,4.73,synthetic_srtm
847,Mine_00847,9.437332,77.885948,566.65,7.09,56.02,6.4,synthetic_srtm
848,Mine_00848,8.035554,78.233076,216.05,0.66,118.83,3.25,synthetic_srtm
849,Mine_00849,13.178108,76.784842,1137.19,44.31,52.6,15.96,synthetic_srtm
850,Mine_00850,11.027924,77.833145,1806.21,25.21,110.85,9.35,synthetic_srtm
851,Mine_00851,8.124105,79.877492,457.51,5.31,322.91,4.5,synthetic_srtm
852,Mine_00852,12.455886,77.93353,2327.54,25.21,100.47,7.78,synthetic_srtm
853,Mine_00853,8.994318,77.209589,833.52,10.59,37.26,3.33,synthetic_srtm
854,Mine_00854,11.053236,78.645962,911.37,18.56,339.77,6.58,synthetic_srtm
855,Mine_00855,11.976894,79.477019,998.87,18.93,103.15,10.53,synthetic_srtm
856,Mine_00856,12.465264,76.06238,1076.33,17.96,317.43,8.07,synthetic_srtm
857,Mine_00857,9.462987,77.497514,791.83,22.91,192.05,11.54,synthetic_srtm
858,Mine_00858,11.64665,79.0558,848.9,17.59,213.5,8.08,synthetic_srtm
859,Mine_00859,9.579717,79.958886,584.5,8.22,203.76,5.77,synthetic_srtm
860,Mine_00860,9.409053,76.99293,1414.46,17.52,9.76,7.49,synthetic_srtm
861,Mine_00861,9.961142,80.102766,617.64,22.06,27.11,10.5,synthetic_srtm
862,Mine_00862,13.124339,78.791671,440.07,9.34,125.78,4.24,synthetic_srtm
863,Mine_00863,12.3004,79.446364,801.87,17.33,302.58,8.01,synthetic_srtm
864,Mine_00864,11.694399,79.281894,495.66,1.96,223.81,1.99,synthetic_srtm
865,Mine_00865,9.717044,77.923599,611.78,21.94,358.33,8.61,synthetic_srtm
866,Mine_00866,8.037481,78.355332,880.25,21.4,205.09,8.21,synthetic_srtm
867,Mine_00867,12.132034,80.036479,871.93,17.47,359.06,6.98,synthetic_srtm
868,Mine_00868,8.140634,79.545866,911.05,19.31,292.42,9.57,synthetic_srtm
869,Mine_00869,8.453233,78.699855,870.65,19.64,38.92,6.18,synthetic_srtm
870,Mine_00870,12.792234,79.532876,660.25,6.55,107.87,4.48,synthetic_srtm
871,Mine_00871,12.693311,77.47672,1732.55,35.56,246.13,12.68,synthetic_srtm
872,Mine_00872,8.659741,77.404288,598.87,22.92,53.37,9.65,synthetic_srtm
873,Mine_00873,13.238127,77.479702,2036.83,22.14,78.18,11.15,synthetic_srtm
874,Mine_00874,9.591925,79.52447,828.11,10.56,251.84,7.15,synthetic_srtm
875,Mine_00875,8.450812,78.910768,664.48,22.13,350.44,10.85,synthetic_srtm
876,Mine_00876,12.728238,80.317625,777.25,18.62,44.04,7.65,synthetic_srtm
877,Mine_00877,12.513037,79.044901,479.0,10.61,150.53,6.73,synthetic_srtm
878,Mine_00878,9.693308,78.1474,240.66,3.72,150.04,6.1,synthetic_srtm
879,Mine_00879,13.136263,77.810007,1299.25,21.21,49.4,10.9,synthetic_srtm
880,Mine_00880,8.780968,77.369088,413.21,8.4,143.3,3.08,synthetic_srtm
881,Mine_00881,9.793593,76.319122,1699.87,18.89,274.72,8.97,synthetic_srtm
882,Mine_00882,9.368355,80.239262,829.63,13.9,212.41,9.03,synthetic_srtm
883,Mine_00883,8.765897,76.048219,1320.9,23.38,203.05,10.21,synthetic_srtm
884,Mine_00884,9.964558,77.548412,661.67,8.59,338.68,7.03,synthetic_srtm
885,Mine_00885,10.780364,78.28491,557.0,6.18,38.61,6.23,synthetic_srtm
886,Mine_00886,8.403502,78.984158,593.64,17.12,201.54,5.46,synthetic_srtm
887,Mine_00887,12.922811,79.839591,368.48,4.54,303.55,2.99,synthetic_srtm
888,Mine_00888,12.136629,78.307936,899.15,22.35,16.25,10.79,synthetic_srtm
889,Mine_00889,10.393943,80.143111,412.77,2.96,56.42,4.56,synthetic_srtm
890,Mine_00890,10.302823,76.988357,1539.48,32.98,6.08,12.8,synthetic_srtm
891,Mine_00891,12.082607,76.755166,629.44,15.07,57.61,5.07,synthetic_srtm
892,Mine_00892,13.108444,77.937411,2057.97,18.08,171.43,10.05,synthetic_srtm
893,Mine_00893,12.092157,79.199504,778.16,6.67,323.55,6.54,synthetic_srtm
894,Mine_00894,8.594159,77.046865,614.71,13.23,172.63,8.27,synthetic_srtm
895,Mine_00895,8.446403,78.034911,775.47,8.37,179.3,7.32,synthetic_srtm
896,Mine_00896,12.825987,79.479326,842.65,20.36,163.17,10.51,synthetic_srtm
897,Mine_00897,13.438623,78.174544,715.28,23.33,214.55,10.14,synthetic_srtm
898,Mine_00898,10.961172,80.46461,265.08,0.06,229.74,0.18,synthetic_srtm
899,Mine_00899,9.900688,76.03142,1092.62,23.87,281.83,7.41,synthetic_srtm
900,Mine_00900,9.855318,79.723857,649.43,10.49,78.8,6.02,synthetic_srtm
901,Mine_00901,9.28462,76.30684,1529.71,21.63,165.47,10.95,synthetic_srtm
902,Mine_00902,10.295671,77.695901,918.31,16.59,324.01,7.98,synthetic_srtm
903,Mine_00903,10.953727,79.77999,241.37,5.7,283.74,5.35,synthetic_srtm
904,Mine_00904,9.762207,76.739291,1012.47,40.59,107.38,15.55,synthetic_srtm
905,Mine_00905,8.681153,76.31741,866.21,9.16,30.76,6.48,synthetic_srtm
906,Mine_00906,10.99547,76.350354,1533.06,28.2,187.19,9.69,synthetic_srtm
907,Mine_00907,8.928455,79.842743,433.84,6.69,72.53,4.65,synthetic_srtm
908,Mine_00908,13.141375,80.09141,501.8,7.0,308.3,7.06,synthetic_srtm
909,Mine_00909,12.831287,80.286326,513.96,18.73,293.65,6.21,synthetic_srtm
910,Mine_00910,11.855145,76.874231,1230.16,44.46,190.98,15.62,synthetic_srtm
911,Mine_00911,10.261622,78.985131,824.48,10.08,294.93,6.24,synthetic_srtm
912,Mine_00912,9.212798,76.836827,1672.5,29.5,339.55,13.76,synthetic_srtm
913,Mine_00913,12.040897,79.148184,251.78,7.05,311.99,2.44,synthetic_srtm
914,Mine_00914,10.794779,78.791086,617.43,8.4,317.4,5.31,synthetic_srtm
915,Mine_00915,11.457115,78.849684,957.81,23.16,294.2,11.43,synthetic_srtm
916,Mine_00916,12.542675,79.134526,570.1,15.62,79.06,6.6,synthetic_srtm
917,Mine_00917,11.692733,80.168387,964.72,15.9,315.09,4.99,synthetic_srtm
918,Mine_00918,11.03565,77.088272,2146.01,33.74,13.83,10.65,synthetic_srtm
919,Mine_00919,11.104175,80.198305,754.18,9.41,223.92,6.72,synthetic_srtm
920,Mine_00920,11.919661,76.86922,652.23,5.34,231.96,2.14,synthetic_srtm
921,Mine_00921,12.860262,77.543183,1706.13,18.77,257.51,9.17,synthetic_srtm
922,Mine_00922,9.324421,77.740633,780.2,11.99,47.56,4.69,synthetic_srtm
923,Mine_00923,8.493677,80.098718,937.14,17.88,188.79,8.71,synthetic_srtm
924,Mine_00924,9.692235,80.167268,532.13,9.14,212.48,4.68,synthetic_srtm
925,Mine_00925,9.321207,77.996971,502.93,14.17,20.99,6.7,synthetic_srtm
926,Mine_00926,9.658047,78.697178,911.94,22.6,62.23,8.7,synthetic_srtm
927,Mine_00927,8.021104,78.259037,445.76,0.59,47.65,2.59,synthetic_srtm
928,Mine_00928,10.745594,76.974606,1665.38,40.29,149.73,14.07,synthetic_srtm
929,Mine_00929,9.881729,80.326978,649.32,17.73,332.25,10.05,synthetic_srtm
930,Mine_00930,13.002517,78.5603,403.81,5.61,37.85,2.95,synthetic_srtm
931,Mine_00931,10.385319,79.818123,753.98,17.31,59.04,6.93,synthetic_srtm
932,Mine_00932,11.427657,79.337323,895.09,17.43,303.51,8.76,synthetic_srtm
933,Mine_00933,8.281949,77.808443,801.87,6.18,216.06,3.84,synthetic_srtm
934,Mine_00934,9.963403,78.856349,230.69,10.09,166.0,5.15,synthetic_srtm
935,Mine_00935,9.122354,77.3136,711.02,6.36,290.08,2.84,synthetic_srtm
936,Mine_00936,11.933188,80.307107,772.6,23.4,16.01,8.25,synthetic_srtm
937,Mine_00937,10.887771,79.182755,795.07,11.83,2.54,5.93,synthetic_srtm
938,Mine_00938,8.005189,76.176693,1412.22,27.43,247.39,9.09,synthetic_srtm
939,Mine_00939,12.615048,78.477972,700.09,24.36,345.31,11.43,synthetic_srtm
940,Mine_00940,12.021878,79.46386,941.4,10.3,141.11,5.05,synthetic_srtm
941,Mine_00941,11.566555,76.307983,864.2,10.22,321.86,4.23,synthetic_srtm
942,Mine_00942,11.377732,77.466211,1403.46,28.52,169.61,10.28,synthetic_srtm
943,Mine_00943,9.138465,79.831326,449.83,14.31,317.0,6.03,synthetic_srtm
944,Mine_00944,9.507662,79.724538,797.73,19.32,215.68,6.55,synthetic_srtm
945,Mine_00945,8.773009,77.289132,443.8,10.49,51.45,7.24,synthetic_srtm
946,Mine_00946,13.107283,79.324346,413.64,6.84,306.43,4.15,synthetic_srtm
947,Mine_00947,10.901734,77.165069,893.96,22.64,77.17,7.98,synthetic_srtm
948,Mine_00948,9.665263,78.396119,366.52,0.83,184.14,4.02,synthetic_srtm
949,Mine_00949,10.088556,78.777374,934.77,6.6,92.18,4.92,synthetic_srtm
950,Mine_00950,12.192166,78.662726,928.0,8.23,298.94,3.69,synthetic_srtm
951,Mine_00951,11.31358,78.204036,562.78,11.98,215.58,7.89,synthetic_srtm
952,Mine_00952,9.086557,79.623285,635.28,5.79,286.63,2.7,synthetic_srtm
953,Mine_00953,11.620691,77.969726,2165.23,32.61,40.03,11.82,synthetic_srtm
954,Mine_00954,10.133088,77.295459,610.44,9.97,281.69,7.41,synthetic_srtm
955,Mine_00955,9.849779,80.142411,733.92,10.68,124.53,3.26,synthetic_srtm
956,Mine_00956,9.78535,79.027402,217.12,1.42,111.78,1.06,synthetic_srtm
957,Mine_00957,10.614622,79.523501,734.03,8.72,149.29,6.18,synthetic_srtm
958,Mine_00958,9.404443,79.725894,409.41,14.05,66.01,4.5,synthetic_srtm
959,Mine_00959,12.355646,77.810382,1125.57,29.95,341.42,10.65,synthetic_srtm
960,Mine_00960,11.011348,80.247002,505.14,8.34,112.71,4.39,synthetic_srtm
961,Mine_00961,11.39192,79.873595,550.53,22.15,180.26,7.84,synthetic_srtm
962,Mine_00962,12.866444,77.041109,1036.62,27.38,305.35,13.08,synthetic_srtm
963,Mine_00963,12.757891,78.703565,801.61,15.46,204.74,4.9,synthetic_srtm
964,Mine_00964,10.506073,78.169078,597.92,22.85,218.13,9.5,synthetic_srtm
965,Mine_00965,8.623148,76.773607,961.01,12.16,279.95,4.36,synthetic_srtm
966,Mine_00966,9.745639,76.991436,777.67,14.16,275.42,7.87,synthetic_srtm
967,Mine_00967,12.984284,79.345458,864.96,5.89,165.39,4.95,synthetic_srtm
968,Mine_00968,8.058031,77.773406,918.68,23.05,199.6,7.37,synthetic_srtm
969,Mine_00969,12.41121,76.722672,977.92,12.88,184.06,6.59,synthetic_srtm
970,Mine_00970,9.493528,77.422968,997.81,10.1,311.1,5.71,synthetic_srtm
971,Mine_00971,10.213052,77.341031,442.57,10.66,8.92,7.61,synthetic_srtm
972,Mine_00972,9.149704,79.131077,827.58,9.26,232.69,5.87,synthetic_srtm
973,Mine_00973,8.813771,80.430945,568.55,21.92,75.22,8.53,synthetic_srtm
974,Mine_00974,12.229836,77.914775,1461.46,16.64,218.28,7.26,synthetic_srtm
975,Mine_00975,10.452041,79.674949,708.98,16.32,304.17,9.26,synthetic_srtm
976,Mine_00976,13.022763,77.745877,1822.07,15.75,195.68,7.91,synthetic_srtm
977,Mine_00977,10.449007,78.196529,535.16,16.81,258.37,9.22,synthetic_srtm
978,Mine_00978,9.826949,79.153638,942.42,20.06,180.44,11.0,synthetic_srtm
979,Mine_00979,12.388989,79.323457,629.28,18.31,92.69,8.16,synthetic_srtm
980,Mine_00980,9.674697,80.423261,300.01,0.24,84.12,1.67,synthetic_srtm
981,Mine_00981,10.07461,79.608281,739.21,7.14,215.12,6.55,synthetic_srtm
982,Mine_00982,13.212274,76.984473,1382.95,33.61,77.11,12.09,synthetic_srtm
983,Mine_00983,8.733395,77.091449,569.29,19.26,269.19,9.2,synthetic_srtm
984,Mine_00984,10.608698,76.75609,693.57,10.4,355.6,4.84,synthetic_srtm
985,Mine_00985,11.174688,79.03317,612.73,10.78,54.63,6.98,synthetic_srtm
986,Mine_00986,11.856037,77.848292,1291.76,15.41,127.24,4.84,synthetic_srtm
987,Mine_00987,11.637385,76.172804,594.65,5.18,243.37,3.82,synthetic_srtm
988,Mine_00988,12.712594,78.100951,408.33,11.39,197.43,3.56,synthetic_srtm
989,Mine_00989,10.512884,78.137988,436.91,11.55,12.8,7.3,synthetic_srtm
990,Mine_00990,8.457727,79.883318,613.79,7.65,190.31,2.91,synthetic_srtm
991,Mine_00991,12.827622,76.917976,816.72,8.29,99.42,5.39,synthetic_srtm
992,Mine_00992,10.209333,78.262376,917.66,11.09,296.51,4.25,synthetic_srtm
993,Mine_00993,8.966197,78.309355,714.5,13.04,245.54,5.06,synthetic_srtm
994,Mine_00994,8.052488,76.338856,1169.15,33.44,277.02,14.79,synthetic_srtm
995,Mine_00995,10.668768,76.806238,701.88,10.68,195.82,4.33,synthetic_srtm
996,Mine_00996,13.410414,76.225789,692.9,6.82,291.29,3.26,synthetic_srtm
997,Mine_00997,9.013658,76.177128,1288.94,42.95,170.99,17.86,synthetic_srtm
998,Mine_00998,10.572463,78.726536,950.76,12.21,329.62,5.94,synthetic_srtm
999,Mine_00999,8.057823,79.428505,262.57,3.62,14.36,1.47,synthetic_srtm
1000,Mine_01000,10.623409,77.751439,828.74,18.05,27.67,9.61,synthetic_srtm
1001,Mine_01001,11.382884,80.171084,325.13,3.56,359.69,1.67,synthetic_srtm
1002,Mine_01002,12.897425,77.182244,2037.27,38.51,350.01,14.57,synthetic_srtm
1003,Mine_01003,10.227327,80.494568,787.37,13.15,240.37,4.51,synthetic_srtm
1004,Mine_01004,8.849865,77.978033,398.31,11.56,326.57,7.99,synthetic_srtm
1005,Mine_01005,8.478319,77.364489,817.09,17.0,161.74,5.44,synthetic_srtm
1006,Mine_01006,9.909557,79.573821,834.37,14.17,359.0,8.58,synthetic_srtm
1007,Mine_01007,8.887962,80.323358,739.71,24.75,251.53,9.85,synthetic_srtm
1008,Mine_01008,10.47469,79.11809,886.76,15.37,172.43,7.61,synthetic_srtm
1009,Mine_01009,10.960211,78.399956,534.07,14.93,324.33,8.06,synthetic_srtm
1010,Mine_01010,12.693245,78.242499,376.53,11.0,162.22,5.59,synthetic_srtm
1011,Mine_01011,10.833419,80.456283,461.45,14.49,244.25,8.49,synthetic_srtm
1012,Mine_01012,8.937544,77.730321,769.23,23.49,91.89,11.37,synthetic_srtm
1013,Mine_01013,10.662952,79.573065,696.31,16.15,14.11,8.37,synthetic_srtm
1014,Mine_01014,9.234106,78.270263,979.08,21.4,85.97,8.04,synthetic_srtm
1015,Mine_01015,10.811016,78.00483,962.78,20.13,177.01,7.94,synthetic_srtm
1016,Mine_01016,8.766976,78.561429,612.5,13.22,347.74,3.99,synthetic_srtm
1017,Mine_01017,10.04624,76.416023,1390.3,42.01,351.0,16.87,synthetic_srtm
1018,Mine_01018,9.341974,80.350304,716.18,23.33,105.86,7.38,synthetic_srtm
1019,Mine_01019,12.925557,80.3498,270.24,13.56,41.4,6.37,synthetic_srtm
1020,Mine_01020,9.50411,79.314129,851.59,24.32,258.43,11.22,synthetic_srtm
1021,Mine_01021,9.944103,77.420349,609.59,22.82,170.66,10.34,synthetic_srtm
1022,Mine_01022,9.702083,80.387069,651.47,16.11,11.19,5.71,synthetic_srtm
1023,Mine_01023,13.408374,77.087206,1979.75,30.62,228.36,11.71,synthetic_srtm
1024,Mine_01024,10.728235,76.03495,1660.97,31.16,219.32,13.78,synthetic_srtm
1025,Mine_01025,10.1748,79.092355,218.75,8.08,243.94,6.11,synthetic_srtm
1026,Mine_01026,13.158042,79.047152,716.45,5.55,132.23,4.7,synthetic_srtm
1027,Mine_01027,9.210495,77.142931,244.35,11.08,23.67,6.94,synthetic_srtm
1028,Mine_01028,9.491282,79.421477,990.02,14.91,191.45,9.36,synthetic_srtm
1029,Mine_01029,10.150046,80.394054,286.51,11.11,39.62,5.66,synthetic_srtm
1030,Mine_01030,11.941335,77.613976,2113.29,40.71,129.87,16.37,synthetic_srtm
1031,Mine_01031,12.646752,77.61854,1189.6,44.24,314.91,13.47,synthetic_srtm
1032,Mine_01032,11.858609,76.044224,1023.47,29.13,171.48,9.44,synthetic_srtm
1033,Mine_01033,12.21435,77.368426,1890.92,21.44,244.57,11.26,synthetic_srtm
1034,Mine_01034,13.00359,79.833057,861.67,7.95,131.54,5.45,synthetic_srtm
1035,Mine_01035,10.923136,78.060834,838.2,13.09,30.96,7.96,synthetic_srtm
1036,Mine_01036,10.609392,77.501995,408.17,3.53,161.57,1.64,synthetic_srtm
1037,Mine_01037,11.474473,78.334365,488.33,0.96,67.09,4.75,synthetic_srtm
1038,Mine_01038,9.706294,76.817936,616.33,16.04,286.32,7.69,synthetic_srtm
1039,Mine_01039,11.046887,77.340797,1051.8,41.59,238.1,16.74,synthetic_srtm
1040,Mine_01040,11.416085,77.3581,1976.0,16.34,159.54,7.74,synthetic_srtm
1041,Mine_01041,10.747516,79.441493,351.31,5.35,128.92,5.03,synthetic_srtm
1042,Mine_01042,12.530605,76.383708,683.39,23.85,132.87,10.43,synthetic_srtm
1043,Mine_01043,9.458123,77.944048,210.93,14.08,9.55,6.36,synthetic_srtm
1044,Mine_01044,11.217693,78.198441,493.03,9.87,146.99,6.21,synthetic_srtm
1045,Mine_01045,13.008657,77.960524,1147.0,35.7,333.4,15.61,synthetic_srtm
1046,Mine_01046,9.736589,78.796834,366.8,7.02,303.28,2.14,synthetic_srtm
1047,Mine_01047,10.12683,79.695141,485.63,7.9,313.58,6.88,synthetic_srtm
1048,Mine_01048,12.047562,77.237945,2122.92,22.52,101.69,9.19,synthetic_srtm
1049,Mine_01049,9.535218,80.188025,448.08,7.19,345.2,3.51,synthetic_srtm
1050,Mine_01050,12.600082,80.384977,285.28,8.04,336.93,2.43,synthetic_srtm
1051,Mine_01051,11.554705,78.91304,781.58,7.9,342.77,4.91,synthetic_srtm
1052,Mine_01052,13.015002,77.976088,1815.55,33.88,22.39,14.0,synthetic_srtm
1053,Mine_01053,11.858245,78.067046,820.66,18.4,199.01,6.54,synthetic_srtm
1054,Mine_01054,13.107055,78.884887,346.65,8.66,82.84,5.59,synthetic_srtm
1055,Mine_01055,13.349125,77.62027,1545.17,29.49,98.28,10.79,synthetic_srtm
1056,Mine_01056,11.642277,79.21895,566.49,20.24,267.04,6.81,synthetic_srtm
1057,Mine_01057,11.605305,76.179087,975.73,13.84,171.95,6.42,synthetic_srtm
1058,Mine_01058,10.469708,78.066867,901.11,24.08,330.61,11.25,synthetic_srtm
1059,Mine_01059,11.150183,76.617522,687.13,7.51,190.82,4.63,synthetic_srtm
1060,Mine_01060,9.058712,76.458454,1293.67,19.97,140.38,7.37,synthetic_srtm
1061,Mine_01061,8.268215,79.79678,392.47,13.05,143.07,4.37,synthetic_srtm
1062,Mine_01062,11.760835,79.389035,265.52,6.2,12.1,3.85,synthetic_srtm
1063,Mine_01063,8.313513,78.645093,247.83,8.95,357.87,4.09,synthetic_srtm
1064,Mine_01064,11.150237,79.687731,636.63,5.03,35.55,2.53,synthetic_srtm
1065,Mine_01065,9.508171,76.119738,848.96,19.42,24.08,8.47,synthetic_srtm
1066,Mine_01066,12.079263,79.038539,643.84,22.04,41.17,10.5,synthetic_srtm
1067,Mine_01067,8.714214,79.042881,537.5,24.77,91.2,8.34,synthetic_srtm
1068,Mine_01068,8.581077,79.657829,946.15,11.57,13.82,7.82,synthetic_srtm
1069,Mine_01069,12.58952,76.252963,1200.71,40.15,86.25,15.77,synthetic_srtm
1070,Mine_01070,11.52246,77.413729,1194.51,40.58,101.25,14.79,synthetic_srtm
1071,Mine_01071,8.91577,79.204991,588.96,6.5,16.16,5.55,synthetic_srtm
1072,Mine_01072,13.031592,76.952715,1640.45,33.16,17.16,13.54,synthetic_srtm
1073,Mine_01073,9.144583,79.391741,823.06,19.45,0.23,8.48,synthetic_srtm
1074,Mine_01074,9.929277,79.747122,954.48,23.12,278.33,7.24,synthetic_srtm
1075,Mine_01075,13.412492,77.31512,1876.36,40.95,277.03,16.83,synthetic_srtm
1076,Mine_01076,9.387775,80.118805,655.33,10.17,121.01,6.02,synthetic_srtm
1077,Mine_01077,11.611095,80.081435,945.91,19.55,283.21,6.54,synthetic_srtm
1078,Mine_01078,13.201433,79.04569,801.17,18.58,225.93,10.06,synthetic_srtm
1079,Mine_01079,8.511596,76.647406,998.03,19.86,50.25,10.52,synthetic_srtm
1080,Mine_01080,10.329151,78.03565,749.71,14.68,237.63,4.54,synthetic_srtm
1081,Mine_01081,8.477306,77.065823,679.21,6.65,278.62,2.14,synthetic_srtm
1082,Mine_01082,9.261664,76.982364,1555.05,28.66,220.58,11.53,synthetic_srtm
1083,Mine_01083,8.947086,77.939427,749.2,21.97,60.43,8.4,synthetic_srtm
1084,Mine_01084,9.00883,76.030783,942.54,23.33,304.21,8.94,synthetic_srtm
1085,Mine_01085,8.724938,79.991692,466.71,10.5,315.61,5.88,synthetic_srtm
1086,Mine_01086,12.494089,78.017559,346.42,5.07,157.74,5.38,synthetic_srtm
1087,Mine_01087,12.191713,80.212795,770.83,14.55,33.06,7.61,synthetic_srtm
1088,Mine_01088,12.055873,77.137768,1478.49,20.99,340.25,9.24,synthetic_srtm
1089,Mine_01089,11.482483,79.244746,721.42,16.77,63.24,8.54,synthetic_srtm
1090,Mine_01090,10.064267,78.82039,869.03,10.61,53.82,4.86,synthetic_srtm
1091,Mine_01091,13.388919,79.908488,805.89,14.17,79.07,8.38,synthetic_srtm
1092,Mine_01092,13.019328,76.798081,1516.16,24.31,82.45,10.78,synthetic_srtm
1093,Mine_01093,10.275383,79.054993,828.94,8.97,6.06,4.26,synthetic_srtm
1094,Mine_01094,11.465963,80.448207,564.06,14.39,284.72,6.67,synthetic_srtm
1095,Mine_01095,10.869534,76.959418,1603.94,32.12,18.29,13.67,synthetic_srtm
1096,Mine_01096,9.88224,80.416225,283.75,8.9,92.21,3.39,synthetic_srtm
1097,Mine_01097,13.423972,79.693821,844.37,5.94,134.53,3.59,synthetic_srtm
1098,Mine_01098,8.66208,78.613459,975.44,23.2,115.17,7.32,synthetic_srtm
1099,Mine_01099,10.452376,79.188626,758.35,9.99,347.61,4.49,synthetic_srtm
1100,Mine_01100,8.388831,77.626931,427.45,9.98,349.24,5.75,synthetic_srtm
1101,Mine_01101,12.724128,77.551464,1890.48,28.49,194.2,12.03,synthetic_srtm
1102,Mine_01102,9.368384,80.095975,947.06,23.81,187.89,11.77,synthetic_srtm
1103,Mine_01103,11.540459,77.24715,2234.34,33.58,209.83,12.43,synthetic_srtm
1104,Mine_01104,10.783246,76.7313,792.81,12.73,121.94,5.54,synthetic_srtm
1105,Mine_01105,10.237256,79.430625,963.81,7.78,130.65,5.44,synthetic_srtm
1106,Mine_01106,11.22631,78.049277,451.88,11.83,291.1,5.29,synthetic_srtm
1107,Mine_01107,8.800345,79.950903,323.68,0.16,89.26,1.98,synthetic_srtm
1108,Mine_01108,8.978362,77.582741,385.02,12.7,343.07,5.44,synthetic_srtm
1109,Mine_01109,11.286978,79.325187,666.29,5.82,178.96,2.15,synthetic_srtm
1110,Mine_01110,9.123411,78.820612,754.79,7.82,281.93,5.64,synthetic_srtm
1111,Mine_01111,10.672371,78.546333,400.3,8.75,31.48,6.59,synthetic_srtm
1112,Mine_01112,11.952846,78.63806,831.73,16.68,180.52,8.74,synthetic_srtm
1113,Mine_01113,9.352002,80.11679,565.64,7.57,224.18,7.23,synthetic_srtm
1114,Mine_01114,10.986172,76.582213,533.46,20.23,212.18,6.98,synthetic_srtm
1115,Mine_01115,10.457808,79.500932,459.19,9.17,299.27,4.85,synthetic_srtm
1116,Mine_01116,13.134693,80.19671,970.88,6.96,86.98,4.48,synthetic_srtm
1117,Mine_01117,12.703409,77.614401,1447.64,19.14,44.69,7.7,synthetic_srtm
1118,Mine_01118,8.961317,78.916136,382.88,7.73,248.25,4.25,synthetic_srtm
1119,Mine_01119,11.703809,78.765248,516.42,21.6,158.75,10.99,synthetic_srtm
1120,Mine_01120,9.365581,80.446063,371.72,10.34,5.23,8.01,synthetic_srtm
1121,Mine_01121,9.166447,77.07549,769.13,7.62,261.65,5.28,synthetic_srtm
1122,Mine_01122,10.013622,76.466365,1421.07,21.71,290.38,11.01,synthetic_srtm
1123,Mine_01123,12.719764,77.83572,2157.41,43.79,94.35,14.3,synthetic_srtm
1124,Mine_01124,8.246733,78.801461,418.5,11.14,186.44,6.93,synthetic_srtm
1125,Mine_01125,8.63668,79.798837,859.09,10.3,32.05,6.8,synthetic_srtm
1126,Mine_01126,12.936428,80.084926,739.14,5.37,301.13,3.52,synthetic_srtm
1127,Mine_01127,12.352209,76.904101,1097.07,35.69,340.23,12.23,synthetic_srtm
1128,Mine_01128,11.120938,77.696535,1953.49,17.15,183.95,6.44,synthetic_srtm
1129,Mine_01129,13.282017,76.200646,503.15,5.43,348.66,2.68,synthetic_srtm
1130,Mine_01130,11.662709,79.701959,412.1,0.32,28.15,3.92,synthetic_srtm
1131,Mine_01131,10.744324,76.324959,505.42,8.56,90.52,5.2,synthetic_srtm
1132,Mine_01132,10.669098,76.672217,626.06,12.56,336.67,5.56,synthetic_srtm
1133,Mine_01133,11.372139,76.707417,1022.52,37.22,67.3,11.68,synthetic_srtm
1134,Mine_01134,11.447581,77.139395,1702.01,35.22,317.42,12.29,synthetic_srtm
1135,Mine_01135,10.760282,78.047306,307.96,0.1,349.42,4.63,synthetic_srtm
1136,Mine_01136,12.482584,77.173038,2207.28,29.65,123.21,10.57,synthetic_srtm
1137,Mine_01137,13.046497,79.440557,973.56,13.15,227.66,7.19,synthetic_srtm
1138,Mine_01138,8.087561,78.772823,727.67,6.63,173.09,4.12,synthetic_srtm
1139,Mine_01139,9.296254,79.211471,716.88,22.83,77.5,11.51,synthetic_srtm
1140,Mine_01140,8.2448,77.301115,886.27,17.19,280.3,6.3,synthetic_srtm
1141,Mine_01141,12.692467,78.615945,929.6,21.69,52.47,11.01,synthetic_srtm
1142,Mine_01142,9.988179,77.614272,869.65,7.13,54.47,4.29,synthetic_srtm
1143,Mine_01143,10.595464,78.206406,383.65,14.96,302.59,4.6,synthetic_srtm
1144,Mine_01144,9.833149,78.213676,731.44,17.93,212.38,8.94,synthetic_srtm
1145,Mine_01145,10.675655,77.503205,673.64,14.33,222.04,7.48,synthetic_srtm
1146,Mine_01146,9.678048,76.759867,1282.59,39.97,305.33,14.5,synthetic_srtm
1147,Mine_01147,9.59699,76.369048,905.88,16.67,260.29,7.17,synthetic_srtm
1148,Mine_01148,9.529617,76.829958,807.52,7.17,132.0,3.75,synthetic_srtm
1149,Mine_01149,8.421423,78.988149,431.77,13.7,346.82,4.18,synthetic_srtm
1150,Mine_01150,11.975228,80.253882,838.98,11.32,172.53,4.53,synthetic_srtm
1151,Mine_01151,12.500653,79.074969,602.59,14.44,252.47,6.73,synthetic_srtm
1152,Mine_01152,9.039421,77.268088,755.43,20.32,165.62,9.32,synthetic_srtm
1153,Mine_01153,9.077891,80.246949,623.92,8.1,201.22,6.31,synthetic_srtm
1154,Mine_01154,10.71449,78.041078,901.71,7.98,4.03,3.64,synthetic_srtm
1155,Mine_01155,9.111445,76.495332,1374.41,32.76,308.85,14.48,synthetic_srtm
1156,Mine_01156,11.315655,79.273914,487.74,14.66,223.75,5.27,synthetic_srtm
1157,Mine_01157,9.103921,79.960696,567.14,21.12,263.22,6.7,synthetic_srtm
1158,Mine_01158,11.510925,79.147231,934.3,8.7,80.01,5.0,synthetic_srtm
1159,Mine_01159,10.59227,80.414939,213.61,9.32,324.67,4.91,synthetic_srtm
1160,Mine_01160,8.523869,76.123618,1344.89,40.82,93.28,12.68,synthetic_srtm
1161,Mine_01161,11.699544,76.780282,1247.99,31.55,246.13,9.83,synthetic_srtm
1162,Mine_01162,9.115802,79.355327,270.28,0.18,271.07,2.2,synthetic_srtm
1163,Mine_01163,13.077457,76.071333,1136.95,40.58,263.91,13.37,synthetic_srtm
1164,Mine_01164,10.240743,80.439563,992.5,17.89,358.76,5.48,synthetic_srtm
1165,Mine_01165,11.442127,76.245292,981.25,8.9,111.71,6.36,synthetic_srtm
1166,Mine_01166,11.08877,76.768662,1000.93,16.56,23.21,5.23,synthetic_srtm
1167,Mine_01167,9.155648,76.523493,511.39,6.34,180.92,5.58,synthetic_srtm
1168,Mine_01168,9.980548,76.4042,896.92,22.21,302.65,11.47,synthetic_srtm
1169,Mine_01169,12.305101,80.218665,373.85,2.73,250.56,4.31,synthetic_srtm
1170,Mine_01170,12.632066,76.941877,1193.45,27.99,211.74,10.29,synthetic_srtm
1171,Mine_01171,10.869415,77.182014,962.61,16.02,141.76,7.16,synthetic_srtm
1172,Mine_01172,9.735544,79.550253,609.84,5.07,36.1,3.6,synthetic_srtm
1173,Mine_01173,9.339406,80.192467,599.96,12.3,7.2,7.37,synthetic_srtm
1174,Mine_01174,11.111581,76.068898,855.66,21.16,223.71,7.8,synthetic_srtm
1175,Mine_01175,12.451532,77.706775,1427.66,15.73,333.4,6.52,synthetic_srtm
1176,Mine_01176,12.293751,77.756073,1474.88,17.78,242.51,7.03,synthetic_srtm
1177,Mine_01177,8.959742,77.704165,829.85,7.21,154.13,5.87,synthetic_srtm
1178,Mine_01178,12.767518,80.022879,433.7,6.21,256.47,1.93,synthetic_srtm
1179,Mine_01179,10.751598,77.868201,929.37,10.74,94.86,6.57,synthetic_srtm
1180,Mine_01180,8.502844,78.505774,541.67,23.19,5.03,9.25,synthetic_srtm
1181,Mine_01181,8.635831,77.748839,785.61,18.89,123.05,9.35,synthetic_srtm
1182,Mine_01182,13.449118,79.972704,564.16,11.89,288.96,4.53,synthetic_srtm
1183,Mine_01183,10.541216,80.063625,502.2,19.35,188.45,10.14,synthetic_srtm
1184,Mine_01184,12.94732,80.23396,858.29,18.6,234.96,9.16,synthetic_srtm
1185,Mine_01185,12.595471,80.327257,622.83,9.13,131.8,3.42,synthetic_srtm
1186,Mine_01186,12.672084,78.435417,340.36,6.75,99.5,3.21,synthetic_srtm
1187,Mine_01187,10.111709,77.999984,331.27,11.62,185.55,6.98,synthetic_srtm
1188,Mine_01188,10.487183,76.642535,812.3,7.61,235.04,7.18,synthetic_srtm
1189,Mine_01189,12.77454,79.965628,849.48,21.72,224.49,8.78,synthetic_srtm
1190,Mine_01190,11.867599,76.09765,1326.23,28.76,355.15,11.8,synthetic_srtm
1191,Mine_01191,10.771522,76.060811,994.36,22.95,292.37,8.21,synthetic_srtm
1192,Mine_01192,12.887532,78.177325,854.13,21.38,123.69,9.95,synthetic_srtm
1193,Mine_01193,11.97944,78.59734,417.21,13.42,168.78,5.43,synthetic_srtm
1194,Mine_01194,9.979958,76.345255,792.69,6.97,109.71,4.37,synthetic_srtm
1195,Mine_01195,9.73479,79.071697,710.64,14.84,328.11,9.04,synthetic_srtm
1196,Mine_01196,10.125025,77.202664,230.2,5.32,268.84,5.54,synthetic_srtm
1197,Mine_01197,12.193445,80.051405,882.53,19.7,306.3,7.32,synthetic_srtm
1198,Mine_01198,11.494854,79.625938,335.39,9.12,43.84,4.61,synthetic_srtm
1199,Mine_01199,11.838254,77.207127,1052.65,17.5,347.65,9.77,synthetic_srtm
1200,Mine_01200,12.267298,78.010527,713.7,7.94,330.35,4.84,synthetic_srtm
1201,Mine_01201,11.704854,76.292047,944.31,14.0,19.25,7.39,synthetic_srtm
1202,Mine_01202,9.413029,79.603612,613.45,24.31,67.97,10.76,synthetic_srtm
1203,Mine_01203,13.037642,78.769531,647.9,18.98,85.06,8.0,synthetic_srtm
1204,Mine_01204,8.216797,79.335889,986.25,14.62,314.62,5.26,synthetic_srtm
1205,Mine_01205,8.955194,79.10577,574.16,17.85,194.7,6.07,synthetic_srtm
1206,Mine_01206,10.795955,80.463243,759.47,16.03,213.67,7.3,synthetic_srtm
1207,Mine_01207,11.568043,79.272708,905.46,13.87,113.21,7.04,synthetic_srtm
1208,Mine_01208,11.087911,79.820697,351.14,1.24,61.64,2.94,synthetic_srtm
1209,Mine_01209,11.018289,79.583286,270.34,9.04,138.65,6.7,synthetic_srtm
1210,Mine_01210,10.874902,76.106164,1682.29,42.36,126.44,17.48,synthetic_srtm
1211,Mine_01211,9.145527,76.92349,1019.88,21.5,250.53,11.04,synthetic_srtm
1212,Mine_01212,10.120539,80.119373,479.22,1.85,289.24,1.22,synthetic_srtm
1213,Mine_01213,10.559026,76.26207,1371.95,43.07,85.79,17.14,synthetic_srtm
1214,Mine_01214,13.211608,79.45082,935.87,10.98,280.26,6.69,synthetic_srtm
1215,Mine_01215,10.699457,76.3399,1548.23,37.03,55.16,15.21,synthetic_srtm
1216,Mine_01216,13.249325,79.93376,443.88,11.45,323.81,4.26,synthetic_srtm
1217,Mine_01217,8.178676,78.678746,263.39,5.96,113.46,3.67,synthetic_srtm
1218,Mine_01218,8.349808,78.482596,801.81,10.06,170.38,7.89,synthetic_srtm
1219,Mine_01219,9.761643,80.07994,315.4,3.71,16.8,3.68,synthetic_srtm
1220,Mine_01220,8.225953,77.562798,448.67,10.63,2.89,3.7,synthetic_srtm
1221,Mine_01221,9.47426,79.651597,621.66,23.83,140.04,11.52,synthetic_srtm
1222,Mine_01222,13.137181,79.448581,713.43,16.7,358.72,5.68,synthetic_srtm
1223,Mine_01223,11.926769,80.160964,677.14,24.19,60.66,11.78,synthetic_srtm
1224,Mine_01224,8.697801,78.666221,989.22,6.69,61.09,2.47,synthetic_srtm
1225,Mine_01225,9.071623,78.210987,235.9,13.84,278.69,5.8,synthetic_srtm
1226,Mine_01226,11.930828,78.717067,424.12,1.73,286.88,5.04,synthetic_srtm
1227,Mine_01227,13.313118,76.587855,550.89,24.22,85.92,11.03,synthetic_srtm
1228,Mine_01228,11.342271,80.425242,301.11,6.79,163.66,6.86,synthetic_srtm
1229,Mine_01229,12.243103,80.118125,360.53,13.77,237.17,8.23,synthetic_srtm
1230,Mine_01230,12.8076,76.13706,714.8,19.67,60.06,7.55,synthetic_srtm
1231,Mine_01231,12.109799,76.94238,1040.08,15.02,294.98,4.81,synthetic_srtm
1232,Mine_01232,12.358969,76.841083,1687.56,18.32,331.82,8.42,synthetic_srtm
1233,Mine_01233,12.593842,77.644151,1476.07,34.02,248.44,14.13,synthetic_srtm
1234,Mine_01234,13.094061,76.040942,992.29,11.63,286.99,5.06,synthetic_srtm
1235,Mine_01235,12.885497,78.069739,847.56,20.61,298.8,8.44,synthetic_srtm
1236,Mine_01236,13.320305,77.208695,2040.41,34.15,222.37,13.32,synthetic_srtm
1237,Mine_01237,10.765309,76.649964,1399.02,31.41,46.47,11.8,synthetic_srtm
1238,Mine_01238,9.620318,77.164173,223.4,4.78,246.67,3.05,synthetic_srtm
1239,Mine_01239,8.008807,77.274486,631.55,11.39,295.78,6.75,synthetic_srtm
1240,Mine_01240,11.720597,76.854697,1116.4,35.58,93.86,11.8,synthetic_srtm
1241,Mine_01241,9.876321,79.363808,411.75,12.96,53.97,4.67,synthetic_srtm
1242,Mine_01242,11.502518,80.386464,842.47,9.17,92.88,4.04,synthetic_srtm
1243,Mine_01243,13.090707,78.263697,815.83,17.64,335.06,7.55,synthetic_srtm
1244,Mine_01244,10.760012,77.969408,909.74,14.22,224.3,7.35,synthetic_srtm
1245,Mine_01245,9.374382,77.603125,541.68,7.76,240.02,6.8,synthetic_srtm
1246,Mine_01246,10.655832,77.756466,659.87,22.62,33.08,10.23,synthetic_srtm
1247,Mine_01247,11.198739,78.400661,296.2,1.99,320.27,1.6,synthetic_srtm
1248,Mine_01248,8.642113,76.580793,979.84,6.31,323.74,5.94,synthetic_srtm
1249,Mine_01249,12.782476,79.43843,766.04,23.49,359.85,11.98,synthetic_srtm
1250,Mine_01250,12.006717,76.898514,1412.25,44.08,22.2,17.16,synthetic_srtm
1251,Mine_01251,10.884753,78.933406,675.77,7.55,21.27,3.89,synthetic_srtm
1252,Mine_01252,9.572128,76.319998,1309.43,21.87,163.15,9.64,synthetic_srtm
1253,Mine_01253,12.497836,78.471969,604.8,12.06,187.12,4.76,synthetic_srtm
1254,Mine_01254,10.510274,78.743601,605.2,16.67,31.43,7.13,synthetic_srtm
1255,Mine_01255,12.36774,78.225687,482.14,8.95,29.4,3.09,synthetic_srtm
1256,Mine_01256,12.942283,80.033155,292.12,14.14,347.62,6.53,synthetic_srtm
1257,Mine_01257,12.757472,77.44279,2187.95,15.7,162.48,6.05,synthetic_srtm
1258,Mine_01258,8.823774,76.295106,1217.54,18.14,142.9,9.77,synthetic_srtm
1259,Mine_01259,12.445968,77.746263,1692.62,43.12,153.09,15.66,synthetic_srtm
1260,Mine_01260,12.359809,77.256149,1104.52,29.91,218.92,11.76,synthetic_srtm
1261,Mine_01261,8.724402,79.864352,246.97,0.48,117.42,2.0,synthetic_srtm
1262,Mine_01262,9.435656,79.940931,866.25,10.91,241.25,4.65,synthetic_srtm
1263,Mine_01263,10.91265,77.80397,723.05,14.37,65.17,6.93,synthetic_srtm
1264,Mine_01264,12.394217,79.613667,469.88,7.58,336.13,3.5,synthetic_srtm
1265,Mine_01265,10.652602,79.238107,898.38,9.61,217.15,5.26,synthetic_srtm
1266,Mine_01266,9.674878,76.111868,1605.74,29.2,162.99,10.8,synthetic_srtm
1267,Mine_01267,12.681936,79.593179,244.19,7.48,189.97,4.37,synthetic_srtm
1268,Mine_01268,9.865805,78.241894,744.56,10.69,165.93,3.95,synthetic_srtm
1269,Mine_01269,8.846798,79.174104,666.77,20.28,220.18,8.07,synthetic_srtm
1270,Mine_01270,12.877625,79.999848,581.65,9.96,58.08,5.11,synthetic_srtm
1271,Mine_01271,9.855475,76.403654,1032.25,33.28,72.62,11.85,synthetic_srtm
1272,Mine_01272,9.229814,80.200548,320.26,13.65,242.31,4.88,synthetic_srtm
1273,Mine_01273,8.021067,77.071562,879.64,19.64,28.09,10.61,synthetic_srtm
1274,Mine_01274,11.13603,79.878297,526.14,18.47,242.25,8.05,synthetic_srtm
1275,Mine_01275,12.111784,80.498882,730.48,12.37,263.29,6.09,synthetic_srtm
1276,Mine_01276,11.230413,76.783948,1027.03,19.02,258.37,6.63,synthetic_srtm
1277,Mine_01277,13.033419,78.093424,846.43,15.51,86.94,8.37,synthetic_srtm
1278,Mine_01278,9.568526,79.56778,727.07,7.61,106.7,2.95,synthetic_srtm
1279,Mine_01279,9.805403,76.507782,1044.99,24.91,280.22,12.36,synthetic_srtm
1280,Mine_01280,12.43728,76.706128,1336.72,35.86,25.18,13.42,synthetic_srtm
1281,Mine_01281,8.760557,77.917551,896.45,17.39,5.24,7.89,synthetic_srtm
1282,Mine_01282,12.811109,80.224237,278.02,9.6,238.32,4.36,synthetic_srtm
1283,Mine_01283,9.831261,76.562305,1303.37,43.45,196.36,14.79,synthetic_srtm
1284,Mine_01284,9.400639,80.491878,216.26,12.98,21.82,8.38,synthetic_srtm
1285,Mine_01285,11.188929,78.825387,365.29,2.56,230.01,3.86,synthetic_srtm
1286,Mine_01286,12.067111,77.918432,2148.15,28.48,82.69,9.17,synthetic_srtm
1287,Mine_01287,8.299815,78.999366,956.32,9.27,86.33,5.38,synthetic_srtm
1288,Mine_01288,10.945088,80.210872,699.38,6.2,172.61,3.24,synthetic_srtm
1289,Mine_01289,13.12671,79.466029,202.7,11.82,128.59,6.32,synthetic_srtm
1290,Mine_01290,9.174456,79.042419,388.03,0.57,58.94,5.15,synthetic_srtm
1291,Mine_01291,9.777568,80.208214,462.81,6.36,343.47,6.18,synthetic_srtm
1292,Mine_01292,11.687457,77.299777,1814.98,23.66,281.08,9.38,synthetic_srtm
1293,Mine_01293,12.098828,78.315036,536.02,13.0,297.69,6.0,synthetic_srtm
1294,Mine_01294,10.7913,77.805637,540.69,16.84,197.94,6.26,synthetic_srtm
1295,Mine_01295,11.79403,78.710985,536.61,8.36,206.39,3.28,synthetic_srtm
1296,Mine_01296,13.456411,78.831161,741.17,7.79,151.63,3.97,synthetic_srtm
1297,Mine_01297,12.480109,77.052653,1723.31,31.43,332.61,13.72,synthetic_srtm
1298,Mine_01298,9.685193,76.685306,679.88,23.97,37.36,11.24,synthetic_srtm
1299,Mine_01299,9.849695,77.47872,369.68,11.81,316.78,6.6,synthetic_srtm
1300,Mine_01300,12.228203,77.195144,2098.14,37.2,10.02,15.3,synthetic_srtm
1301,Mine_01301,10.560178,80.244381,901.87,6.67,186.42,4.41,synthetic_srtm
1302,Mine_01302,8.821697,78.294933,205.76,12.72,14.86,4.95,synthetic_srtm
1303,Mine_01303,12.157375,78.17531,697.47,18.15,279.42,6.28,synthetic_srtm
1304,Mine_01304,10.64874,79.062551,739.01,18.57,2.67,6.5,synthetic_srtm
1305,Mine_01305,12.208988,77.603177,1080.01,25.24,340.13,12.42,synthetic_srtm
1306,Mine_01306,12.968348,76.313608,1683.84,26.16,347.75,11.85,synthetic_srtm
1307,Mine_01307,8.950165,77.707145,602.88,22.48,208.02,8.7,synthetic_srtm
1308,Mine_01308,12.763128,76.774759,1269.33,25.09,36.24,11.56,synthetic_srtm
1309,Mine_01309,11.608985,77.720068,1729.35,27.38,310.65,11.18,synthetic_srtm
1310,Mine_01310,11.597427,78.302158,312.95,1.98,114.19,0.92,synthetic_srtm
1311,Mine_01311,9.744925,79.448368,735.05,16.47,349.09,7.17,synthetic_srtm
1312,Mine_01312,12.769337,79.028537,295.1,4.83,214.42,5.11,synthetic_srtm
1313,Mine_01313,8.750767,77.029018,250.86,9.08,211.11,6.32,synthetic_srtm
1314,Mine_01314,12.996009,76.418982,1235.7,29.29,295.09,11.95,synthetic_srtm
1315,Mine_01315,11.725154,79.161833,407.03,3.83,138.4,2.77,synthetic_srtm
1316,Mine_01316,13.24537,78.889496,427.41,6.14,75.87,3.91,synthetic_srtm
1317,Mine_01317,10.58949,76.895184,740.25,16.16,175.47,8.04,synthetic_srtm
1318,Mine_01318,11.006382,77.962211,2285.04,31.13,258.84,12.9,synthetic_srtm
1319,Mine_01319,10.797806,79.245052,989.81,10.23,211.83,5.97,synthetic_srtm
1320,Mine_01320,10.361963,78.118177,588.37,16.95,260.51,8.76,synthetic_srtm
1321,Mine_01321,9.323919,77.07977,747.18,11.34,192.06,5.01,synthetic_srtm
1322,Mine_01322,11.668703,80.102096,287.65,5.17,119.16,1.68,synthetic_srtm
1323,Mine_01323,9.027249,79.740606,573.38,7.2,344.45,3.2,synthetic_srtm
1324,Mine_01324,10.934549,76.001085,1596.97,20.4,194.85,9.45,synthetic_srtm
1325,Mine_01325,12.432482,77.258532,1708.73,40.2,345.83,13.44,synthetic_srtm
1326,Mine_01326,9.327423,76.353413,637.52,16.45,199.67,9.32,synthetic_srtm
1327,Mine_01327,12.492364,80.318165,263.24,14.53,334.02,8.93,synthetic_srtm
1328,Mine_01328,8.22038,80.429449,441.33,7.26,315.9,5.23,synthetic_srtm
1329,Mine_01329,9.563586,78.636002,657.47,6.57,310.04,3.78,synthetic_srtm
1330,Mine_01330,9.457319,78.018847,466.09,6.71,148.61,2.03,synthetic_srtm
1331,Mine_01331,10.17144,78.907211,474.96,2.41,302.24,4.58,synthetic_srtm
1332,Mine_01332,12.317538,79.578795,553.63,6.33,147.33,5.88,synthetic_srtm
1333,Mine_01333,9.664736,78.104869,378.51,2.05,188.64,3.21,synthetic_srtm
1334,Mine_01334,10.503183,78.501604,776.47,23.55,261.88,7.64,synthetic_srtm
1335,Mine_01335,12.281837,76.589566,1588.88,25.18,132.04,9.42,synthetic_srtm
1336,Mine_01336,13.084719,78.347845,624.93,20.19,256.72,8.7,synthetic_srtm
1337,Mine_01337,9.21798,79.625237,988.16,24.23,235.98,8.62,synthetic_srtm
1338,Mine_01338,11.141012,76.040494,755.61,23.03,235.76,9.45,synthetic_srtm
1339,Mine_01339,8.181213,78.655573,932.18,19.52,264.35,7.09,synthetic_srtm
1340,Mine_01340,13.470268,78.168938,530.58,24.37,128.3,9.85,synthetic_srtm
1341,Mine_01341,9.760606,79.772588,225.09,0.39,235.96,1.42,synthetic_srtm
1342,Mine_01342,9.76848,80.492053,222.44,12.03,288.45,4.41,synthetic_srtm
1343,Mine_01343,8.155052,77.101353,964.8,6.58,211.42,5.19,synthetic_srtm
1344,Mine_01344,13.050568,77.836182,1861.45,40.69,12.59,15.42,synthetic_srtm
1345,Mine_01345,12.424059,76.296234,1361.8,35.18,219.72,12.57,synthetic_srtm
1346,Mine_01346,8.673648,78.403163,802.11,12.52,252.72,6.13,synthetic_srtm
1347,Mine_01347,8.383897,78.154158,896.71,13.87,221.98,7.66,synthetic_srtm
1348,Mine_01348,11.047694,78.372163,827.79,11.37,251.33,3.93,synthetic_srtm
1349,Mine_01349,11.679794,76.568276,1125.88,44.21,339.57,16.96,synthetic_srtm
1350,Mine_01350,9.45649,80.201169,728.45,8.63,61.43,3.77,synthetic_srtm
1351,Mine_01351,10.43672,78.780159,539.71,17.51,298.61,5.34,synthetic_srtm
1352,Mine_01352,12.896214,77.216569,1473.87,19.63,34.74,7.28,synthetic_srtm
1353,Mine_01353,9.729388,78.614359,242.07,2.73,308.96,2.7,synthetic_srtm
1354,Mine_01354,11.846221,79.200048,418.1,2.82,230.54,2.71,synthetic_srtm
1355,Mine_01355,10.656578,79.990742,545.72,17.44,128.06,7.85,synthetic_srtm
1356,Mine_01356,10.618312,80.462588,564.7,24.57,94.31,11.97,synthetic_srtm
1357,Mine_01357,13.397962,76.606363,1323.02,20.59,301.16,10.67,synthetic_srtm
1358,Mine_01358,8.966811,76.652196,915.93,8.98,26.94,3.71,synthetic_srtm
1359,Mine_01359,12.165838,79.408968,917.77,14.03,70.66,5.18,synthetic_srtm
1360,Mine_01360,9.235077,78.094775,868.87,19.91,97.76,10.49,synthetic_srtm
1361,Mine_01361,12.812432,76.372322,700.73,20.33,225.39,7.53,synthetic_srtm
1362,Mine_01362,10.412363,79.421402,586.67,7.24,214.64,2.79,synthetic_srtm
1363,Mine_01363,12.796886,76.320662,1280.96,17.77,133.26,6.35,synthetic_srtm
1364,Mine_01364,8.590779,76.455237,1235.34,40.46,39.55,15.5,synthetic_srtm
1365,Mine_01365,10.412766,78.433409,934.83,21.76,83.72,11.35,synthetic_srtm
1366,Mine_01366,10.328469,76.041896,1575.58,34.88,285.63,13.72,synthetic_srtm
1367,Mine_01367,10.023179,76.642708,1071.62,28.51,56.71,9.38,synthetic_srtm
1368,Mine_01368,12.287541,76.101022,814.54,19.79,239.76,6.74,synthetic_srtm
1369,Mine_01369,8.308013,78.160485,620.98,11.78,188.77,4.92,synthetic_srtm
1370,Mine_01370,10.421219,79.749444,518.9,9.38,19.95,6.79,synthetic_srtm
1371,Mine_01371,9.397171,80.419608,840.44,20.97,341.06,11.18,synthetic_srtm
1372,Mine_01372,9.047274,79.014791,261.45,12.46,345.19,8.71,synthetic_srtm
1373,Mine_01373,9.053193,77.738064,958.06,7.49,133.58,4.86,synthetic_srtm
1374,Mine_01374,13.301538,78.887109,926.95,10.97,269.91,4.24,synthetic_srtm
1375,Mine_01375,9.658009,76.425504,1076.43,38.45,353.14,15.5,synthetic_srtm
1376,Mine_01376,8.294671,76.632246,571.54,11.76,289.59,6.33,synthetic_srtm
1377,Mine_01377,10.996849,77.275782,806.31,14.89,358.57,8.45,synthetic_srtm
1378,Mine_01378,8.428966,76.477585,512.87,9.06,199.98,7.25,synthetic_srtm
1379,Mine_01379,11.59253,77.570736,1897.14,40.14,140.16,15.24,synthetic_srtm
1380,Mine_01380,9.611089,77.680931,626.41,14.59,280.82,7.24,synthetic_srtm
1381,Mine_01381,11.926455,78.160083,436.94,6.36,213.29,4.61,synthetic_srtm
1382,Mine_01382,12.238806,77.188058,1200.49,17.6,22.43,8.0,synthetic_srtm
1383,Mine_01383,11.337546,76.539648,793.76,20.46,147.8,9.05,synthetic_srtm
1384,Mine_01384,10.214692,76.935297,1119.14,25.37,169.47,10.03,synthetic_srtm
1385,Mine_01385,9.299851,76.440357,1523.8,16.51,221.59,7.57,synthetic_srtm
1386,Mine_01386,9.937699,77.05326,529.52,17.45,185.83,6.23,synthetic_srtm
1387,Mine_01387,10.934893,80.248186,509.27,7.71,240.45,6.16,synthetic_srtm
1388,Mine_01388,10.819169,77.204984,659.06,14.96,9.59,6.37,synthetic_srtm
1389,Mine_01389,13.17352,77.481946,1250.55,21.18,346.3,8.43,synthetic_srtm
1390,Mine_01390,8.926423,79.422091,297.23,5.14,216.32,2.77,synthetic_srtm
1391,Mine_01391,9.288095,77.213355,302.68,13.07,259.81,6.12,synthetic_srtm
1392,Mine_01392,12.024238,76.693664,554.46,23.13,0.45,7.61,synthetic_srtm
1393,Mine_01393,11.817398,78.336234,729.29,17.73,167.44,7.97,synthetic_srtm
1394,Mine_01394,9.446642,76.736238,640.6,15.49,298.97,5.76,synthetic_srtm
1395,Mine_01395,10.370407,76.78654,562.77,11.81,79.78,5.12,synthetic_srtm
1396,Mine_01396,9.789801,76.426325,1384.44,31.26,269.77,9.55,synthetic_srtm
1397,Mine_01397,11.574252,76.111138,559.48,18.6,93.19,7.55,synthetic_srtm
1398,Mine_01398,12.46937,76.578608,643.99,12.0,122.32,7.66,synthetic_srtm
1399,Mine_01399,11.798384,78.575835,933.4,14.69,278.24,5.62,synthetic_srtm
1400,Mine_01400,13.338674,76.790719,568.51,22.99,123.31,7.13,synthetic_srtm
1401,Mine_01401,9.39781,79.713107,444.32,7.24,128.08,4.32,synthetic_srtm
1402,Mine_01402,9.061412,76.522813,630.91,11.97,58.73,4.32,synthetic_srtm
1403,Mine_01403,10.286761,78.111299,255.62,8.36,67.33,3.98,synthetic_srtm
1404,Mine_01404,11.650539,78.99603,272.53,11.78,316.05,4.53,synthetic_srtm
1405,Mine_01405,9.157046,76.103712,1286.56,27.15,320.79,9.09,synthetic_srtm
1406,Mine_01406,9.537808,76.573336,1062.21,20.62,283.84,10.54,synthetic_srtm
1407,Mine_01407,9.868133,79.185765,621.52,11.11,318.92,6.28,synthetic_srtm
1408,Mine_01408,9.073099,80.016751,827.13,7.87,345.11,4.89,synthetic_srtm
1409,Mine_01409,13.493976,78.734932,258.46,8.3,137.13,7.24,synthetic_srtm
1410,Mine_01410,10.637002,77.65275,940.49,17.41,258.07,6.28,synthetic_srtm
1411,Mine_01411,12.601411,78.928547,989.14,10.66,280.41,7.28,synthetic_srtm
1412,Mine_01412,8.211001,79.918587,491.27,13.46,105.74,8.33,synthetic_srtm
1413,Mine_01413,8.77091,78.448824,308.4,13.22,266.52,6.1,synthetic_srtm
1414,Mine_01414,11.990129,76.364768,1039.25,37.08,155.76,11.6,synthetic_srtm
1415,Mine_01415,12.472325,80.310236,429.83,0.09,184.91,1.1,synthetic_srtm
1416,Mine_01416,8.936425,77.222684,721.51,19.92,230.58,6.38,synthetic_srtm
1417,Mine_01417,11.678143,78.442952,438.73,0.17,321.8,4.69,synthetic_srtm
1418,Mine_01418,11.062501,80.258704,446.81,1.14,245.16,0.68,synthetic_srtm
1419,Mine_01419,13.117467,79.766175,340.14,0.33,1.45,4.38,synthetic_srtm
1420,Mine_01420,10.685703,77.519736,748.77,5.98,230.1,4.89,synthetic_srtm
1421,Mine_01421,9.785348,79.245217,838.94,20.19,104.17,7.07,synthetic_srtm
1422,Mine_01422,12.341586,79.255276,254.13,3.43,341.16,2.48,synthetic_srtm
1423,Mine_01423,9.497323,77.728723,727.7,19.06,303.25,8.52,synthetic_srtm
1424,Mine_01424,11.857113,79.550683,303.15,5.79,85.85,2.97,synthetic_srtm
1425,Mine_01425,9.055303,76.275475,1032.12,18.11,233.19,6.43,synthetic_srtm
1426,Mine_01426,8.256767,79.507893,405.48,5.95,125.45,4.52,synthetic_srtm
1427,Mine_01427,13.201204,77.840173,2253.53,27.78,313.71,9.8,synthetic_srtm
1428,Mine_01428,10.472794,76.848845,1162.38,19.51,125.23,7.55,synthetic_srtm
1429,Mine_01429,12.045364,78.987062,655.18,22.81,154.13,11.61,synthetic_srtm
1430,Mine_01430,9.881125,79.745076,207.07,11.53,167.6,7.78,synthetic_srtm
1431,Mine_01431,10.98265,76.666454,697.26,22.55,77.41,9.58,synthetic_srtm
1432,Mine_01432,11.194383,79.214744,771.04,17.16,252.38,5.34,synthetic_srtm
1433,Mine_01433,10.168876,76.00578,1020.89,21.14,250.04,10.2,synthetic_srtm
1434,Mine_01434,10.295966,79.288056,722.39,14.47,250.04,6.42,synthetic_srtm
1435,Mine_01435,8.263113,79.825774,748.44,10.44,32.72,7.73,synthetic_srtm
1436,Mine_01436,10.058683,77.040914,994.19,10.54,45.04,6.29,synthetic_srtm
1437,Mine_01437,11.191257,80.068157,593.63,13.26,127.69,8.57,synthetic_srtm
1438,Mine_01438,11.436375,77.514027,2348.72,31.06,91.56,13.07,synthetic_srtm
1439,Mine_01439,12.960539,77.787341,1728.38,16.77,70.69,6.22,synthetic_srtm
1440,Mine_01440,13.09454,80.327341,639.07,11.85,211.91,6.56,synthetic_srtm
1441,Mine_01441,12.012343,77.562794,1536.49,40.66,347.96,17.15,synthetic_srtm
1442,Mine_01442,12.956477,79.378011,775.72,20.12,350.91,8.52,synthetic_srtm
1443,Mine_01443,13.409785,79.00308,498.26,9.08,203.19,7.52,synthetic_srtm
1444,Mine_01444,11.063537,80.022877,534.49,5.99,217.04,2.18,synthetic_srtm
1445,Mine_01445,9.170918,79.401846,886.82,21.19,225.71,9.62,synthetic_srtm
1446,Mine_01446,11.769923,79.505524,626.06,8.84,82.59,5.77,synthetic_srtm
1447,Mine_01447,12.4655,79.635721,431.67,9.92,37.57,7.72,synthetic_srtm
1448,Mine_01448,8.860348,79.824719,224.41,10.95,295.59,7.31,synthetic_srtm
1449,Mine_01449,9.525847,78.892609,237.07,13.09,329.5,8.6,synthetic_srtm
1450,Mine_01450,12.233748,78.526101,763.18,24.93,288.53,10.25,synthetic_srtm
1451,Mine_01451,11.178324,79.371919,599.45,14.19,183.08,6.73,synthetic_srtm
1452,Mine_01452,8.948455,78.608346,828.14,9.43,155.29,4.09,synthetic_srtm
1453,Mine_01453,9.497571,76.762284,528.9,21.55,84.91,9.92,synthetic_srtm
1454,Mine_01454,12.846078,77.154978,2259.21,43.37,178.07,17.82,synthetic_srtm
1455,Mine_01455,10.279364,79.102904,664.58,8.62,156.91,4.5,synthetic_srtm
1456,Mine_01456,12.129346,78.90124,321.15,2.79,286.68,4.03,synthetic_srtm
1457,Mine_01457,11.047997,79.429147,811.32,11.26,281.47,4.14,synthetic_srtm
1458,Mine_01458,10.017136,77.066817,669.5,13.0,236.88,4.88,synthetic_srtm
1459,Mine_01459,11.823921,76.639634,570.93,23.0,71.28,10.35,synthetic_srtm
1460,Mine_01460,8.029419,79.367075,521.06,10.26,187.06,3.6,synthetic_srtm
1461,Mine_01461,11.891445,78.082095,336.8,12.69,264.81,6.34,synthetic_srtm
1462,Mine_01462,12.45577,76.394086,1228.89,23.15,209.56,11.19,synthetic_srtm
1463,Mine_01463,11.659001,76.354144,1211.87,15.02,94.0,8.72,synthetic_srtm
1464,Mine_01464,9.656772,78.08526,839.25,5.16,175.85,3.57,synthetic_srtm
1465,Mine_01465,9.664522,78.980673,834.88,24.1,261.85,8.66,synthetic_srtm
1466,Mine_01466,10.856687,78.542646,252.66,5.47,158.96,5.12,synthetic_srtm
1467,Mine_01467,11.077114,76.065404,942.29,6.1,205.41,3.2,synthetic_srtm
1468,Mine_01468,12.766802,80.421605,639.48,24.27,115.58,10.47,synthetic_srtm
1469,Mine_01469,11.564174,77.524375,1015.01,37.06,333.91,14.88,synthetic_srtm
1470,Mine_01470,8.141583,77.534715,337.2,12.72,339.71,4.21,synthetic_srtm
1471,Mine_01471,10.505259,76.138711,1205.9,40.72,294.0,14.81,synthetic_srtm
1472,Mine_01472,10.197792,79.835937,393.95,10.05,125.36,4.43,synthetic_srtm
1473,Mine_01473,9.44983,80.295881,627.37,22.71,105.83,11.12,synthetic_srtm
1474,Mine_01474,8.807918,79.851203,281.53,14.63,78.67,8.8,synthetic_srtm
1475,Mine_01475,8.676787,80.438575,840.77,23.35,178.14,10.39,synthetic_srtm
1476,Mine_01476,11.95703,79.845559,535.87,13.06,283.16,5.71,synthetic_srtm
1477,Mine_01477,8.310836,76.465277,768.85,10.95,232.95,3.95,synthetic_srtm
1478,Mine_01478,9.394216,80.232418,250.2,5.26,97.97,5.26,synthetic_srtm
1479,Mine_01479,10.975424,79.218702,335.85,6.45,310.58,5.33,synthetic_srtm
1480,Mine_01480,10.40273,77.765719,213.1,1.55,319.78,0.61,synthetic_srtm
1481,Mine_01481,8.196714,78.37702,385.67,7.32,143.53,2.33,synthetic_srtm
1482,Mine_01482,12.612021,78.119877,699.09,18.71,91.71,8.2,synthetic_srtm
1483,Mine_01483,8.724591,79.06107,569.39,8.05,260.07,4.45,synthetic_srtm
1484,Mine_01484,8.183278,80.107543,904.42,18.33,56.01,9.47,synthetic_srtm
1485,Mine_01485,12.601038,78.305352,564.79,24.13,202.72,11.53,synthetic_srtm
1486,Mine_01486,11.637963,79.968565,619.7,8.05,194.76,2.92,synthetic_srtm
1487,Mine_01487,9.740065,80.379151,427.34,10.15,276.84,5.9,synthetic_srtm
1488,Mine_01488,8.046483,79.776436,434.41,6.22,242.31,4.99,synthetic_srtm
1489,Mine_01489,10.945371,78.44618,317.84,3.95,359.84,1.34,synthetic_srtm
1490,Mine_01490,8.246226,76.243214,1073.15,42.35,262.32,15.81,synthetic_srtm
1491,Mine_01491,8.575633,79.701916,659.51,22.34,216.15,6.73,synthetic_srtm
1492,Mine_01492,10.200854,76.67723,842.16,5.05,327.15,3.12,synthetic_srtm
1493,Mine_01493,10.698375,79.819454,869.9,14.87,127.4,5.52,synthetic_srtm
1494,Mine_01494,10.243794,77.460493,440.13,4.22,84.67,5.81,synthetic_srtm
1495,Mine_01495,8.245637,77.393017,268.78,14.31,270.9,7.33,synthetic_srtm
1496,Mine_01496,12.431215,79.011326,216.34,12.76,333.51,6.9,synthetic_srtm
1497,Mine_01497,11.349659,79.460411,797.25,24.76,7.4,11.08,synthetic_srtm
1498,Mine_01498,10.399344,80.373779,534.25,15.56,324.51,8.34,synthetic_srtm
1499,Mine_01499,12.693406,79.885712,631.32,13.17,40.54,4.8,synthetic_srtm
1500,Mine_01500,12.230878,78.685253,364.81,6.61,87.85,4.6,synthetic_srtm
1501,Mine_01501,9.932584,80.492001,818.12,16.31,118.25,6.68,synthetic_srtm
1502,Mine_01502,11.563023,76.942906,836.92,13.46,119.23,4.16,synthetic_srtm
1503,Mine_01503,13.455411,79.553928,782.63,6.81,252.88,5.72,synthetic_srtm
1504,Mine_01504,8.434393,79.119839,852.7,18.0,47.61,9.77,synthetic_srtm
1505,Mine_01505,12.839613,80.498836,850.9,18.76,49.61,9.42,synthetic_srtm
1506,Mine_01506,9.436848,80.418574,897.5,20.78,128.94,9.71,synthetic_srtm
1507,Mine_01507,11.322718,80.21117,844.36,7.24,12.73,6.46,synthetic_srtm
1508,Mine_01508,8.104102,76.161517,1411.18,27.84,65.32,8.92,synthetic_srtm
1509,Mine_01509,8.101044,77.217348,895.22,8.42,142.24,3.31,synthetic_srtm
1510,Mine_01510,9.703511,78.172645,613.87,18.29,102.55,6.81,synthetic_srtm
1511,Mine_01511,11.6287,76.61642,1186.15,28.77,61.71,12.64,synthetic_srtm
1512,Mine_01512,9.502378,76.942837,785.49,7.23,140.45,5.63,synthetic_srtm
1513,Mine_01513,11.961474,79.092774,473.09,14.36,254.39,7.6,synthetic_srtm
1514,Mine_01514,8.343461,79.694853,444.32,3.61,140.7,6.05,synthetic_srtm
1515,Mine_01515,11.700703,79.793666,229.73,10.28,162.07,3.67,synthetic_srtm
1516,Mine_01516,9.652688,79.614685,581.24,9.9,65.67,4.81,synthetic_srtm
1517,Mine_01517,12.629948,79.606084,439.97,0.78,233.88,4.1,synthetic_srtm
1518,Mine_01518,8.058698,79.494509,485.45,7.65,29.98,7.0,synthetic_srtm
1519,Mine_01519,10.080137,79.57253,237.44,2.96,261.43,1.58,synthetic_srtm
1520,Mine_01520,9.905581,80.378704,355.18,3.69,276.38,1.16,synthetic_srtm
1521,Mine_01521,11.877848,78.029439,925.99,6.98,15.73,4.54,synthetic_srtm
1522,Mine_01522,11.910434,77.975687,1978.7,39.06,302.61,15.59,synthetic_srtm
1523,Mine_01523,11.588666,79.482103,310.47,9.51,84.72,3.06,synthetic_srtm
1524,Mine_01524,9.802742,79.870331,732.36,10.57,134.58,4.8,synthetic_srtm
1525,Mine_01525,13.159296,76.689107,856.63,24.77,49.98,11.14,synthetic_srtm
1526,Mine_01526,9.15127,77.083951,405.4,1.94,212.5,1.5,synthetic_srtm
1527,Mine_01527,9.821646,77.271244,524.03,21.17,65.63,7.5,synthetic_srtm
1528,Mine_01528,10.673316,77.41202,976.76,24.9,135.78,8.51,synthetic_srtm
1529,Mine_01529,11.756883,78.973273,667.75,24.33,231.1,12.03,synthetic_srtm
1530,Mine_01530,12.863348,79.882038,435.11,8.69,179.89,2.97,synthetic_srtm
1531,Mine_01531,10.927674,80.073948,968.8,15.19,287.49,5.45,synthetic_srtm
1532,Mine_01532,11.216162,79.673025,406.39,11.29,117.34,6.32,synthetic_srtm
1533,Mine_01533,13.008537,80.330353,571.25,14.27,73.08,4.58,synthetic_srtm
1534,Mine_01534,8.68993,79.539174,604.92,7.51,298.92,3.97,synthetic_srtm
1535,Mine_01535,12.071667,77.407423,1673.02,39.93,84.27,15.59,synthetic_srtm
1536,Mine_01536,13.441374,79.056213,529.88,7.65,94.52,5.16,synthetic_srtm
1537,Mine_01537,8.593193,77.180372,261.93,11.05,33.44,4.08,synthetic_srtm
1538,Mine_01538,11.086331,78.138837,659.5,8.51,155.69,5.23,synthetic_srtm
1539,Mine_01539,11.386493,79.109281,656.47,16.31,300.67,5.73,synthetic_srtm
1540,Mine_01540,11.546708,77.682724,2197.75,29.55,228.6,13.76,synthetic_srtm
1541,Mine_01541,13.065882,77.444209,1061.71,18.08,114.21,9.52,synthetic_srtm
1542,Mine_01542,13.186614,79.577828,892.31,22.33,339.88,11.56,synthetic_srtm
1543,Mine_01543,10.212621,79.524805,859.92,20.32,157.27,10.58,synthetic_srtm
1544,Mine_01544,13.157579,76.410632,1194.72,43.69,286.67,17.57,synthetic_srtm
1545,Mine_01545,12.488184,79.611523,986.68,22.12,299.5,7.35,synthetic_srtm
1546,Mine_01546,9.584837,77.062036,591.44,17.17,184.43,6.39,synthetic_srtm
1547,Mine_01547,8.037335,76.688244,568.2,5.17,321.2,6.31,synthetic_srtm
1548,Mine_01548,8.820974,77.084483,872.52,23.37,58.31,11.73,synthetic_srtm
1549,Mine_01549,9.842547,76.932771,760.96,22.73,76.82,9.9,synthetic_srtm
1550,Mine_01550,9.592705,78.597399,533.25,20.96,272.3,8.64,synthetic_srtm
1551,Mine_01551,13.153221,77.697634,1980.43,44.43,80.43,15.0,synthetic_srtm
1552,Mine_01552,8.321951,77.374361,918.54,16.78,155.15,6.08,synthetic_srtm
1553,Mine_01553,8.087109,78.510146,834.49,18.87,140.47,7.69,synthetic_srtm
1554,Mine_01554,9.723522,77.32799,958.0,18.07,322.01,7.67,synthetic_srtm
1555,Mine_01555,8.536903,80.040081,599.43,7.5,291.71,6.79,synthetic_srtm
1556,Mine_01556,8.691913,78.651992,295.94,12.53,316.66,7.69,synthetic_srtm
1557,Mine_01557,12.383211,78.656917,703.63,12.35,351.42,7.66,synthetic_srtm
1558,Mine_01558,11.905953,79.048038,934.68,24.5,96.33,10.39,synthetic_srtm
1559,Mine_01559,9.979527,79.005128,463.92,8.76,348.6,7.39,synthetic_srtm
1560,Mine_01560,12.416533,79.22267,291.64,3.12,349.27,2.47,synthetic_srtm
1561,Mine_01561,9.384981,80.414633,851.28,5.19,236.98,5.64,synthetic_srtm
1562,Mine_01562,10.618114,80.056775,622.24,5.9,282.9,1.84,synthetic_srtm
1563,Mine_01563,10.008017,78.751727,976.17,23.43,274.1,10.27,synthetic_srtm
1564,Mine_01564,8.383052,78.650212,377.25,7.84,292.52,4.04,synthetic_srtm
1565,Mine_01565,10.323452,77.791392,784.07,11.88,299.05,8.54,synthetic_srtm
1566,Mine_01566,12.804556,77.482201,1415.26,18.58,175.98,5.98,synthetic_srtm
1567,Mine_01567,8.098768,76.335297,1022.51,18.98,77.33,7.54,synthetic_srtm
1568,Mine_01568,9.041485,79.470954,238.15,7.96,297.02,2.49,synthetic_srtm
1569,Mine_01569,8.155856,79.728386,447.85,5.13,300.98,3.23,synthetic_srtm
1570,Mine_01570,9.1817,76.181486,521.59,12.97,291.17,6.75,synthetic_srtm
1571,Mine_01571,10.301472,78.288425,494.14,5.04,4.37,3.84,synthetic_srtm
1572,Mine_01572,11.328059,77.780852,1458.17,44.92,70.09,13.54,synthetic_srtm
1573,Mine_01573,8.325728,76.474286,1224.23,18.05,275.55,8.91,synthetic_srtm
1574,Mine_01574,12.539196,76.566733,1000.42,28.38,286.67,11.84,synthetic_srtm
1575,Mine_01575,12.094025,78.787503,514.4,7.71,1.57,4.69,synthetic_srtm
1576,Mine_01576,10.543512,80.234346,488.63,9.88,96.09,5.5,synthetic_srtm
1577,Mine_01577,12.518677,78.495201,393.03,6.62,196.0,5.09,synthetic_srtm
1578,Mine_01578,8.247989,79.290495,651.13,10.81,162.48,5.51,synthetic_srtm
1579,Mine_01579,13.292666,79.753624,217.17,7.84,255.98,4.77,synthetic_srtm
1580,Mine_01580,9.914148,80.014688,272.31,14.91,19.57,8.66,synthetic_srtm
1581,Mine_01581,8.729322,77.050283,633.82,21.07,311.08,10.89,synthetic_srtm
1582,Mine_01582,10.460328,79.554391,712.75,16.67,169.56,5.76,synthetic_srtm
1583,Mine_01583,10.403685,77.786002,697.79,6.8,234.95,2.76,synthetic_srtm
1584,Mine_01584,8.939182,77.020767,941.9,11.98,231.6,7.83,synthetic_srtm
1585,Mine_01585,8.938726,78.983078,484.49,13.1,207.6,8.32,synthetic_srtm
1586,Mine_01586,13.3654,77.499588,2118.66,26.83,215.99,9.18,synthetic_srtm
1587,Mine_01587,13.332563,79.358145,397.38,9.19,50.95,5.54,synthetic_srtm
1588,Mine_01588,9.967973,77.239561,693.22,22.57,294.95,9.13,synthetic_srtm
1589,Mine_01589,12.674932,79.808293,537.74,10.3,89.61,3.53,synthetic_srtm
1590,Mine_01590,10.331618,76.299129,1411.86,21.2,13.57,9.34,synthetic_srtm
1591,Mine_01591,13.484225,79.475849,833.83,19.86,225.85,10.43,synthetic_srtm
1592,Mine_01592,12.183876,76.674383,813.27,18.95,293.97,10.59,synthetic_srtm
1593,Mine_01593,8.063393,76.586533,1006.47,29.12,162.96,10.88,synthetic_srtm
1594,Mine_01594,9.69748,76.586458,711.99,18.85,227.89,6.85,synthetic_srtm
1595,Mine_01595,13.288248,77.110363,2394.78,27.02,239.91,8.19,synthetic_srtm
1596,Mine_01596,10.276593,77.215263,814.65,20.29,156.35,6.67,synthetic_srtm
1597,Mine_01597,11.232296,77.175978,1968.58,37.34,271.16,12.14,synthetic_srtm
1598,Mine_01598,9.531559,80.034128,831.41,22.24,157.95,7.24,synthetic_srtm
1599,Mine_01599,13.015299,79.325256,951.61,7.87,17.04,3.68,synthetic_srtm
1600,Mine_01600,13.292023,80.056686,477.8,6.16,133.71,5.65,synthetic_srtm
1601,Mine_01601,9.389647,77.965497,479.8,0.68,218.87,0.52,synthetic_srtm
1602,Mine_01602,8.124021,76.250873,622.6,14.91,275.38,4.76,synthetic_srtm
1603,Mine_01603,11.724085,78.351578,829.15,13.11,178.98,8.0,synthetic_srtm
1604,Mine_01604,8.607252,77.887812,921.83,24.79,292.76,9.61,synthetic_srtm
1605,Mine_01605,12.202203,76.081171,670.7,21.33,71.78,7.4,synthetic_srtm
1606,Mine_01606,10.577584,80.223602,424.54,2.68,33.34,1.29,synthetic_srtm
1607,Mine_01607,8.766132,76.100226,663.27,12.18,78.17,7.38,synthetic_srtm
1608,Mine_01608,13.098437,78.993041,381.85,13.43,345.91,5.79,synthetic_srtm
1609,Mine_01609,13.325144,80.153185,284.01,0.7,327.62,4.44,synthetic_srtm
1610,Mine_01610,8.266177,76.668328,646.89,21.29,185.25,6.58,synthetic_srtm
1611,Mine_01611,10.487779,77.909751,350.69,9.35,323.81,4.05,synthetic_srtm
1612,Mine_01612,11.837055,78.384529,608.5,12.85,28.55,4.03,synthetic_srtm
1613,Mine_01613,11.063762,79.54307,505.18,11.56,271.96,6.37,synthetic_srtm
1614,Mine_01614,13.257285,79.303489,320.67,13.69,250.43,5.87,synthetic_srtm
1615,Mine_01615,12.726331,78.676747,273.39,1.48,276.97,3.64,synthetic_srtm
1616,Mine_01616,12.651397,76.519831,1507.18,18.23,204.67,10.01,synthetic_srtm
1617,Mine_01617,8.362417,76.751751,658.49,21.75,335.53,10.98,synthetic_srtm
1618,Mine_01618,9.585115,77.156463,772.4,21.74,23.71,10.67,synthetic_srtm
1619,Mine_01619,11.761137,79.564201,257.93,0.6,44.46,5.0,synthetic_srtm
1620,Mine_01620,9.730199,76.909374,1257.43,37.37,355.34,13.47,synthetic_srtm
1621,Mine_01621,9.477188,79.874783,512.82,15.01,268.04,8.96,synthetic_srtm
1622,Mine_01622,9.616788,76.971119,1465.7,15.04,164.05,7.09,synthetic_srtm
1623,Mine_01623,8.102556,79.620888,930.14,8.29,260.23,2.62,synthetic_srtm
1624,Mine_01624,9.703251,76.652647,803.15,17.21,37.15,9.06,synthetic_srtm
1625,Mine_01625,8.04768,80.173827,455.62,9.79,226.44,7.78,synthetic_srtm
1626,Mine_01626,8.007455,78.236902,684.25,7.76,168.19,2.57,synthetic_srtm
1627,Mine_01627,11.781056,77.124404,2067.54,33.29,266.52,11.37,synthetic_srtm
1628,Mine_01628,10.329473,78.572365,401.48,9.65,152.0,5.35,synthetic_srtm
1629,Mine_01629,12.174654,78.301665,758.4,12.54,217.4,6.71,synthetic_srtm
1630,Mine_01630,11.202966,80.437304,252.05,4.63,133.74,5.92,synthetic_srtm
1631,Mine_01631,9.900036,77.168248,401.01,0.8,204.62,2.15,synthetic_srtm
1632,Mine_01632,12.920288,78.441465,371.2,11.46,74.68,7.63,synthetic_srtm
1633,Mine_01633,13.208722,78.271937,352.38,13.95,285.3,6.9,synthetic_srtm
1634,Mine_01634,10.299719,78.459815,685.88,17.23,239.49,7.96,synthetic_srtm
1635,Mine_01635,13.099636,78.648637,872.84,5.33,291.45,2.54,synthetic_srtm
1636,Mine_01636,9.252781,78.627362,742.36,10.84,349.41,3.97,synthetic_srtm
1637,Mine_01637,9.119445,76.700882,1689.93,16.39,114.35,7.79,synthetic_srtm
1638,Mine_01638,8.195867,78.240893,324.63,9.83,49.43,5.74,synthetic_srtm
1639,Mine_01639,8.97615,77.135004,294.96,3.6,316.72,4.58,synthetic_srtm
1640,Mine_01640,10.737073,76.963793,530.16,9.95,50.75,6.07,synthetic_srtm
1641,Mine_01641,11.904632,78.401764,578.8,9.76,47.47,5.62,synthetic_srtm
1642,Mine_01642,8.969069,78.727975,425.26,8.62,143.98,4.47,synthetic_srtm
1643,Mine_01643,9.701879,78.72791,571.03,15.0,326.79,6.75,synthetic_srtm
1644,Mine_01644,8.065438,77.319202,784.8,14.01,10.11,4.86,synthetic_srtm
1645,Mine_01645,10.591449,78.580307,512.13,16.1,139.32,7.75,synthetic_srtm
1646,Mine_01646,11.564807,79.366932,943.91,18.93,344.28,6.25,synthetic_srtm
1647,Mine_01647,9.180509,78.869663,823.07,14.48,9.7,6.82,synthetic_srtm
1648,Mine_01648,12.084968,79.809525,706.57,13.6,100.85,8.35,synthetic_srtm
1649,Mine_01649,12.953663,79.706467,480.53,9.17,145.34,2.78,synthetic_srtm
1650,Mine_01650,12.577051,78.805257,916.76,24.29,223.15,8.98,synthetic_srtm
1651,Mine_01651,10.335735,76.688328,832.67,24.56,341.9,11.79,synthetic_srtm
1652,Mine_01652,9.549236,78.163016,326.25,12.71,81.04,5.12,synthetic_srtm
1653,Mine_01653,9.581544,76.721442,1523.83,26.54,179.84,11.97,synthetic_srtm
1654,Mine_01654,8.169263,78.778582,264.41,12.1,263.69,3.63,synthetic_srtm
1655,Mine_01655,11.893344,79.365656,722.49,21.11,122.38,8.48,synthetic_srtm
1656,Mine_01656,9.173497,77.732728,556.26,8.4,329.28,5.08,synthetic_srtm
1657,Mine_01657,10.87737,80.043875,481.94,14.95,279.09,6.74,synthetic_srtm
1658,Mine_01658,9.435658,78.421304,638.49,23.31,155.56,11.36,synthetic_srtm
1659,Mine_01659,8.203786,78.408637,239.03,5.08,297.45,3.66,synthetic_srtm
1660,Mine_01660,9.532124,79.47215,623.0,9.76,243.69,4.25,synthetic_srtm
1661,Mine_01661,11.623705,78.548997,709.76,20.24,125.87,8.21,synthetic_srtm
1662,Mine_01662,8.482751,79.006813,394.6,4.15,46.26,4.56,synthetic_srtm
1663,Mine_01663,11.941476,77.967767,2171.06,27.91,214.09,8.87,synthetic_srtm
1664,Mine_01664,8.695999,78.144792,994.31,5.93,151.47,2.75,synthetic_srtm
1665,Mine_01665,13.456088,79.089927,586.17,8.34,292.4,7.07,synthetic_srtm
1666,Mine_01666,8.854388,78.99976,872.42,20.28,190.41,6.18,synthetic_srtm
1667,Mine_01667,11.411588,77.324322,1875.71,20.17,235.98,6.68,synthetic_srtm
1668,Mine_01668,10.527798,77.065658,261.1,2.28,211.73,2.72,synthetic_srtm
1669,Mine_01669,8.751973,77.875127,968.95,19.17,163.45,9.06,synthetic_srtm
1670,Mine_01670,9.886742,77.848152,597.31,19.55,142.0,7.5,synthetic_srtm
1671,Mine_01671,9.698321,77.315988,534.95,19.03,358.17,10.38,synthetic_srtm
1672,Mine_01672,9.644213,78.519212,554.43,9.87,31.52,4.08,synthetic_srtm
1673,Mine_01673,10.8161,80.465089,498.66,4.26,262.32,5.75,synthetic_srtm
1674,Mine_01674,8.792923,80.141226,727.05,12.28,80.4,8.26,synthetic_srtm
1675,Mine_01675,11.343767,76.471431,643.94,5.62,165.95,5.5,synthetic_srtm
1676,Mine_01676,11.385934,76.057404,1557.16,16.26,213.58,6.86,synthetic_srtm
1677,Mine_01677,11.569943,77.576065,1088.78,42.94,245.1,15.07,synthetic_srtm
1678,Mine_01678,8.023978,80.16093,424.88,6.68,323.43,6.42,synthetic_srtm
1679,Mine_01679,8.932599,79.678356,470.39,13.56,294.92,5.97,synthetic_srtm
1680,Mine_01680,11.005316,77.602951,1901.47,23.2,275.53,7.12,synthetic_srtm
1681,Mine_01681,8.548152,77.226102,848.32,7.78,204.42,6.01,synthetic_srtm
1682,Mine_01682,8.053352,76.630202,741.2,13.77,52.18,4.96,synthetic_srtm
1683,Mine_01683,13.188465,77.642877,2033.69,38.81,336.2,13.78,synthetic_srtm
1684,Mine_01684,11.336958,78.820527,959.79,6.48,55.82,5.0,synthetic_srtm
1685,Mine_01685,12.027598,79.496259,207.13,10.56,245.64,3.99,synthetic_srtm
1686,Mine_01686,10.655919,78.313363,241.14,12.53,329.27,6.65,synthetic_srtm
1687,Mine_01687,12.741572,79.776366,808.65,16.44,319.11,8.82,synthetic_srtm
1688,Mine_01688,11.264858,76.738832,1453.34,36.71,162.45,14.92,synthetic_srtm
1689,Mine_01689,8.590157,76.927219,901.63,17.57,189.97,7.79,synthetic_srtm
1690,Mine_01690,11.776226,77.649056,1281.47,17.72,358.27,9.74,synthetic_srtm
1691,Mine_01691,9.729118,79.645564,410.91,4.16,175.81,3.76,synthetic_srtm
1692,Mine_01692,13.428953,78.505963,308.89,0.63,164.98,0.29,synthetic_srtm
1693,Mine_01693,12.19038,79.480633,700.96,10.54,315.91,3.39,synthetic_srtm
1694,Mine_01694,11.350575,79.839278,697.8,18.04,128.07,10.07,synthetic_srtm
1695,Mine_01695,13.247517,79.488224,260.23,11.83,155.06,4.72,synthetic_srtm
1696,Mine_01696,10.340599,78.472703,850.14,9.9,281.65,6.97,synthetic_srtm
1697,Mine_01697,9.459222,76.757039,738.0,20.41,3.87,10.2,synthetic_srtm
1698,Mine_01698,10.048901,77.180835,747.01,9.23,119.75,4.45,synthetic_srtm
1699,Mine_01699,11.365472,77.680838,1305.88,19.34,239.52,6.4,synthetic_srtm
1700,Mine_01700,11.23232,77.134819,2186.99,21.38,93.06,7.0,synthetic_srtm
1701,Mine_01701,9.62836,78.317183,754.46,6.8,304.77,5.58,synthetic_srtm
1702,Mine_01702,8.260285,76.185525,905.7,21.2,77.36,11.13,synthetic_srtm
1703,Mine_01703,11.075522,78.394597,901.03,23.78,126.1,8.46,synthetic_srtm
1704,Mine_01704,9.576633,77.65131,945.63,6.19,108.54,3.11,synthetic_srtm
1705,Mine_01705,12.237648,78.775676,442.99,9.65,65.27,6.09,synthetic_srtm
1706,Mine_01706,12.793501,78.182465,563.34,21.03,214.92,7.48,synthetic_srtm
1707,Mine_01707,11.103656,76.515398,1275.32,41.82,143.52,13.85,synthetic_srtm
1708,Mine_01708,11.906154,77.637547,1900.47,40.3,13.12,15.28,synthetic_srtm
1709,Mine_01709,8.590993,79.807536,518.94,17.73,10.97,9.27,synthetic_srtm
1710,Mine_01710,9.739608,80.392318,850.48,7.09,222.42,5.93,synthetic_srtm
1711,Mine_01711,10.184751,78.57094,841.12,23.35,8.09,8.58,synthetic_srtm
1712,Mine_01712,11.009202,76.183533,561.71,19.37,344.81,10.24,synthetic_srtm
1713,Mine_01713,12.725217,77.0276,1105.73,39.15,13.57,16.21,synthetic_srtm
1714,Mine_01714,12.464972,79.338247,848.15,6.35,208.29,6.18,synthetic_srtm
1715,Mine_01715,9.518652,80.18665,360.48,11.48,236.31,3.94,synthetic_srtm
1716,Mine_01716,10.325776,78.327177,245.51,0.0,295.73,2.46,synthetic_srtm
1717,Mine_01717,11.974364,76.92027,1483.3,17.61,143.25,9.93,synthetic_srtm
1718,Mine_01718,10.426139,79.301298,680.57,7.48,272.01,3.66,synthetic_srtm
1719,Mine_01719,11.366873,77.948379,1721.18,38.49,262.53,15.38,synthetic_srtm
1720,Mine_01720,10.82271,79.924477,522.2,17.99,313.26,5.97,synthetic_srtm
1721,Mine_01721,9.783725,79.22274,617.34,7.21,306.94,2.82,synthetic_srtm
1722,Mine_01722,12.461768,77.001922,2005.58,43.64,132.91,15.11,synthetic_srtm
1723,Mine_01723,10.970161,78.074651,780.14,8.86,204.34,4.23,synthetic_srtm
1724,Mine_01724,13.422954,80.219941,984.23,11.22,228.56,4.12,synthetic_srtm
1725,Mine_01725,11.615944,80.0278,647.66,10.18,340.41,3.35,synthetic_srtm
1726,Mine_01726,11.305955,79.194121,301.57,1.71,230.49,1.42,synthetic_srtm
1727,Mine_01727,10.864486,77.208507,985.26,15.4,27.26,7.59,synthetic_srtm
1728,Mine_01728,9.775956,78.165733,754.28,9.79,273.06,6.23,synthetic_srtm
1729,Mine_01729,13.289023,78.301604,504.83,14.01,151.96,6.91,synthetic_srtm
1730,Mine_01730,8.346343,79.753609,284.64,14.9,162.03,5.4,synthetic_srtm
1731,Mine_01731,12.500734,78.883844,494.26,10.5,122.48,5.26,synthetic_srtm
1732,Mine_01732,9.750402,77.080313,417.91,11.22,35.0,4.75,synthetic_srtm
1733,Mine_01733,9.834318,76.985366,656.84,19.55,73.16,7.87,synthetic_srtm
1734,Mine_01734,9.9168,76.594301,1639.03,41.28,213.8,13.63,synthetic_srtm
1735,Mine_01735,12.238534,78.798211,496.07,11.41,206.12,5.41,synthetic_srtm
1736,Mine_01736,13.140586,76.038561,1688.26,23.49,241.09,11.81,synthetic_srtm
1737,Mine_01737,8.99657,79.023747,482.56,9.88,17.06,3.03,synthetic_srtm
1738,Mine_01738,9.709566,80.429083,947.98,24.92,239.42,12.12,synthetic_srtm
1739,Mine_01739,12.453837,79.767486,776.85,24.91,356.47,11.37,synthetic_srtm
1740,Mine_01740,11.138088,80.255334,531.06,11.8,19.31,3.74,synthetic_srtm
1741,Mine_01741,13.130654,76.342381,1009.16,33.79,151.66,10.16,synthetic_srtm
1742,Mine_01742,11.206603,80.09013,340.44,10.13,260.37,4.17,synthetic_srtm
1743,Mine_01743,8.129025,77.482375,385.21,11.18,99.3,6.85,synthetic_srtm
1744,Mine_01744,11.489942,78.397202,541.45,6.58,349.21,5.91,synthetic_srtm
1745,Mine_01745,10.482742,78.256513,768.48,23.29,275.01,8.24,synthetic_srtm
1746,Mine_01746,8.661872,76.443418,1165.17,29.27,260.45,12.57,synthetic_srtm
1747,Mine_01747,12.386346,76.693277,864.9,15.28,50.3,9.36,synthetic_srtm
1748,Mine_01748,10.279645,76.06664,1377.33,43.22,274.59,15.51,synthetic_srtm
1749,Mine_01749,13.031874,78.201384,784.37,8.01,329.34,4.83,synthetic_srtm
1750,Mine_01750,8.23284,78.850909,959.67,15.54,97.17,5.86,synthetic_srtm
1751,Mine_01751,12.165712,77.606218,2009.02,42.85,255.08,16.85,synthetic_srtm
1752,Mine_01752,10.390615,77.488577,246.81,7.99,16.2,2.84,synthetic_srtm
1753,Mine_01753,9.540738,76.657076,1277.43,31.57,314.9,14.42,synthetic_srtm
1754,Mine_01754,11.650375,77.714952,2093.61,35.22,205.57,15.51,synthetic_srtm
1755,Mine_01755,10.976534,76.106724,753.86,20.59,58.68,11.11,synthetic_srtm
1756,Mine_01756,11.968315,76.39657,641.77,9.31,193.21,4.61,synthetic_srtm
1757,Mine_01757,12.511611,77.818494,1581.33,15.84,223.54,5.44,synthetic_srtm
1758,Mine_01758,10.960795,78.542832,470.49,13.84,287.98,5.24,synthetic_srtm
1759,Mine_01759,12.407792,80.245426,440.19,3.21,249.02,3.99,synthetic_srtm
1760,Mine_01760,12.65594,78.273246,904.54,11.1,343.11,7.02,synthetic_srtm
1761,Mine_01761,12.024769,76.741303,809.75,8.25,241.38,7.3,synthetic_srtm
1762,Mine_01762,11.895782,77.655312,2114.26,26.05,198.62,11.02,synthetic_srtm
1763,Mine_01763,10.034387,78.918404,978.91,23.83,121.41,8.82,synthetic_srtm
1764,Mine_01764,13.440521,78.080628,349.37,2.86,290.72,3.46,synthetic_srtm
1765,Mine_01765,9.857409,79.643534,832.5,23.53,15.32,9.01,synthetic_srtm
1766,Mine_01766,11.940619,77.739222,2331.09,28.72,81.73,9.34,synthetic_srtm
1767,Mine_01767,9.708305,78.074363,797.6,23.46,191.27,10.22,synthetic_srtm
1768,Mine_01768,12.189585,76.262337,534.8,18.45,147.18,7.74,synthetic_srtm
1769,Mine_01769,11.581587,79.853283,452.32,1.25,61.38,2.71,synthetic_srtm
1770,Mine_01770,9.109104,76.352089,995.21,8.26,139.32,6.31,synthetic_srtm
1771,Mine_01771,12.042628,76.848792,1298.26,23.02,78.02,8.97,synthetic_srtm
1772,Mine_01772,8.275197,76.312279,1356.98,15.7,182.73,8.95,synthetic_srtm
1773,Mine_01773,11.383755,77.99431,1816.18,29.82,337.14,13.66,synthetic_srtm
1774,Mine_01774,12.278914,78.218631,489.35,10.86,326.3,3.57,synthetic_srtm
1775,Mine_01775,8.31196,76.132644,947.16,7.62,333.15,4.38,synthetic_srtm
1776,Mine_01776,11.380526,76.211676,1627.87,24.59,128.29,10.34,synthetic_srtm
1777,Mine_01777,9.865219,76.317272,1323.78,39.55,17.42,12.0,synthetic_srtm
1778,Mine_01778,10.079171,76.036487,1271.21,38.05,343.72,16.13,synthetic_srtm
1779,Mine_01779,11.778101,77.323015,1059.09,34.12,273.63,10.55,synthetic_srtm
1780,Mine_01780,9.277504,78.406604,994.95,11.03,336.95,6.86,synthetic_srtm
1781,Mine_01781,12.146657,76.496774,570.9,9.11,139.49,6.53,synthetic_srtm
1782,Mine_01782,8.778537,79.753564,321.68,1.39,78.35,1.53,synthetic_srtm
1783,Mine_01783,10.063855,80.42887,828.18,10.95,99.3,4.71,synthetic_srtm
1784,Mine_01784,13.085645,77.594107,1133.09,26.49,24.3,8.8,synthetic_srtm
1785,Mine_01785,11.990625,77.034217,1829.93,35.82,103.18,13.55,synthetic_srtm
1786,Mine_01786,9.306339,77.709552,980.32,14.82,124.25,5.02,synthetic_srtm
1787,Mine_01787,11.938347,77.454373,2141.5,40.49,52.37,16.69,synthetic_srtm
1788,Mine_01788,8.805052,76.850184,667.36,19.56,152.03,7.99,synthetic_srtm
1789,Mine_01789,13.445967,76.341332,975.18,11.47,227.91,7.67,synthetic_srtm
1790,Mine_01790,9.42275,79.220033,501.24,17.43,348.52,6.95,synthetic_srtm
1791,Mine_01791,9.742647,79.262919,398.0,11.08,128.25,5.75,synthetic_srtm
1792,Mine_01792,11.266306,78.904802,254.04,8.11,324.95,2.84,synthetic_srtm
1793,Mine_01793,11.788221,79.01948,623.28,11.05,37.15,7.22,synthetic_srtm
1794,Mine_01794,11.430644,76.025341,1531.94,28.69,118.92,11.78,synthetic_srtm
1795,Mine_01795,10.75743,76.195287,597.08,17.62,349.94,7.55,synthetic_srtm
1796,Mine_01796,10.553498,78.228929,399.66,3.1,169.9,5.18,synthetic_srtm
1797,Mine_01797,10.841653,79.312078,344.08,7.47,230.52,3.62,synthetic_srtm
1798,Mine_01798,10.550217,76.39835,585.35,13.82,11.43,5.44,synthetic_srtm
1799,Mine_01799,10.994922,78.395396,274.61,2.01,72.03,3.84,synthetic_srtm
1800,Mine_01800,9.336327,78.89039,951.53,6.91,116.46,4.81,synthetic_srtm
1801,Mine_01801,10.698561,80.347449,635.88,13.69,49.12,6.48,synthetic_srtm
1802,Mine_01802,9.966157,79.282417,405.14,2.53,252.13,3.02,synthetic_srtm
1803,Mine_01803,8.115126,78.71852,429.24,14.98,350.8,8.99,synthetic_srtm
1804,Mine_01804,8.380766,76.946739,1420.81,39.55,248.3,13.32,synthetic_srtm
1805,Mine_01805,8.242507,77.772944,786.39,17.85,162.49,5.77,synthetic_srtm
1806,Mine_01806,13.204455,79.300127,225.42,9.98,288.01,7.76,synthetic_srtm
1807,Mine_01807,10.776149,79.13691,740.49,12.91,176.91,8.49,synthetic_srtm
1808,Mine_01808,10.937153,77.706224,313.62,9.22,67.76,5.05,synthetic_srtm
1809,Mine_01809,10.728968,79.711254,811.57,5.01,171.96,6.15,synthetic_srtm
1810,Mine_01810,8.282339,77.710676,264.75,0.01,87.19,1.05,synthetic_srtm
1811,Mine_01811,8.861561,80.288096,884.96,14.04,354.06,4.39,synthetic_srtm
1812,Mine_01812,8.843797,77.895111,948.59,15.87,319.79,8.46,synthetic_srtm
1813,Mine_01813,10.45271,77.010973,720.94,21.96,155.36,7.09,synthetic_srtm
1814,Mine_01814,13.031135,76.289823,1553.87,31.92,127.92,10.46,synthetic_srtm
1815,Mine_01815,10.85999,79.545734,267.2,9.17,190.31,7.75,synthetic_srtm
1816,Mine_01816,12.47606,78.220791,453.23,4.55,110.67,4.73,synthetic_srtm
1817,Mine_01817,10.22321,78.022672,709.29,9.77,159.86,3.34,synthetic_srtm
1818,Mine_01818,13.163124,79.2504,817.66,13.84,205.21,6.95,synthetic_srtm
1819,Mine_01819,10.143116,79.337214,543.63,23.53,74.99,7.63,synthetic_srtm
1820,Mine_01820,12.797125,76.214124,1432.56,35.45,185.35,14.72,synthetic_srtm
1821,Mine_01821,8.581485,78.991635,623.47,8.59,204.41,3.2,synthetic_srtm
1822,Mine_01822,11.316521,79.613753,358.1,12.84,294.44,6.0,synthetic_srtm
1823,Mine_01823,8.514074,78.285326,792.21,14.28,74.44,7.01,synthetic_srtm
1824,Mine_01824,13.429423,77.430819,1176.85,16.63,60.95,8.91,synthetic_srtm
1825,Mine_01825,10.632211,79.145978,517.16,17.62,155.82,9.62,synthetic_srtm
1826,Mine_01826,13.118644,77.217008,1302.38,18.9,151.83,9.77,synthetic_srtm
1827,Mine_01827,11.301392,76.531245,1555.2,41.29,327.46,13.98,synthetic_srtm
1828,Mine_01828,10.159845,78.599811,653.67,21.09,59.38,10.51,synthetic_srtm
1829,Mine_01829,10.333351,77.912479,987.98,7.97,161.67,5.79,synthetic_srtm
1830,Mine_01830,10.620692,77.465683,747.67,20.47,120.24,7.06,synthetic_srtm
1831,Mine_01831,8.113539,80.330576,621.0,14.05,64.74,7.37,synthetic_srtm
1832,Mine_01832,12.595639,80.352459,885.12,15.82,275.74,4.87,synthetic_srtm
1833,Mine_01833,10.347979,78.484082,707.62,14.62,337.97,8.05,synthetic_srtm
1834,Mine_01834,12.44969,79.513297,703.44,17.18,70.13,9.2,synthetic_srtm
1835,Mine_01835,10.761891,80.346274,613.95,9.83,209.71,7.38,synthetic_srtm
1836,Mine_01836,8.774972,76.98057,924.06,19.52,208.8,7.95,synthetic_srtm
1837,Mine_01837,10.634467,76.078437,1242.04,41.78,189.12,17.09,synthetic_srtm
1838,Mine_01838,12.361557,76.596897,1396.37,33.08,132.51,10.78,synthetic_srtm
1839,Mine_01839,8.896041,77.515686,363.47,10.8,252.69,8.19,synthetic_srtm
1840,Mine_01840,10.516629,77.20727,400.64,1.48,325.82,4.91,synthetic_srtm
1841,Mine_01841,11.32537,79.08865,292.46,4.96,99.23,2.04,synthetic_srtm
1842,Mine_01842,8.051397,76.148396,1653.3,35.34,101.58,10.98,synthetic_srtm
1843,Mine_01843,11.783796,79.566055,283.42,4.71,301.68,5.66,synthetic_srtm
1844,Mine_01844,8.58565,78.213356,692.45,19.97,271.63,10.48,synthetic_srtm
1845,Mine_01845,9.334932,80.462529,364.73,0.16,304.72,0.91,synthetic_srtm
1846,Mine_01846,8.807931,80.368844,770.65,14.05,276.54,7.81,synthetic_srtm
1847,Mine_01847,11.487303,79.424012,487.65,3.13,47.08,2.37,synthetic_srtm
1848,Mine_01848,9.863406,76.790319,1144.8,18.15,86.02,6.0,synthetic_srtm
1849,Mine_01849,13.473377,77.795992,1390.38,21.65,316.57,9.1,synthetic_srtm
1850,Mine_01850,10.37408,76.235105,1141.64,35.81,187.86,11.28,synthetic_srtm
1851,Mine_01851,8.181787,76.005092,1528.15,39.84,38.32,14.87,synthetic_srtm
1852,Mine_01852,9.455005,78.313139,875.81,19.52,204.26,7.99,synthetic_srtm
1853,Mine_01853,10.281047,80.18658,523.8,7.17,353.34,4.08,synthetic_srtm
1854,Mine_01854,11.716964,78.519474,741.62,6.83,134.98,3.52,synthetic_srtm
1855,Mine_01855,13.425102,78.401154,767.77,17.27,304.68,7.64,synthetic_srtm
1856,Mine_01856,12.275162,80.306982,969.01,23.51,196.13,8.59,synthetic_srtm
1857,Mine_01857,9.510781,78.918905,884.1,22.91,172.31,11.34,synthetic_srtm
1858,Mine_01858,10.716929,79.56238,710.52,5.42,32.24,4.26,synthetic_srtm
1859,Mine_01859,11.636959,77.842052,1123.58,35.96,92.92,11.99,synthetic_srtm
1860,Mine_01860,8.653689,76.067275,1638.72,25.91,249.06,12.35,synthetic_srtm
1861,Mine_01861,12.460585,79.865439,886.48,14.27,239.87,5.21,synthetic_srtm
1862,Mine_01862,12.344861,79.668429,347.37,12.25,278.3,5.87,synthetic_srtm
1863,Mine_01863,8.239009,80.06791,976.3,5.94,195.51,2.46,synthetic_srtm
1864,Mine_01864,12.781441,78.174902,218.92,0.73,297.89,3.47,synthetic_srtm
1865,Mine_01865,10.868797,80.199744,326.38,6.11,184.26,4.12,synthetic_srtm
1866,Mine_01866,10.353029,76.888688,1577.22,22.42,257.28,10.59,synthetic_srtm
1867,Mine_01867,10.842602,77.185136,428.69,3.4,150.58,5.07,synthetic_srtm
1868,Mine_01868,10.047349,79.24299,965.92,22.02,238.84,8.7,synthetic_srtm
1869,Mine_01869,10.009983,80.212659,405.32,1.58,163.46,0.57,synthetic_srtm
1870,Mine_01870,12.421366,76.828185,1611.21,17.75,296.17,6.22,synthetic_srtm
1871,Mine_01871,12.409611,79.367246,451.83,6.67,273.91,3.34,synthetic_srtm
1872,Mine_01872,9.211341,79.879943,539.07,20.43,307.0,6.86,synthetic_srtm
1873,Mine_01873,11.071115,80.12807,616.96,6.82,297.54,6.72,synthetic_srtm
1874,Mine_01874,8.926831,76.136906,866.99,23.6,218.67,10.66,synthetic_srtm
1875,Mine_01875,10.483228,80.223107,693.61,10.12,74.33,4.78,synthetic_srtm
1876,Mine_01876,9.675497,78.44449,578.27,10.68,123.88,3.44,synthetic_srtm
1877,Mine_01877,9.288678,78.605217,399.47,2.59,316.17,3.56,synthetic_srtm
1878,Mine_01878,9.712366,78.554996,338.05,11.87,229.75,5.77,synthetic_srtm
1879,Mine_01879,10.12375,79.541176,388.18,14.03,126.65,6.17,synthetic_srtm
1880,Mine_01880,13.162221,76.242542,928.51,23.38,225.65,8.02,synthetic_srtm
1881,Mine_01881,9.819879,77.214082,901.91,11.77,218.9,6.55,synthetic_srtm
1882,Mine_01882,10.916448,77.59116,236.23,2.39,345.87,5.54,synthetic_srtm
1883,Mine_01883,11.977762,79.607226,407.94,10.37,268.39,5.37,synthetic_srtm
1884,Mine_01884,12.234634,79.858684,222.08,9.26,303.21,6.37,synthetic_srtm
1885,Mine_01885,8.602955,79.373316,276.39,4.5,9.76,4.1,synthetic_srtm
1886,Mine_01886,13.263455,76.271964,982.55,18.53,279.12,10.03,synthetic_srtm
1887,Mine_01887,12.565975,80.277753,587.4,12.64,171.81,7.01,synthetic_srtm
1888,Mine_01888,10.413998,80.289252,254.97,13.43,110.19,7.12,synthetic_srtm
1889,Mine_01889,8.183799,79.671194,696.78,20.58,190.97,9.13,synthetic_srtm
1890,Mine_01890,12.9836,79.757606,285.09,1.23,145.68,1.01,synthetic_srtm
1891,Mine_01891,9.376355,79.091223,898.32,20.24,155.39,10.87,synthetic_srtm
1892,Mine_01892,10.621433,79.895654,360.24,6.52,358.1,2.91,synthetic_srtm
1893,Mine_01893,12.177176,79.987333,926.11,21.35,93.66,7.0,synthetic_srtm
1894,Mine_01894,10.767652,76.063358,1022.68,36.99,223.85,13.66,synthetic_srtm
1895,Mine_01895,8.973738,76.12834,555.79,23.16,55.91,7.44,synthetic_srtm
1896,Mine_01896,8.836813,80.105033,335.75,11.92,32.57,7.46,synthetic_srtm
1897,Mine_01897,10.775526,80.390063,541.06,6.71,329.05,5.55,synthetic_srtm
1898,Mine_01898,9.144605,77.400371,957.51,12.95,117.75,4.99,synthetic_srtm
1899,Mine_01899,13.462743,76.052075,1325.62,28.38,1.58,13.25,synthetic_srtm
1900,Mine_01900,8.641316,77.655042,260.55,10.42,145.36,3.86,synthetic_srtm
1901,Mine_01901,12.866808,79.14795,888.08,19.56,312.73,7.08,synthetic_srtm
1902,Mine_01902,10.461931,79.488358,980.91,14.99,276.73,8.12,synthetic_srtm
1903,Mine_01903,8.20761,78.624378,974.02,10.65,217.8,6.15,synthetic_srtm
1904,Mine_01904,11.746651,79.384697,293.86,14.04,274.39,8.76,synthetic_srtm
1905,Mine_01905,12.44054,78.860171,778.39,17.34,59.4,9.76,synthetic_srtm
1906,Mine_01906,9.114613,77.989694,803.95,22.21,103.7,9.41,synthetic_srtm
1907,Mine_01907,11.063237,78.951083,727.6,15.54,101.06,6.67,synthetic_srtm
1908,Mine_01908,11.938956,77.875371,2225.86,15.17,126.25,9.24,synthetic_srtm
1909,Mine_01909,8.887793,77.673976,335.06,9.98,199.76,3.44,synthetic_srtm
1910,Mine_01910,11.240153,79.243673,689.9,22.85,245.0,9.26,synthetic_srtm
1911,Mine_01911,11.396565,80.416371,219.32,12.99,145.85,4.61,synthetic_srtm
1912,Mine_01912,11.713542,78.849905,310.44,0.76,203.65,1.76,synthetic_srtm
1913,Mine_01913,8.133321,78.812588,455.77,10.98,86.14,6.51,synthetic_srtm
1914,Mine_01914,13.037603,80.311553,209.95,1.84,227.07,0.92,synthetic_srtm
1915,Mine_01915,8.083672,79.87555,809.46,16.29,48.8,6.01,synthetic_srtm
1916,Mine_01916,10.391408,76.90345,1473.16,24.88,104.01,7.75,synthetic_srtm
1917,Mine_01917,8.079589,76.536529,1032.54,34.22,181.96,13.24,synthetic_srtm
1918,Mine_01918,8.175212,78.111863,509.06,24.0,272.76,8.02,synthetic_srtm
1919,Mine_01919,12.91759,79.996855,345.33,10.27,185.67,8.03,synthetic_srtm
1920,Mine_01920,10.626184,78.22569,276.96,8.39,200.1,2.7,synthetic_srtm
1921,Mine_01921,9.274847,80.0563,347.99,8.24,204.76,7.45,synthetic_srtm
1922,Mine_01922,10.263601,78.334637,733.79,15.99,94.6,7.25,synthetic_srtm
1923,Mine_01923,12.8052,78.078255,805.62,12.4,75.47,8.59,synthetic_srtm
1924,Mine_01924,9.013822,76.291754,1028.91,41.82,75.5,13.91,synthetic_srtm
1925,Mine_01925,12.001763,79.056925,566.82,12.54,187.27,7.41,synthetic_srtm
1926,Mine_01926,11.520268,78.226575,992.74,18.29,87.45,6.32,synthetic_srtm
1927,Mine_01927,8.749285,78.836804,205.54,5.07,273.8,3.49,synthetic_srtm
1928,Mine_01928,9.247954,80.181763,220.28,7.86,26.58,5.0,synthetic_srtm
1929,Mine_01929,8.946549,77.374443,861.49,5.29,175.81,3.3,synthetic_srtm
1930,Mine_01930,12.337035,76.752381,1375.24,17.63,225.27,8.3,synthetic_srtm
1931,Mine_01931,12.934838,80.00872,304.15,14.99,21.99,5.59,synthetic_srtm
1932,Mine_01932,8.501847,79.055254,443.87,11.73,115.27,7.79,synthetic_srtm
1933,Mine_01933,8.10151,78.455238,538.43,12.68,92.55,5.45,synthetic_srtm
1934,Mine_01934,9.439641,78.306659,653.98,17.13,71.91,10.05,synthetic_srtm
1935,Mine_01935,12.397683,78.612789,948.28,19.42,308.98,10.49,synthetic_srtm
1936,Mine_01936,9.510148,78.457445,835.78,15.49,10.48,8.85,synthetic_srtm
1937,Mine_01937,13.318418,76.720333,762.96,9.62,316.41,7.07,synthetic_srtm
1938,Mine_01938,11.844651,77.138103,2294.81,44.63,168.82,17.94,synthetic_srtm
1939,Mine_01939,9.296042,80.025355,383.55,0.85,22.62,2.61,synthetic_srtm
1940,Mine_01940,9.673355,78.315158,862.39,5.31,143.43,1.67,synthetic_srtm
1941,Mine_01941,13.249031,80.145953,550.71,22.12,79.15,8.35,synthetic_srtm
1942,Mine_01942,12.285017,79.23565,810.28,9.84,320.19,4.59,synthetic_srtm
1943,Mine_01943,8.267117,78.71677,713.78,20.67,124.09,10.39,synthetic_srtm
1944,Mine_01944,12.118551,79.00246,708.02,5.83,276.17,4.21,synthetic_srtm
1945,Mine_01945,13.255347,79.004998,201.91,3.02,330.55,1.22,synthetic_srtm
1946,Mine_01946,11.724549,78.178175,252.87,4.72,21.34,3.93,synthetic_srtm
1947,Mine_01947,8.250176,79.805318,381.17,9.99,38.27,7.79,synthetic_srtm
1948,Mine_01948,8.426975,79.210579,680.98,23.83,34.55,9.24,synthetic_srtm
1949,Mine_01949,11.549258,77.878242,1548.66,29.51,214.21,11.15,synthetic_srtm
1950,Mine_01950,10.141524,80.231403,316.04,14.13,10.54,7.91,synthetic_srtm
1951,Mine_01951,9.049452,78.487788,652.97,13.9,36.14,7.18,synthetic_srtm
1952,Mine_01952,9.098506,77.090398,230.8,2.4,130.67,2.19,synthetic_srtm
1953,Mine_01953,9.595507,78.760505,838.22,7.86,168.6,5.17,synthetic_srtm
1954,Mine_01954,8.808282,80.126852,691.59,14.29,349.31,8.15,synthetic_srtm
1955,Mine_01955,10.213448,79.327766,755.66,21.76,335.53,8.86,synthetic_srtm
1956,Mine_01956,13.362879,79.930629,534.68,14.21,216.41,7.9,synthetic_srtm
1957,Mine_01957,10.922485,76.905627,1171.89,23.31,95.12,7.99,synthetic_srtm
1958,Mine_01958,9.745447,78.801817,686.46,8.72,253.84,6.94,synthetic_srtm
1959,Mine_01959,11.296856,76.259073,1278.22,25.02,54.92,8.82,synthetic_srtm
1960,Mine_01960,10.464413,77.557788,288.08,10.34,150.91,5.33,synthetic_srtm
1961,Mine_01961,13.3383,78.497192,453.53,0.94,18.58,1.46,synthetic_srtm
1962,Mine_01962,8.98119,78.308812,551.41,10.26,239.74,5.85,synthetic_srtm
1963,Mine_01963,11.619894,77.954905,1887.54,41.72,253.07,16.09,synthetic_srtm
1964,Mine_01964,8.78497,77.392939,635.9,8.57,167.08,2.89,synthetic_srtm
1965,Mine_01965,12.451386,78.117421,600.33,19.51,142.18,8.58,synthetic_srtm
1966,Mine_01966,10.199792,77.90497,204.85,9.27,119.37,6.12,synthetic_srtm
1967,Mine_01967,9.076165,80.378398,761.38,20.5,335.4,6.72,synthetic_srtm
1968,Mine_01968,8.972163,79.892473,461.92,11.56,20.94,5.5,synthetic_srtm
1969,Mine_01969,9.623933,76.870945,1291.22,31.58,310.58,13.77,synthetic_srtm
1970,Mine_01970,11.535136,78.413343,460.55,14.32,334.32,5.38,synthetic_srtm
1971,Mine_01971,9.128994,77.318076,875.59,18.19,85.73,7.17,synthetic_srtm
1972,Mine_01972,12.60751,76.687377,1362.7,21.05,222.92,8.16,synthetic_srtm
1973,Mine_01973,12.993398,77.634351,1374.59,44.06,239.35,17.77,synthetic_srtm
1974,Mine_01974,11.815577,79.418028,625.09,5.12,242.62,4.36,synthetic_srtm
1975,Mine_01975,9.404757,78.760875,363.54,11.43,75.96,5.14,synthetic_srtm
1976,Mine_01976,11.301001,77.278272,1942.9,30.79,78.23,9.43,synthetic_srtm
1977,Mine_01977,9.482308,76.651838,1411.79,40.65,306.53,13.54,synthetic_srtm
1978,Mine_01978,10.535346,76.092214,824.55,19.23,313.72,6.58,synthetic_srtm
1979,Mine_01979,13.181784,76.806037,1089.35,26.87,107.47,8.09,synthetic_srtm
1980,Mine_01980,12.691575,79.626677,708.2,5.2,185.62,2.51,synthetic_srtm
1981,Mine_01981,9.620569,76.225085,1363.58,32.24,26.71,10.58,synthetic_srtm
1982,Mine_01982,9.387837,77.866142,214.88,4.51,253.36,4.98,synthetic_srtm
1983,Mine_01983,12.597503,79.665492,462.03,10.92,114.29,6.78,synthetic_srtm
1984,Mine_01984,12.381898,78.700632,673.92,9.54,51.89,6.41,synthetic_srtm
1985,Mine_01985,12.109458,78.081535,828.69,20.5,98.83,9.21,synthetic_srtm
1986,Mine_01986,9.749053,79.583351,730.0,7.43,334.01,7.0,synthetic_srtm
1987,Mine_01987,9.504266,76.547143,701.72,13.28,354.66,6.31,synthetic_srtm
1988,Mine_01988,9.815615,77.450339,942.75,20.52,113.02,8.39,synthetic_srtm
1989,Mine_01989,13.17692,78.696034,462.89,8.78,343.27,7.62,synthetic_srtm
1990,Mine_01990,12.203351,78.621492,671.93,20.91,191.67,9.07,synthetic_srtm
1991,Mine_01991,12.11618,79.414574,444.24,9.6,145.38,7.01,synthetic_srtm
1992,Mine_01992,10.353123,77.487848,705.41,5.76,284.92,4.87,synthetic_srtm
1993,Mine_01993,8.57505,78.756203,622.62,22.01,256.13,10.7,synthetic_srtm
1994,Mine_01994,10.252089,80.288827,733.51,20.95,135.12,6.74,synthetic_srtm
1995,Mine_01995,10.989767,78.105934,471.72,4.15,237.5,4.15,synthetic_srtm
1996,Mine_01996,12.720602,77.393941,1702.45,19.55,242.78,7.81,synthetic_srtm
1997,Mine_01997,13.175204,78.34517,326.76,13.85,157.01,8.64,synthetic_srtm
1998,Mine_01998,10.155137,77.395182,790.2,17.11,326.28,9.92,synthetic_srtm
1999,Mine_01999,9.948461,80.076784,832.04,7.92,319.85,5.17,synthetic_srtm
2000,Mine_02000,8.700546,79.706759,243.93,4.6,341.56,4.16,synthetic_srtm
2001,Mine_02001,11.046098,78.383987,499.17,9.54,283.75,7.34,synthetic_srtm
2002,Mine_02002,12.414717,76.627871,1698.58,36.89,311.99,14.67,synthetic_srtm
2003,Mine_02003,9.397116,79.86878,655.48,24.24,11.99,9.42,synthetic_srtm
2004,Mine_02004,9.065352,76.937727,1170.45,41.89,86.82,15.15,synthetic_srtm
2005,Mine_02005,10.295414,80.332881,253.89,2.84,283.8,1.21,synthetic_srtm
2006,Mine_02006,12.135319,76.630291,1308.9,43.34,82.78,16.22,synthetic_srtm
2007,Mine_02007,13.10992,79.934335,866.0,23.73,4.86,10.12,synthetic_srtm
2008,Mine_02008,8.603806,78.578626,439.99,0.54,295.79,3.82,synthetic_srtm
2009,Mine_02009,11.928916,76.250104,1626.05,42.87,325.94,15.16,synthetic_srtm
2010,Mine_02010,10.228367,77.369655,469.42,10.82,299.47,4.07,synthetic_srtm
2011,Mine_02011,13.126563,79.227686,877.56,19.29,59.8,7.31,synthetic_srtm
2012,Mine_02012,10.667804,77.153319,774.41,23.97,2.56,8.61,synthetic_srtm
2013,Mine_02013,13.459244,79.057271,993.72,17.07,17.93,9.78,synthetic_srtm
2014,Mine_02014,11.130279,77.720641,2277.35,43.5,46.23,16.88,synthetic_srtm
2015,Mine_02015,10.453629,78.541682,728.64,8.96,291.77,3.31,synthetic_srtm
2016,Mine_02016,11.23919,76.626345,1445.32,34.32,24.2,10.92,synthetic_srtm
2017,Mine_02017,8.54557,80.089993,881.35,13.49,26.81,6.11,synthetic_srtm
2018,Mine_02018,10.404184,79.173776,421.61,2.09,190.01,2.35,synthetic_srtm
2019,Mine_02019,8.081779,77.587948,666.85,19.91,78.91,9.58,synthetic_srtm
2020,Mine_02020,10.132387,77.017446,667.05,10.66,325.74,7.34,synthetic_srtm
2021,Mine_02021,8.212391,76.577245,875.39,15.24,317.93,8.88,synthetic_srtm
2022,Mine_02022,13.32323,78.150508,686.34,11.25,263.84,7.88,synthetic_srtm
2023,Mine_02023,8.273943,77.18654,467.95,0.52,117.05,3.01,synthetic_srtm
2024,Mine_02024,10.959437,78.979836,651.06,18.53,355.17,8.68,synthetic_srtm
2025,Mine_02025,13.170968,79.429322,997.94,12.05,121.47,7.2,synthetic_srtm
2026,Mine_02026,8.06135,77.090466,290.55,3.06,102.03,3.76,synthetic_srtm
2027,Mine_02027,12.883,79.121911,305.1,13.74,145.42,5.95,synthetic_srtm
2028,Mine_02028,8.973728,78.853003,939.14,21.97,293.82,7.44,synthetic_srtm
2029,Mine_02029,11.357822,77.63891,1954.47,41.47,278.11,17.18,synthetic_srtm
2030,Mine_02030,9.236125,76.878286,991.9,23.25,310.54,10.66,synthetic_srtm
2031,Mine_02031,10.483505,78.608249,920.41,7.98,302.28,5.14,synthetic_srtm
2032,Mine_02032,8.084514,77.918997,607.57,9.78,301.98,6.45,synthetic_srtm
2033,Mine_02033,12.138602,76.137725,1162.7,37.31,200.98,16.16,synthetic_srtm
2034,Mine_02034,8.263261,77.83537,361.94,5.89,149.69,6.3,synthetic_srtm
2035,Mine_02035,11.469289,78.644028,309.86,10.78,17.43,8.06,synthetic_srtm
2036,Mine_02036,10.726536,79.471435,555.95,20.64,317.53,10.65,synthetic_srtm
2037,Mine_02037,9.655267,79.370129,523.01,17.27,12.58,6.74,synthetic_srtm
2038,Mine_02038,10.763215,80.126404,740.53,24.77,107.33,7.47,synthetic_srtm
2039,Mine_02039,9.209951,76.039667,1611.97,36.09,122.47,12.22,synthetic_srtm
2040,Mine_02040,10.072708,79.182706,276.15,13.59,82.86,4.77,synthetic_srtm
2041,Mine_02041,9.388372,76.083513,636.88,18.53,184.64,8.08,synthetic_srtm
2042,Mine_02042,10.891273,80.262261,900.11,24.92,184.23,12.25,synthetic_srtm
2043,Mine_02043,8.91297,77.354285,647.13,6.52,285.18,3.53,synthetic_srtm
2044,Mine_02044,9.960103,77.152679,335.16,5.23,127.33,2.25,synthetic_srtm
2045,Mine_02045,8.857457,79.250119,651.12,23.39,126.54,9.23,synthetic_srtm
2046,Mine_02046,13.250506,76.578598,926.51,19.43,118.22,7.79,synthetic_srtm
2047,Mine_02047,13.086111,79.833266,927.95,12.88,29.27,7.4,synthetic_srtm
2048,Mine_02048,13.289167,78.470283,230.55,12.24,168.95,7.6,synthetic_srtm
2049,Mine_02049,10.190155,79.47384,644.04,10.1,157.58,5.12,synthetic_srtm
2050,Mine_02050,10.874835,78.475174,440.62,11.6,103.36,8.07,synthetic_srtm
2051,Mine_02051,13.15805,76.241328,590.25,6.2,41.43,6.61,synthetic_srtm
2052,Mine_02052,12.364752,77.262656,2318.98,40.02,130.21,13.19,synthetic_srtm
2053,Mine_02053,12.477368,78.727493,498.3,11.99,154.13,4.26,synthetic_srtm
2054,Mine_02054,10.785757,76.386148,1500.38,22.02,308.7,10.61,synthetic_srtm
2055,Mine_02055,12.653019,78.12489,833.44,20.13,222.94,7.21,synthetic_srtm
2056,Mine_02056,12.093853,79.328139,897.54,18.93,168.49,10.47,synthetic_srtm
2057,Mine_02057,13.290967,76.366425,1331.99,20.57,258.96,6.85,synthetic_srtm
2058,Mine_02058,9.158186,78.668448,201.77,0.56,345.73,1.23,synthetic_srtm
2059,Mine_02059,12.023844,77.15604,1132.73,38.83,214.43,12.03,synthetic_srtm
2060,Mine_02060,10.648467,78.391263,694.14,21.14,237.52,9.16,synthetic_srtm
2061,Mine_02061,13.25707,79.601623,393.46,10.08,140.66,6.17,synthetic_srtm
2062,Mine_02062,10.721165,77.349883,725.55,15.19,335.93,5.89,synthetic_srtm
2063,Mine_02063,8.844902,76.810081,1559.47,22.65,62.43,6.97,synthetic_srtm
2064,Mine_02064,9.396521,78.789848,509.34,23.17,271.62,8.63,synthetic_srtm
2065,Mine_02065,11.536571,78.093056,277.14,3.94,169.49,5.24,synthetic_srtm
2066,Mine_02066,10.645603,77.865016,943.49,22.23,207.11,8.21,synthetic_srtm
2067,Mine_02067,9.265472,77.151913,321.61,2.61,131.2,2.78,synthetic_srtm
2068,Mine_02068,10.314639,80.36165,360.82,8.41,34.24,3.48,synthetic_srtm
2069,Mine_02069,10.644075,76.013332,1247.35,38.82,355.81,12.43,synthetic_srtm
2070,Mine_02070,9.867217,79.060713,320.07,10.17,244.01,6.69,synthetic_srtm
2071,Mine_02071,13.498203,76.771852,1337.4,40.19,199.8,16.97,synthetic_srtm
2072,Mine_02072,13.091573,76.731942,1128.27,17.7,0.49,7.76,synthetic_srtm
2073,Mine_02073,10.171331,79.348769,538.51,24.46,259.5,7.9,synthetic_srtm
2074,Mine_02074,8.954584,80.107775,448.66,4.35,306.67,5.65,synthetic_srtm
2075,Mine_02075,10.141628,77.852001,480.16,2.82,188.25,4.62,synthetic_srtm
2076,Mine_02076,12.915947,79.977232,272.07,13.24,155.21,8.63,synthetic_srtm
2077,Mine_02077,12.173255,78.525039,755.67,16.06,64.81,9.12,synthetic_srtm
2078,Mine_02078,12.983536,76.588269,1462.14,21.44,165.51,11.07,synthetic_srtm
2079,Mine_02079,12.670705,78.161201,607.43,18.4,288.36,6.61,synthetic_srtm
2080,Mine_02080,11.842613,77.157297,2376.55,25.72,40.82,11.76,synthetic_srtm
2081,Mine_02081,11.251836,77.416535,1370.91,22.1,42.46,7.02,synthetic_srtm
2082,Mine_02082,11.717405,80.47136,235.6,7.99,268.85,4.48,synthetic_srtm
2083,Mine_02083,10.173898,78.098363,978.86,9.19,168.94,2.8,synthetic_srtm
2084,Mine_02084,13.241589,79.162523,720.08,6.73,222.48,5.73,synthetic_srtm
2085,Mine_02085,8.186842,79.79106,679.9,21.65,246.13,11.32,synthetic_srtm
2086,Mine_02086,10.691096,76.85927,715.79,10.68,253.97,7.05,synthetic_srtm
2087,Mine_02087,8.517933,77.202983,330.51,13.97,237.93,6.61,synthetic_srtm
2088,Mine_02088,12.879428,77.166515,1197.78,34.93,246.39,12.37,synthetic_srtm
2089,Mine_02089,10.696969,79.477349,953.71,18.58,303.65,5.63,synthetic_srtm
2090,Mine_02090,11.600418,79.6103,730.15,7.86,286.09,5.65,synthetic_srtm
2091,Mine_02091,8.91873,79.229405,915.63,21.27,305.56,9.3,synthetic_srtm
2092,Mine_02092,8.267027,78.930365,700.79,17.44,91.28,7.89,synthetic_srtm
2093,Mine_02093,9.234601,78.484146,816.33,16.31,37.93,4.91,synthetic_srtm
2094,Mine_02094,9.651249,78.389992,850.51,23.84,212.86,11.88,synthetic_srtm
2095,Mine_02095,12.505405,80.482654,587.39,21.55,284.31,8.73,synthetic_srtm
2096,Mine_02096,11.951428,77.764133,1894.01,43.2,197.08,14.65,synthetic_srtm
2097,Mine_02097,11.5567,80.287617,556.36,6.64,358.21,6.15,synthetic_srtm
2098,Mine_02098,10.587996,77.415329,487.68,4.54,70.88,3.84,synthetic_srtm
2099,Mine_02099,13.441333,77.226464,2185.17,26.87,62.83,8.1,synthetic_srtm
2100,Mine_02100,12.037685,76.468342,1570.73,17.15,248.58,7.6,synthetic_srtm
2101,Mine_02101,11.606775,78.88729,829.8,8.26,50.62,5.43,synthetic_srtm
2102,Mine_02102,11.132315,79.944724,661.58,15.39,191.75,5.71,synthetic_srtm
2103,Mine_02103,10.416168,79.35737,618.97,5.08,41.19,4.42,synthetic_srtm
2104,Mine_02104,8.099869,79.251076,358.83,14.83,333.67,6.0,synthetic_srtm
2105,Mine_02105,12.682052,79.490446,752.12,22.87,59.63,11.85,synthetic_srtm
2106,Mine_02106,10.102794,78.011438,510.88,7.3,165.93,5.22,synthetic_srtm
2107,Mine_02107,9.189037,79.471682,941.48,19.47,344.05,10.47,synthetic_srtm
2108,Mine_02108,9.90718,79.88082,654.97,11.3,232.97,4.43,synthetic_srtm
2109,Mine_02109,10.023077,77.870475,631.23,6.07,100.45,4.16,synthetic_srtm
2110,Mine_02110,8.987986,78.982251,826.32,10.26,121.4,3.42,synthetic_srtm
2111,Mine_02111,12.591392,79.428124,509.2,23.33,85.38,10.4,synthetic_srtm
2112,Mine_02112,9.148102,78.186193,723.85,20.88,150.07,8.06,synthetic_srtm
2113,Mine_02113,11.814068,80.231806,971.62,18.55,28.31,9.81,synthetic_srtm
2114,Mine_02114,11.53171,76.13854,1142.83,39.5,104.83,16.27,synthetic_srtm
2115,Mine_02115,11.211083,79.020866,362.89,9.69,117.18,5.35,synthetic_srtm
2116,Mine_02116,9.558687,78.880407,730.65,23.48,77.85,9.1,synthetic_srtm
2117,Mine_02117,8.705265,77.193314,294.32,8.0,214.99,2.63,synthetic_srtm
2118,Mine_02118,13.176272,77.022171,1805.26,27.21,136.51,9.87,synthetic_srtm
2119,Mine_02119,12.959094,80.119628,363.22,0.4,266.61,2.36,synthetic_srtm
2120,Mine_02120,11.636218,76.197872,569.91,10.41,203.05,5.8,synthetic_srtm
2121,Mine_02121,10.350825,80.193216,683.18,12.09,238.46,4.85,synthetic_srtm
2122,Mine_02122,10.71465,79.134462,935.18,10.83,126.91,4.21,synthetic_srtm
2123,Mine_02123,10.420793,79.58188,509.7,12.67,259.85,4.36,synthetic_srtm
2124,Mine_02124,9.027105,78.295972,544.34,15.85,89.44,8.04,synthetic_srtm
2125,Mine_02125,9.270315,79.934133,801.87,20.37,251.11,9.55,synthetic_srtm
2126,Mine_02126,10.60905,77.580147,607.76,23.85,241.54,9.54,synthetic_srtm
2127,Mine_02127,13.406942,78.608461,526.49,17.68,8.29,5.82,synthetic_srtm
2128,Mine_02128,10.01298,79.731378,294.55,6.86,29.99,5.66,synthetic_srtm
2129,Mine_02129,11.002227,77.521646,1450.9,34.92,144.05,11.49,synthetic_srtm
2130,Mine_02130,9.124567,80.197069,286.35,0.72,15.06,3.29,synthetic_srtm
2131,Mine_02131,11.653947,77.106273,1754.03,16.25,70.82,7.98,synthetic_srtm
2132,Mine_02132,12.492099,79.426073,481.66,11.02,312.87,6.69,synthetic_srtm
2133,Mine_02133,8.045299,79.958742,391.74,7.96,56.75,3.93,synthetic_srtm
2134,Mine_02134,11.889163,78.644511,288.69,14.14,52.16,7.73,synthetic_srtm
2135,Mine_02135,9.397195,77.379696,422.71,12.5,239.95,4.97,synthetic_srtm
2136,Mine_02136,9.912161,76.523801,1073.19,28.69,312.24,9.06,synthetic_srtm
2137,Mine_02137,9.553013,77.330196,262.67,5.26,53.76,5.4,synthetic_srtm
2138,Mine_02138,12.413485,79.315086,528.36,23.38,348.11,8.92,synthetic_srtm
2139,Mine_02139,12.610618,79.290462,933.16,13.59,303.51,5.57,synthetic_srtm
2140,Mine_02140,12.246838,79.872708,879.13,16.45,290.82,9.49,synthetic_srtm
2141,Mine_02141,10.43424,76.51588,557.27,5.94,170.39,6.47,synthetic_srtm
2142,Mine_02142,8.771568,79.989539,902.51,14.93,309.56,6.63,synthetic_srtm
2143,Mine_02143,8.866862,78.656404,485.93,1.96,210.82,5.02,synthetic_srtm
2144,Mine_02144,11.954594,79.603525,985.43,18.76,245.77,6.79,synthetic_srtm
2145,Mine_02145,12.633629,78.684886,995.83,20.79,3.93,8.59,synthetic_srtm
2146,Mine_02146,10.222443,78.94136,990.42,21.26,257.31,10.48,synthetic_srtm
2147,Mine_02147,11.243788,79.461341,604.27,6.79,47.86,2.84,synthetic_srtm
2148,Mine_02148,9.34252,79.28056,569.98,20.74,55.17,7.36,synthetic_srtm
2149,Mine_02149,13.069501,80.198331,848.1,15.16,262.29,8.01,synthetic_srtm
2150,Mine_02150,13.046386,78.025559,558.83,20.86,54.05,10.82,synthetic_srtm
2151,Mine_02151,9.096426,77.91444,359.37,4.44,214.88,2.51,synthetic_srtm
2152,Mine_02152,9.552795,78.166459,933.01,12.74,20.64,6.55,synthetic_srtm
2153,Mine_02153,10.237835,76.049336,1436.68,44.8,130.53,17.11,synthetic_srtm
2154,Mine_02154,12.333256,77.142478,1996.2,15.81,125.75,7.81,synthetic_srtm
2155,Mine_02155,11.000185,76.662732,1011.41,21.32,92.96,10.07,synthetic_srtm
2156,Mine_02156,12.661657,78.832796,614.64,23.79,190.31,9.4,synthetic_srtm
2157,Mine_02157,9.633198,79.561698,288.5,12.39,269.43,4.99,synthetic_srtm
2158,Mine_02158,8.483265,79.073861,832.87,18.4,332.84,9.54,synthetic_srtm
2159,Mine_02159,9.465735,79.431408,966.65,22.91,265.37,10.35,synthetic_srtm
2160,Mine_02160,8.437889,78.675468,863.02,17.63,218.99,5.83,synthetic_srtm
2161,Mine_02161,9.06041,78.82319,972.41,8.89,37.91,2.73,synthetic_srtm
2162,Mine_02162,12.877987,77.918042,1068.34,18.88,205.16,9.25,synthetic_srtm
2163,Mine_02163,8.64409,77.34706,323.02,1.7,290.66,2.3,synthetic_srtm
2164,Mine_02164,11.87946,77.878636,1234.13,37.65,2.55,12.0,synthetic_srtm
2165,Mine_02165,11.420351,76.112369,713.98,16.46,167.96,7.29,synthetic_srtm
2166,Mine_02166,10.330312,77.382175,244.89,11.37,119.15,5.7,synthetic_srtm
2167,Mine_02167,8.446533,78.822123,291.27,10.72,261.64,3.38,synthetic_srtm
2168,Mine_02168,8.733696,79.088675,409.33,12.08,173.53,6.59,synthetic_srtm
2169,Mine_02169,9.185151,80.493521,989.56,10.15,276.44,4.76,synthetic_srtm
2170,Mine_02170,11.354278,79.267477,516.6,24.44,47.38,9.72,synthetic_srtm
2171,Mine_02171,10.140177,78.509391,675.49,13.12,140.67,8.02,synthetic_srtm
2172,Mine_02172,9.888868,77.804062,889.54,7.99,318.66,5.31,synthetic_srtm
2173,Mine_02173,9.61522,77.870666,998.81,17.34,147.93,6.93,synthetic_srtm
2174,Mine_02174,8.293371,77.793698,533.5,19.01,109.63,8.3,synthetic_srtm
2175,Mine_02175,12.864731,79.043052,457.91,14.74,171.61,7.49,synthetic_srtm
2176,Mine_02176,12.858526,76.721772,1140.84,39.6,329.72,16.1,synthetic_srtm
2177,Mine_02177,11.290308,79.84669,372.02,13.11,236.5,4.96,synthetic_srtm
2178,Mine_02178,10.066068,76.634769,1439.43,25.13,44.29,7.58,synthetic_srtm
2179,Mine_02179,10.789807,79.618103,512.07,23.3,257.05,8.35,synthetic_srtm
2180,Mine_02180,9.388434,78.594321,762.14,12.41,296.42,6.98,synthetic_srtm
2181,Mine_02181,8.656704,79.523944,635.18,9.97,314.33,5.97,synthetic_srtm
2182,Mine_02182,11.007329,79.346152,347.79,12.61,351.81,8.03,synthetic_srtm
2183,Mine_02183,10.478429,77.907549,906.93,22.85,20.31,8.93,synthetic_srtm
2184,Mine_02184,13.242476,76.811306,501.82,11.31,68.24,6.39,synthetic_srtm
2185,Mine_02185,11.338073,78.541658,374.18,8.7,261.23,3.33,synthetic_srtm
2186,Mine_02186,12.667232,77.863309,1890.5,44.91,121.25,17.46,synthetic_srtm
2187,Mine_02187,12.446006,77.185316,1504.07,41.44,35.0,12.53,synthetic_srtm
2188,Mine_02188,12.149068,77.242338,1085.3,35.74,213.76,14.96,synthetic_srtm
2189,Mine_02189,12.298196,76.682146,618.53,9.63,247.97,4.99,synthetic_srtm
2190,Mine_02190,8.599344,77.128293,490.24,8.67,247.15,4.23,synthetic_srtm
2191,Mine_02191,11.650717,77.863902,1616.95,36.92,15.37,15.47,synthetic_srtm
2192,Mine_02192,12.948678,77.512718,1780.75,25.05,333.45,9.39,synthetic_srtm
2193,Mine_02193,10.832389,76.588306,672.65,18.45,271.86,6.88,synthetic_srtm
2194,Mine_02194,12.600603,80.274798,573.63,20.03,109.38,8.88,synthetic_srtm
2195,Mine_02195,9.932929,76.75195,1382.8,28.12,123.31,9.74,synthetic_srtm
2196,Mine_02196,9.314426,76.929309,1540.56,28.67,111.16,12.85,synthetic_srtm
2197,Mine_02197,8.206184,80.130111,860.54,5.1,182.34,3.56,synthetic_srtm
2198,Mine_02198,8.274574,76.520005,1684.81,41.56,179.06,16.29,synthetic_srtm
2199,Mine_02199,9.885907,77.88266,852.88,6.96,117.63,4.3,synthetic_srtm
2200,Mine_02200,12.865753,77.438416,1206.67,44.86,330.9,17.28,synthetic_srtm
2201,Mine_02201,10.203618,80.437811,897.82,18.66,236.22,7.67,synthetic_srtm
2202,Mine_02202,8.132979,77.722893,709.14,18.58,205.17,7.24,synthetic_srtm
2203,Mine_02203,9.386782,77.715696,874.93,24.19,24.09,7.89,synthetic_srtm
2204,Mine_02204,10.361266,76.244648,1216.17,24.09,31.22,11.98,synthetic_srtm
2205,Mine_02205,10.093825,78.423235,667.82,8.21,252.24,6.14,synthetic_srtm
2206,Mine_02206,11.158487,79.748756,470.22,4.76,277.35,1.54,synthetic_srtm
2207,Mine_02207,8.794616,77.048375,357.8,12.37,286.95,8.13,synthetic_srtm
2208,Mine_02208,9.702631,78.775978,938.5,20.33,198.87,7.03,synthetic_srtm
2209,Mine_02209,9.302389,78.261383,788.53,12.09,236.18,6.85,synthetic_srtm
2210,Mine_02210,8.323378,79.281699,596.95,13.74,271.38,7.59,synthetic_srtm
2211,Mine_02211,11.139091,79.474686,211.18,10.61,233.33,7.73,synthetic_srtm
2212,Mine_02212,8.646096,76.808619,861.85,14.85,221.04,5.95,synthetic_srtm
2213,Mine_02213,9.900695,76.667734,1604.58,33.57,283.75,10.55,synthetic_srtm
2214,Mine_02214,10.063826,78.695557,965.77,9.16,219.62,7.06,synthetic_srtm
2215,Mine_02215,10.24864,76.927658,695.81,13.38,109.03,4.87,synthetic_srtm
2216,Mine_02216,9.390085,77.401325,527.7,23.44,342.94,8.18,synthetic_srtm
2217,Mine_02217,10.257712,76.866385,762.75,9.35,153.42,7.68,synthetic_srtm
2218,Mine_02218,9.148604,77.380477,924.53,8.29,138.45,7.08,synthetic_srtm
2219,Mine_02219,12.834133,79.750261,687.41,5.11,75.54,5.59,synthetic_srtm
2220,Mine_02220,11.254119,77.397262,2322.99,38.43,252.56,13.51,synthetic_srtm
2221,Mine_02221,12.908983,76.272533,1345.65,34.47,159.49,14.69,synthetic_srtm
2222,Mine_02222,10.36126,79.395122,249.39,14.48,301.67,6.56,synthetic_srtm
2223,Mine_02223,9.829562,76.380822,1323.51,22.86,127.35,10.18,synthetic_srtm
2224,Mine_02224,12.491166,79.908279,989.4,22.45,270.11,9.31,synthetic_srtm
2225,Mine_02225,11.88676,80.018635,357.07,13.68,101.4,6.44,synthetic_srtm
2226,Mine_02226,9.317188,76.995497,1620.42,30.59,15.81,11.17,synthetic_srtm
2227,Mine_02227,11.000594,79.860809,419.42,9.99,8.77,4.52,synthetic_srtm
2228,Mine_02228,11.931708,79.27647,517.08,5.08,107.56,5.42,synthetic_srtm
2229,Mine_02229,11.628598,77.027963,2249.85,25.06,35.73,12.14,synthetic_srtm
2230,Mine_02230,12.030229,78.643185,701.93,6.66,321.15,4.14,synthetic_srtm
2231,Mine_02231,11.702384,80.48742,319.16,2.73,122.09,3.43,synthetic_srtm
2232,Mine_02232,11.669702,80.031344,940.71,7.13,293.06,3.89,synthetic_srtm
2233,Mine_02233,11.935013,79.160344,811.28,12.67,235.18,5.42,synthetic_srtm
2234,Mine_02234,10.387359,78.513128,790.9,15.24,260.35,7.25,synthetic_srtm
2235,Mine_02235,12.161425,77.392989,1011.65,44.63,97.97,15.52,synthetic_srtm
2236,Mine_02236,12.344516,79.680616,659.92,10.5,169.51,6.43,synthetic_srtm
2237,Mine_02237,8.906076,76.189677,1545.56,27.65,317.56,8.56,synthetic_srtm
2238,Mine_02238,10.932604,76.450291,1226.42,30.71,287.93,10.7,synthetic_srtm
2239,Mine_02239,8.949616,76.055308,1267.21,37.07,329.04,12.52,synthetic_srtm
2240,Mine_02240,9.987604,78.817268,511.78,9.37,168.1,6.77,synthetic_srtm
2241,Mine_02241,13.143986,77.642516,1791.21,37.95,303.17,15.71,synthetic_srtm
2242,Mine_02242,12.346345,77.832992,1461.13,27.39,11.52,11.4,synthetic_srtm
2243,Mine_02243,11.445472,79.725704,637.33,12.38,45.11,5.13,synthetic_srtm
2244,Mine_02244,13.437715,78.708945,618.7,10.17,250.54,4.16,synthetic_srtm
2245,Mine_02245,10.189237,77.493578,368.87,13.71,232.52,5.69,synthetic_srtm
2246,Mine_02246,12.417183,77.920033,2070.42,43.93,319.65,18.06,synthetic_srtm
2247,Mine_02247,9.191777,76.763755,1296.43,41.02,322.41,13.22,synthetic_srtm
2248,Mine_02248,9.341115,77.340443,858.51,21.22,180.64,7.4,synthetic_srtm
2249,Mine_02249,10.442355,76.289457,541.58,22.05,150.23,8.65,synthetic_srtm
2250,Mine_02250,10.643414,78.523203,619.58,7.67,301.2,7.11,synthetic_srtm
2251,Mine_02251,10.8971,76.431801,1455.36,36.5,273.39,11.77,synthetic_srtm
2252,Mine_02252,12.01774,77.023817,1645.73,42.95,62.01,15.68,synthetic_srtm
2253,Mine_02253,12.861407,78.770993,330.81,1.06,298.85,5.03,synthetic_srtm
2254,Mine_02254,11.11894,77.092988,1412.99,40.14,104.93,13.75,synthetic_srtm
2255,Mine_02255,8.563202,79.317919,901.19,5.44,270.73,5.08,synthetic_srtm
2256,Mine_02256,9.312931,79.104286,964.68,21.97,172.9,7.91,synthetic_srtm
2257,Mine_02257,10.134271,76.835218,1205.39,26.56,49.27,8.8,synthetic_srtm
2258,Mine_02258,10.663886,76.408772,1004.77,39.38,250.92,13.5,synthetic_srtm
2259,Mine_02259,12.544418,77.503347,1309.42,37.27,190.39,14.98,synthetic_srtm
2260,Mine_02260,13.46355,76.592068,1052.77,41.18,236.3,14.97,synthetic_srtm
2261,Mine_02261,12.654918,79.053086,781.17,16.33,180.46,8.6,synthetic_srtm
2262,Mine_02262,13.322967,79.812209,480.41,11.32,224.3,6.87,synthetic_srtm
2263,Mine_02263,11.005838,77.899698,1579.35,15.51,30.98,5.44,synthetic_srtm
2264,Mine_02264,9.764204,77.742199,341.25,8.74,26.85,3.99,synthetic_srtm
2265,Mine_02265,10.461482,80.126598,267.16,3.54,41.26,1.93,synthetic_srtm
2266,Mine_02266,10.926866,76.482205,860.3,8.65,74.15,4.32,synthetic_srtm
2267,Mine_02267,13.207351,76.451982,1583.12,20.18,117.51,7.7,synthetic_srtm
2268,Mine_02268,8.171247,80.353307,828.91,9.46,55.02,7.37,synthetic_srtm
2269,Mine_02269,11.598685,76.360147,1475.5,33.2,193.73,13.23,synthetic_srtm
2270,Mine_02270,13.10383,77.929381,1932.78,19.08,166.46,9.54,synthetic_srtm
2271,Mine_02271,13.279089,77.481115,2349.51,26.43,273.17,8.5,synthetic_srtm
2272,Mine_02272,11.433597,76.32707,1356.39,18.06,57.65,5.54,synthetic_srtm
2273,Mine_02273,10.201205,78.59615,253.89,4.97,197.79,1.85,synthetic_srtm
2274,Mine_02274,8.144413,77.695324,392.14,3.2,215.75,5.3,synthetic_srtm
2275,Mine_02275,12.163565,78.447522,333.29,13.49,137.52,5.05,synthetic_srtm
2276,Mine_02276,12.138431,76.939782,635.59,9.95,85.76,4.47,synthetic_srtm
2277,Mine_02277,12.357595,76.108598,796.24,23.08,333.21,10.87,synthetic_srtm
2278,Mine_02278,11.733299,77.043303,2261.39,21.51,244.21,7.1,synthetic_srtm
2279,Mine_02279,12.163471,79.37287,376.48,11.86,284.3,4.27,synthetic_srtm
2280,Mine_02280,8.095293,78.587098,480.51,3.02,123.91,4.25,synthetic_srtm
2281,Mine_02281,13.118091,77.927543,1343.93,31.91,185.01,11.14,synthetic_srtm
2282,Mine_02282,9.77674,78.087013,878.28,24.64,312.93,11.93,synthetic_srtm
2283,Mine_02283,12.81431,76.852103,1117.38,30.0,261.4,9.85,synthetic_srtm
2284,Mine_02284,11.195026,78.815153,661.91,9.97,166.34,5.22,synthetic_srtm
2285,Mine_02285,11.450915,78.547837,696.56,10.06,318.83,7.59,synthetic_srtm
2286,Mine_02286,9.344791,76.616769,850.92,18.63,308.1,8.84,synthetic_srtm
2287,Mine_02287,9.869427,80.049781,516.91,13.1,258.27,8.8,synthetic_srtm
2288,Mine_02288,10.371852,79.091302,672.62,20.65,189.27,10.25,synthetic_srtm
2289,Mine_02289,13.325254,80.293701,208.77,8.62,170.06,3.17,synthetic_srtm
2290,Mine_02290,13.475848,76.344789,1499.16,28.54,294.41,13.24,synthetic_srtm
2291,Mine_02291,12.827014,77.348783,1560.08,31.89,127.9,12.09,synthetic_srtm
2292,Mine_02292,9.245441,78.606705,359.27,5.35,98.85,5.51,synthetic_srtm
2293,Mine_02293,11.474045,77.429922,1169.2,37.66,249.52,13.68,synthetic_srtm
2294,Mine_02294,9.263684,76.160224,825.12,13.74,111.41,4.2,synthetic_srtm
2295,Mine_02295,11.23047,78.034822,348.94,4.27,149.33,3.88,synthetic_srtm
2296,Mine_02296,8.082006,76.582314,992.17,20.01,278.0,7.97,synthetic_srtm
2297,Mine_02297,8.401044,79.614666,892.42,8.79,237.55,3.79,synthetic_srtm
2298,Mine_02298,12.304603,79.773407,827.2,16.72,147.38,7.95,synthetic_srtm
2299,Mine_02299,9.355867,79.613926,401.91,4.53,43.81,3.64,synthetic_srtm
2300,Mine_02300,10.456296,77.24524,569.04,19.92,356.67,10.24,synthetic_srtm
2301,Mine_02301,11.381166,79.768837,202.08,13.46,201.56,7.21,synthetic_srtm
2302,Mine_02302,10.666279,76.476005,1368.0,30.09,337.09,12.21,synthetic_srtm
2303,Mine_02303,10.273791,76.32707,1594.74,40.79,25.48,16.4,synthetic_srtm
2304,Mine_02304,10.806445,77.95203,453.53,1.78,300.69,4.07,synthetic_srtm
2305,Mine_02305,11.23837,77.400366,2332.16,22.53,209.08,10.21,synthetic_srtm
2306,Mine_02306,13.082451,80.362628,387.45,9.99,11.11,5.85,synthetic_srtm
2307,Mine_02307,13.364911,79.924661,947.77,11.56,158.42,7.47,synthetic_srtm
2308,Mine_02308,9.279271,78.775986,901.63,10.13,207.03,4.55,synthetic_srtm
2309,Mine_02309,10.435788,78.210134,551.19,23.21,182.71,7.6,synthetic_srtm
2310,Mine_02310,8.413997,76.330123,1342.26,21.75,147.48,8.68,synthetic_srtm
2311,Mine_02311,10.670227,77.509645,955.14,18.57,290.14,8.53,synthetic_srtm
2312,Mine_02312,11.382138,80.397345,493.35,4.26,143.47,5.86,synthetic_srtm
2313,Mine_02313,13.327376,79.473144,973.73,20.65,209.72,10.36,synthetic_srtm
2314,Mine_02314,8.56558,76.238378,1688.92,15.09,175.46,8.0,synthetic_srtm
2315,Mine_02315,8.623851,76.149284,791.13,23.82,78.7,8.48,synthetic_srtm
2316,Mine_02316,11.578217,76.956811,540.6,8.79,69.97,4.08,synthetic_srtm
2317,Mine_02317,9.730004,78.524995,279.5,8.49,191.14,7.2,synthetic_srtm
2318,Mine_02318,12.198649,76.448934,1389.04,16.25,219.64,8.61,synthetic_srtm
2319,Mine_02319,9.997854,78.747892,478.82,10.25,167.26,7.34,synthetic_srtm
2320,Mine_02320,13.115037,79.182119,500.56,20.45,119.43,7.07,synthetic_srtm
2321,Mine_02321,11.308091,79.022393,825.7,14.41,58.37,8.88,synthetic_srtm
2322,Mine_02322,11.551407,80.435851,228.95,8.43,244.52,6.62,synthetic_srtm
2323,Mine_02323,9.864407,77.708558,203.58,11.93,271.98,5.35,synthetic_srtm
2324,Mine_02324,12.89081,76.94422,1387.49,42.29,177.68,16.37,synthetic_srtm
2325,Mine_02325,13.249005,76.925762,1347.24,39.97,54.77,12.51,synthetic_srtm
2326,Mine_02326,13.007261,77.232958,2232.82,40.79,111.92,16.36,synthetic_srtm
2327,Mine_02327,11.958152,78.765165,914.55,10.59,269.54,4.85,synthetic_srtm
2328,Mine_02328,11.763153,76.969945,605.62,6.15,74.2,2.13,synthetic_srtm
2329,Mine_02329,13.335315,77.942663,1728.07,38.75,243.06,16.51,synthetic_srtm
2330,Mine_02330,12.345408,79.526663,794.8,18.21,334.07,10.13,synthetic_srtm
2331,Mine_02331,13.420985,79.970784,879.64,11.08,331.28,7.71,synthetic_srtm
2332,Mine_02332,9.035908,78.252227,687.85,9.42,355.24,7.69,synthetic_srtm
2333,Mine_02333,9.779677,77.535409,305.35,1.86,238.94,4.01,synthetic_srtm
2334,Mine_02334,8.857552,79.554767,391.64,4.76,115.46,1.82,synthetic_srtm
2335,Mine_02335,12.702091,77.137058,2007.69,15.49,121.85,6.31,synthetic_srtm
2336,Mine_02336,12.461359,79.481365,281.34,6.54,338.13,5.27,synthetic_srtm
2337,Mine_02337,9.855312,78.848981,320.83,5.04,148.82,4.73,synthetic_srtm
2338,Mine_02338,12.463509,77.892658,2001.55,44.03,279.22,16.47,synthetic_srtm
2339,Mine_02339,10.035019,77.281602,745.12,5.44,127.27,3.47,synthetic_srtm
2340,Mine_02340,11.930781,78.372846,795.69,22.21,142.51,9.61,synthetic_srtm
2341,Mine_02341,10.754154,78.203024,825.55,13.94,56.87,8.91,synthetic_srtm
2342,Mine_02342,13.27184,77.173638,2182.36,25.42,64.79,12.46,synthetic_srtm
2343,Mine_02343,8.705983,77.718302,217.38,11.73,39.21,7.2,synthetic_srtm
2344,Mine_02344,9.433288,78.421902,452.59,1.34,254.72,2.64,synthetic_srtm
2345,Mine_02345,10.972911,76.85404,547.26,9.11,230.39,6.62,synthetic_srtm
2346,Mine_02346,8.6622,76.552555,802.69,18.58,337.77,10.1,synthetic_srtm
2347,Mine_02347,10.204116,76.803488,724.5,15.92,297.94,5.37,synthetic_srtm
2348,Mine_02348,11.797962,78.459273,829.25,7.67,153.44,3.21,synthetic_srtm
2349,Mine_02349,11.734704,79.745016,911.25,23.5,210.62,11.27,synthetic_srtm
2350,Mine_02350,11.552541,80.436874,782.7,8.0,71.97,5.95,synthetic_srtm
2351,Mine_02351,9.386543,80.297004,392.77,10.11,224.5,7.44,synthetic_srtm
2352,Mine_02352,9.344487,79.747821,466.28,6.61,276.55,4.08,synthetic_srtm
2353,Mine_02353,8.853379,78.59503,423.47,10.55,271.92,5.14,synthetic_srtm
2354,Mine_02354,10.535769,79.559825,853.17,18.64,1.89,8.31,synthetic_srtm
2355,Mine_02355,11.078672,77.612347,2336.97,42.62,2.16,14.17,synthetic_srtm
2356,Mine_02356,13.335355,80.169699,714.02,5.62,241.01,3.84,synthetic_srtm
2357,Mine_02357,9.917849,77.470191,576.28,9.96,93.63,6.65,synthetic_srtm
2358,Mine_02358,9.11066,79.866276,228.3,8.3,277.12,2.75,synthetic_srtm
2359,Mine_02359,10.369496,76.258458,1177.25,16.74,300.6,8.88,synthetic_srtm
2360,Mine_02360,10.109697,76.070725,822.15,19.62,258.94,9.56,synthetic_srtm
2361,Mine_02361,10.787309,79.780038,935.49,20.23,165.95,8.6,synthetic_srtm
2362,Mine_02362,9.847526,76.604073,1241.57,15.84,326.82,4.83,synthetic_srtm
2363,Mine_02363,12.517312,78.303129,534.93,13.05,83.63,8.85,synthetic_srtm
2364,Mine_02364,11.671712,79.17434,655.16,6.31,217.14,2.31,synthetic_srtm
2365,Mine_02365,9.377824,76.360415,1122.31,23.52,294.81,7.49,synthetic_srtm
2366,Mine_02366,9.633472,77.621853,921.83,24.12,37.96,8.01,synthetic_srtm
2367,Mine_02367,12.798272,78.849865,922.47,21.58,193.43,7.29,synthetic_srtm
2368,Mine_02368,12.929249,77.226579,1918.46,39.61,226.12,14.6,synthetic_srtm
2369,Mine_02369,9.783417,77.060889,304.06,0.32,261.76,3.1,synthetic_srtm
2370,Mine_02370,11.108665,77.816557,1846.95,39.85,143.2,14.26,synthetic_srtm
2371,Mine_02371,12.671723,76.222683,863.6,5.88,200.43,4.26,synthetic_srtm
2372,Mine_02372,11.442451,77.333214,1347.13,16.14,199.02,6.09,synthetic_srtm
2373,Mine_02373,11.536122,79.875086,552.59,16.4,106.87,5.35,synthetic_srtm
2374,Mine_02374,11.643365,78.759049,947.22,24.89,32.34,10.67,synthetic_srtm
2375,Mine_02375,9.616103,79.401673,743.14,6.72,277.32,3.07,synthetic_srtm
2376,Mine_02376,12.313572,79.0009,484.15,2.93,27.31,1.57,synthetic_srtm
2377,Mine_02377,13.320255,79.651334,784.53,5.81,155.64,2.23,synthetic_srtm
2378,Mine_02378,10.031265,76.444064,1384.91,32.12,311.59,12.36,synthetic_srtm
2379,Mine_02379,13.032922,79.404673,497.56,3.69,116.87,1.67,synthetic_srtm
2380,Mine_02380,9.146901,79.442785,963.72,23.15,341.88,8.03,synthetic_srtm
2381,Mine_02381,10.149817,76.403686,1558.0,38.57,262.1,15.89,synthetic_srtm
2382,Mine_02382,10.605269,79.488841,713.33,14.04,291.0,4.72,synthetic_srtm
2383,Mine_02383,10.117585,76.569504,1455.11,15.69,176.09,6.19,synthetic_srtm
2384,Mine_02384,13.146905,79.498001,262.68,13.51,318.17,5.91,synthetic_srtm
2385,Mine_02385,9.53289,80.092121,747.41,15.81,229.01,9.55,synthetic_srtm
2386,Mine_02386,12.807477,79.244595,790.28,7.73,77.26,5.69,synthetic_srtm
2387,Mine_02387,8.531171,76.179938,996.09,9.59,148.66,5.15,synthetic_srtm
2388,Mine_02388,10.695656,76.129861,1206.81,41.63,32.64,13.51,synthetic_srtm
2389,Mine_02389,9.184318,79.248593,648.4,24.19,153.23,11.82,synthetic_srtm
2390,Mine_02390,11.730928,79.437987,248.9,2.04,70.16,1.28,synthetic_srtm
2391,Mine_02391,8.46892,77.101158,846.94,17.38,295.88,7.89,synthetic_srtm
2392,Mine_02392,9.568047,78.047733,905.56,24.02,212.54,12.07,synthetic_srtm
2393,Mine_02393,10.778905,77.113051,876.12,17.85,181.16,8.8,synthetic_srtm
2394,Mine_02394,10.393,78.409214,803.65,7.76,152.73,3.11,synthetic_srtm
2395,Mine_02395,9.766903,76.463586,1519.37,31.91,194.01,9.83,synthetic_srtm
2396,Mine_02396,12.748169,78.96916,319.22,13.32,318.99,5.9,synthetic_srtm
2397,Mine_02397,8.918721,77.002532,802.46,16.95,288.5,9.5,synthetic_srtm
2398,Mine_02398,9.388461,77.68189,918.0,5.31,347.5,4.44,synthetic_srtm
2399,Mine_02399,12.037352,78.317263,381.79,6.57,356.47,6.08,synthetic_srtm
2400,Mine_02400,8.768574,77.755768,273.18,1.59,158.52,0.63,synthetic_srtm
2401,Mine_02401,12.149878,79.247333,601.85,11.96,129.97,4.95,synthetic_srtm
2402,Mine_02402,12.384925,78.056412,316.67,11.06,136.53,4.57,synthetic_srtm
2403,Mine_02403,11.640398,78.476937,413.82,12.1,75.65,3.88,synthetic_srtm
2404,Mine_02404,12.09072,79.203469,996.61,18.26,96.47,8.66,synthetic_srtm
2405,Mine_02405,8.114077,76.142115,524.5,18.52,95.2,5.71,synthetic_srtm
2406,Mine_02406,11.133393,77.377266,2395.52,17.87,308.64,8.23,synthetic_srtm
2407,Mine_02407,8.949611,77.163881,522.22,13.46,83.4,4.07,synthetic_srtm
2408,Mine_02408,8.459096,76.025356,892.44,20.5,325.64,9.93,synthetic_srtm
2409,Mine_02409,10.018912,78.453576,867.33,8.47,234.44,4.8,synthetic_srtm
2410,Mine_02410,10.045428,76.127282,825.68,14.45,188.41,7.8,synthetic_srtm
2411,Mine_02411,11.611613,79.766535,403.2,8.32,230.79,6.41,synthetic_srtm
2412,Mine_02412,9.789647,76.678316,1392.62,22.26,147.82,11.16,synthetic_srtm
2413,Mine_02413,12.189212,78.455664,744.93,7.99,340.7,6.27,synthetic_srtm
2414,Mine_02414,9.975402,79.229665,718.77,18.32,13.97,8.54,synthetic_srtm
2415,Mine_02415,9.064984,76.892824,1057.76,22.72,77.83,9.97,synthetic_srtm
2416,Mine_02416,8.79786,76.543093,1251.25,26.94,223.78,10.34,synthetic_srtm
2417,Mine_02417,12.394557,76.163147,1602.43,22.86,333.52,10.9,synthetic_srtm
2418,Mine_02418,9.609984,76.784605,568.44,20.9,324.57,7.19,synthetic_srtm
2419,Mine_02419,12.530887,78.16473,711.87,8.02,16.31,5.4,synthetic_srtm
2420,Mine_02420,8.319255,79.133186,620.4,22.46,349.77,11.37,synthetic_srtm
2421,Mine_02421,9.303925,77.456483,793.12,22.76,34.21,7.27,synthetic_srtm
2422,Mine_02422,9.637829,76.249708,528.03,5.27,19.89,4.18,synthetic_srtm
2423,Mine_02423,13.287872,77.921348,1559.04,28.95,13.68,10.38,synthetic_srtm
2424,Mine_02424,9.602915,79.845459,208.2,9.85,22.23,4.27,synthetic_srtm
2425,Mine_02425,12.36244,78.702051,214.14,4.95,289.29,5.04,synthetic_srtm
2426,Mine_02426,10.331655,78.504808,672.47,17.22,305.15,7.51,synthetic_srtm
2427,Mine_02427,9.488975,79.843004,413.52,1.1,144.35,2.98,synthetic_srtm
2428,Mine_02428,10.4735,77.253214,436.87,8.65,57.9,5.13,synthetic_srtm
2429,Mine_02429,10.841594,77.012763,936.97,22.91,302.59,9.55,synthetic_srtm
2430,Mine_02430,9.838184,76.935498,1315.93,35.83,140.05,15.62,synthetic_srtm
2431,Mine_02431,9.196164,77.504109,469.26,1.57,46.08,3.24,synthetic_srtm
2432,Mine_02432,9.870599,76.804178,1320.94,40.85,174.22,15.47,synthetic_srtm
2433,Mine_02433,12.850932,77.670284,1566.03,40.71,83.02,15.23,synthetic_srtm
2434,Mine_02434,11.664679,78.459312,807.23,20.8,338.9,8.72,synthetic_srtm
2435,Mine_02435,11.041366,78.198525,420.94,13.41,327.15,7.72,synthetic_srtm
2436,Mine_02436,9.709654,80.291454,442.18,14.4,52.79,7.57,synthetic_srtm
2437,Mine_02437,8.920521,80.403055,968.54,12.16,34.19,5.09,synthetic_srtm
2438,Mine_02438,12.880101,76.049347,551.25,9.47,327.48,3.07,synthetic_srtm
2439,Mine_02439,12.662846,79.8874,376.53,6.05,152.07,4.98,synthetic_srtm
2440,Mine_02440,12.324703,80.005475,221.43,2.35,145.76,4.41,synthetic_srtm
2441,Mine_02441,12.205644,77.097697,1162.24,17.83,318.55,6.03,synthetic_srtm
2442,Mine_02442,12.789898,76.960577,1446.45,36.46,44.59,13.6,synthetic_srtm
2443,Mine_02443,9.971022,77.982415,883.91,13.94,336.58,8.47,synthetic_srtm
2444,Mine_02444,10.486562,79.678664,377.54,5.69,21.5,5.33,synthetic_srtm
2445,Mine_02445,11.069269,76.254767,1265.51,42.57,263.29,14.39,synthetic_srtm
2446,Mine_02446,11.703814,76.082569,1045.54,19.74,354.94,8.01,synthetic_srtm
2447,Mine_02447,10.903504,76.971665,649.17,9.03,151.17,5.12,synthetic_srtm
2448,Mine_02448,12.671822,78.771298,507.37,5.81,8.21,3.11,synthetic_srtm
2449,Mine_02449,13.352934,80.019124,992.24,18.05,124.21,9.22,synthetic_srtm
2450,Mine_02450,8.151964,79.707282,293.81,12.28,272.65,4.15,synthetic_srtm
2451,Mine_02451,10.343551,79.287548,734.59,12.36,91.74,6.09,synthetic_srtm
2452,Mine_02452,12.774816,76.580908,532.6,21.5,358.88,11.26,synthetic_srtm
2453,Mine_02453,8.193384,76.757836,827.52,17.97,54.83,8.9,synthetic_srtm
2454,Mine_02454,13.064874,77.547823,1309.3,33.12,342.05,12.58,synthetic_srtm
2455,Mine_02455,10.552744,76.110952,1329.97,24.37,189.99,10.31,synthetic_srtm
2456,Mine_02456,8.606522,77.725791,813.39,24.17,215.43,7.58,synthetic_srtm
2457,Mine_02457,10.015512,76.194462,1578.03,25.58,303.49,10.66,synthetic_srtm
2458,Mine_02458,10.027726,76.045407,1024.12,43.44,51.42,16.69,synthetic_srtm
2459,Mine_02459,8.996863,78.544925,613.45,10.59,217.91,5.46,synthetic_srtm
2460,Mine_02460,9.767817,79.435981,850.5,16.07,213.27,5.09,synthetic_srtm
2461,Mine_02461,11.099891,79.652578,845.33,18.77,144.3,9.36,synthetic_srtm
2462,Mine_02462,9.331544,77.946584,607.15,10.58,278.54,6.89,synthetic_srtm
2463,Mine_02463,11.738573,77.171274,1218.23,16.17,0.57,8.88,synthetic_srtm
2464,Mine_02464,11.706694,78.418007,554.04,9.93,245.02,5.98,synthetic_srtm
2465,Mine_02465,10.352311,78.885038,950.98,20.31,151.03,6.89,synthetic_srtm
2466,Mine_02466,8.97389,78.52235,215.08,14.73,325.01,5.7,synthetic_srtm
2467,Mine_02467,10.240342,80.494802,430.81,2.58,133.31,2.65,synthetic_srtm
2468,Mine_02468,9.353518,78.598343,206.11,7.48,1.15,4.25,synthetic_srtm
2469,Mine_02469,13.356646,77.627404,2239.27,35.44,213.4,10.82,synthetic_srtm
2470,Mine_02470,13.030827,79.034985,681.48,23.58,278.07,7.35,synthetic_srtm
2471,Mine_02471,10.993302,80.277477,834.08,22.14,193.32,7.01,synthetic_srtm
2472,Mine_02472,9.393995,77.603645,214.21,1.57,155.04,3.47,synthetic_srtm
2473,Mine_02473,9.249552,76.018457,1589.34,36.67,98.21,11.18,synthetic_srtm
2474,Mine_02474,10.20729,76.866592,1646.08,26.07,150.71,10.8,synthetic_srtm
2475,Mine_02475,12.987083,80.489427,540.77,12.24,147.38,8.64,synthetic_srtm
2476,Mine_02476,10.539125,76.921696,1030.67,20.65,244.18,11.19,synthetic_srtm
2477,Mine_02477,11.919179,78.857282,324.87,13.84,250.81,7.35,synthetic_srtm
2478,Mine_02478,8.176355,76.205114,1648.82,30.54,52.28,9.48,synthetic_srtm
2479,Mine_02479,10.871405,77.489089,787.11,10.52,136.12,5.34,synthetic_srtm
2480,Mine_02480,11.601572,76.195285,1151.67,29.9,189.21,12.84,synthetic_srtm
2481,Mine_02481,8.122907,76.771808,1372.97,23.49,69.36,9.28,synthetic_srtm
2482,Mine_02482,11.675427,76.821143,1098.08,25.71,55.34,7.85,synthetic_srtm
2483,Mine_02483,11.72851,77.590163,2348.24,18.91,312.38,8.82,synthetic_srtm
2484,Mine_02484,10.598918,77.533675,208.97,14.36,354.22,7.22,synthetic_srtm
2485,Mine_02485,10.807833,76.716832,568.47,8.43,69.6,7.17,synthetic_srtm
2486,Mine_02486,9.652144,77.952805,958.68,6.73,152.06,5.06,synthetic_srtm
2487,Mine_02487,10.916207,77.188122,850.1,23.05,13.67,7.45,synthetic_srtm
2488,Mine_02488,12.171336,76.925222,1265.72,38.45,104.68,12.95,synthetic_srtm
2489,Mine_02489,12.993795,76.263256,897.39,8.8,158.85,6.79,synthetic_srtm
2490,Mine_02490,12.583738,79.266339,780.1,22.0,186.77,9.25,synthetic_srtm
2491,Mine_02491,10.587978,76.419463,1045.08,43.14,284.87,17.91,synthetic_srtm
2492,Mine_02492,9.8482,76.301988,1155.93,35.14,77.47,14.96,synthetic_srtm
2493,Mine_02493,10.370837,77.375753,414.27,7.49,341.6,5.32,synthetic_srtm
2494,Mine_02494,8.445582,77.424282,331.08,12.6,197.88,7.04,synthetic_srtm
2495,Mine_02495,9.960164,78.618035,618.95,11.99,100.03,4.46,synthetic_srtm
2496,Mine_02496,9.274354,78.438415,545.63,6.71,63.14,5.46,synthetic_srtm
2497,Mine_02497,9.191388,79.799904,770.33,7.31,183.63,6.54,synthetic_srtm
2498,Mine_02498,9.153672,76.895934,1404.66,36.65,340.38,14.08,synthetic_srtm
2499,Mine_02499,9.314108,76.53358,1433.84,34.73,201.99,15.39,synthetic_srtm
2500,Mine_02500,9.526869,78.566693,259.94,4.55,184.71,3.85,synthetic_srtm
2501,Mine_02501,11.317539,76.655571,1470.54,36.51,136.31,11.94,synthetic_srtm
2502,Mine_02502,9.303103,79.121357,643.49,20.46,247.98,10.41,synthetic_srtm
2503,Mine_02503,8.551821,76.667271,627.07,16.4,262.23,9.37,synthetic_srtm
2504,Mine_02504,9.848431,76.763996,1100.95,27.73,299.12,12.08,synthetic_srtm
2505,Mine_02505,10.42748,77.523879,932.96,18.24,120.61,7.84,synthetic_srtm
2506,Mine_02506,8.521567,77.560857,822.3,8.7,314.36,3.37,synthetic_srtm
2507,Mine_02507,11.675304,79.225979,931.15,11.24,324.05,5.17,synthetic_srtm
2508,Mine_02508,10.987151,80.438919,596.34,11.21,126.52,5.03,synthetic_srtm
2509,Mine_02509,10.302339,79.825866,764.82,21.86,274.91,9.79,synthetic_srtm
2510,Mine_02510,12.958094,76.78501,1596.5,20.87,49.82,10.15,synthetic_srtm
2511,Mine_02511,11.06635,80.305998,738.07,14.78,3.75,7.29,synthetic_srtm
2512,Mine_02512,9.289232,78.396317,508.92,14.18,195.3,4.66,synthetic_srtm
2513,Mine_02513,9.781173,76.989704,1130.0,26.87,344.17,12.7,synthetic_srtm
2514,Mine_02514,8.510648,78.325603,811.6,20.22,274.75,10.22,synthetic_srtm
2515,Mine_02515,9.443033,79.168184,987.72,7.81,35.28,3.73,synthetic_srtm
2516,Mine_02516,9.681677,78.068142,480.37,12.16,258.04,6.36,synthetic_srtm
2517,Mine_02517,8.568153,76.889415,1291.96,34.1,137.87,12.84,synthetic_srtm
2518,Mine_02518,9.864657,78.571351,715.12,6.57,58.16,6.96,synthetic_srtm
2519,Mine_02519,9.627959,77.467833,407.43,5.27,121.25,2.29,synthetic_srtm
2520,Mine_02520,8.212661,76.825373,1046.05,35.68,198.42,15.43,synthetic_srtm
2521,Mine_02521,9.683818,77.114699,835.24,9.75,153.75,7.88,synthetic_srtm
2522,Mine_02522,13.412965,79.708132,672.71,11.64,13.99,5.55,synthetic_srtm
2523,Mine_02523,10.002346,79.001363,414.49,14.14,202.04,8.18,synthetic_srtm
2524,Mine_02524,8.563203,76.591864,1687.72,21.97,242.69,10.23,synthetic_srtm
2525,Mine_02525,9.635391,77.158351,677.25,16.06,48.42,7.11,synthetic_srtm
2526,Mine_02526,9.750521,78.7951,700.45,24.18,175.65,12.25,synthetic_srtm
2527,Mine_02527,11.236674,78.417425,552.33,8.77,122.04,7.31,synthetic_srtm
2528,Mine_02528,9.279473,79.626922,787.49,20.79,266.99,7.46,synthetic_srtm
2529,Mine_02529,8.460946,76.72322,1218.86,30.88,95.69,13.26,synthetic_srtm
2530,Mine_02530,9.697342,78.733104,586.17,22.24,16.37,11.64,synthetic_srtm
2531,Mine_02531,8.351043,77.48661,837.26,5.12,325.02,6.21,synthetic_srtm
2532,Mine_02532,8.971375,78.469238,644.08,22.62,203.57,7.27,synthetic_srtm
2533,Mine_02533,13.434374,78.964756,902.04,9.06,252.6,6.3,synthetic_srtm
2534,Mine_02534,9.896806,78.9207,419.1,5.81,167.32,6.69,synthetic_srtm
2535,Mine_02535,8.668561,76.967465,973.65,8.75,176.88,6.27,synthetic_srtm
2536,Mine_02536,10.526913,76.349496,753.84,11.37,172.12,5.75,synthetic_srtm
2537,Mine_02537,9.567599,79.287395,238.45,13.63,175.92,5.83,synthetic_srtm
2538,Mine_02538,9.905723,79.484793,665.56,17.95,257.82,8.9,synthetic_srtm
2539,Mine_02539,13.142921,77.309515,1360.3,16.08,135.53,8.32,synthetic_srtm
2540,Mine_02540,9.623859,79.460922,657.58,17.88,89.7,7.45,synthetic_srtm
2541,Mine_02541,10.073695,76.036262,1296.47,30.17,208.66,10.41,synthetic_srtm
2542,Mine_02542,10.505859,79.598833,554.6,16.93,295.39,7.24,synthetic_srtm
2543,Mine_02543,10.716402,78.784093,778.05,12.56,171.6,5.28,synthetic_srtm
2544,Mine_02544,10.891786,77.314205,393.11,3.11,162.03,3.77,synthetic_srtm
2545,Mine_02545,12.036285,77.448511,1734.47,43.18,357.37,16.19,synthetic_srtm
2546,Mine_02546,9.292217,77.991119,784.88,21.57,156.9,7.26,synthetic_srtm
2547,Mine_02547,9.836131,78.120628,923.36,20.92,313.3,7.89,synthetic_srtm
2548,Mine_02548,11.820696,76.036454,510.04,15.99,203.04,7.55,synthetic_srtm
2549,Mine_02549,13.453292,78.390395,906.11,19.42,354.53,10.5,synthetic_srtm
2550,Mine_02550,12.708524,76.753403,1058.57,36.52,177.17,15.8,synthetic_srtm
2551,Mine_02551,10.223815,79.531308,868.71,6.93,52.45,5.67,synthetic_srtm
2552,Mine_02552,9.348347,78.275496,924.29,19.77,146.71,7.43,synthetic_srtm
2553,Mine_02553,11.03463,79.583556,376.04,2.28,11.91,3.42,synthetic_srtm
2554,Mine_02554,9.068827,76.727243,763.32,24.88,298.4,9.85,synthetic_srtm
2555,Mine_02555,9.484084,77.851058,549.46,18.26,164.8,8.07,synthetic_srtm
2556,Mine_02556,11.070521,79.876132,864.25,22.56,200.72,7.11,synthetic_srtm
2557,Mine_02557,13.451334,77.900475,1539.95,33.15,340.83,11.33,synthetic_srtm
2558,Mine_02558,10.061688,79.599762,493.55,3.44,358.7,2.28,synthetic_srtm
2559,Mine_02559,8.295773,80.159674,818.71,10.89,260.17,7.74,synthetic_srtm
2560,Mine_02560,12.726481,76.457075,961.83,23.53,160.26,7.66,synthetic_srtm
2561,Mine_02561,12.93256,76.236951,1028.04,21.96,351.16,11.23,synthetic_srtm
2562,Mine_02562,8.184853,77.786194,601.86,10.14,125.79,3.59,synthetic_srtm
2563,Mine_02563,12.477302,80.292528,351.96,2.67,336.03,2.54,synthetic_srtm
2564,Mine_02564,10.177511,79.232567,352.03,12.05,314.42,6.33,synthetic_srtm
2565,Mine_02565,11.258438,76.448474,1564.29,37.17,124.22,14.35,synthetic_srtm
2566,Mine_02566,12.871689,77.904798,2278.44,36.4,265.34,11.79,synthetic_srtm
2567,Mine_02567,10.228983,80.075092,281.82,12.12,22.55,8.24,synthetic_srtm
2568,Mine_02568,12.518754,80.376624,206.29,7.73,349.38,4.88,synthetic_srtm
2569,Mine_02569,11.333055,77.617008,2129.58,19.67,235.28,9.79,synthetic_srtm
2570,Mine_02570,8.620968,80.090094,621.32,10.11,345.37,5.19,synthetic_srtm
2571,Mine_02571,11.187112,77.11082,2034.97,32.65,358.91,12.93,synthetic_srtm
2572,Mine_02572,12.104048,80.455743,787.81,24.63,358.47,11.84,synthetic_srtm
2573,Mine_02573,13.446374,77.686028,1193.27,40.01,204.25,15.54,synthetic_srtm
2574,Mine_02574,12.69456,78.649254,451.88,3.5,345.47,4.99,synthetic_srtm
2575,Mine_02575,8.222414,80.01757,281.37,6.14,319.67,6.63,synthetic_srtm
2576,Mine_02576,8.789676,78.974622,961.01,23.2,187.69,9.69,synthetic_srtm
2577,Mine_02577,9.455822,76.99862,1129.65,17.61,0.61,7.82,synthetic_srtm
2578,Mine_02578,10.710182,77.716016,299.04,1.36,267.3,5.21,synthetic_srtm
2579,Mine_02579,11.749882,78.022669,629.57,19.15,105.94,9.72,synthetic_srtm
2580,Mine_02580,11.007053,78.506268,709.77,18.42,150.15,9.78,synthetic_srtm
2581,Mine_02581,9.373246,78.740072,632.73,20.55,70.99,9.05,synthetic_srtm
2582,Mine_02582,10.440872,77.282089,890.86,5.23,137.34,5.76,synthetic_srtm
2583,Mine_02583,12.950163,80.167279,874.75,11.81,151.97,6.52,synthetic_srtm
2584,Mine_02584,11.422723,76.251801,701.06,12.05,286.33,5.24,synthetic_srtm
2585,Mine_02585,8.28734,78.404118,751.95,20.44,290.8,6.98,synthetic_srtm
2586,Mine_02586,8.003517,78.099974,659.7,22.74,9.98,7.57,synthetic_srtm
2587,Mine_02587,9.99956,80.476362,536.75,8.04,274.4,5.34,synthetic_srtm
2588,Mine_02588,12.450497,77.533044,2150.44,39.14,27.97,14.46,synthetic_srtm
2589,Mine_02589,12.75843,77.935912,1114.84,35.83,219.13,13.74,synthetic_srtm
2590,Mine_02590,12.896728,80.406512,680.07,17.23,128.03,9.67,synthetic_srtm
2591,Mine_02591,12.918308,77.399704,1700.02,38.24,142.81,16.01,synthetic_srtm
2592,Mine_02592,9.174165,80.076411,738.83,6.83,353.85,3.54,synthetic_srtm
2593,Mine_02593,9.219151,76.98966,608.98,16.18,93.22,9.59,synthetic_srtm
2594,Mine_02594,12.442128,76.846829,787.49,23.59,103.58,8.53,synthetic_srtm
2595,Mine_02595,13.260903,79.550833,254.77,12.84,107.24,8.72,synthetic_srtm
2596,Mine_02596,12.553287,76.736388,1262.67,28.31,259.99,11.08,synthetic_srtm
2597,Mine_02597,11.612523,78.942121,914.87,12.66,83.69,5.88,synthetic_srtm
2598,Mine_02598,12.732889,76.588241,534.35,21.66,131.52,9.2,synthetic_srtm
2599,Mine_02599,12.199245,77.431931,1423.39,15.38,147.15,4.96,synthetic_srtm
2600,Mine_02600,8.526929,78.227241,766.21,12.21,247.61,7.17,synthetic_srtm
2601,Mine_02601,8.778814,77.690773,742.21,15.05,130.27,6.33,synthetic_srtm
2602,Mine_02602,8.147664,79.18584,900.04,23.64,338.13,8.79,synthetic_srtm
2603,Mine_02603,9.412058,77.081191,888.41,17.56,196.79,9.07,synthetic_srtm
2604,Mine_02604,11.834708,76.933294,1077.14,27.01,196.91,11.2,synthetic_srtm
2605,Mine_02605,9.633611,79.458421,787.56,12.78,208.25,4.12,synthetic_srtm
2606,Mine_02606,13.112197,79.404719,217.15,8.16,289.53,2.94,synthetic_srtm
2607,Mine_02607,13.465291,76.563704,1555.2,33.13,268.09,14.72,synthetic_srtm
2608,Mine_02608,12.100714,80.399505,745.7,10.52,87.25,6.3,synthetic_srtm
2609,Mine_02609,8.201474,78.68526,773.2,5.95,202.03,6.33,synthetic_srtm
2610,Mine_02610,10.376281,78.375591,495.04,11.34,278.88,4.51,synthetic_srtm
2611,Mine_02611,8.959258,78.650675,580.06,14.86,241.96,4.91,synthetic_srtm
2612,Mine_02612,12.633461,77.745545,1377.5,33.86,51.26,11.0,synthetic_srtm
2613,Mine_02613,8.324558,78.418606,276.85,10.3,27.07,6.8,synthetic_srtm
2614,Mine_02614,10.192626,76.615961,622.36,10.38,116.65,7.06,synthetic_srtm
2615,Mine_02615,8.635865,76.462691,1308.03,30.1,143.62,10.88,synthetic_srtm
2616,Mine_02616,10.816571,77.255771,643.71,21.96,150.87,9.22,synthetic_srtm
2617,Mine_02617,8.687575,76.609564,1415.72,31.25,32.96,9.65,synthetic_srtm
2618,Mine_02618,9.104097,77.851845,455.46,7.44,96.95,6.94,synthetic_srtm
2619,Mine_02619,10.802323,78.298622,546.04,11.63,95.42,7.2,synthetic_srtm
2620,Mine_02620,12.580959,77.142449,2205.95,25.45,193.13,7.82,synthetic_srtm
2621,Mine_02621,12.971461,76.199549,791.99,15.9,130.31,8.63,synthetic_srtm
2622,Mine_02622,11.599529,78.373841,773.57,8.34,96.49,3.74,synthetic_srtm
2623,Mine_02623,9.451817,77.264398,437.89,2.69,280.2,1.55,synthetic_srtm
2624,Mine_02624,11.657675,79.537002,449.09,2.1,64.94,5.08,synthetic_srtm
2625,Mine_02625,8.212224,76.080091,1479.18,21.3,99.88,9.27,synthetic_srtm
2626,Mine_02626,11.983324,80.029317,273.35,12.11,93.68,7.36,synthetic_srtm
2627,Mine_02627,9.501628,77.737596,446.54,13.18,193.82,5.83,synthetic_srtm
2628,Mine_02628,11.962097,79.158599,702.33,23.95,286.18,11.36,synthetic_srtm
2629,Mine_02629,12.708716,77.03868,1043.04,24.32,8.53,11.67,synthetic_srtm
2630,Mine_02630,10.885802,79.412838,201.29,3.55,262.05,1.94,synthetic_srtm
2631,Mine_02631,9.171572,76.466872,627.92,22.63,85.29,10.54,synthetic_srtm
2632,Mine_02632,10.286875,80.341386,641.12,23.76,262.83,8.17,synthetic_srtm
2633,Mine_02633,9.969469,80.024026,856.64,12.63,210.91,5.85,synthetic_srtm
2634,Mine_02634,9.009053,79.055811,773.12,23.71,250.48,8.38,synthetic_srtm
2635,Mine_02635,9.338166,80.269585,288.5,0.65,58.86,4.49,synthetic_srtm
2636,Mine_02636,8.125962,80.315353,611.98,5.95,340.53,4.41,synthetic_srtm
2637,Mine_02637,11.865946,76.390345,878.37,15.55,251.22,4.95,synthetic_srtm
2638,Mine_02638,13.044465,79.336931,605.47,17.36,180.77,9.47,synthetic_srtm
2639,Mine_02639,9.985332,79.525608,447.3,13.03,177.04,8.45,synthetic_srtm
2640,Mine_02640,13.301744,80.188201,601.5,20.8,233.76,10.53,synthetic_srtm
2641,Mine_02641,9.859586,79.348746,247.86,6.4,67.14,3.66,synthetic_srtm
2642,Mine_02642,11.346113,76.180894,1353.88,37.71,294.38,15.3,synthetic_srtm
2643,Mine_02643,8.569903,79.766835,900.07,23.97,167.72,9.15,synthetic_srtm
2644,Mine_02644,9.561154,76.536848,541.33,11.35,256.18,3.81,synthetic_srtm
2645,Mine_02645,9.471643,76.326504,1305.94,21.14,2.4,7.25,synthetic_srtm
2646,Mine_02646,9.163255,77.291514,798.96,20.34,129.71,8.83,synthetic_srtm
2647,Mine_02647,8.409176,76.094079,811.32,11.04,286.51,4.22,synthetic_srtm
2648,Mine_02648,13.123958,79.316109,473.8,12.4,4.86,7.4,synthetic_srtm
2649,Mine_02649,13.193464,76.08687,783.87,11.22,267.75,6.12,synthetic_srtm
2650,Mine_02650,11.256354,78.430525,219.52,3.44,281.9,4.46,synthetic_srtm
2651,Mine_02651,11.331093,78.202521,386.05,14.25,112.04,6.0,synthetic_srtm
2652,Mine_02652,9.76535,77.887061,722.68,21.58,75.51,6.5,synthetic_srtm
2653,Mine_02653,8.082984,78.021567,551.92,22.57,192.62,10.98,synthetic_srtm
2654,Mine_02654,12.412983,76.450195,1145.19,37.23,87.62,13.12,synthetic_srtm
2655,Mine_02655,11.698235,79.059449,505.37,19.12,58.64,8.47,synthetic_srtm
2656,Mine_02656,9.229243,79.812443,305.39,6.32,201.96,6.74,synthetic_srtm
2657,Mine_02657,13.415771,79.467202,243.21,2.08,86.87,3.34,synthetic_srtm
2658,Mine_02658,12.154996,79.961311,344.88,1.73,186.45,3.7,synthetic_srtm
2659,Mine_02659,10.903142,77.23866,343.19,11.4,234.58,4.58,synthetic_srtm
2660,Mine_02660,11.478205,78.668294,502.14,6.34,199.3,5.28,synthetic_srtm
2661,Mine_02661,9.029482,79.602806,776.94,21.91,62.04,11.51,synthetic_srtm
2662,Mine_02662,10.502143,79.364944,638.8,23.36,334.8,9.99,synthetic_srtm
2663,Mine_02663,13.261303,77.760746,1402.35,16.09,349.64,6.55,synthetic_srtm
2664,Mine_02664,11.955446,78.532159,965.3,8.08,358.28,5.95,synthetic_srtm
2665,Mine_02665,10.034615,79.721158,388.3,14.3,154.77,7.07,synthetic_srtm
2666,Mine_02666,8.086322,77.302213,642.04,6.51,36.97,4.09,synthetic_srtm
2667,Mine_02667,10.673248,77.899106,490.22,8.58,232.76,3.47,synthetic_srtm
2668,Mine_02668,8.392825,78.102831,282.28,1.23,203.46,2.78,synthetic_srtm
2669,Mine_02669,10.490327,78.319682,581.86,21.76,35.09,7.96,synthetic_srtm
2670,Mine_02670,10.523627,76.973213,1207.87,40.94,349.21,12.98,synthetic_srtm
2671,Mine_02671,9.571069,77.117785,926.24,24.34,210.52,9.61,synthetic_srtm
2672,Mine_02672,8.833155,77.160891,621.96,23.16,355.47,8.18,synthetic_srtm
2673,Mine_02673,10.955468,78.111602,825.7,8.55,193.48,2.66,synthetic_srtm
2674,Mine_02674,9.589268,76.633345,925.76,17.02,35.39,6.58,synthetic_srtm
2675,Mine_02675,10.25223,76.762841,667.65,14.94,231.66,7.22,synthetic_srtm
2676,Mine_02676,11.337573,79.873279,238.81,8.15,178.88,2.5,synthetic_srtm
2677,Mine_02677,11.919326,76.313118,1138.47,28.8,194.34,10.36,synthetic_srtm
2678,Mine_02678,12.787228,76.766949,1241.28,33.76,335.12,10.62,synthetic_srtm
2679,Mine_02679,11.701227,79.67379,604.78,6.62,346.1,5.83,synthetic_srtm
2680,Mine_02680,11.225003,76.347821,1241.28,35.64,41.98,12.99,synthetic_srtm
2681,Mine_02681,9.909418,78.528541,387.4,9.8,239.72,4.7,synthetic_srtm
2682,Mine_02682,9.62885,78.82296,287.91,2.47,317.12,5.39,synthetic_srtm
2683,Mine_02683,11.89615,76.403701,1482.23,22.27,167.39,11.41,synthetic_srtm
2684,Mine_02684,10.983167,76.999932,1429.11,16.72,115.69,5.99,synthetic_srtm
2685,Mine_02685,12.472943,78.892227,962.36,9.24,106.88,5.28,synthetic_srtm
2686,Mine_02686,8.130933,76.231997,766.26,18.86,63.19,10.28,synthetic_srtm
2687,Mine_02687,10.138373,76.53595,1549.28,25.61,201.83,11.65,synthetic_srtm
2688,Mine_02688,10.686851,79.156741,434.97,9.12,132.13,3.43,synthetic_srtm
2689,Mine_02689,10.966889,78.329833,959.98,24.24,347.0,9.14,synthetic_srtm
2690,Mine_02690,11.166138,78.67361,394.92,4.35,81.81,6.11,synthetic_srtm
2691,Mine_02691,11.204981,76.67145,1525.16,33.84,86.11,12.3,synthetic_srtm
2692,Mine_02692,12.886374,79.8308,296.1,14.94,216.12,4.98,synthetic_srtm
2693,Mine_02693,11.720183,76.789249,656.36,21.26,39.78,10.6,synthetic_srtm
2694,Mine_02694,10.362616,78.401994,369.81,5.86,330.11,2.46,synthetic_srtm
2695,Mine_02695,12.397773,77.248925,2274.65,36.41,127.76,12.11,synthetic_srtm
2696,Mine_02696,10.603816,79.73179,306.53,8.38,102.33,5.79,synthetic_srtm
2697,Mine_02697,8.334296,80.042259,739.12,19.38,47.04,8.71,synthetic_srtm
2698,Mine_02698,11.806989,78.278077,621.81,17.47,96.48,7.78,synthetic_srtm
2699,Mine_02699,9.273344,80.274662,823.0,20.5,131.49,6.71,synthetic_srtm
2700,Mine_02700,12.058092,78.42051,356.41,4.61,92.51,4.95,synthetic_srtm
2701,Mine_02701,12.57265,76.181111,686.08,22.77,160.52,10.28,synthetic_srtm
2702,Mine_02702,8.400946,77.012912,568.97,9.24,37.86,6.71,synthetic_srtm
2703,Mine_02703,8.236149,77.925938,763.03,22.15,156.82,7.71,synthetic_srtm
2704,Mine_02704,12.910568,79.62293,620.21,21.97,157.14,7.2,synthetic_srtm
2705,Mine_02705,10.17332,78.942053,598.37,17.96,280.07,8.87,synthetic_srtm
2706,Mine_02706,8.268629,79.950737,644.2,16.82,206.53,7.01,synthetic_srtm
2707,Mine_02707,10.035898,79.785373,449.07,3.02,278.94,5.81,synthetic_srtm
2708,Mine_02708,11.262807,78.42533,985.0,5.11,269.2,5.94,synthetic_srtm
2709,Mine_02709,12.88571,79.642743,708.57,18.0,210.84,5.61,synthetic_srtm
2710,Mine_02710,10.70741,80.043005,311.37,0.6,107.29,4.79,synthetic_srtm
2711,Mine_02711,11.904064,79.04722,608.02,15.97,180.46,5.94,synthetic_srtm
2712,Mine_02712,12.649085,79.133557,711.13,8.95,129.42,4.33,synthetic_srtm
2713,Mine_02713,8.306024,79.604436,843.51,10.14,229.19,5.48,synthetic_srtm
2714,Mine_02714,8.121216,76.181266,1363.72,39.06,42.44,12.55,synthetic_srtm
2715,Mine_02715,13.193936,76.779018,1507.97,19.76,47.61,7.36,synthetic_srtm
2716,Mine_02716,10.226935,80.279403,856.21,16.27,231.11,6.55,synthetic_srtm
2717,Mine_02717,12.511207,77.508475,2139.54,15.67,189.51,6.58,synthetic_srtm
2718,Mine_02718,10.708259,76.838662,1222.71,36.07,134.12,15.27,synthetic_srtm
2719,Mine_02719,9.871823,78.685957,542.12,21.78,322.81,6.91,synthetic_srtm
2720,Mine_02720,12.045915,79.489836,624.23,22.63,292.47,11.56,synthetic_srtm
2721,Mine_02721,12.18922,76.479689,1462.41,20.69,34.25,10.02,synthetic_srtm
2722,Mine_02722,9.333967,78.906149,763.8,9.01,252.79,6.79,synthetic_srtm
2723,Mine_02723,9.141125,77.17959,908.74,24.7,128.04,11.97,synthetic_srtm
2724,Mine_02724,11.740338,77.832243,1848.4,43.84,233.7,17.13,synthetic_srtm
2725,Mine_02725,11.371786,78.827258,512.01,23.52,284.58,11.3,synthetic_srtm
2726,Mine_02726,9.085086,80.279908,551.64,23.1,215.57,7.04,synthetic_srtm
2727,Mine_02727,10.093168,79.462206,521.5,11.11,81.5,7.6,synthetic_srtm
2728,Mine_02728,13.47721,80.037835,673.86,16.18,288.23,9.74,synthetic_srtm
2729,Mine_02729,9.944515,79.237757,491.93,14.25,219.36,6.75,synthetic_srtm
2730,Mine_02730,12.874824,77.11901,1606.63,22.95,220.36,7.63,synthetic_srtm
2731,Mine_02731,12.53641,80.47414,558.77,24.13,52.93,8.14,synthetic_srtm
2732,Mine_02732,11.512541,76.76977,728.6,6.13,267.89,4.37,synthetic_srtm
2733,Mine_02733,11.311295,78.857292,540.33,5.28,335.83,3.34,synthetic_srtm
2734,Mine_02734,8.338485,79.835454,342.64,3.13,335.87,5.35,synthetic_srtm
2735,Mine_02735,11.442643,80.150465,483.1,14.22,93.18,6.96,synthetic_srtm
2736,Mine_02736,10.991855,78.317772,969.97,21.84,317.92,10.12,synthetic_srtm
2737,Mine_02737,8.766719,77.883991,254.26,0.44,72.3,4.12,synthetic_srtm
2738,Mine_02738,11.697504,80.43946,237.31,13.26,325.64,7.91,synthetic_srtm
2739,Mine_02739,9.316921,76.840821,1643.61,36.25,266.29,13.74,synthetic_srtm
2740,Mine_02740,11.936206,77.758161,2221.01,35.76,59.2,14.74,synthetic_srtm
2741,Mine_02741,12.133692,77.488163,1980.63,28.37,353.66,13.43,synthetic_srtm
2742,Mine_02742,12.986757,80.314592,570.06,10.46,84.11,5.97,synthetic_srtm
2743,Mine_02743,12.636259,76.81133,1550.1,26.93,166.01,10.5,synthetic_srtm
2744,Mine_02744,10.722014,78.121157,835.58,18.36,230.89,8.95,synthetic_srtm
2745,Mine_02745,13.180508,79.94645,471.53,0.15,223.18,3.11,synthetic_srtm
2746,Mine_02746,11.202989,78.09518,826.83,21.06,66.24,7.65,synthetic_srtm
2747,Mine_02747,8.783547,78.882875,750.41,7.25,65.0,4.18,synthetic_srtm
2748,Mine_02748,9.317056,79.903319,825.39,24.99,290.76,11.88,synthetic_srtm
2749,Mine_02749,9.009596,77.281999,363.09,6.43,135.18,3.09,synthetic_srtm
2750,Mine_02750,11.298021,78.550004,520.12,9.47,178.08,3.36,synthetic_srtm
2751,Mine_02751,11.608798,80.426474,696.67,23.77,291.0,9.19,synthetic_srtm
2752,Mine_02752,8.636418,77.807722,798.33,18.99,344.69,6.81,synthetic_srtm
2753,Mine_02753,10.481684,76.670904,878.95,24.73,42.96,9.44,synthetic_srtm
2754,Mine_02754,10.263314,76.827306,1026.48,30.21,234.8,12.51,synthetic_srtm
2755,Mine_02755,10.382474,76.645076,892.6,9.31,129.8,4.17,synthetic_srtm
2756,Mine_02756,9.114785,76.503307,897.35,14.14,211.66,7.05,synthetic_srtm
2757,Mine_02757,8.250815,77.903765,789.23,24.19,128.11,12.17,synthetic_srtm
2758,Mine_02758,13.122142,79.942176,416.8,0.66,96.88,0.26,synthetic_srtm
2759,Mine_02759,8.642141,77.86927,583.39,23.43,300.65,9.26,synthetic_srtm
2760,Mine_02760,8.094315,77.31687,385.35,3.29,100.76,5.6,synthetic_srtm
2761,Mine_02761,11.897874,77.758751,1982.82,19.68,254.96,9.32,synthetic_srtm
2762,Mine_02762,10.947648,79.98353,958.65,24.87,173.3,10.71,synthetic_srtm
2763,Mine_02763,12.890677,77.558797,1111.43,22.28,339.67,10.6,synthetic_srtm
2764,Mine_02764,8.311314,79.749371,369.03,13.8,316.73,5.97,synthetic_srtm
2765,Mine_02765,12.285617,76.858367,1210.83,34.17,26.21,14.09,synthetic_srtm
2766,Mine_02766,9.502619,77.840439,603.07,24.87,335.04,10.45,synthetic_srtm
2767,Mine_02767,12.226258,79.41072,624.17,17.88,139.47,6.76,synthetic_srtm
2768,Mine_02768,12.846872,78.767095,913.28,22.76,30.59,7.01,synthetic_srtm
2769,Mine_02769,10.983256,77.670002,855.43,12.75,23.13,4.28,synthetic_srtm
2770,Mine_02770,8.127048,78.324306,430.6,7.27,308.78,5.33,synthetic_srtm
2771,Mine_02771,13.426513,77.223943,1990.78,30.59,313.03,12.13,synthetic_srtm
2772,Mine_02772,11.041708,78.919248,302.53,0.32,260.06,4.09,synthetic_srtm
2773,Mine_02773,11.446005,76.365762,997.64,15.48,84.4,6.82,synthetic_srtm
2774,Mine_02774,12.288413,76.525756,807.29,24.63,226.04,8.98,synthetic_srtm
2775,Mine_02775,11.076674,80.197295,580.86,20.42,326.81,6.67,synthetic_srtm
2776,Mine_02776,10.042887,79.732301,813.48,5.32,204.35,4.57,synthetic_srtm
2777,Mine_02777,9.060089,77.361268,918.61,14.97,356.92,5.96,synthetic_srtm
2778,Mine_02778,8.951123,78.57799,942.93,24.79,23.33,9.78,synthetic_srtm
2779,Mine_02779,10.783029,78.446656,338.71,2.52,81.92,3.61,synthetic_srtm
2780,Mine_02780,10.247617,76.236662,1103.58,27.15,218.15,12.26,synthetic_srtm
2781,Mine_02781,8.738633,80.196835,376.12,10.58,173.45,6.61,synthetic_srtm
2782,Mine_02782,13.403173,77.554911,1689.31,21.78,257.11,9.25,synthetic_srtm
2783,Mine_02783,11.842143,76.687826,952.94,5.11,209.21,6.27,synthetic_srtm
2784,Mine_02784,8.689584,76.72251,1517.17,20.12,314.64,6.75,synthetic_srtm
2785,Mine_02785,8.340863,79.996362,931.07,11.47,213.83,7.38,synthetic_srtm
2786,Mine_02786,11.265213,79.626575,907.49,17.01,40.86,7.17,synthetic_srtm
2787,Mine_02787,10.515149,78.479249,304.38,11.68,38.78,3.88,synthetic_srtm
2788,Mine_02788,9.092038,78.370613,825.17,16.65,285.04,7.46,synthetic_srtm
2789,Mine_02789,10.841599,78.74363,322.02,8.07,68.26,5.19,synthetic_srtm
2790,Mine_02790,8.211382,78.557025,298.97,1.62,345.95,2.36,synthetic_srtm
2791,Mine_02791,13.398478,76.896957,1506.99,44.26,216.47,16.91,synthetic_srtm
2792,Mine_02792,10.596428,78.313932,282.19,5.71,262.8,5.63,synthetic_srtm
2793,Mine_02793,8.092913,78.158651,573.06,22.61,63.17,7.73,synthetic_srtm
2794,Mine_02794,12.837598,78.610196,670.94,23.64,214.05,7.83,synthetic_srtm
2795,Mine_02795,10.959789,76.392973,824.02,23.01,181.44,7.72,synthetic_srtm
2796,Mine_02796,11.462621,79.032271,667.12,8.32,340.42,4.35,synthetic_srtm
2797,Mine_02797,9.026762,77.828799,340.32,4.91,37.01,5.88,synthetic_srtm
2798,Mine_02798,11.117205,77.034081,1295.36,28.61,14.28,12.71,synthetic_srtm
2799,Mine_02799,9.88747,79.041031,832.77,10.47,179.3,7.66,synthetic_srtm
2800,Mine_02800,11.245514,77.994787,1667.36,39.86,341.73,12.4,synthetic_srtm
2801,Mine_02801,10.740786,79.710771,605.14,16.3,230.9,5.91,synthetic_srtm
2802,Mine_02802,9.163098,78.169973,316.56,9.31,260.02,6.95,synthetic_srtm
2803,Mine_02803,11.683829,77.209974,1237.14,16.95,99.72,5.21,synthetic_srtm
2804,Mine_02804,13.118894,79.317062,369.27,3.77,323.15,2.92,synthetic_srtm
2805,Mine_02805,11.560263,77.108671,1128.9,27.8,122.81,10.55,synthetic_srtm
2806,Mine_02806,9.735511,76.969685,1392.1,30.87,303.02,11.65,synthetic_srtm
2807,Mine_02807,12.121014,76.882627,1049.63,32.34,340.49,10.54,synthetic_srtm
2808,Mine_02808,10.295372,79.880879,686.53,24.93,72.01,10.27,synthetic_srtm
2809,Mine_02809,8.831106,77.303731,886.17,6.58,219.66,4.44,synthetic_srtm
2810,Mine_02810,9.738559,79.435026,595.76,11.12,343.52,4.45,synthetic_srtm
2811,Mine_02811,12.061154,79.48397,957.12,23.45,264.81,8.61,synthetic_srtm
2812,Mine_02812,11.774283,76.15388,653.38,7.06,225.35,2.61,synthetic_srtm
2813,Mine_02813,12.893425,77.968126,1948.37,36.8,300.51,12.26,synthetic_srtm
2814,Mine_02814,11.105143,76.333254,883.83,7.43,198.12,5.88,synthetic_srtm
2815,Mine_02815,9.821538,77.782549,580.86,9.28,43.38,3.47,synthetic_srtm
2816,Mine_02816,8.380341,77.565779,394.2,6.26,349.2,6.63,synthetic_srtm
2817,Mine_02817,9.605615,78.453281,933.61,6.56,309.26,5.79,synthetic_srtm
2818,Mine_02818,13.18543,77.309081,2110.24,42.28,115.7,14.02,synthetic_srtm
2819,Mine_02819,9.35403,79.01396,667.34,6.88,343.74,5.17,synthetic_srtm
2820,Mine_02820,11.238854,78.593263,912.33,5.94,82.05,3.02,synthetic_srtm
2821,Mine_02821,8.100745,77.127899,797.0,9.53,210.68,3.64,synthetic_srtm
2822,Mine_02822,11.087015,77.519901,2395.97,24.52,340.17,10.21,synthetic_srtm
2823,Mine_02823,12.613846,77.650908,1483.25,44.09,88.0,15.29,synthetic_srtm
2824,Mine_02824,13.272156,79.261741,276.12,8.71,296.22,6.27,synthetic_srtm
2825,Mine_02825,11.459828,77.884395,1242.5,42.9,66.59,17.14,synthetic_srtm
2826,Mine_02826,11.704194,77.89892,1911.16,16.09,9.89,7.19,synthetic_srtm
2827,Mine_02827,12.463573,79.032766,249.93,7.88,297.73,5.12,synthetic_srtm
2828,Mine_02828,13.163729,78.732994,669.51,10.17,56.16,4.71,synthetic_srtm
2829,Mine_02829,11.693232,79.791034,348.59,11.89,130.61,4.44,synthetic_srtm
2830,Mine_02830,12.009026,77.559435,1857.54,16.79,132.94,9.81,synthetic_srtm
2831,Mine_02831,11.824312,79.334982,784.55,15.91,259.02,5.56,synthetic_srtm
2832,Mine_02832,12.363397,79.460605,260.9,3.9,253.87,2.49,synthetic_srtm
2833,Mine_02833,11.189908,77.06861,2272.91,40.89,145.14,16.32,synthetic_srtm
2834,Mine_02834,8.977891,76.230578,1086.04,29.72,28.93,12.05,synthetic_srtm
2835,Mine_02835,9.088853,80.143453,619.72,9.33,123.42,6.24,synthetic_srtm
2836,Mine_02836,11.109719,78.267846,608.12,17.67,54.6,6.45,synthetic_srtm
2837,Mine_02837,13.414097,78.108461,324.5,9.29,311.85,3.49,synthetic_srtm
2838,Mine_02838,11.886782,76.867384,1269.37,39.41,271.49,12.68,synthetic_srtm
2839,Mine_02839,8.460483,79.479124,841.85,18.71,344.29,7.51,synthetic_srtm
2840,Mine_02840,11.599164,78.19376,239.19,7.11,287.35,3.28,synthetic_srtm
2841,Mine_02841,8.226984,80.134838,900.31,11.34,260.62,4.09,synthetic_srtm
2842,Mine_02842,10.595136,79.909828,912.79,13.57,141.18,4.26,synthetic_srtm
2843,Mine_02843,8.872289,78.887589,373.25,1.32,324.83,0.44,synthetic_srtm
2844,Mine_02844,11.644208,79.446812,655.73,11.48,236.79,3.45,synthetic_srtm
2845,Mine_02845,8.287682,79.342621,321.18,3.74,310.01,3.06,synthetic_srtm
2846,Mine_02846,12.761007,76.678732,892.89,16.41,306.05,7.09,synthetic_srtm
2847,Mine_02847,9.318593,76.450081,1169.33,34.76,28.66,11.24,synthetic_srtm
2848,Mine_02848,13.198388,80.198923,619.94,14.81,122.57,7.75,synthetic_srtm
2849,Mine_02849,9.530799,76.811324,1587.27,32.06,152.74,12.11,synthetic_srtm
2850,Mine_02850,11.147339,79.903529,772.58,12.99,302.43,6.54,synthetic_srtm
2851,Mine_02851,11.050805,76.566274,1365.62,15.12,255.41,6.69,synthetic_srtm
2852,Mine_02852,10.010408,76.34351,1290.83,31.94,13.66,11.11,synthetic_srtm
2853,Mine_02853,11.682242,76.120119,1088.65,27.77,244.21,11.18,synthetic_srtm
2854,Mine_02854,12.46656,77.015788,2212.04,37.33,278.34,14.03,synthetic_srtm
2855,Mine_02855,8.808884,79.444445,831.98,22.12,125.16,10.4,synthetic_srtm
2856,Mine_02856,9.191763,79.72234,902.74,21.19,102.53,8.41,synthetic_srtm
2857,Mine_02857,8.96982,77.837849,524.66,18.77,59.12,7.51,synthetic_srtm
2858,Mine_02858,9.228233,78.889807,441.71,8.25,245.05,6.35,synthetic_srtm
2859,Mine_02859,12.083095,78.241542,975.73,19.43,244.17,7.4,synthetic_srtm
2860,Mine_02860,11.580683,78.979957,884.35,17.96,70.86,5.93,synthetic_srtm
2861,Mine_02861,12.344899,76.515091,1668.53,37.39,128.97,13.36,synthetic_srtm
2862,Mine_02862,11.786317,77.020412,1515.96,24.1,263.24,12.0,synthetic_srtm
2863,Mine_02863,8.426736,78.684876,773.28,17.99,170.83,6.11,synthetic_srtm
2864,Mine_02864,10.695234,77.936028,475.46,3.42,221.17,1.17,synthetic_srtm
2865,Mine_02865,11.747739,77.418444,2132.15,20.34,95.4,10.82,synthetic_srtm
2866,Mine_02866,8.874308,76.213075,592.39,10.07,133.34,4.63,synthetic_srtm
2867,Mine_02867,8.930862,76.488499,1133.52,31.65,16.75,13.08,synthetic_srtm
2868,Mine_02868,8.466923,77.220491,921.86,10.96,356.35,3.43,synthetic_srtm
2869,Mine_02869,8.914184,77.265189,696.54,22.7,28.39,9.33,synthetic_srtm
2870,Mine_02870,8.482658,76.700767,1426.91,19.29,198.18,10.61,synthetic_srtm
2871,Mine_02871,9.118062,78.522049,334.88,12.27,183.82,7.16,synthetic_srtm
2872,Mine_02872,12.903693,78.533191,429.0,7.82,278.51,4.11,synthetic_srtm
2873,Mine_02873,8.052723,76.076921,1648.67,34.73,95.61,12.58,synthetic_srtm
2874,Mine_02874,11.384293,80.477928,842.79,14.78,70.18,9.0,synthetic_srtm
2875,Mine_02875,13.1383,77.312898,2176.9,29.71,253.31,13.74,synthetic_srtm
2876,Mine_02876,9.151597,77.317552,805.14,18.08,80.32,7.2,synthetic_srtm
2877,Mine_02877,13.163858,80.467261,252.87,2.93,116.61,3.46,synthetic_srtm
2878,Mine_02878,8.811838,77.569879,648.91,11.75,345.78,7.88,synthetic_srtm
2879,Mine_02879,13.045491,78.086793,384.48,5.48,94.3,6.21,synthetic_srtm
2880,Mine_02880,11.177119,77.973964,1698.69,23.14,254.64,10.63,synthetic_srtm
2881,Mine_02881,10.604969,80.295778,576.76,20.73,64.65,10.48,synthetic_srtm
2882,Mine_02882,9.434571,79.596522,930.1,13.42,252.89,7.39,synthetic_srtm
2883,Mine_02883,9.081775,79.410308,338.55,12.34,11.34,4.81,synthetic_srtm
2884,Mine_02884,13.146641,78.545359,368.51,13.64,225.32,8.44,synthetic_srtm
2885,Mine_02885,12.610399,80.214146,485.4,0.49,72.72,0.53,synthetic_srtm
2886,Mine_02886,9.286166,76.359618,1401.01,33.88,175.59,10.52,synthetic_srtm
2887,Mine_02887,12.13771,77.688294,1633.21,29.76,96.94,9.4,synthetic_srtm
2888,Mine_02888,9.958765,80.336954,464.08,2.6,195.45,2.21,synthetic_srtm
2889,Mine_02889,10.96806,76.392509,1371.87,27.46,29.7,9.39,synthetic_srtm
2890,Mine_02890,13.488366,77.568276,1978.52,26.4,297.85,11.23,synthetic_srtm
2891,Mine_02891,12.32081,80.051692,822.56,7.76,7.61,3.4,synthetic_srtm
2892,Mine_02892,13.442515,78.154748,762.54,5.12,324.16,4.65,synthetic_srtm
2893,Mine_02893,11.011186,77.568393,1046.14,24.86,354.9,11.67,synthetic_srtm
2894,Mine_02894,11.842998,76.730264,1576.22,20.44,204.12,6.84,synthetic_srtm
2895,Mine_02895,8.119016,77.049163,643.65,17.03,268.48,9.18,synthetic_srtm
2896,Mine_02896,10.033277,76.959117,981.56,19.7,97.44,7.45,synthetic_srtm
2897,Mine_02897,11.005568,77.537661,1437.02,44.03,313.54,13.7,synthetic_srtm
2898,Mine_02898,9.048938,80.107873,662.14,12.16,334.19,4.47,synthetic_srtm
2899,Mine_02899,8.089907,77.943338,866.22,5.58,44.54,6.1,synthetic_srtm
2900,Mine_02900,9.499674,76.015205,1387.0,36.88,191.32,13.23,synthetic_srtm
2901,Mine_02901,11.103199,77.02459,1167.88,24.96,349.04,9.28,synthetic_srtm
2902,Mine_02902,11.54313,80.131863,967.16,13.9,54.64,6.28,synthetic_srtm
2903,Mine_02903,10.191077,77.435929,654.23,12.03,232.24,6.33,synthetic_srtm
2904,Mine_02904,12.542249,77.191143,1781.33,44.68,146.12,18.04,synthetic_srtm
2905,Mine_02905,8.811567,78.130992,771.94,21.93,92.58,6.98,synthetic_srtm
2906,Mine_02906,11.542829,77.78885,2273.32,43.0,238.37,17.2,synthetic_srtm
2907,Mine_02907,11.813494,79.182824,944.59,17.21,25.06,8.99,synthetic_srtm
2908,Mine_02908,9.272901,77.13285,492.68,12.67,194.14,6.4,synthetic_srtm
2909,Mine_02909,12.542855,77.310863,1346.2,26.55,23.15,10.11,synthetic_srtm
2910,Mine_02910,10.007779,79.609996,330.76,1.64,229.42,4.93,synthetic_srtm
2911,Mine_02911,8.840889,79.801557,965.58,23.71,216.9,10.82,synthetic_srtm
2912,Mine_02912,12.036345,77.280949,1267.36,26.86,294.2,12.6,synthetic_srtm
2913,Mine_02913,8.274472,78.501421,765.79,20.52,319.68,8.52,synthetic_srtm
2914,Mine_02914,10.203241,78.172679,906.45,8.4,172.82,7.47,synthetic_srtm
2915,Mine_02915,9.187265,79.192258,413.45,14.53,60.25,4.8,synthetic_srtm
2916,Mine_02916,8.37913,79.890146,544.94,24.3,73.59,11.31,synthetic_srtm
2917,Mine_02917,11.275264,79.261193,451.24,14.72,221.64,7.56,synthetic_srtm
2918,Mine_02918,8.192494,79.15296,860.11,22.91,47.64,8.57,synthetic_srtm
2919,Mine_02919,11.814039,79.731974,404.35,4.63,220.92,5.96,synthetic_srtm
2920,Mine_02920,10.409673,77.615108,281.14,10.51,333.71,5.53,synthetic_srtm
2921,Mine_02921,9.067891,78.1468,493.01,13.19,137.28,7.68,synthetic_srtm
2922,Mine_02922,11.013823,76.763011,1082.18,37.07,170.2,12.72,synthetic_srtm
2923,Mine_02923,12.554689,78.873363,411.57,3.08,56.79,4.45,synthetic_srtm
2924,Mine_02924,8.301068,79.49222,837.13,23.89,317.2,10.6,synthetic_srtm
2925,Mine_02925,8.453519,79.311762,778.33,24.27,10.29,8.4,synthetic_srtm
2926,Mine_02926,10.130929,76.425098,1181.18,42.47,48.78,14.56,synthetic_srtm
2927,Mine_02927,8.424994,77.544702,568.18,5.17,347.75,3.26,synthetic_srtm
2928,Mine_02928,11.039903,77.83346,2002.86,19.04,307.64,9.99,synthetic_srtm
2929,Mine_02929,11.415203,77.917253,1876.83,34.76,69.8,14.62,synthetic_srtm
2930,Mine_02930,13.162302,78.982614,914.83,8.7,132.89,6.24,synthetic_srtm
2931,Mine_02931,12.327357,79.901642,433.35,8.9,354.64,2.74,synthetic_srtm
2932,Mine_02932,10.904186,77.298548,471.87,10.75,357.53,4.02,synthetic_srtm
2933,Mine_02933,12.490036,79.185912,458.46,7.04,190.83,6.54,synthetic_srtm
2934,Mine_02934,12.386611,79.194222,581.28,12.14,139.69,7.93,synthetic_srtm
2935,Mine_02935,11.607169,80.100603,204.5,10.21,311.61,6.89,synthetic_srtm
2936,Mine_02936,9.563892,78.942747,606.21,16.34,342.65,6.03,synthetic_srtm
2937,Mine_02937,9.649953,76.218401,769.25,18.61,61.64,5.89,synthetic_srtm
2938,Mine_02938,9.340444,76.100552,1490.18,31.12,263.75,11.46,synthetic_srtm
2939,Mine_02939,8.560625,76.282247,726.97,17.81,339.05,9.2,synthetic_srtm
2940,Mine_02940,12.932133,80.140004,478.02,3.09,302.32,2.14,synthetic_srtm
2941,Mine_02941,12.389256,76.961708,1150.43,19.97,181.54,6.35,synthetic_srtm
2942,Mine_02942,8.847858,78.03928,689.15,6.66,113.18,5.5,synthetic_srtm
2943,Mine_02943,8.918356,78.590097,250.76,8.26,126.2,5.12,synthetic_srtm
2944,Mine_02944,12.13219,80.240175,591.77,20.66,55.11,6.65,synthetic_srtm
2945,Mine_02945,8.609087,77.29983,861.63,5.94,116.24,5.51,synthetic_srtm
2946,Mine_02946,11.348412,76.29459,1246.62,29.13,240.11,12.66,synthetic_srtm
2947,Mine_02947,10.339783,76.571593,1575.73,18.95,311.83,5.97,synthetic_srtm
2948,Mine_02948,9.877201,80.349767,475.63,9.38,261.07,4.19,synthetic_srtm
2949,Mine_02949,9.155291,79.527626,697.92,23.92,245.49,8.15,synthetic_srtm
2950,Mine_02950,11.946105,78.95863,443.06,6.0,21.01,4.28,synthetic_srtm
2951,Mine_02951,10.959633,78.048325,545.1,9.54,257.42,5.59,synthetic_srtm
2952,Mine_02952,9.504713,80.17055,481.87,9.48,196.7,5.61,synthetic_srtm
2953,Mine_02953,11.950597,77.515969,1974.44,33.8,339.72,14.31,synthetic_srtm
2954,Mine_02954,12.848559,76.507203,791.03,16.48,183.17,9.1,synthetic_srtm
2955,Mine_02955,9.394081,78.850437,807.7,6.99,192.53,5.09,synthetic_srtm
2956,Mine_02956,8.913354,78.984381,964.34,6.16,52.56,5.71,synthetic_srtm
2957,Mine_02957,12.450852,79.692815,471.51,4.04,131.66,5.19,synthetic_srtm
2958,Mine_02958,9.303728,79.483857,779.76,22.05,322.45,9.33,synthetic_srtm
2959,Mine_02959,10.174109,80.42423,458.98,10.01,207.78,4.37,synthetic_srtm
2960,Mine_02960,11.284842,79.227888,971.15,24.46,55.99,11.62,synthetic_srtm
2961,Mine_02961,8.17708,78.785151,786.8,24.56,193.48,11.94,synthetic_srtm
2962,Mine_02962,11.579254,78.371438,473.73,10.08,213.21,5.93,synthetic_srtm
2963,Mine_02963,9.526408,79.889924,463.99,8.72,226.25,6.81,synthetic_srtm
2964,Mine_02964,12.178414,79.426514,548.15,15.6,23.1,5.99,synthetic_srtm
2965,Mine_02965,9.275917,80.066762,435.41,12.83,139.51,6.18,synthetic_srtm
2966,Mine_02966,9.600365,78.640387,865.38,22.95,30.43,11.51,synthetic_srtm
2967,Mine_02967,8.065661,78.255448,725.56,20.4,355.8,8.93,synthetic_srtm
2968,Mine_02968,10.523155,80.222873,366.57,11.34,256.49,5.42,synthetic_srtm
2969,Mine_02969,11.023263,76.351469,1577.0,17.73,29.71,6.38,synthetic_srtm
2970,Mine_02970,8.001704,79.970265,652.59,18.0,224.87,9.69,synthetic_srtm
2971,Mine_02971,11.771498,79.181652,672.43,23.45,118.9,9.92,synthetic_srtm
2972,Mine_02972,12.713963,77.219264,1498.98,17.2,44.93,7.64,synthetic_srtm
2973,Mine_02973,10.229383,76.827597,676.27,6.74,275.22,3.54,synthetic_srtm
2974,Mine_02974,11.301597,78.569399,486.58,12.42,38.96,6.94,synthetic_srtm
2975,Mine_02975,9.917747,76.808861,1355.4,19.48,99.4,10.07,synthetic_srtm
2976,Mine_02976,12.285628,78.884371,432.93,12.83,162.16,8.33,synthetic_srtm
2977,Mine_02977,10.51249,79.71634,683.55,14.87,248.97,7.46,synthetic_srtm
2978,Mine_02978,13.421755,78.946041,328.65,1.3,35.94,2.62,synthetic_srtm
2979,Mine_02979,9.917945,79.978386,789.86,24.25,67.88,9.9,synthetic_srtm
2980,Mine_02980,10.466289,78.956068,215.89,1.21,7.05,4.32,synthetic_srtm
2981,Mine_02981,12.242919,76.215174,1640.98,38.59,123.36,12.73,synthetic_srtm
2982,Mine_02982,8.182581,80.485432,366.37,11.87,319.3,6.86,synthetic_srtm
2983,Mine_02983,10.155896,78.906704,484.94,3.0,10.81,5.17,synthetic_srtm
2984,Mine_02984,9.408589,79.956316,771.34,20.81,152.02,11.14,synthetic_srtm
2985,Mine_02985,11.799681,76.993152,989.12,5.05,84.73,3.32,synthetic_srtm
2986,Mine_02986,9.346175,78.919817,387.98,11.16,28.11,6.15,synthetic_srtm
2987,Mine_02987,11.847991,76.123168,572.38,10.32,265.78,4.12,synthetic_srtm
2988,Mine_02988,9.290759,76.510572,548.12,17.43,285.29,9.91,synthetic_srtm
2989,Mine_02989,10.050455,79.058541,521.23,7.85,259.47,4.74,synthetic_srtm
2990,Mine_02990,9.057604,76.308367,1357.96,15.45,295.5,6.19,synthetic_srtm
2991,Mine_02991,8.460149,77.229906,434.48,3.81,5.74,1.86,synthetic_srtm
2992,Mine_02992,12.019193,77.345861,1077.75,36.99,194.58,14.58,synthetic_srtm
2993,Mine_02993,11.110425,80.057135,688.97,7.21,126.42,4.97,synthetic_srtm
2994,Mine_02994,13.136414,77.453899,2310.87,40.57,157.95,14.47,synthetic_srtm
2995,Mine_02995,9.532822,78.387277,557.09,6.13,136.53,3.41,synthetic_srtm
2996,Mine_02996,9.387604,77.803125,723.45,16.78,121.97,6.03,synthetic_srtm
2997,Mine_02997,13.474418,77.469236,2091.14,34.99,186.16,11.91,synthetic_srtm
2998,Mine_02998,12.383846,76.421372,1253.0,26.33,346.8,12.29,synthetic_srtm
2999,Mine_02999,8.243703,76.213213,1252.66,18.77,354.13,6.77,synthetic_srtm
3000,Mine_03000,10.941976,78.067059,909.54,17.2,89.42,5.56,synthetic_srtm
3001,Mine_03001,8.40324,77.005171,232.83,6.75,184.04,3.47,synthetic_srtm
3002,Mine_03002,8.992657,79.375378,930.93,15.46,107.48,6.33,synthetic_srtm
3003,Mine_03003,10.815053,80.202402,337.24,10.3,301.8,5.11,synthetic_srtm
3004,Mine_03004,11.233858,77.245917,2269.57,18.3,163.3,8.57,synthetic_srtm
3005,Mine_03005,10.09808,76.620653,1484.77,30.12,53.44,9.66,synthetic_srtm
3006,Mine_03006,10.695709,76.642727,1028.57,15.19,175.62,7.18,synthetic_srtm
3007,Mine_03007,9.354461,80.198567,683.61,12.71,260.13,6.92,synthetic_srtm
3008,Mine_03008,12.599704,77.836869,1436.48,44.48,245.51,16.22,synthetic_srtm
3009,Mine_03009,12.282587,80.004989,359.28,14.98,135.05,9.38,synthetic_srtm
3010,Mine_03010,8.080457,79.956947,204.52,12.38,346.47,7.27,synthetic_srtm
3011,Mine_03011,8.215227,77.470955,960.27,17.1,170.49,5.5,synthetic_srtm
3012,Mine_03012,8.172698,77.669155,981.46,13.8,278.6,5.34,synthetic_srtm
3013,Mine_03013,10.398271,77.232091,369.39,5.02,122.47,5.96,synthetic_srtm
3014,Mine_03014,11.004364,77.068854,1653.15,18.06,319.88,8.75,synthetic_srtm
3015,Mine_03015,13.215345,76.521122,1422.99,44.98,162.15,14.84,synthetic_srtm
3016,Mine_03016,12.179333,78.179915,528.87,17.6,148.8,6.16,synthetic_srtm
3017,Mine_03017,12.352378,78.582224,523.52,24.08,310.44,9.0,synthetic_srtm
3018,Mine_03018,9.709356,78.699749,209.1,2.23,220.88,3.03,synthetic_srtm
3019,Mine_03019,10.813333,79.153293,623.84,23.78,196.32,8.3,synthetic_srtm
3020,Mine_03020,8.976909,76.716254,1280.96,42.98,314.53,16.37,synthetic_srtm
3021,Mine_03021,11.540573,78.364702,346.55,11.58,138.25,5.46,synthetic_srtm
3022,Mine_03022,10.863299,76.331694,1411.13,42.35,76.88,14.5,synthetic_srtm
3023,Mine_03023,8.041753,78.577018,814.51,5.83,40.93,5.28,synthetic_srtm
3024,Mine_03024,8.024209,76.001486,1625.4,44.64,269.22,14.91,synthetic_srtm
3025,Mine_03025,9.07178,76.36488,906.18,18.15,15.53,9.24,synthetic_srtm
3026,Mine_03026,11.345735,79.03135,370.05,12.98,165.15,6.45,synthetic_srtm
3027,Mine_03027,12.356106,80.470154,412.33,11.14,199.18,7.74,synthetic_srtm
3028,Mine_03028,11.141913,76.034431,1328.31,42.06,262.65,16.28,synthetic_srtm
3029,Mine_03029,8.899074,77.150795,715.38,24.9,194.85,12.19,synthetic_srtm
3030,Mine_03030,12.791896,79.462597,966.04,18.18,184.84,9.85,synthetic_srtm
3031,Mine_03031,9.703104,76.137968,1610.61,44.51,69.12,17.8,synthetic_srtm
3032,Mine_03032,12.049678,76.167547,1395.9,18.79,232.67,5.88,synthetic_srtm
3033,Mine_03033,12.008183,80.481387,570.43,22.44,50.42,6.89,synthetic_srtm
3034,Mine_03034,12.625652,79.428159,493.0,10.08,164.75,4.62,synthetic_srtm
3035,Mine_03035,8.702806,76.546492,1268.41,24.31,146.82,12.11,synthetic_srtm
3036,Mine_03036,8.406939,76.914803,1437.17,28.0,96.72,12.38,synthetic_srtm
3037,Mine_03037,8.467062,78.793199,570.16,19.86,82.05,6.37,synthetic_srtm
3038,Mine_03038,11.531736,77.865926,2309.13,22.65,259.55,9.7,synthetic_srtm
3039,Mine_03039,9.338951,80.458263,558.98,14.4,162.14,6.85,synthetic_srtm
3040,Mine_03040,12.790579,78.904707,573.06,23.49,193.23,9.41,synthetic_srtm
3041,Mine_03041,10.161155,79.958686,926.59,12.11,214.82,7.36,synthetic_srtm
3042,Mine_03042,10.595659,79.837315,293.21,14.37,190.17,4.34,synthetic_srtm
3043,Mine_03043,8.095151,79.503409,510.13,11.55,0.42,7.53,synthetic_srtm
3044,Mine_03044,8.871978,77.790822,979.06,21.83,165.02,7.17,synthetic_srtm
3045,Mine_03045,10.582551,77.7056,953.71,23.77,144.25,7.91,synthetic_srtm
3046,Mine_03046,13.296724,79.645692,257.19,4.79,38.15,5.06,synthetic_srtm
3047,Mine_03047,10.90477,79.999275,541.38,5.66,112.76,2.9,synthetic_srtm
3048,Mine_03048,11.585519,77.307607,2396.14,15.6,156.35,8.61,synthetic_srtm
3049,Mine_03049,11.771983,77.377717,2121.91,34.51,318.06,14.88,synthetic_srtm
3050,Mine_03050,10.262868,77.563002,806.47,22.14,80.65,11.14,synthetic_srtm
3051,Mine_03051,12.67321,80.401155,766.52,13.76,174.8,7.64,synthetic_srtm
3052,Mine_03052,9.024703,80.170674,693.87,17.29,316.78,5.68,synthetic_srtm
3053,Mine_03053,8.309485,77.947022,763.03,7.62,336.0,6.35,synthetic_srtm
3054,Mine_03054,9.797511,76.726282,727.0,7.91,317.24,3.88,synthetic_srtm
3055,Mine_03055,13.432753,77.978278,1433.32,38.5,141.84,15.72,synthetic_srtm
3056,Mine_03056,12.682845,80.24106,702.72,8.3,294.48,3.76,synthetic_srtm
3057,Mine_03057,10.478949,78.537179,901.9,19.93,13.02,9.94,synthetic_srtm
3058,Mine_03058,10.473139,77.261934,876.77,9.44,254.77,7.03,synthetic_srtm
3059,Mine_03059,13.002462,79.019556,501.24,20.49,140.77,8.42,synthetic_srtm
3060,Mine_03060,13.444701,79.045009,758.09,5.57,185.65,3.63,synthetic_srtm
3061,Mine_03061,8.817789,77.5689,903.64,6.13,158.17,5.86,synthetic_srtm
3062,Mine_03062,8.666748,78.514745,212.32,14.53,177.62,8.27,synthetic_srtm
3063,Mine_03063,9.270297,77.796313,362.9,12.8,72.64,4.29,synthetic_srtm
3064,Mine_03064,12.901142,76.494469,882.34,24.9,199.82,9.86,synthetic_srtm
3065,Mine_03065,10.776899,80.28298,250.25,2.03,322.09,3.01,synthetic_srtm
3066,Mine_03066,8.987466,77.946915,325.33,2.82,353.89,3.79,synthetic_srtm
3067,Mine_03067,10.59334,80.221357,798.35,6.31,282.51,3.26,synthetic_srtm
3068,Mine_03068,9.541459,79.215233,841.9,15.77,131.91,6.37,synthetic_srtm
3069,Mine_03069,10.487728,79.305013,784.92,20.32,186.28,6.86,synthetic_srtm
3070,Mine_03070,9.101982,78.441566,579.71,16.24,93.96,4.96,synthetic_srtm
3071,Mine_03071,8.25256,77.52435,867.32,6.31,103.49,4.82,synthetic_srtm
3072,Mine_03072,13.479332,79.314507,294.75,11.39,10.7,6.6,synthetic_srtm
3073,Mine_03073,10.415557,79.540585,461.07,2.07,212.55,4.4,synthetic_srtm
3074,Mine_03074,12.302067,80.301153,340.08,14.31,294.88,6.53,synthetic_srtm
3075,Mine_03075,9.905116,78.550686,962.09,13.21,215.06,4.33,synthetic_srtm
3076,Mine_03076,8.455025,78.355175,356.86,14.0,272.12,8.32,synthetic_srtm
3077,Mine_03077,12.992016,79.219123,369.0,2.94,149.38,4.91,synthetic_srtm
3078,Mine_03078,13.460329,78.801659,338.8,2.25,164.94,4.95,synthetic_srtm
3079,Mine_03079,9.076811,79.65873,811.08,7.97,317.63,4.23,synthetic_srtm
3080,Mine_03080,9.394866,78.983605,836.78,6.27,182.59,4.21,synthetic_srtm
3081,Mine_03081,10.133618,76.00079,1472.25,19.8,46.86,10.06,synthetic_srtm
3082,Mine_03082,8.621007,79.069903,611.7,10.91,287.03,4.5,synthetic_srtm
3083,Mine_03083,8.199016,77.096475,291.72,0.71,228.73,0.49,synthetic_srtm
3084,Mine_03084,12.861215,80.09805,650.14,9.1,306.38,5.27,synthetic_srtm
3085,Mine_03085,9.28992,76.889114,795.47,18.42,74.51,9.84,synthetic_srtm
3086,Mine_03086,9.028144,78.866246,402.58,4.03,194.58,2.64,synthetic_srtm
3087,Mine_03087,13.336616,77.551029,1743.1,43.56,75.81,14.14,synthetic_srtm
3088,Mine_03088,8.007842,79.292974,237.8,9.85,54.88,3.37,synthetic_srtm
3089,Mine_03089,9.979854,76.072164,989.09,21.6,29.25,6.52,synthetic_srtm
3090,Mine_03090,10.786293,80.007098,219.06,2.13,62.05,3.05,synthetic_srtm
3091,Mine_03091,10.237413,77.213415,745.7,23.19,0.74,7.94,synthetic_srtm
3092,Mine_03092,9.972551,79.374444,666.77,20.6,305.92,9.61,synthetic_srtm
3093,Mine_03093,10.165462,76.807726,731.08,16.16,125.28,9.55,synthetic_srtm
3094,Mine_03094,13.198146,76.927316,1239.68,41.57,344.73,16.62,synthetic_srtm
3095,Mine_03095,13.033277,77.070193,1519.63,35.48,1.62,15.27,synthetic_srtm
3096,Mine_03096,10.839282,79.929217,991.51,13.07,220.1,6.32,synthetic_srtm
3097,Mine_03097,9.898366,76.079155,1019.63,18.18,208.41,6.19,synthetic_srtm
3098,Mine_03098,8.949222,77.858745,763.58,24.81,175.5,9.07,synthetic_srtm
3099,Mine_03099,13.230325,78.618717,644.53,15.3,254.04,7.99,synthetic_srtm
3100,Mine_03100,12.836296,80.031705,676.72,17.75,321.58,6.88,synthetic_srtm
3101,Mine_03101,12.951524,77.450598,1733.72,33.24,330.86,12.44,synthetic_srtm
3102,Mine_03102,11.101585,77.811048,1964.67,26.81,282.33,8.27,synthetic_srtm
3103,Mine_03103,9.897406,79.014771,558.3,24.39,111.9,9.82,synthetic_srtm
3104,Mine_03104,10.867671,79.074745,728.95,21.75,265.88,11.07,synthetic_srtm
3105,Mine_03105,11.283282,77.308959,2314.24,41.38,290.05,16.1,synthetic_srtm
3106,Mine_03106,9.653413,78.975194,794.79,17.44,322.46,6.3,synthetic_srtm
3107,Mine_03107,10.160442,77.776842,703.58,17.31,82.55,9.81,synthetic_srtm
3108,Mine_03108,8.512538,80.220065,599.29,19.18,340.82,9.45,synthetic_srtm
3109,Mine_03109,12.656854,76.711276,750.29,8.18,312.99,6.36,synthetic_srtm
3110,Mine_03110,13.436886,79.036584,305.46,5.33,94.08,4.64,synthetic_srtm
3111,Mine_03111,12.304646,78.646495,260.45,3.9,184.94,3.07,synthetic_srtm
3112,Mine_03112,11.196941,78.360448,256.55,0.91,230.63,1.95,synthetic_srtm
3113,Mine_03113,8.455063,79.45825,371.94,11.03,72.78,4.27,synthetic_srtm
3114,Mine_03114,11.180396,80.012497,549.37,19.67,240.61,6.21,synthetic_srtm
3115,Mine_03115,11.984871,77.354439,1173.61,32.19,166.98,14.48,synthetic_srtm
3116,Mine_03116,8.825133,78.271609,222.61,10.83,200.46,7.01,synthetic_srtm
3117,Mine_03117,13.235822,77.398169,2317.12,21.01,73.47,9.48,synthetic_srtm
3118,Mine_03118,8.674406,77.332527,895.37,20.09,12.09,7.92,synthetic_srtm
3119,Mine_03119,11.366259,77.922315,1561.6,31.59,253.78,11.64,synthetic_srtm
3120,Mine_03120,9.929143,76.967034,668.01,22.1,180.86,9.85,synthetic_srtm
3121,Mine_03121,11.438646,78.206847,266.45,8.3,245.02,7.06,synthetic_srtm
3122,Mine_03122,13.085305,79.238603,394.95,7.68,89.72,5.91,synthetic_srtm
3123,Mine_03123,9.510145,77.831212,665.84,10.46,137.53,6.59,synthetic_srtm
3124,Mine_03124,8.596647,80.325757,829.56,23.29,260.96,9.82,synthetic_srtm
3125,Mine_03125,12.595661,78.600582,353.23,8.01,23.4,7.15,synthetic_srtm
3126,Mine_03126,12.475616,76.118281,1507.79,33.97,152.4,11.29,synthetic_srtm
3127,Mine_03127,11.583118,78.325044,963.89,6.16,156.57,2.7,synthetic_srtm
3128,Mine_03128,10.88063,76.513388,711.3,20.01,185.84,6.29,synthetic_srtm
3129,Mine_03129,8.410373,77.81303,453.39,13.82,218.99,6.9,synthetic_srtm
3130,Mine_03130,12.774807,76.469508,1515.83,29.3,56.02,12.24,synthetic_srtm
3131,Mine_03131,12.058925,80.139706,343.87,6.91,92.87,4.27,synthetic_srtm
3132,Mine_03132,9.005256,80.031401,480.79,14.54,261.76,7.75,synthetic_srtm
3133,Mine_03133,12.020289,79.827349,222.69,2.57,355.67,0.88,synthetic_srtm
3134,Mine_03134,8.036258,77.004017,942.89,21.47,308.03,11.33,synthetic_srtm
3135,Mine_03135,10.39914,79.836354,738.96,17.75,179.7,8.73,synthetic_srtm
3136,Mine_03136,11.592219,77.965252,2242.77,43.68,150.38,15.35,synthetic_srtm
3137,Mine_03137,11.448213,78.886151,391.96,13.51,229.5,8.06,synthetic_srtm
3138,Mine_03138,9.281022,77.867705,490.05,9.74,173.89,3.93,synthetic_srtm
3139,Mine_03139,9.033321,78.120566,307.35,13.13,147.18,5.35,synthetic_srtm
3140,Mine_03140,8.261868,78.576545,506.4,17.49,244.39,5.49,synthetic_srtm
3141,Mine_03141,11.705343,77.14668,1304.19,31.22,71.8,11.07,synthetic_srtm
3142,Mine_03142,10.65825,78.582754,595.84,17.25,66.86,8.97,synthetic_srtm
3143,Mine_03143,8.800467,78.72756,689.55,7.04,258.33,3.58,synthetic_srtm
3144,Mine_03144,10.83127,79.72102,876.05,19.28,122.41,10.33,synthetic_srtm
3145,Mine_03145,11.566332,77.304812,2344.88,43.9,170.55,15.21,synthetic_srtm
3146,Mine_03146,13.209141,77.613397,1853.88,28.42,286.58,10.57,synthetic_srtm
3147,Mine_03147,8.114223,77.77985,937.0,19.4,206.97,9.47,synthetic_srtm
3148,Mine_03148,8.032634,76.969755,1553.82,25.21,191.06,8.41,synthetic_srtm
3149,Mine_03149,12.779759,78.894959,766.57,20.49,159.02,6.17,synthetic_srtm
3150,Mine_03150,12.954603,79.232621,583.28,23.05,90.42,8.67,synthetic_srtm
3151,Mine_03151,12.318687,78.307211,375.92,13.86,42.82,6.0,synthetic_srtm
3152,Mine_03152,12.139695,76.770137,1052.99,18.03,113.09,8.56,synthetic_srtm
3153,Mine_03153,11.953505,76.379758,757.66,22.51,20.32,7.42,synthetic_srtm
3154,Mine_03154,10.702776,79.228916,912.99,16.23,282.63,9.15,synthetic_srtm
3155,Mine_03155,12.304414,78.987145,573.24,17.58,30.16,9.67,synthetic_srtm
3156,Mine_03156,12.683531,76.249963,968.64,11.64,93.59,4.56,synthetic_srtm
3157,Mine_03157,8.419384,80.143442,221.14,3.71,268.5,3.41,synthetic_srtm
3158,Mine_03158,12.077672,77.477608,1158.72,16.82,314.91,9.72,synthetic_srtm
3159,Mine_03159,13.09888,77.181016,1274.75,25.57,128.94,8.48,synthetic_srtm
3160,Mine_03160,9.727921,77.683958,829.79,16.02,9.37,5.89,synthetic_srtm
3161,Mine_03161,12.341606,78.398855,641.07,9.44,6.06,3.84,synthetic_srtm
3162,Mine_03162,10.534115,77.032303,650.79,7.22,292.81,2.26,synthetic_srtm
3163,Mine_03163,12.36325,77.931477,2303.95,42.65,282.8,15.21,synthetic_srtm
3164,Mine_03164,9.200359,78.35969,370.5,7.63,104.41,2.4,synthetic_srtm
3165,Mine_03165,9.006354,79.636534,330.33,10.37,232.66,6.61,synthetic_srtm
3166,Mine_03166,11.750478,78.852338,809.21,23.16,112.91,10.09,synthetic_srtm
3167,Mine_03167,10.78227,76.280128,1197.84,17.34,179.79,7.83,synthetic_srtm
3168,Mine_03168,12.419622,76.96954,1442.49,41.14,294.16,17.25,synthetic_srtm
3169,Mine_03169,10.028405,76.922866,913.5,20.09,337.44,7.34,synthetic_srtm
3170,Mine_03170,13.383114,76.586002,532.97,11.95,57.84,7.28,synthetic_srtm
3171,Mine_03171,10.20171,77.637109,747.68,7.58,53.97,5.38,synthetic_srtm
3172,Mine_03172,9.602191,78.706906,381.35,8.26,27.44,5.09,synthetic_srtm
3173,Mine_03173,11.209867,76.191659,853.97,18.44,171.89,10.06,synthetic_srtm
3174,Mine_03174,8.788802,76.75485,1612.12,32.12,95.91,11.92,synthetic_srtm
3175,Mine_03175,8.366661,78.931566,687.71,10.78,62.74,6.76,synthetic_srtm
3176,Mine_03176,9.882245,76.78323,1373.74,15.93,114.27,8.28,synthetic_srtm
3177,Mine_03177,12.575517,79.406644,854.45,11.99,97.94,6.56,synthetic_srtm
3178,Mine_03178,10.918458,78.282786,788.6,8.6,166.26,6.98,synthetic_srtm
3179,Mine_03179,12.337902,79.081839,892.54,25.0,270.92,10.49,synthetic_srtm
3180,Mine_03180,8.668904,79.479938,816.64,10.32,41.15,5.01,synthetic_srtm
3181,Mine_03181,12.943835,79.480781,308.49,4.46,287.36,5.29,synthetic_srtm
3182,Mine_03182,8.51474,76.910263,630.15,10.17,309.93,5.32,synthetic_srtm
3183,Mine_03183,12.967145,76.318616,1260.25,21.35,98.8,10.91,synthetic_srtm
3184,Mine_03184,8.777232,79.981406,359.04,0.58,245.47,0.59,synthetic_srtm
3185,Mine_03185,10.498739,79.124111,389.2,12.02,160.37,7.58,synthetic_srtm
3186,Mine_03186,8.188997,79.721544,362.19,10.75,316.03,3.93,synthetic_srtm
3187,Mine_03187,9.477048,77.941326,646.93,12.72,336.09,4.39,synthetic_srtm
3188,Mine_03188,9.175466,79.001029,205.53,6.5,36.05,2.87,synthetic_srtm
3189,Mine_03189,11.084915,80.212862,893.6,24.41,240.55,9.94,synthetic_srtm
3190,Mine_03190,13.432437,79.434339,848.82,22.55,55.06,8.52,synthetic_srtm
3191,Mine_03191,13.349905,78.520866,535.0,18.54,81.41,8.39,synthetic_srtm
3192,Mine_03192,12.683419,78.80428,388.91,5.49,3.71,3.94,synthetic_srtm
3193,Mine_03193,11.33589,78.786671,349.13,12.32,257.93,7.93,synthetic_srtm
3194,Mine_03194,9.558303,80.401689,735.3,11.87,80.65,6.34,synthetic_srtm
3195,Mine_03195,8.44035,79.693096,518.6,9.75,260.05,5.6,synthetic_srtm
3196,Mine_03196,9.098128,76.183149,1211.7,27.47,235.45,8.89,synthetic_srtm
3197,Mine_03197,13.267111,79.701627,273.04,5.36,128.81,3.55,synthetic_srtm
3198,Mine_03198,11.998569,77.912807,1835.28,38.92,263.14,13.79,synthetic_srtm
3199,Mine_03199,8.347734,79.579529,682.22,24.51,62.26,11.61,synthetic_srtm
3200,Mine_03200,8.220813,76.750355,639.01,16.64,321.76,9.36,synthetic_srtm
3201,Mine_03201,11.435496,76.626197,972.6,21.53,327.12,10.54,synthetic_srtm
3202,Mine_03202,9.025293,76.540862,1543.74,37.95,134.91,14.04,synthetic_srtm
3203,Mine_03203,9.919603,80.312285,667.25,16.7,96.56,7.33,synthetic_srtm
3204,Mine_03204,13.38023,78.120505,826.37,8.85,104.4,6.13,synthetic_srtm
3205,Mine_03205,13.014257,78.735458,708.18,20.71,55.38,6.26,synthetic_srtm
3206,Mine_03206,9.703186,79.15281,701.76,17.57,350.81,5.73,synthetic_srtm
3207,Mine_03207,8.3343,76.486552,710.12,9.52,207.39,4.73,synthetic_srtm
3208,Mine_03208,12.542205,78.226256,660.9,7.17,254.02,3.85,synthetic_srtm
3209,Mine_03209,9.082031,76.72188,513.23,13.8,102.54,5.51,synthetic_srtm
3210,Mine_03210,9.820383,76.780579,1663.54,39.21,307.88,12.88,synthetic_srtm
3211,Mine_03211,12.825041,76.467511,1348.48,38.79,105.99,12.75,synthetic_srtm
3212,Mine_03212,11.581762,80.309851,717.07,6.71,65.46,2.34,synthetic_srtm
3213,Mine_03213,10.958056,78.659608,363.8,11.06,213.49,5.32,synthetic_srtm
3214,Mine_03214,11.651046,78.354661,867.4,17.69,336.29,7.61,synthetic_srtm
3215,Mine_03215,10.340203,76.435143,760.13,21.13,161.22,10.96,synthetic_srtm
3216,Mine_03216,11.689385,77.630855,1566.47,18.45,292.52,6.5,synthetic_srtm
3217,Mine_03217,11.613505,79.407057,574.91,21.45,210.02,8.62,synthetic_srtm
3218,Mine_03218,12.695697,79.611837,330.04,0.92,194.92,1.16,synthetic_srtm
3219,Mine_03219,10.446561,77.524968,839.77,6.16,310.2,4.95,synthetic_srtm
3220,Mine_03220,8.578702,76.634612,1690.61,32.55,157.05,14.33,synthetic_srtm
3221,Mine_03221,10.877358,76.968709,1524.57,23.0,113.87,7.3,synthetic_srtm
3222,Mine_03222,13.028036,78.367823,457.26,10.14,278.14,4.37,synthetic_srtm
3223,Mine_03223,9.120866,76.139989,652.88,24.21,88.4,8.14,synthetic_srtm
3224,Mine_03224,11.958688,76.348353,1636.06,15.89,272.3,5.43,synthetic_srtm
3225,Mine_03225,13.084358,76.047551,821.75,9.07,125.53,4.03,synthetic_srtm
3226,Mine_03226,9.397985,76.001904,1542.1,32.42,299.49,14.25,synthetic_srtm
3227,Mine_03227,11.136365,77.064949,1159.49,18.71,259.98,6.06,synthetic_srtm
3228,Mine_03228,13.039029,78.059713,754.14,6.8,52.91,4.64,synthetic_srtm
3229,Mine_03229,11.127323,79.511522,347.32,8.69,7.76,3.0,synthetic_srtm
3230,Mine_03230,8.244854,80.302746,446.82,11.29,129.83,4.31,synthetic_srtm
3231,Mine_03231,12.406678,78.136398,439.03,12.14,109.7,7.17,synthetic_srtm
3232,Mine_03232,8.75917,76.173985,889.06,11.62,290.19,4.28,synthetic_srtm
3233,Mine_03233,11.383464,78.051502,890.2,17.94,119.04,6.3,synthetic_srtm
3234,Mine_03234,9.941946,76.027823,1579.63,23.42,228.95,7.43,synthetic_srtm
3235,Mine_03235,10.190954,76.375612,630.02,6.85,88.09,2.11,synthetic_srtm
3236,Mine_03236,8.934012,79.601845,257.26,8.31,213.51,4.05,synthetic_srtm
3237,Mine_03237,9.819065,78.535982,498.43,2.06,80.44,1.72,synthetic_srtm
3238,Mine_03238,10.059305,76.932907,792.82,7.14,45.19,5.32,synthetic_srtm
3239,Mine_03239,9.611437,76.225972,965.11,16.11,138.29,6.63,synthetic_srtm
3240,Mine_03240,13.125358,76.653453,638.3,15.79,126.02,5.94,synthetic_srtm
3241,Mine_03241,13.240361,78.569917,637.76,20.3,163.82,9.39,synthetic_srtm
3242,Mine_03242,10.015845,77.024922,764.51,20.37,126.02,6.51,synthetic_srtm
3243,Mine_03243,11.017511,78.853166,360.51,1.46,309.0,0.77,synthetic_srtm
3244,Mine_03244,13.340412,79.003426,735.71,19.96,263.85,8.05,synthetic_srtm
3245,Mine_03245,10.383336,80.333411,637.59,8.5,315.88,7.02,synthetic_srtm
3246,Mine_03246,12.452132,78.817967,588.03,18.75,331.39,6.09,synthetic_srtm
3247,Mine_03247,9.083693,79.061109,866.28,15.83,9.93,6.78,synthetic_srtm
3248,Mine_03248,9.081476,77.20666,612.62,5.69,21.88,4.83,synthetic_srtm
3249,Mine_03249,8.289702,77.318098,931.35,23.89,84.11,10.97,synthetic_srtm
3250,Mine_03250,9.562158,76.11725,1184.43,29.4,92.51,9.85,synthetic_srtm
3251,Mine_03251,11.01011,78.838391,925.86,5.12,130.92,3.77,synthetic_srtm
3252,Mine_03252,12.072851,79.74627,585.23,9.01,270.63,6.49,synthetic_srtm
3253,Mine_03253,8.441777,79.1258,590.26,16.16,93.53,7.52,synthetic_srtm
3254,Mine_03254,11.377046,77.596262,1290.03,16.35,339.76,6.85,synthetic_srtm
3255,Mine_03255,8.936824,78.528346,318.81,2.91,95.95,2.76,synthetic_srtm
3256,Mine_03256,12.967339,77.79045,1917.65,34.13,183.57,12.19,synthetic_srtm
3257,Mine_03257,8.511211,76.07236,1064.05,43.75,65.54,17.74,synthetic_srtm
3258,Mine_03258,11.063538,78.366779,347.64,7.68,42.47,5.69,synthetic_srtm
3259,Mine_03259,10.781959,78.727402,681.06,6.85,329.39,6.52,synthetic_srtm
3260,Mine_03260,13.31031,76.812897,613.15,21.52,239.89,11.37,synthetic_srtm
3261,Mine_03261,12.030071,76.891347,776.51,22.24,220.7,11.35,synthetic_srtm
3262,Mine_03262,10.651522,79.762607,862.29,9.44,281.28,3.79,synthetic_srtm
3263,Mine_03263,12.419866,78.871628,209.08,2.85,325.65,1.53,synthetic_srtm
3264,Mine_03264,9.080807,78.640281,725.33,7.5,90.35,5.23,synthetic_srtm
3265,Mine_03265,8.441257,77.627492,765.81,13.62,54.05,4.3,synthetic_srtm
3266,Mine_03266,10.088097,77.621793,259.99,1.85,296.23,4.11,synthetic_srtm
3267,Mine_03267,10.76044,78.807582,749.26,11.23,298.22,6.71,synthetic_srtm
3268,Mine_03268,11.38398,77.077785,1968.47,29.77,329.25,10.95,synthetic_srtm
3269,Mine_03269,9.457565,76.16555,1595.11,41.85,38.36,16.45,synthetic_srtm
3270,Mine_03270,10.624477,77.94616,778.2,10.31,160.91,3.6,synthetic_srtm
3271,Mine_03271,8.931695,79.581247,878.81,6.88,97.55,2.93,synthetic_srtm
3272,Mine_03272,11.274975,79.497188,712.52,18.08,271.43,6.7,synthetic_srtm
3273,Mine_03273,10.742435,78.73821,283.26,2.81,278.21,5.55,synthetic_srtm
3274,Mine_03274,8.019519,78.760418,789.61,17.2,74.04,8.78,synthetic_srtm
3275,Mine_03275,11.654623,78.169067,813.22,19.72,11.92,6.46,synthetic_srtm
3276,Mine_03276,9.916325,79.230687,894.36,9.35,190.22,6.05,synthetic_srtm
3277,Mine_03277,9.449159,76.899371,701.93,6.5,23.12,5.66,synthetic_srtm
3278,Mine_03278,9.178803,79.093194,723.02,11.6,230.0,3.66,synthetic_srtm
3279,Mine_03279,11.123563,78.219815,440.45,9.13,323.91,3.8,synthetic_srtm
3280,Mine_03280,10.476537,78.074592,394.21,4.8,127.31,4.59,synthetic_srtm
3281,Mine_03281,11.462635,79.224191,423.94,0.91,71.6,2.38,synthetic_srtm
3282,Mine_03282,9.747612,76.628996,1306.36,36.88,328.34,11.93,synthetic_srtm
3283,Mine_03283,8.165791,79.29689,610.33,13.69,228.12,8.41,synthetic_srtm
3284,Mine_03284,8.630616,79.760173,645.48,8.55,135.51,3.36,synthetic_srtm
3285,Mine_03285,8.50321,77.509815,757.39,8.0,249.35,4.12,synthetic_srtm
3286,Mine_03286,12.245484,78.801175,869.13,7.13,26.87,3.3,synthetic_srtm
3287,Mine_03287,12.14492,79.894184,539.16,13.31,338.83,6.59,synthetic_srtm
3288,Mine_03288,8.777475,77.966901,959.04,7.4,224.8,5.89,synthetic_srtm
3289,Mine_03289,13.371634,78.021331,339.59,1.2,20.71,1.67,synthetic_srtm
3290,Mine_03290,8.355873,76.649338,1697.12,28.63,295.36,10.13,synthetic_srtm
3291,Mine_03291,10.083853,77.745174,577.64,11.08,232.19,7.59,synthetic_srtm
3292,Mine_03292,10.182081,78.407631,523.83,7.14,59.43,4.38,synthetic_srtm
3293,Mine_03293,9.625539,80.391052,769.36,18.13,300.7,9.3,synthetic_srtm
3294,Mine_03294,8.144863,80.454654,770.93,8.05,35.43,3.27,synthetic_srtm
3295,Mine_03295,11.299127,76.149383,661.5,8.21,242.49,6.46,synthetic_srtm
3296,Mine_03296,11.333975,77.974815,1174.0,26.61,185.12,8.9,synthetic_srtm
3297,Mine_03297,10.647872,77.433946,653.53,15.75,139.36,5.41,synthetic_srtm
3298,Mine_03298,10.327451,80.421204,500.96,18.29,130.26,8.37,synthetic_srtm
3299,Mine_03299,10.984597,80.215177,588.27,7.87,140.51,2.85,synthetic_srtm
3300,Mine_03300,9.97767,76.626891,806.25,14.36,49.47,4.91,synthetic_srtm
3301,Mine_03301,13.287139,77.465418,2214.54,36.8,250.89,12.69,synthetic_srtm
3302,Mine_03302,9.719134,79.985132,456.31,8.06,303.22,6.62,synthetic_srtm
3303,Mine_03303,9.711934,78.65575,236.49,6.36,70.54,6.25,synthetic_srtm
3304,Mine_03304,8.817764,79.905246,887.35,15.65,196.59,4.7,synthetic_srtm
3305,Mine_03305,12.677786,80.192234,359.34,5.11,303.33,5.33,synthetic_srtm
3306,Mine_03306,8.299128,77.195981,500.35,5.46,173.46,4.78,synthetic_srtm
3307,Mine_03307,10.636954,80.204691,696.43,12.89,58.58,8.5,synthetic_srtm
3308,Mine_03308,9.004922,78.672443,806.04,12.07,236.86,6.54,synthetic_srtm
3309,Mine_03309,8.561898,80.060267,849.53,18.52,57.2,9.07,synthetic_srtm
3310,Mine_03310,13.176719,79.327013,370.37,11.23,340.32,7.66,synthetic_srtm
3311,Mine_03311,11.086631,78.682443,257.83,4.14,17.48,1.64,synthetic_srtm
3312,Mine_03312,9.046214,79.291692,257.74,1.92,245.37,2.96,synthetic_srtm
3313,Mine_03313,10.574978,80.078196,904.68,18.79,122.57,8.65,synthetic_srtm
3314,Mine_03314,12.675462,80.267637,441.1,7.82,128.54,5.96,synthetic_srtm
3315,Mine_03315,11.09143,80.470676,205.52,9.23,146.82,3.8,synthetic_srtm
3316,Mine_03316,10.717552,79.856427,895.3,17.12,55.57,9.63,synthetic_srtm
3317,Mine_03317,10.163775,79.302714,669.26,14.5,74.36,5.84,synthetic_srtm
3318,Mine_03318,8.846785,79.108253,709.11,8.61,71.39,3.93,synthetic_srtm
3319,Mine_03319,11.044195,76.398051,724.2,20.43,77.65,10.96,synthetic_srtm
3320,Mine_03320,12.943461,79.527824,873.74,13.42,188.75,8.0,synthetic_srtm
3321,Mine_03321,11.197055,76.489967,1274.97,23.76,321.78,9.78,synthetic_srtm
3322,Mine_03322,8.312881,76.30221,903.52,19.48,271.37,7.68,synthetic_srtm
3323,Mine_03323,12.692069,79.297537,832.51,21.23,91.66,10.9,synthetic_srtm
3324,Mine_03324,13.123801,80.262414,949.39,21.78,243.98,10.8,synthetic_srtm
3325,Mine_03325,10.73701,78.677186,624.82,7.56,266.44,3.95,synthetic_srtm
3326,Mine_03326,12.486314,79.662797,285.53,0.38,259.03,2.04,synthetic_srtm
3327,Mine_03327,12.318039,77.103067,1712.97,22.44,148.95,7.22,synthetic_srtm
3328,Mine_03328,11.479187,77.656736,2393.14,17.79,240.32,9.39,synthetic_srtm
3329,Mine_03329,11.347199,79.737068,769.81,16.5,76.58,7.37,synthetic_srtm
3330,Mine_03330,12.498886,77.123292,1742.82,30.79,157.71,10.48,synthetic_srtm
3331,Mine_03331,9.450814,79.152695,435.71,6.06,162.29,2.43,synthetic_srtm
3332,Mine_03332,8.929507,78.074544,502.21,16.04,235.75,7.56,synthetic_srtm
3333,Mine_03333,10.487035,76.408491,867.95,11.53,250.51,7.6,synthetic_srtm
3334,Mine_03334,11.163354,76.670422,1247.7,35.71,42.98,15.12,synthetic_srtm
3335,Mine_03335,8.252793,79.947219,545.38,14.14,229.39,8.86,synthetic_srtm
3336,Mine_03336,9.313061,78.555507,811.25,9.0,355.57,7.28,synthetic_srtm
3337,Mine_03337,8.337736,80.135206,326.99,9.21,167.6,6.51,synthetic_srtm
3338,Mine_03338,10.464501,80.379882,652.53,15.75,356.74,5.51,synthetic_srtm
3339,Mine_03339,10.783935,78.381234,894.61,7.38,217.9,3.45,synthetic_srtm
3340,Mine_03340,11.91175,79.205774,654.76,14.89,235.62,5.89,synthetic_srtm
3341,Mine_03341,11.753477,76.38429,817.56,24.16,16.23,7.47,synthetic_srtm
3342,Mine_03342,12.25328,79.175407,363.55,13.0,71.19,4.97,synthetic_srtm
3343,Mine_03343,11.844183,78.293208,240.83,4.89,320.97,2.81,synthetic_srtm
3344,Mine_03344,8.097432,79.951525,574.93,20.98,232.35,8.51,synthetic_srtm
3345,Mine_03345,13.241786,78.94799,214.77,6.67,249.55,4.45,synthetic_srtm
3346,Mine_03346,10.191482,80.241916,890.84,11.91,9.6,6.22,synthetic_srtm
3347,Mine_03347,12.839921,76.453622,1519.02,26.68,333.04,10.09,synthetic_srtm
3348,Mine_03348,10.949923,77.300724,393.43,10.33,99.38,3.63,synthetic_srtm
3349,Mine_03349,9.336003,78.739902,974.3,5.61,60.78,4.91,synthetic_srtm
3350,Mine_03350,8.725531,77.531297,294.86,9.51,232.27,7.67,synthetic_srtm
3351,Mine_03351,8.872865,77.855504,971.09,13.43,49.16,6.99,synthetic_srtm
3352,Mine_03352,9.886631,78.290987,892.55,10.26,129.4,4.58,synthetic_srtm
3353,Mine_03353,10.259961,76.103903,1386.89,21.57,44.91,7.81,synthetic_srtm
3354,Mine_03354,8.253182,80.44049,908.16,9.0,118.56,3.68,synthetic_srtm
3355,Mine_03355,13.457318,79.852646,725.55,10.21,66.96,4.22,synthetic_srtm
3356,Mine_03356,10.225293,77.670189,607.67,13.7,340.48,7.98,synthetic_srtm
3357,Mine_03357,12.070291,79.736466,859.46,12.01,137.53,5.41,synthetic_srtm
3358,Mine_03358,10.708173,80.281884,756.98,23.26,163.93,10.61,synthetic_srtm
3359,Mine_03359,8.564979,77.97597,326.64,13.8,213.76,7.57,synthetic_srtm
3360,Mine_03360,12.443413,77.156882,2251.91,18.0,82.84,7.66,synthetic_srtm
3361,Mine_03361,11.668055,77.576902,1753.28,29.7,52.68,10.2,synthetic_srtm
3362,Mine_03362,11.988244,79.837624,428.54,10.67,23.74,7.82,synthetic_srtm
3363,Mine_03363,12.687808,76.88923,734.99,16.58,334.58,7.73,synthetic_srtm
3364,Mine_03364,8.919786,78.637027,462.3,0.34,328.17,0.35,synthetic_srtm
3365,Mine_03365,13.188851,77.196921,2263.08,18.08,219.35,6.99,synthetic_srtm
3366,Mine_03366,9.145637,79.181486,844.96,14.65,46.89,4.5,synthetic_srtm
3367,Mine_03367,8.893635,76.289768,1532.92,35.06,115.55,10.97,synthetic_srtm
3368,Mine_03368,10.593771,78.823017,252.26,14.1,240.66,5.23,synthetic_srtm
3369,Mine_03369,9.291984,79.045449,475.6,3.66,335.25,5.71,synthetic_srtm
3370,Mine_03370,9.197694,76.794805,713.78,21.07,22.94,9.15,synthetic_srtm
3371,Mine_03371,9.010138,76.044791,926.36,7.98,310.25,2.56,synthetic_srtm
3372,Mine_03372,11.056152,76.985078,1220.56,28.8,190.53,12.68,synthetic_srtm
3373,Mine_03373,11.151463,80.485714,807.07,21.96,216.51,10.97,synthetic_srtm
3374,Mine_03374,11.355437,78.818152,477.57,9.37,16.22,7.46,synthetic_srtm
3375,Mine_03375,10.576839,79.640434,271.94,11.23,130.45,5.02,synthetic_srtm
3376,Mine_03376,11.852626,77.830341,1570.98,30.18,330.11,10.01,synthetic_srtm
3377,Mine_03377,9.608049,76.684269,1401.74,17.39,2.23,6.81,synthetic_srtm
3378,Mine_03378,9.641718,78.313847,922.8,15.58,62.51,6.97,synthetic_srtm
3379,Mine_03379,13.240782,77.257103,2251.58,41.1,212.01,14.47,synthetic_srtm
3380,Mine_03380,9.441944,78.210189,420.59,6.13,46.28,4.74,synthetic_srtm
3381,Mine_03381,10.648046,78.946816,376.48,0.74,65.08,4.68,synthetic_srtm
3382,Mine_03382,10.895275,79.513716,836.68,17.42,146.26,8.7,synthetic_srtm
3383,Mine_03383,10.921339,80.238115,631.99,24.43,260.81,9.34,synthetic_srtm
3384,Mine_03384,11.483432,80.022505,984.1,13.42,283.24,5.22,synthetic_srtm
3385,Mine_03385,12.851593,76.39681,1073.3,25.7,232.42,11.8,synthetic_srtm
3386,Mine_03386,8.662093,76.535985,1472.79,26.22,286.71,8.14,synthetic_srtm
3387,Mine_03387,8.585003,76.949287,1650.69,33.06,342.82,10.64,synthetic_srtm
3388,Mine_03388,12.851299,76.24731,1634.92,44.66,82.12,17.53,synthetic_srtm
3389,Mine_03389,10.022292,79.518974,470.13,1.28,341.31,1.6,synthetic_srtm
3390,Mine_03390,8.736301,79.688823,634.19,21.46,319.35,7.41,synthetic_srtm
3391,Mine_03391,11.712802,79.450467,429.29,8.79,326.02,7.15,synthetic_srtm
3392,Mine_03392,11.81398,76.817864,554.99,7.92,40.07,7.15,synthetic_srtm
3393,Mine_03393,11.941904,79.625081,229.13,11.54,174.45,7.29,synthetic_srtm
3394,Mine_03394,11.306588,79.659639,217.55,13.93,216.77,4.26,synthetic_srtm
3395,Mine_03395,9.761423,80.159222,573.52,13.63,269.46,7.43,synthetic_srtm
3396,Mine_03396,8.050018,77.952136,580.77,13.71,344.79,6.16,synthetic_srtm
3397,Mine_03397,12.633369,77.805535,1194.86,38.4,115.44,15.44,synthetic_srtm
3398,Mine_03398,11.846684,77.650224,1467.16,18.26,66.4,10.26,synthetic_srtm
3399,Mine_03399,12.133369,76.815004,531.17,12.9,126.28,4.56,synthetic_srtm
3400,Mine_03400,10.716554,76.686887,874.69,13.03,104.93,8.7,synthetic_srtm
3401,Mine_03401,9.628959,79.919143,752.89,7.06,1.7,4.88,synthetic_srtm
3402,Mine_03402,11.420208,79.422395,894.81,24.6,208.41,8.38,synthetic_srtm
3403,Mine_03403,11.551299,77.810883,2043.26,28.93,93.14,9.57,synthetic_srtm
3404,Mine_03404,13.321796,77.605405,1144.37,29.73,158.16,13.15,synthetic_srtm
3405,Mine_03405,11.462054,78.271952,866.56,15.81,22.94,9.29,synthetic_srtm
3406,Mine_03406,13.428987,77.330055,1292.93,17.14,320.9,9.21,synthetic_srtm
3407,Mine_03407,9.361896,77.227728,499.53,8.29,172.47,3.92,synthetic_srtm
3408,Mine_03408,12.592473,78.603693,396.32,8.15,67.61,6.21,synthetic_srtm
3409,Mine_03409,9.456255,77.836563,265.7,9.19,225.03,6.02,synthetic_srtm
3410,Mine_03410,12.728498,78.215655,693.68,10.17,113.3,5.2,synthetic_srtm
3411,Mine_03411,9.973831,80.304644,246.94,1.34,204.93,1.2,synthetic_srtm
3412,Mine_03412,9.832507,80.253119,976.36,19.21,267.59,7.9,synthetic_srtm
3413,Mine_03413,10.642187,76.479233,1567.76,41.59,339.18,13.62,synthetic_srtm
3414,Mine_03414,9.15178,78.507749,629.41,10.48,324.49,3.89,synthetic_srtm
3415,Mine_03415,12.780506,80.490592,964.09,9.89,306.29,7.67,synthetic_srtm
3416,Mine_03416,9.961152,79.452331,422.91,3.09,103.48,1.17,synthetic_srtm
3417,Mine_03417,11.939979,80.053576,646.41,23.29,310.91,8.21,synthetic_srtm
3418,Mine_03418,13.204281,78.178626,319.03,12.09,196.06,6.2,synthetic_srtm
3419,Mine_03419,13.139921,76.674143,1290.69,32.51,119.3,10.65,synthetic_srtm
3420,Mine_03420,10.048347,76.499709,607.49,5.41,199.09,3.62,synthetic_srtm
3421,Mine_03421,9.940433,78.461676,505.39,11.45,201.37,6.07,synthetic_srtm
3422,Mine_03422,9.514566,76.072831,1023.38,43.03,198.41,17.76,synthetic_srtm
3423,Mine_03423,12.939373,79.647621,260.52,6.54,161.57,3.5,synthetic_srtm
3424,Mine_03424,9.062601,76.14219,647.82,6.31,348.3,5.95,synthetic_srtm
3425,Mine_03425,10.533852,79.630518,469.13,11.45,15.76,7.26,synthetic_srtm
3426,Mine_03426,8.431851,78.621708,461.76,6.84,7.01,4.51,synthetic_srtm
3427,Mine_03427,8.999038,79.089969,756.17,21.11,302.46,7.4,synthetic_srtm
3428,Mine_03428,10.723008,77.9437,713.61,7.68,266.69,2.54,synthetic_srtm
3429,Mine_03429,12.118253,79.934224,977.31,16.28,128.8,8.36,synthetic_srtm
3430,Mine_03430,9.878532,77.391884,679.53,20.44,85.6,9.21,synthetic_srtm
3431,Mine_03431,10.054898,79.246595,318.21,14.61,102.61,4.67,synthetic_srtm
3432,Mine_03432,12.035548,80.037087,415.12,13.81,106.97,5.74,synthetic_srtm
3433,Mine_03433,8.284906,79.957359,699.59,7.34,315.03,5.06,synthetic_srtm
3434,Mine_03434,12.07792,76.180273,703.47,13.43,179.69,4.08,synthetic_srtm
3435,Mine_03435,13.316424,77.700097,1189.22,35.55,341.47,14.68,synthetic_srtm
3436,Mine_03436,10.380289,79.104469,868.38,12.98,151.0,6.31,synthetic_srtm
3437,Mine_03437,11.631034,77.484685,2019.15,33.2,289.29,11.98,synthetic_srtm
3438,Mine_03438,9.146674,77.287395,649.08,8.61,189.5,3.9,synthetic_srtm
3439,Mine_03439,8.903521,80.11265,475.02,9.73,247.89,7.73,synthetic_srtm
3440,Mine_03440,11.083536,79.459282,931.62,6.34,132.6,6.31,synthetic_srtm
3441,Mine_03441,12.898522,78.801603,596.96,20.88,193.43,10.5,synthetic_srtm
3442,Mine_03442,12.504299,77.633965,2015.96,15.22,67.89,4.93,synthetic_srtm
3443,Mine_03443,10.856963,79.007302,519.15,11.53,192.74,7.35,synthetic_srtm
3444,Mine_03444,8.107819,77.026395,511.81,8.95,190.56,4.43,synthetic_srtm
3445,Mine_03445,11.189426,77.72677,1022.68,39.81,94.87,12.92,synthetic_srtm
3446,Mine_03446,11.740975,77.639963,2120.47,24.97,347.8,11.93,synthetic_srtm
3447,Mine_03447,12.075972,77.436128,1782.12,19.53,235.85,10.19,synthetic_srtm
3448,Mine_03448,8.914995,76.664756,757.17,16.07,198.28,6.97,synthetic_srtm
3449,Mine_03449,9.597768,78.96867,895.54,14.43,326.32,9.17,synthetic_srtm
3450,Mine_03450,9.163884,76.774848,1351.03,36.34,132.03,13.98,synthetic_srtm
3451,Mine_03451,12.570794,76.445009,1352.62,38.62,304.47,13.44,synthetic_srtm
3452,Mine_03452,10.246303,77.357216,736.12,6.04,349.04,4.06,synthetic_srtm
3453,Mine_03453,8.691883,80.274893,557.44,8.45,75.9,6.45,synthetic_srtm
3454,Mine_03454,10.818413,79.477966,583.05,21.45,334.51,10.92,synthetic_srtm
3455,Mine_03455,11.803784,77.099645,2149.35,15.1,102.05,6.23,synthetic_srtm
3456,Mine_03456,10.81066,76.255789,779.75,11.21,2.41,5.41,synthetic_srtm
3457,Mine_03457,12.514575,78.597087,236.45,6.36,288.3,6.28,synthetic_srtm
3458,Mine_03458,8.730382,77.542303,316.56,6.99,324.33,6.04,synthetic_srtm
3459,Mine_03459,11.677342,76.063366,879.61,8.65,15.93,6.24,synthetic_srtm
3460,Mine_03460,8.939026,79.916474,952.16,21.31,341.69,6.78,synthetic_srtm
3461,Mine_03461,12.000444,78.156591,802.47,21.61,219.88,9.63,synthetic_srtm
3462,Mine_03462,8.600964,77.876449,694.23,19.59,287.07,9.78,synthetic_srtm
3463,Mine_03463,12.172385,77.452313,2176.91,37.21,182.11,13.91,synthetic_srtm
3464,Mine_03464,9.314698,77.15636,536.65,14.46,255.21,6.6,synthetic_srtm
3465,Mine_03465,9.725718,78.960313,980.04,13.55,303.05,8.63,synthetic_srtm
3466,Mine_03466,10.136243,80.319932,750.0,11.81,35.74,5.45,synthetic_srtm
3467,Mine_03467,11.371422,78.106828,786.31,19.4,232.12,8.48,synthetic_srtm
3468,Mine_03468,8.166524,77.352537,648.22,24.37,241.07,8.04,synthetic_srtm
3469,Mine_03469,9.409395,76.266728,1271.52,30.34,292.25,10.75,synthetic_srtm
3470,Mine_03470,11.552846,80.263052,807.05,24.97,23.73,7.57,synthetic_srtm
3471,Mine_03471,11.688827,78.229533,752.46,18.71,55.03,6.38,synthetic_srtm
3472,Mine_03472,8.625108,79.39073,565.41,21.38,12.22,6.72,synthetic_srtm
3473,Mine_03473,11.496564,76.608848,902.52,19.83,284.24,8.51,synthetic_srtm
3474,Mine_03474,9.205599,79.299673,678.48,12.36,98.66,8.7,synthetic_srtm
3475,Mine_03475,8.547097,78.96578,590.68,21.14,125.27,10.96,synthetic_srtm
3476,Mine_03476,9.715992,80.146871,200.52,14.49,59.84,6.53,synthetic_srtm
3477,Mine_03477,9.425755,77.391104,256.6,1.47,333.14,4.97,synthetic_srtm
3478,Mine_03478,11.597646,76.736046,615.89,15.45,192.86,5.34,synthetic_srtm
3479,Mine_03479,11.570024,77.38259,1197.61,22.45,242.29,10.64,synthetic_srtm
3480,Mine_03480,11.258417,76.376324,1314.59,44.61,112.61,15.34,synthetic_srtm
3481,Mine_03481,9.195033,79.739531,307.55,11.41,298.72,7.37,synthetic_srtm
3482,Mine_03482,8.468419,78.688295,558.08,21.55,213.12,7.83,synthetic_srtm
3483,Mine_03483,10.388429,76.424738,1393.75,23.83,288.22,9.41,synthetic_srtm
3484,Mine_03484,8.900297,78.427818,224.9,9.55,251.99,5.14,synthetic_srtm
3485,Mine_03485,11.337112,78.037378,228.09,5.41,219.93,3.96,synthetic_srtm
3486,Mine_03486,13.035456,77.457676,2111.08,29.76,328.15,9.6,synthetic_srtm
3487,Mine_03487,12.930795,76.144168,1260.75,34.94,112.45,12.5,synthetic_srtm
3488,Mine_03488,12.133505,76.357613,1167.47,25.73,65.68,10.86,synthetic_srtm
3489,Mine_03489,9.810038,79.122726,301.79,4.47,106.48,4.53,synthetic_srtm
3490,Mine_03490,9.45746,77.420261,569.81,18.26,248.66,10.33,synthetic_srtm
3491,Mine_03491,9.334819,78.328595,801.95,13.18,147.01,8.92,synthetic_srtm
3492,Mine_03492,12.97943,78.592834,877.18,12.33,312.23,7.18,synthetic_srtm
3493,Mine_03493,11.167508,77.785832,1786.04,22.25,258.84,8.38,synthetic_srtm
3494,Mine_03494,10.955401,78.079269,792.23,6.08,263.27,4.06,synthetic_srtm
3495,Mine_03495,10.495619,79.970213,591.62,7.93,308.51,4.99,synthetic_srtm
3496,Mine_03496,10.892764,76.292677,607.79,17.9,299.91,9.88,synthetic_srtm
3497,Mine_03497,10.341094,76.901008,1592.58,38.44,160.57,12.48,synthetic_srtm
3498,Mine_03498,12.234219,78.466972,648.77,19.85,310.7,9.9,synthetic_srtm
3499,Mine_03499,11.001774,78.078914,342.55,7.33,154.8,2.88,synthetic_srtm
3500,Mine_03500,13.496441,77.961227,1521.45,19.02,230.94,10.18,synthetic_srtm
3501,Mine_03501,12.663658,78.070465,670.25,18.4,90.81,6.58,synthetic_srtm
3502,Mine_03502,9.258721,76.85936,1258.58,21.75,274.42,10.25,synthetic_srtm
3503,Mine_03503,8.797456,77.820324,383.44,6.37,268.41,6.45,synthetic_srtm
3504,Mine_03504,12.91956,77.318076,1552.11,23.04,160.31,9.61,synthetic_srtm
3505,Mine_03505,10.741791,78.77126,465.41,0.68,223.94,3.11,synthetic_srtm
3506,Mine_03506,10.407088,79.849604,525.82,23.13,233.49,9.74,synthetic_srtm
3507,Mine_03507,10.785014,78.205913,627.33,10.41,170.32,3.96,synthetic_srtm
3508,Mine_03508,11.246184,79.067567,983.08,14.55,51.55,6.87,synthetic_srtm
3509,Mine_03509,12.207166,78.279562,241.92,9.54,40.19,3.77,synthetic_srtm
3510,Mine_03510,10.201895,79.999405,831.88,19.02,329.93,9.66,synthetic_srtm
3511,Mine_03511,11.264623,76.139414,667.33,7.44,311.97,5.89,synthetic_srtm
3512,Mine_03512,9.731405,77.440419,950.45,6.52,10.76,6.46,synthetic_srtm
3513,Mine_03513,12.18554,76.838381,1139.08,27.71,356.38,8.63,synthetic_srtm
3514,Mine_03514,9.039107,76.709156,1674.6,38.07,78.93,12.61,synthetic_srtm
3515,Mine_03515,12.058582,80.164532,320.89,10.27,121.43,4.54,synthetic_srtm
3516,Mine_03516,9.837434,78.460609,883.96,19.29,232.63,6.35,synthetic_srtm
3517,Mine_03517,11.479933,79.753031,913.86,23.92,89.21,7.6,synthetic_srtm
3518,Mine_03518,13.076103,76.934785,1208.48,26.84,237.65,9.48,synthetic_srtm
3519,Mine_03519,11.332499,78.22532,951.82,16.17,118.65,4.93,synthetic_srtm
3520,Mine_03520,11.432156,77.975926,1945.76,42.18,333.62,16.61,synthetic_srtm
3521,Mine_03521,8.60831,76.954585,1024.23,32.86,179.29,14.39,synthetic_srtm
3522,Mine_03522,9.671238,79.338401,215.86,2.81,42.45,1.92,synthetic_srtm
3523,Mine_03523,11.450783,78.165093,251.34,6.79,220.24,6.04,synthetic_srtm
3524,Mine_03524,12.41883,78.196376,941.0,15.24,142.05,8.59,synthetic_srtm
3525,Mine_03525,9.355043,78.283046,990.34,12.53,186.67,4.58,synthetic_srtm
3526,Mine_03526,9.433623,80.304289,499.73,8.27,196.11,3.95,synthetic_srtm
3527,Mine_03527,8.143366,77.820663,285.5,2.47,125.57,2.73,synthetic_srtm
3528,Mine_03528,10.886147,76.161926,1235.57,43.86,194.53,14.74,synthetic_srtm
3529,Mine_03529,13.487358,80.388366,207.84,3.62,17.69,1.43,synthetic_srtm
3530,Mine_03530,10.50513,79.833263,912.83,23.26,123.87,10.92,synthetic_srtm
3531,Mine_03531,13.208673,79.076807,463.06,14.12,27.86,4.79,synthetic_srtm
3532,Mine_03532,11.399279,76.411983,1351.59,19.13,143.69,9.68,synthetic_srtm
3533,Mine_03533,9.507198,79.335689,605.46,16.08,222.54,5.56,synthetic_srtm
3534,Mine_03534,12.690283,79.452189,537.51,6.97,112.24,5.75,synthetic_srtm
3535,Mine_03535,12.088235,77.618936,2222.72,18.66,78.48,6.81,synthetic_srtm
3536,Mine_03536,8.2481,77.735033,613.15,6.84,240.63,5.07,synthetic_srtm
3537,Mine_03537,10.534847,79.711763,745.09,20.49,262.21,8.06,synthetic_srtm
3538,Mine_03538,13.409173,76.909317,635.51,8.2,308.94,5.22,synthetic_srtm
3539,Mine_03539,10.441995,79.509476,909.0,11.26,59.95,5.55,synthetic_srtm
3540,Mine_03540,9.076063,76.728147,1258.53,18.29,275.09,8.2,synthetic_srtm
3541,Mine_03541,13.015781,78.803217,840.51,21.03,335.31,6.34,synthetic_srtm
3542,Mine_03542,13.245163,76.308791,818.92,16.4,216.72,9.21,synthetic_srtm
3543,Mine_03543,13.098007,79.347973,930.65,7.71,316.21,4.34,synthetic_srtm
3544,Mine_03544,8.927337,79.408038,937.34,13.21,257.36,7.02,synthetic_srtm
3545,Mine_03545,8.570982,79.858474,534.48,15.24,129.52,8.87,synthetic_srtm
3546,Mine_03546,12.988007,78.657409,226.29,5.29,332.59,2.21,synthetic_srtm
3547,Mine_03547,9.47095,80.273177,502.79,10.52,39.63,4.18,synthetic_srtm
3548,Mine_03548,9.862285,79.575276,328.7,0.93,46.41,1.51,synthetic_srtm
3549,Mine_03549,8.44833,79.734405,779.58,10.39,221.66,6.4,synthetic_srtm
3550,Mine_03550,10.601038,76.866163,911.31,11.96,309.16,4.16,synthetic_srtm
3551,Mine_03551,11.579611,76.64872,1064.62,36.09,285.47,15.16,synthetic_srtm
3552,Mine_03552,11.271539,79.497528,538.45,19.25,316.24,6.97,synthetic_srtm
3553,Mine_03553,11.193987,79.113691,436.5,9.81,52.93,6.93,synthetic_srtm
3554,Mine_03554,10.816431,79.738424,499.77,14.51,49.52,4.35,synthetic_srtm
3555,Mine_03555,12.500305,80.436168,579.34,12.21,151.61,3.77,synthetic_srtm
3556,Mine_03556,11.158545,80.036513,771.23,7.55,24.46,7.01,synthetic_srtm
3557,Mine_03557,8.692878,77.008595,233.16,1.11,188.99,4.79,synthetic_srtm
3558,Mine_03558,10.511337,76.785873,1330.36,27.58,234.99,10.94,synthetic_srtm
3559,Mine_03559,8.365677,78.336977,347.47,0.16,165.78,4.79,synthetic_srtm
3560,Mine_03560,11.680164,77.164039,1151.08,15.66,195.05,6.55,synthetic_srtm
3561,Mine_03561,9.347548,79.47821,279.45,10.7,301.79,5.41,synthetic_srtm
3562,Mine_03562,8.050462,79.429544,544.19,6.16,112.56,1.91,synthetic_srtm
3563,Mine_03563,9.492649,79.290632,488.87,6.25,131.53,6.67,synthetic_srtm
3564,Mine_03564,12.365667,76.150213,1125.22,21.56,114.51,7.98,synthetic_srtm
3565,Mine_03565,10.960211,76.150238,1072.1,35.78,33.98,11.39,synthetic_srtm
3566,Mine_03566,11.16397,78.695956,780.7,18.09,30.62,9.76,synthetic_srtm
3567,Mine_03567,10.215139,76.85517,1628.85,38.37,206.41,15.27,synthetic_srtm
3568,Mine_03568,8.889225,78.750235,316.53,11.83,152.97,6.07,synthetic_srtm
3569,Mine_03569,11.274361,80.074329,349.06,6.74,189.01,4.92,synthetic_srtm
3570,Mine_03570,9.925888,79.304393,724.66,9.85,176.51,3.82,synthetic_srtm
3571,Mine_03571,10.982076,77.352821,433.78,14.24,192.3,4.34,synthetic_srtm
3572,Mine_03572,8.625689,78.146356,542.66,13.07,160.18,6.87,synthetic_srtm
3573,Mine_03573,10.642922,76.062914,984.2,23.59,103.8,9.24,synthetic_srtm
3574,Mine_03574,10.823645,77.123961,565.24,6.65,60.22,5.54,synthetic_srtm
3575,Mine_03575,10.986956,78.546504,292.15,1.28,33.76,3.43,synthetic_srtm
3576,Mine_03576,10.514163,76.306001,1345.63,34.27,77.0,14.75,synthetic_srtm
3577,Mine_03577,11.271446,79.399246,732.83,13.3,20.05,6.65,synthetic_srtm
3578,Mine_03578,8.023514,78.339003,402.36,9.49,42.76,3.72,synthetic_srtm
3579,Mine_03579,12.947249,79.431939,619.7,14.4,192.82,8.96,synthetic_srtm
3580,Mine_03580,8.63051,78.053735,763.94,16.76,348.31,5.22,synthetic_srtm
3581,Mine_03581,9.095063,78.87904,895.84,15.19,168.93,7.21,synthetic_srtm
3582,Mine_03582,10.54112,76.846942,673.24,5.02,234.64,2.8,synthetic_srtm
3583,Mine_03583,8.27213,79.966909,808.29,19.87,9.27,10.57,synthetic_srtm
3584,Mine_03584,12.213949,77.41545,2064.87,15.53,17.68,7.19,synthetic_srtm
3585,Mine_03585,13.053156,77.741564,1281.71,36.91,284.44,13.53,synthetic_srtm
3586,Mine_03586,11.631036,77.218776,1197.62,43.56,65.3,14.61,synthetic_srtm
3587,Mine_03587,8.003364,79.89419,798.32,9.26,26.19,6.03,synthetic_srtm
3588,Mine_03588,11.637366,78.934499,281.69,7.29,271.8,5.88,synthetic_srtm
3589,Mine_03589,8.534734,77.753179,906.11,19.25,146.55,10.16,synthetic_srtm
3590,Mine_03590,12.673912,76.269571,1386.47,24.91,278.8,10.99,synthetic_srtm
3591,Mine_03591,10.126068,76.920941,785.03,11.36,277.38,4.15,synthetic_srtm
3592,Mine_03592,10.446416,79.267815,707.83,9.65,282.67,6.31,synthetic_srtm
3593,Mine_03593,12.154381,79.245707,814.49,21.16,91.21,7.39,synthetic_srtm
3594,Mine_03594,9.584863,76.0415,1051.76,44.07,253.17,15.38,synthetic_srtm
3595,Mine_03595,12.930406,78.634615,700.45,24.88,234.14,7.83,synthetic_srtm
3596,Mine_03596,9.125804,78.782531,741.21,15.07,129.59,8.56,synthetic_srtm
3597,Mine_03597,11.051919,80.171233,510.6,16.02,353.32,4.88,synthetic_srtm
3598,Mine_03598,11.883225,78.546139,911.84,11.98,180.7,4.29,synthetic_srtm
3599,Mine_03599,9.816802,76.811051,1126.31,34.9,86.8,14.37,synthetic_srtm
3600,Mine_03600,13.204743,80.378356,642.82,9.95,149.1,4.97,synthetic_srtm
3601,Mine_03601,9.49564,79.172622,244.54,12.56,82.74,6.44,synthetic_srtm
3602,Mine_03602,12.042242,77.140115,2384.31,27.78,235.97,12.53,synthetic_srtm
3603,Mine_03603,11.612125,78.273448,960.74,17.93,340.95,6.05,synthetic_srtm
3604,Mine_03604,10.835077,77.227259,809.07,15.49,332.54,9.44,synthetic_srtm
3605,Mine_03605,11.754146,76.417347,996.06,16.88,1.39,8.09,synthetic_srtm
3606,Mine_03606,13.255042,77.971942,2161.8,33.08,215.78,13.09,synthetic_srtm
3607,Mine_03607,13.451285,78.086219,212.66,2.05,332.32,2.21,synthetic_srtm
3608,Mine_03608,12.358683,79.37895,828.17,9.08,132.14,7.32,synthetic_srtm
3609,Mine_03609,9.223124,78.597107,615.05,9.35,4.08,5.86,synthetic_srtm
3610,Mine_03610,8.594823,78.952066,259.48,0.37,204.21,3.67,synthetic_srtm
3611,Mine_03611,9.88026,78.068253,781.0,7.32,125.09,5.0,synthetic_srtm
3612,Mine_03612,13.398535,78.8116,711.06,18.17,211.27,7.0,synthetic_srtm
3613,Mine_03613,11.007434,77.428253,1445.7,31.77,356.4,11.09,synthetic_srtm
3614,Mine_03614,8.423624,79.549373,212.27,4.53,39.63,3.62,synthetic_srtm
3615,Mine_03615,11.957181,80.036206,523.5,23.93,81.79,9.0,synthetic_srtm
3616,Mine_03616,9.637151,79.264149,833.98,18.14,59.41,9.9,synthetic_srtm
3617,Mine_03617,10.842229,78.35132,856.52,11.54,99.52,5.54,synthetic_srtm
3618,Mine_03618,11.042806,80.238923,998.01,12.04,222.21,4.03,synthetic_srtm
3619,Mine_03619,9.040794,77.302614,997.98,18.0,59.82,6.51,synthetic_srtm
3620,Mine_03620,10.875322,79.220063,619.64,8.65,19.84,4.62,synthetic_srtm
3621,Mine_03621,9.463825,77.334348,819.94,14.52,99.6,5.35,synthetic_srtm
3622,Mine_03622,11.532798,78.049155,307.26,1.06,243.03,1.46,synthetic_srtm
3623,Mine_03623,12.312521,76.097155,591.83,12.19,179.44,4.52,synthetic_srtm
3624,Mine_03624,12.054983,80.058946,787.19,17.8,88.64,8.0,synthetic_srtm
3625,Mine_03625,10.041792,78.350095,352.21,10.78,48.14,4.67,synthetic_srtm
3626,Mine_03626,12.923212,77.730627,1250.17,31.86,176.93,11.63,synthetic_srtm
3627,Mine_03627,12.040415,76.089094,727.83,5.57,51.71,3.86,synthetic_srtm
3628,Mine_03628,11.089148,79.292738,527.06,14.49,320.85,4.96,synthetic_srtm
3629,Mine_03629,8.974676,77.466991,214.94,5.42,266.79,5.81,synthetic_srtm
3630,Mine_03630,8.376258,79.84755,795.23,20.64,8.48,10.97,synthetic_srtm
3631,Mine_03631,10.895854,76.244208,1674.0,26.44,317.01,8.17,synthetic_srtm
3632,Mine_03632,11.821857,78.022898,746.92,6.68,302.73,5.98,synthetic_srtm
3633,Mine_03633,12.936176,78.037922,801.41,11.27,314.04,6.86,synthetic_srtm
3634,Mine_03634,12.672949,79.424444,209.16,9.42,259.9,6.96,synthetic_srtm
3635,Mine_03635,13.248192,78.69153,747.43,20.39,228.48,9.87,synthetic_srtm
3636,Mine_03636,13.221303,76.146008,999.45,13.01,19.23,5.57,synthetic_srtm
3637,Mine_03637,13.0308,80.179259,649.76,12.09,55.56,5.06,synthetic_srtm
3638,Mine_03638,11.460704,80.475944,285.0,2.04,314.47,2.05,synthetic_srtm
3639,Mine_03639,9.794987,78.818745,277.87,14.35,104.44,8.34,synthetic_srtm
3640,Mine_03640,8.80781,77.606798,659.66,22.92,143.27,7.31,synthetic_srtm
3641,Mine_03641,8.688139,77.81384,329.66,5.73,187.83,6.44,synthetic_srtm
3642,Mine_03642,12.851278,76.145082,1195.96,33.15,189.99,12.23,synthetic_srtm
3643,Mine_03643,13.352223,77.289457,1168.51,17.57,227.22,5.84,synthetic_srtm
3644,Mine_03644,10.31806,77.996157,857.55,23.58,183.5,7.67,synthetic_srtm
3645,Mine_03645,12.850778,76.727683,860.7,15.29,230.25,7.47,synthetic_srtm
3646,Mine_03646,10.318412,79.62946,773.84,5.74,192.71,2.08,synthetic_srtm
3647,Mine_03647,8.929869,78.247735,723.69,18.07,238.25,7.26,synthetic_srtm
3648,Mine_03648,9.439798,79.119054,670.22,14.05,255.85,5.79,synthetic_srtm
3649,Mine_03649,12.045015,78.48132,818.12,22.45,303.63,11.21,synthetic_srtm
3650,Mine_03650,11.275005,79.712202,506.32,17.73,220.03,10.19,synthetic_srtm
3651,Mine_03651,11.193021,76.118588,1122.69,16.6,34.33,6.7,synthetic_srtm
3652,Mine_03652,12.676974,78.548129,221.1,14.9,213.89,4.69,synthetic_srtm
3653,Mine_03653,11.509059,77.270923,1398.73,31.8,231.8,10.0,synthetic_srtm
3654,Mine_03654,9.515759,79.045453,314.59,2.08,187.49,4.79,synthetic_srtm
3655,Mine_03655,12.496421,77.709596,1372.14,28.01,333.78,9.46,synthetic_srtm
3656,Mine_03656,11.544888,79.605905,490.73,0.84,42.38,4.47,synthetic_srtm
3657,Mine_03657,11.208263,79.048456,721.57,21.44,199.37,8.81,synthetic_srtm
3658,Mine_03658,9.002609,79.446458,692.76,16.66,258.61,9.46,synthetic_srtm
3659,Mine_03659,13.010776,76.758838,1587.88,18.3,129.5,7.39,synthetic_srtm
3660,Mine_03660,12.822904,76.534768,635.07,13.56,12.72,7.68,synthetic_srtm
3661,Mine_03661,9.702983,76.175746,1185.98,19.14,242.29,8.89,synthetic_srtm
3662,Mine_03662,10.941328,79.498179,202.43,8.8,201.45,2.74,synthetic_srtm
3663,Mine_03663,11.240269,76.057273,773.17,24.77,242.11,9.78,synthetic_srtm
3664,Mine_03664,13.225543,79.162328,668.73,9.89,181.18,7.53,synthetic_srtm
3665,Mine_03665,12.334792,76.569366,1097.07,21.55,154.42,8.83,synthetic_srtm
3666,Mine_03666,12.322294,79.460777,381.15,10.67,30.29,5.11,synthetic_srtm
3667,Mine_03667,10.749909,78.567568,829.02,9.52,0.22,6.14,synthetic_srtm
3668,Mine_03668,8.807366,77.313076,801.42,10.58,316.75,5.12,synthetic_srtm
3669,Mine_03669,8.294061,78.293877,474.88,0.2,284.18,5.04,synthetic_srtm
3670,Mine_03670,9.563242,80.068486,246.74,12.08,208.69,8.41,synthetic_srtm
3671,Mine_03671,10.962685,79.943838,812.68,19.21,288.61,8.59,synthetic_srtm
3672,Mine_03672,12.590167,77.244566,1623.63,29.02,312.07,11.07,synthetic_srtm
3673,Mine_03673,13.220479,78.693187,535.42,8.66,27.54,4.94,synthetic_srtm
3674,Mine_03674,8.149387,79.195468,703.75,22.2,127.62,11.32,synthetic_srtm
3675,Mine_03675,9.213553,77.058266,939.9,21.55,155.94,8.16,synthetic_srtm
3676,Mine_03676,10.711916,77.606475,985.73,9.2,226.92,6.11,synthetic_srtm
3677,Mine_03677,9.929075,79.069778,914.86,17.53,97.08,9.44,synthetic_srtm
3678,Mine_03678,8.503756,77.513533,356.53,13.15,251.15,4.98,synthetic_srtm
3679,Mine_03679,9.551372,79.982742,492.4,12.93,181.34,8.15,synthetic_srtm
3680,Mine_03680,8.539519,80.389707,750.28,5.16,14.8,6.41,synthetic_srtm
3681,Mine_03681,8.410737,76.685171,1361.59,26.45,271.78,12.5,synthetic_srtm
3682,Mine_03682,9.866932,76.556613,853.44,21.96,322.42,7.45,synthetic_srtm
3683,Mine_03683,9.537641,80.373312,351.9,9.05,173.67,4.65,synthetic_srtm
3684,Mine_03684,13.127935,80.416845,725.12,5.94,33.31,4.46,synthetic_srtm
3685,Mine_03685,9.332681,80.008411,474.13,9.26,343.22,7.24,synthetic_srtm
3686,Mine_03686,8.910542,77.957212,378.67,12.93,350.08,3.99,synthetic_srtm
3687,Mine_03687,10.597972,77.590366,842.36,16.54,119.47,9.78,synthetic_srtm
3688,Mine_03688,9.481065,80.496848,959.6,20.83,325.91,9.2,synthetic_srtm
3689,Mine_03689,11.379469,76.846114,718.33,13.28,23.67,7.63,synthetic_srtm
3690,Mine_03690,9.208746,79.114304,416.67,3.42,41.83,1.68,synthetic_srtm
3691,Mine_03691,10.850951,79.425696,492.65,7.86,1.84,4.65,synthetic_srtm
3692,Mine_03692,11.546663,79.219167,650.41,11.5,208.63,6.19,synthetic_srtm
3693,Mine_03693,8.605969,78.008502,881.46,12.88,175.46,8.57,synthetic_srtm
3694,Mine_03694,9.075849,78.74714,270.21,6.29,198.73,3.37,synthetic_srtm
3695,Mine_03695,11.283233,76.048325,1085.55,27.97,185.42,8.4,synthetic_srtm
3696,Mine_03696,10.423595,78.970297,630.63,19.33,27.96,8.71,synthetic_srtm
3697,Mine_03697,11.387621,80.008668,605.08,12.13,297.24,7.05,synthetic_srtm
3698,Mine_03698,8.75405,78.195911,291.26,7.14,113.43,5.67,synthetic_srtm
3699,Mine_03699,13.378769,79.807935,607.28,24.84,359.28,10.69,synthetic_srtm
3700,Mine_03700,11.09285,76.335786,882.2,16.62,245.72,8.42,synthetic_srtm
3701,Mine_03701,8.488076,77.074834,643.53,19.66,321.35,6.33,synthetic_srtm
3702,Mine_03702,11.935555,77.435814,1388.59,26.77,174.26,9.46,synthetic_srtm
3703,Mine_03703,12.93218,78.526398,791.19,8.88,67.63,4.75,synthetic_srtm
3704,Mine_03704,8.855341,76.928342,826.33,6.29,145.55,2.34,synthetic_srtm
3705,Mine_03705,11.649242,78.277645,487.29,13.84,329.44,7.92,synthetic_srtm
3706,Mine_03706,8.89178,76.465033,875.18,16.63,12.17,9.89,synthetic_srtm
3707,Mine_03707,9.645408,77.37426,204.96,7.79,156.04,6.75,synthetic_srtm
3708,Mine_03708,9.227762,76.734089,1534.23,23.16,258.78,8.83,synthetic_srtm
3709,Mine_03709,10.818875,78.713537,485.7,0.75,254.38,2.48,synthetic_srtm
3710,Mine_03710,11.109971,79.281105,203.36,8.69,123.64,6.85,synthetic_srtm
3711,Mine_03711,10.337348,77.620629,354.75,9.42,57.34,5.14,synthetic_srtm
3712,Mine_03712,9.67876,76.465903,1364.64,17.11,338.99,6.59,synthetic_srtm
3713,Mine_03713,12.952078,77.836453,1649.28,24.27,105.66,11.0,synthetic_srtm
3714,Mine_03714,10.371514,77.767416,861.91,7.29,300.82,6.94,synthetic_srtm
3715,Mine_03715,10.468074,79.883617,937.75,17.73,167.67,10.14,synthetic_srtm
3716,Mine_03716,10.053311,79.506315,679.83,8.17,206.5,4.22,synthetic_srtm
3717,Mine_03717,8.686858,76.767239,711.67,6.63,217.69,6.96,synthetic_srtm
3718,Mine_03718,11.653199,78.68957,642.92,15.98,335.65,8.59,synthetic_srtm
3719,Mine_03719,10.954887,76.083612,641.85,13.11,19.79,7.75,synthetic_srtm
3720,Mine_03720,11.390524,80.154577,497.19,10.55,334.89,7.92,synthetic_srtm
3721,Mine_03721,10.256128,79.760149,949.21,20.28,61.34,7.14,synthetic_srtm
3722,Mine_03722,13.345928,80.254907,881.76,12.06,212.52,3.93,synthetic_srtm
3723,Mine_03723,9.403612,78.702509,384.01,6.88,317.97,6.82,synthetic_srtm
3724,Mine_03724,11.405334,80.400312,739.09,11.67,140.16,4.43,synthetic_srtm
3725,Mine_03725,8.419201,78.489235,853.88,8.96,235.25,4.84,synthetic_srtm
3726,Mine_03726,10.209819,76.475809,1429.24,33.58,304.49,10.53,synthetic_srtm
3727,Mine_03727,11.773985,77.481345,1593.5,19.85,354.41,9.96,synthetic_srtm
3728,Mine_03728,13.304402,76.776272,699.78,5.52,339.3,6.38,synthetic_srtm
3729,Mine_03729,10.572844,78.238351,451.87,14.97,43.75,4.57,synthetic_srtm
3730,Mine_03730,11.805463,79.200432,723.64,12.24,292.31,3.84,synthetic_srtm
3731,Mine_03731,10.897208,79.778223,732.9,8.65,311.35,4.52,synthetic_srtm
3732,Mine_03732,12.663237,76.363172,1484.99,17.75,305.31,5.55,synthetic_srtm
3733,Mine_03733,8.503975,78.635385,788.75,14.75,34.69,6.39,synthetic_srtm
3734,Mine_03734,11.568392,77.418304,1801.35,20.03,27.35,10.04,synthetic_srtm
3735,Mine_03735,9.92961,77.959569,587.35,22.75,239.03,10.47,synthetic_srtm
3736,Mine_03736,10.343469,79.723044,371.23,1.62,59.59,5.45,synthetic_srtm
3737,Mine_03737,9.785436,78.802095,796.24,14.68,312.82,4.56,synthetic_srtm
3738,Mine_03738,8.096992,78.487176,202.64,1.79,280.82,0.81,synthetic_srtm
3739,Mine_03739,12.913386,78.751439,344.48,11.23,76.57,4.68,synthetic_srtm
3740,Mine_03740,8.33221,78.730869,301.59,14.45,46.92,6.03,synthetic_srtm
3741,Mine_03741,12.742609,77.54144,1123.68,24.18,264.18,11.36,synthetic_srtm
3742,Mine_03742,11.284184,77.114425,1297.2,42.48,65.25,13.57,synthetic_srtm
3743,Mine_03743,11.346027,78.211652,649.3,14.49,31.42,4.58,synthetic_srtm
3744,Mine_03744,9.608792,78.434819,911.54,22.19,276.69,7.05,synthetic_srtm
3745,Mine_03745,9.973557,79.625129,670.36,23.68,326.6,7.89,synthetic_srtm
3746,Mine_03746,11.742286,77.745552,2028.49,41.08,6.13,17.13,synthetic_srtm
3747,Mine_03747,10.924944,77.056319,440.22,5.17,286.71,5.47,synthetic_srtm
3748,Mine_03748,13.186565,77.045389,1556.6,36.41,23.93,15.47,synthetic_srtm
3749,Mine_03749,11.438379,79.589671,595.95,10.68,310.86,8.11,synthetic_srtm
3750,Mine_03750,9.239308,76.977094,1441.04,18.12,344.38,6.75,synthetic_srtm
3751,Mine_03751,9.68298,77.765602,853.84,9.58,216.79,6.65,synthetic_srtm
3752,Mine_03752,9.503256,79.582167,709.12,22.33,77.95,8.45,synthetic_srtm
3753,Mine_03753,11.938743,79.301398,748.17,13.99,120.89,6.76,synthetic_srtm
3754,Mine_03754,12.254147,79.269568,792.32,10.21,58.91,6.81,synthetic_srtm
3755,Mine_03755,11.411886,79.172431,287.48,4.14,98.7,2.47,synthetic_srtm
3756,Mine_03756,9.433461,76.776823,1329.57,19.33,117.48,8.32,synthetic_srtm
3757,Mine_03757,8.34637,80.259061,373.07,7.22,152.13,4.02,synthetic_srtm
3758,Mine_03758,11.320904,78.383762,979.88,23.08,294.51,7.29,synthetic_srtm
3759,Mine_03759,12.67947,76.697924,1121.48,34.85,95.52,14.1,synthetic_srtm
3760,Mine_03760,8.634885,79.351063,615.19,7.69,353.03,5.57,synthetic_srtm
3761,Mine_03761,9.74061,76.977149,804.12,20.9,280.06,8.58,synthetic_srtm
3762,Mine_03762,8.482033,77.944021,618.65,18.74,242.59,9.81,synthetic_srtm
3763,Mine_03763,9.765793,80.418175,743.51,15.61,299.81,9.4,synthetic_srtm
3764,Mine_03764,12.633565,77.521974,2197.74,16.25,74.31,6.32,synthetic_srtm
3765,Mine_03765,9.951408,78.608328,689.13,10.6,19.64,4.55,synthetic_srtm
3766,Mine_03766,12.869766,77.809715,1117.93,41.92,304.96,14.27,synthetic_srtm
3767,Mine_03767,12.908709,76.539246,1056.7,27.86,130.09,12.74,synthetic_srtm
3768,Mine_03768,11.762763,76.471716,1120.44,16.51,5.79,7.36,synthetic_srtm
3769,Mine_03769,13.452127,77.510326,1418.09,25.84,106.91,12.7,synthetic_srtm
3770,Mine_03770,11.809403,77.041377,1873.77,40.79,60.47,13.1,synthetic_srtm
3771,Mine_03771,11.321424,78.725973,999.39,16.4,27.68,9.48,synthetic_srtm
3772,Mine_03772,12.824618,77.864352,1681.51,26.5,35.59,11.36,synthetic_srtm
3773,Mine_03773,11.79219,80.063395,252.5,9.84,56.66,6.34,synthetic_srtm
3774,Mine_03774,8.729224,80.140825,411.94,1.39,222.64,3.84,synthetic_srtm
3775,Mine_03775,12.779497,79.434821,486.63,3.98,111.14,2.48,synthetic_srtm
3776,Mine_03776,8.495044,77.989374,221.2,14.64,20.73,8.58,synthetic_srtm
3777,Mine_03777,12.168978,79.00922,365.7,7.71,40.51,6.36,synthetic_srtm
3778,Mine_03778,9.884124,79.077312,925.1,19.21,159.88,8.06,synthetic_srtm
3779,Mine_03779,8.318189,76.028772,654.47,19.57,109.83,10.69,synthetic_srtm
3780,Mine_03780,8.947456,79.284992,759.28,22.04,324.7,10.76,synthetic_srtm
3781,Mine_03781,10.651491,79.32357,754.81,6.84,246.54,6.32,synthetic_srtm
3782,Mine_03782,9.266893,77.865145,432.21,12.07,134.01,5.06,synthetic_srtm
3783,Mine_03783,9.880922,80.048133,337.27,2.87,59.6,4.03,synthetic_srtm
3784,Mine_03784,9.329426,77.474448,700.24,13.04,351.99,6.49,synthetic_srtm
3785,Mine_03785,8.619757,78.245756,952.95,8.41,255.37,3.47,synthetic_srtm
3786,Mine_03786,11.661056,78.294449,768.21,6.55,138.01,5.16,synthetic_srtm
3787,Mine_03787,12.156395,79.204158,302.98,12.96,108.11,4.51,synthetic_srtm
3788,Mine_03788,9.110008,79.384211,840.64,19.5,173.84,8.13,synthetic_srtm
3789,Mine_03789,12.719429,77.411639,1774.47,34.99,3.66,11.22,synthetic_srtm
3790,Mine_03790,8.239506,79.446118,871.26,16.52,329.38,5.58,synthetic_srtm
3791,Mine_03791,12.981595,80.379249,358.73,0.8,63.31,3.78,synthetic_srtm
3792,Mine_03792,8.413206,77.430833,547.92,8.11,254.83,5.83,synthetic_srtm
3793,Mine_03793,11.518153,77.870776,2163.06,30.76,254.35,12.62,synthetic_srtm
3794,Mine_03794,8.385471,77.330353,691.82,23.88,7.48,7.4,synthetic_srtm
3795,Mine_03795,9.202687,79.011969,345.57,13.46,293.15,4.18,synthetic_srtm
3796,Mine_03796,9.830965,78.1258,250.73,8.72,47.1,4.19,synthetic_srtm
3797,Mine_03797,10.031747,78.539652,461.92,7.55,166.28,2.32,synthetic_srtm
3798,Mine_03798,11.380551,76.190587,1453.04,29.05,327.5,9.67,synthetic_srtm
3799,Mine_03799,12.753863,76.10048,817.05,13.83,347.02,7.09,synthetic_srtm
3800,Mine_03800,11.445008,76.590512,1527.93,23.49,113.33,9.18,synthetic_srtm
3801,Mine_03801,9.651001,76.532893,1320.99,19.27,17.86,6.27,synthetic_srtm
3802,Mine_03802,12.270926,80.269189,844.3,22.3,321.63,7.01,synthetic_srtm
3803,Mine_03803,8.733636,80.012129,888.49,22.07,319.6,8.72,synthetic_srtm
3804,Mine_03804,11.387885,80.239555,982.87,5.3,287.91,4.9,synthetic_srtm
3805,Mine_03805,10.683037,80.074574,293.17,8.78,295.64,7.18,synthetic_srtm
3806,Mine_03806,12.826224,80.496502,997.11,6.17,166.54,4.48,synthetic_srtm
3807,Mine_03807,8.454603,78.856696,917.98,12.73,299.21,6.06,synthetic_srtm
3808,Mine_03808,8.428416,76.251497,618.24,24.54,358.53,7.48,synthetic_srtm
3809,Mine_03809,13.388905,77.658383,1173.19,41.76,169.78,16.57,synthetic_srtm
3810,Mine_03810,13.201561,79.036338,725.37,12.38,163.74,8.6,synthetic_srtm
3811,Mine_03811,10.498473,79.632098,500.11,21.01,78.04,6.65,synthetic_srtm
3812,Mine_03812,8.396147,76.204346,1268.5,33.09,322.02,12.04,synthetic_srtm
3813,Mine_03813,12.788655,76.104158,751.86,8.86,121.05,4.5,synthetic_srtm
3814,Mine_03814,10.28523,79.996724,887.55,16.03,15.83,9.1,synthetic_srtm
3815,Mine_03815,10.923272,76.647189,565.23,23.6,255.81,11.76,synthetic_srtm
3816,Mine_03816,11.531314,78.993683,392.32,14.27,66.09,8.69,synthetic_srtm
3817,Mine_03817,9.330741,80.43229,242.67,3.42,238.54,3.83,synthetic_srtm
3818,Mine_03818,12.956963,78.862652,821.97,10.33,3.43,3.2,synthetic_srtm
3819,Mine_03819,11.289252,76.864643,1029.28,40.54,359.84,14.19,synthetic_srtm
3820,Mine_03820,12.582299,77.648767,2265.32,23.39,197.74,9.94,synthetic_srtm
3821,Mine_03821,8.668708,76.011108,1422.1,21.14,269.26,9.01,synthetic_srtm
3822,Mine_03822,10.195682,78.938752,793.27,18.48,74.42,7.31,synthetic_srtm
3823,Mine_03823,10.1258,77.071116,471.73,1.37,241.07,1.39,synthetic_srtm
3824,Mine_03824,9.690582,79.481044,282.34,4.45,190.41,2.63,synthetic_srtm
3825,Mine_03825,10.106741,76.683489,563.55,23.07,216.97,8.41,synthetic_srtm
3826,Mine_03826,8.85973,77.315021,475.79,6.32,153.58,2.72,synthetic_srtm
3827,Mine_03827,12.585335,77.717241,2248.31,33.5,346.43,11.56,synthetic_srtm
3828,Mine_03828,9.399655,79.877365,514.54,22.44,59.47,9.6,synthetic_srtm
3829,Mine_03829,11.853367,78.672234,559.58,22.78,131.28,8.83,synthetic_srtm
3830,Mine_03830,11.228271,77.483558,1931.74,23.2,177.08,8.3,synthetic_srtm
3831,Mine_03831,12.214274,78.97664,506.08,8.3,158.9,6.61,synthetic_srtm
3832,Mine_03832,12.706998,76.491264,1023.97,35.3,288.8,12.23,synthetic_srtm
3833,Mine_03833,10.221761,79.628761,579.79,7.52,89.56,6.59,synthetic_srtm
3834,Mine_03834,8.791375,76.445934,928.72,22.09,120.32,8.71,synthetic_srtm
3835,Mine_03835,11.332482,77.650923,2279.96,22.38,322.03,9.46,synthetic_srtm
3836,Mine_03836,12.700222,76.365217,576.46,22.18,334.71,8.12,synthetic_srtm
3837,Mine_03837,11.944994,77.659376,1067.9,24.72,89.72,10.55,synthetic_srtm
3838,Mine_03838,9.388581,77.255209,363.95,1.24,83.03,4.65,synthetic_srtm
3839,Mine_03839,12.139496,77.249115,2343.72,18.75,108.33,6.49,synthetic_srtm
3840,Mine_03840,10.766743,79.141758,574.64,20.98,307.04,6.57,synthetic_srtm
3841,Mine_03841,9.95865,77.308304,523.48,9.22,130.33,6.08,synthetic_srtm
3842,Mine_03842,12.037314,79.005469,422.22,4.15,122.72,1.92,synthetic_srtm
3843,Mine_03843,8.185516,78.480241,627.71,6.63,197.62,6.95,synthetic_srtm
3844,Mine_03844,10.427695,76.283401,1138.12,43.28,275.18,17.19,synthetic_srtm
3845,Mine_03845,8.620238,80.260453,209.46,12.85,11.04,5.73,synthetic_srtm
3846,Mine_03846,9.488834,78.708144,857.32,9.13,306.13,5.54,synthetic_srtm
3847,Mine_03847,12.545746,77.903975,1275.54,35.39,191.72,11.29,synthetic_srtm
3848,Mine_03848,9.780483,80.453618,796.3,24.33,266.92,11.99,synthetic_srtm
3849,Mine_03849,10.814872,76.011348,517.43,12.8,232.89,8.63,synthetic_srtm
3850,Mine_03850,12.345147,77.974202,1163.74,31.13,66.62,13.28,synthetic_srtm
3851,Mine_03851,12.70963,77.387599,2315.61,20.26,52.85,6.46,synthetic_srtm
3852,Mine_03852,8.55068,76.186712,1484.05,25.52,191.08,11.68,synthetic_srtm
3853,Mine_03853,13.060087,76.20882,1283.55,31.46,236.88,9.62,synthetic_srtm
3854,Mine_03854,9.260517,79.973796,708.7,8.57,301.49,5.87,synthetic_srtm
3855,Mine_03855,10.67244,79.419852,786.35,20.98,104.22,10.05,synthetic_srtm
3856,Mine_03856,10.345556,80.134079,937.08,20.38,88.91,7.67,synthetic_srtm
3857,Mine_03857,9.23031,79.256017,376.07,4.29,97.53,2.56,synthetic_srtm
3858,Mine_03858,9.145571,79.572724,446.86,11.19,180.14,6.7,synthetic_srtm
3859,Mine_03859,10.446418,80.449616,938.76,6.47,334.83,5.91,synthetic_srtm
3860,Mine_03860,10.274956,78.850879,419.61,2.64,208.34,3.96,synthetic_srtm
3861,Mine_03861,10.246127,78.108526,305.06,11.14,320.87,4.33,synthetic_srtm
3862,Mine_03862,9.630939,79.752588,688.94,15.02,114.99,9.26,synthetic_srtm
3863,Mine_03863,9.472555,77.2704,906.15,15.93,96.71,9.75,synthetic_srtm
3864,Mine_03864,8.501227,76.662411,1108.98,44.3,266.64,13.6,synthetic_srtm
3865,Mine_03865,13.328144,78.927156,217.89,14.7,106.75,4.72,synthetic_srtm
3866,Mine_03866,10.51651,77.446363,500.34,7.31,118.38,3.02,synthetic_srtm
3867,Mine_03867,10.547577,79.966751,276.78,0.93,184.26,2.71,synthetic_srtm
3868,Mine_03868,12.902111,78.172195,823.92,23.74,78.44,10.21,synthetic_srtm
3869,Mine_03869,9.101188,76.234134,865.97,9.38,165.01,5.01,synthetic_srtm
3870,Mine_03870,11.334899,76.902628,511.98,12.69,30.19,4.73,synthetic_srtm
3871,Mine_03871,12.718619,78.176605,806.53,7.49,340.0,2.28,synthetic_srtm
3872,Mine_03872,12.133827,79.532483,735.3,20.66,299.17,10.27,synthetic_srtm
3873,Mine_03873,8.378597,79.555556,995.17,11.25,293.8,3.8,synthetic_srtm
3874,Mine_03874,10.48879,80.050061,544.5,24.12,199.65,8.23,synthetic_srtm
3875,Mine_03875,8.22334,80.381107,604.6,20.85,322.1,7.05,synthetic_srtm
3876,Mine_03876,12.840312,77.145598,1749.49,26.11,331.32,11.13,synthetic_srtm
3877,Mine_03877,11.586596,78.730067,308.82,5.73,174.61,3.2,synthetic_srtm
3878,Mine_03878,10.732269,77.305902,218.9,9.12,125.65,3.5,synthetic_srtm
3879,Mine_03879,12.504216,76.562068,802.12,24.75,216.02,9.72,synthetic_srtm
3880,Mine_03880,9.627696,77.596979,530.07,15.27,10.35,5.87,synthetic_srtm
3881,Mine_03881,10.128167,78.063941,445.11,10.43,85.0,6.74,synthetic_srtm
3882,Mine_03882,8.344697,80.341319,301.08,2.99,188.69,5.59,synthetic_srtm
3883,Mine_03883,12.33343,76.154283,1277.05,25.14,40.5,7.72,synthetic_srtm
3884,Mine_03884,10.651458,76.201904,1195.57,43.77,22.04,15.41,synthetic_srtm
3885,Mine_03885,10.22136,79.076114,305.38,6.46,13.74,6.11,synthetic_srtm
3886,Mine_03886,8.25039,78.43598,524.5,12.15,206.69,6.1,synthetic_srtm
3887,Mine_03887,11.743432,77.528404,1975.04,43.27,354.81,16.14,synthetic_srtm
3888,Mine_03888,8.071639,78.682884,917.91,8.5,256.81,5.27,synthetic_srtm
3889,Mine_03889,10.528803,80.409509,978.27,7.18,180.74,2.52,synthetic_srtm
3890,Mine_03890,10.814496,79.430773,836.42,15.25,283.42,6.33,synthetic_srtm
3891,Mine_03891,10.834559,78.40952,530.91,5.7,283.66,2.35,synthetic_srtm
3892,Mine_03892,8.471046,76.803843,896.41,11.01,126.07,3.97,synthetic_srtm
3893,Mine_03893,12.681584,77.420195,1442.03,23.98,7.61,10.34,synthetic_srtm
3894,Mine_03894,11.859212,76.074352,1634.45,38.25,355.56,14.55,synthetic_srtm
3895,Mine_03895,10.003071,78.253,372.36,8.25,3.93,4.69,synthetic_srtm
3896,Mine_03896,8.661797,77.321861,974.12,16.54,212.88,5.74,synthetic_srtm
3897,Mine_03897,10.742289,79.978468,926.26,19.12,348.36,7.82,synthetic_srtm
3898,Mine_03898,13.120351,80.271075,746.53,24.81,39.96,11.04,synthetic_srtm
3899,Mine_03899,11.765278,79.800295,470.55,6.58,142.73,3.96,synthetic_srtm
3900,Mine_03900,13.342122,77.58012,1759.37,18.6,197.21,9.8,synthetic_srtm
3901,Mine_03901,9.930243,76.232211,646.17,23.85,234.26,9.54,synthetic_srtm
3902,Mine_03902,8.348711,77.344154,802.03,24.24,354.05,9.2,synthetic_srtm
3903,Mine_03903,10.059105,76.937205,823.85,17.85,217.6,6.73,synthetic_srtm
3904,Mine_03904,10.677562,77.119221,930.62,12.16,120.22,8.38,synthetic_srtm
3905,Mine_03905,9.189019,77.395,278.97,7.53,170.34,5.99,synthetic_srtm
3906,Mine_03906,10.530067,78.807133,421.58,13.98,228.58,5.55,synthetic_srtm
3907,Mine_03907,11.266894,77.292149,1409.3,19.2,24.44,5.9,synthetic_srtm
3908,Mine_03908,8.686971,77.821745,477.02,3.2,224.81,4.24,synthetic_srtm
3909,Mine_03909,10.629909,78.446634,749.49,8.8,69.56,6.91,synthetic_srtm
3910,Mine_03910,9.738979,79.735901,884.86,15.23,296.93,7.2,synthetic_srtm
3911,Mine_03911,12.648118,80.421645,695.45,17.13,147.69,9.36,synthetic_srtm
3912,Mine_03912,11.648248,80.413675,603.76,23.8,265.04,9.41,synthetic_srtm
3913,Mine_03913,10.238246,80.078239,528.0,5.86,12.84,3.99,synthetic_srtm
3914,Mine_03914,9.073293,76.153074,554.62,10.53,7.02,7.06,synthetic_srtm
3915,Mine_03915,10.979724,80.290309,824.37,9.56,339.21,3.9,synthetic_srtm
3916,Mine_03916,10.83424,76.006147,1186.67,36.56,215.68,15.14,synthetic_srtm
3917,Mine_03917,8.025419,78.71947,846.21,18.17,285.09,5.65,synthetic_srtm
3918,Mine_03918,13.23086,78.272629,292.84,2.14,298.37,2.37,synthetic_srtm
3919,Mine_03919,10.935358,78.036496,381.42,3.92,294.08,1.26,synthetic_srtm
3920,Mine_03920,12.770896,78.694915,582.2,5.65,100.6,1.96,synthetic_srtm
3921,Mine_03921,11.060444,79.081706,634.49,14.44,228.06,6.96,synthetic_srtm
3922,Mine_03922,11.079672,77.314814,1962.63,32.06,132.57,13.59,synthetic_srtm
3923,Mine_03923,11.172509,80.101275,915.92,8.07,272.83,6.59,synthetic_srtm
3924,Mine_03924,8.478383,78.11342,920.82,21.19,126.32,11.16,synthetic_srtm
3925,Mine_03925,12.542039,78.434141,253.27,14.87,4.38,5.87,synthetic_srtm
3926,Mine_03926,8.276556,77.819426,475.95,11.92,82.6,4.55,synthetic_srtm
3927,Mine_03927,10.495184,79.202502,312.03,10.71,63.65,4.3,synthetic_srtm
3928,Mine_03928,8.929895,79.395687,356.94,13.0,202.88,5.81,synthetic_srtm
3929,Mine_03929,12.29448,76.984513,871.7,17.16,228.83,10.01,synthetic_srtm
3930,Mine_03930,11.240908,76.78764,1342.73,18.64,320.46,6.76,synthetic_srtm
3931,Mine_03931,11.773092,78.711773,790.17,5.65,306.03,4.54,synthetic_srtm
3932,Mine_03932,9.551614,78.422248,833.81,12.03,341.73,7.58,synthetic_srtm
3933,Mine_03933,10.628356,79.666158,370.4,6.9,272.83,4.7,synthetic_srtm
3934,Mine_03934,10.011353,76.624557,1025.17,34.93,287.36,12.78,synthetic_srtm
3935,Mine_03935,10.573078,76.943334,855.24,19.15,158.91,10.37,synthetic_srtm
3936,Mine_03936,10.812473,78.785259,300.76,3.68,275.83,2.98,synthetic_srtm
3937,Mine_03937,11.238829,80.470375,949.45,19.55,305.5,6.68,synthetic_srtm
3938,Mine_03938,11.857534,76.939152,845.83,17.67,167.29,10.04,synthetic_srtm
3939,Mine_03939,10.936181,78.939326,968.15,14.44,185.1,4.84,synthetic_srtm
3940,Mine_03940,11.43839,80.06888,620.77,5.46,55.32,3.25,synthetic_srtm
3941,Mine_03941,9.233664,77.16854,308.86,0.53,28.24,2.89,synthetic_srtm
3942,Mine_03942,13.052702,77.713454,2106.27,35.28,59.24,11.21,synthetic_srtm
3943,Mine_03943,9.84627,79.422443,375.77,13.1,304.5,7.64,synthetic_srtm
3944,Mine_03944,8.565874,78.13399,251.36,2.9,34.96,4.76,synthetic_srtm
3945,Mine_03945,11.628594,78.535134,708.33,14.77,237.33,7.93,synthetic_srtm
3946,Mine_03946,12.066467,77.642338,2087.14,33.99,238.75,11.38,synthetic_srtm
3947,Mine_03947,9.261351,77.935678,919.97,18.99,87.5,6.35,synthetic_srtm
3948,Mine_03948,8.081575,80.007881,261.88,0.52,76.76,0.74,synthetic_srtm
3949,Mine_03949,8.387875,76.773295,596.3,17.92,210.97,9.0,synthetic_srtm
3950,Mine_03950,11.807188,79.685082,528.76,21.4,157.85,6.94,synthetic_srtm
3951,Mine_03951,11.012175,79.200583,567.2,14.28,80.98,6.83,synthetic_srtm
3952,Mine_03952,10.1078,78.996305,568.02,23.18,119.74,10.47,synthetic_srtm
3953,Mine_03953,8.091911,78.23317,916.09,10.91,297.64,7.91,synthetic_srtm
3954,Mine_03954,11.069596,77.005121,2139.6,36.19,304.37,11.72,synthetic_srtm
3955,Mine_03955,9.77277,80.148675,869.81,10.09,105.0,7.2,synthetic_srtm
3956,Mine_03956,8.266736,77.277632,579.18,8.5,299.41,4.92,synthetic_srtm
3957,Mine_03957,8.104677,76.472885,943.29,15.72,188.24,5.78,synthetic_srtm
3958,Mine_03958,11.525304,79.669014,415.48,13.35,4.7,4.3,synthetic_srtm
3959,Mine_03959,12.044399,77.223004,1276.67,20.28,117.47,10.14,synthetic_srtm
3960,Mine_03960,9.58907,80.388996,800.53,9.96,339.81,3.0,synthetic_srtm
3961,Mine_03961,10.860344,80.367794,595.66,11.58,214.23,7.65,synthetic_srtm
3962,Mine_03962,9.835761,79.846261,729.47,23.68,83.86,10.61,synthetic_srtm
3963,Mine_03963,13.095276,77.515568,2356.4,40.4,94.35,16.52,synthetic_srtm
3964,Mine_03964,10.774049,80.35202,490.94,2.86,112.51,5.66,synthetic_srtm
3965,Mine_03965,9.617164,77.672223,340.26,12.77,123.02,6.17,synthetic_srtm
3966,Mine_03966,10.298572,76.29817,562.53,8.26,286.85,7.48,synthetic_srtm
3967,Mine_03967,9.819171,79.274305,881.0,19.94,205.84,9.46,synthetic_srtm
3968,Mine_03968,8.187538,79.43218,726.84,21.08,265.99,11.18,synthetic_srtm
3969,Mine_03969,12.529659,77.411474,1521.91,27.03,8.89,11.62,synthetic_srtm
3970,Mine_03970,10.646294,79.550313,621.76,13.93,293.83,6.23,synthetic_srtm
3971,Mine_03971,8.899981,77.517263,264.18,14.84,131.36,4.71,synthetic_srtm
3972,Mine_03972,12.199657,79.196961,456.34,7.9,13.99,2.57,synthetic_srtm
3973,Mine_03973,11.76845,76.558915,503.2,8.44,229.75,5.01,synthetic_srtm
3974,Mine_03974,9.22517,79.808027,521.23,5.03,25.06,3.24,synthetic_srtm
3975,Mine_03975,9.470854,79.064482,935.56,14.1,69.66,5.43,synthetic_srtm
3976,Mine_03976,9.884645,78.976044,296.48,2.71,213.55,5.1,synthetic_srtm
3977,Mine_03977,11.888325,78.603119,299.18,0.59,34.03,4.37,synthetic_srtm
3978,Mine_03978,12.179909,77.739054,1145.15,26.21,137.07,12.47,synthetic_srtm
3979,Mine_03979,10.958531,76.980992,1478.45,17.86,5.38,6.92,synthetic_srtm
3980,Mine_03980,11.030292,80.320482,432.66,11.17,27.68,4.26,synthetic_srtm
3981,Mine_03981,10.409554,78.116861,226.58,14.21,10.4,9.11,synthetic_srtm
3982,Mine_03982,11.191033,78.863959,516.36,9.32,5.94,5.47,synthetic_srtm
3983,Mine_03983,8.066275,79.983476,288.25,2.0,246.3,0.78,synthetic_srtm
3984,Mine_03984,9.349758,78.947393,547.29,16.27,299.56,8.02,synthetic_srtm
3985,Mine_03985,12.352067,77.374469,1434.8,33.29,156.59,14.84,synthetic_srtm
3986,Mine_03986,13.467308,79.915101,720.85,11.89,275.47,7.21,synthetic_srtm
3987,Mine_03987,9.069652,76.900219,568.22,18.7,349.07,10.55,synthetic_srtm
3988,Mine_03988,11.32375,76.941977,1615.76,31.78,155.05,14.32,synthetic_srtm
3989,Mine_03989,12.937024,78.060359,336.38,9.7,339.65,5.87,synthetic_srtm
3990,Mine_03990,11.084003,78.629866,219.7,5.18,168.5,4.96,synthetic_srtm
3991,Mine_03991,8.073359,80.495237,276.66,13.36,275.61,6.07,synthetic_srtm
3992,Mine_03992,11.397856,76.61927,666.69,12.2,311.98,5.38,synthetic_srtm
3993,Mine_03993,9.702809,76.263211,931.3,18.38,74.75,8.69,synthetic_srtm
3994,Mine_03994,9.166982,79.322913,441.99,14.66,243.88,6.03,synthetic_srtm
3995,Mine_03995,11.56274,79.157991,509.9,24.18,8.94,7.9,synthetic_srtm
3996,Mine_03996,8.632567,80.027082,787.3,8.14,12.87,7.01,synthetic_srtm
3997,Mine_03997,10.796773,78.024722,325.56,5.76,22.48,3.07,synthetic_srtm
3998,Mine_03998,9.828592,78.838178,874.39,11.92,346.2,6.91,synthetic_srtm
3999,Mine_03999,12.462367,79.019923,571.93,17.45,184.22,8.88,synthetic_srtm
4000,Mine_04000,10.326824,78.640221,894.02,21.57,290.87,8.52,synthetic_srtm
4001,Mine_04001,10.108894,76.644262,1291.01,31.77,63.7,10.68,synthetic_srtm
4002,Mine_04002,12.265937,76.856238,828.81,12.7,206.89,4.86,synthetic_srtm
4003,Mine_04003,13.1261,77.357293,1070.81,28.6,196.61,13.36,synthetic_srtm
4004,Mine_04004,11.860746,79.18775,962.75,11.16,121.22,8.26,synthetic_srtm
4005,Mine_04005,10.795017,76.052662,1655.49,22.69,64.99,10.52,synthetic_srtm
4006,Mine_04006,9.982527,78.129243,960.61,22.91,140.97,9.85,synthetic_srtm
4007,Mine_04007,11.100424,76.255211,557.69,11.84,13.44,5.93,synthetic_srtm
4008,Mine_04008,11.214428,76.959557,627.09,11.3,270.23,6.68,synthetic_srtm
4009,Mine_04009,8.948924,76.126856,1521.42,30.87,315.66,12.53,synthetic_srtm
4010,Mine_04010,11.357956,76.498963,1421.22,21.97,154.81,10.52,synthetic_srtm
4011,Mine_04011,12.794179,77.359766,1495.6,30.43,197.09,9.29,synthetic_srtm
4012,Mine_04012,9.37809,80.292253,395.25,1.17,350.39,2.09,synthetic_srtm
4013,Mine_04013,11.561354,77.969693,1347.52,27.98,240.89,13.12,synthetic_srtm
4014,Mine_04014,11.989786,76.910174,1352.46,24.81,157.41,8.84,synthetic_srtm
4015,Mine_04015,10.193518,79.758611,556.79,11.96,257.72,7.33,synthetic_srtm
4016,Mine_04016,10.744083,80.270522,659.76,8.02,67.79,4.54,synthetic_srtm
4017,Mine_04017,8.898598,79.550149,460.44,12.18,229.81,6.12,synthetic_srtm
4018,Mine_04018,8.860891,80.459503,678.97,5.32,6.97,6.37,synthetic_srtm
4019,Mine_04019,8.683676,77.67727,940.59,20.12,241.14,10.1,synthetic_srtm
4020,Mine_04020,11.844243,76.395357,1355.4,43.08,260.47,14.8,synthetic_srtm
4021,Mine_04021,10.741696,76.842934,630.02,14.82,166.28,6.77,synthetic_srtm
4022,Mine_04022,10.626778,80.079012,797.76,13.43,325.93,5.19,synthetic_srtm
4023,Mine_04023,8.055954,78.748684,377.66,3.6,41.73,1.96,synthetic_srtm
4024,Mine_04024,9.985535,79.972259,331.19,13.99,97.28,7.33,synthetic_srtm
4025,Mine_04025,8.910641,77.513017,959.58,9.22,341.98,4.47,synthetic_srtm
4026,Mine_04026,12.121301,79.216558,397.83,6.46,338.68,5.7,synthetic_srtm
4027,Mine_04027,8.708681,79.387517,283.21,2.92,20.76,2.56,synthetic_srtm
4028,Mine_04028,8.685981,80.265382,835.09,12.1,221.14,4.53,synthetic_srtm
4029,Mine_04029,13.441506,78.747889,647.18,14.75,338.48,5.7,synthetic_srtm
4030,Mine_04030,8.919187,79.418113,405.42,4.4,122.38,3.26,synthetic_srtm
4031,Mine_04031,9.972503,80.343524,807.11,15.92,349.73,6.91,synthetic_srtm
4032,Mine_04032,12.967269,78.304004,579.71,10.04,45.46,6.71,synthetic_srtm
4033,Mine_04033,9.27973,78.98042,967.97,7.67,342.58,3.34,synthetic_srtm
4034,Mine_04034,8.122776,76.243178,592.51,18.71,271.71,9.6,synthetic_srtm
4035,Mine_04035,9.900167,78.038531,533.09,18.73,335.22,10.32,synthetic_srtm
4036,Mine_04036,8.215941,78.548752,252.07,1.33,37.8,3.48,synthetic_srtm
4037,Mine_04037,12.115051,78.709411,557.3,6.81,309.77,3.75,synthetic_srtm
4038,Mine_04038,12.812225,78.509524,213.24,13.86,235.36,6.72,synthetic_srtm
4039,Mine_04039,12.881738,79.015732,729.1,15.64,356.65,6.04,synthetic_srtm
4040,Mine_04040,8.766685,77.211809,531.49,19.19,309.08,7.4,synthetic_srtm
4041,Mine_04041,13.033838,78.083085,366.4,14.14,82.72,8.76,synthetic_srtm
4042,Mine_04042,12.782013,76.492778,1195.12,23.83,335.63,10.41,synthetic_srtm
4043,Mine_04043,11.948001,77.267488,1235.41,16.22,187.06,9.23,synthetic_srtm
4044,Mine_04044,8.473075,77.930252,433.04,13.46,265.63,5.02,synthetic_srtm
4045,Mine_04045,13.022699,76.100648,1368.13,37.25,184.02,11.25,synthetic_srtm
4046,Mine_04046,10.921346,79.287661,586.39,16.8,193.82,5.48,synthetic_srtm
4047,Mine_04047,13.349407,79.857031,238.9,1.45,263.13,0.73,synthetic_srtm
4048,Mine_04048,12.954839,77.463572,1250.49,42.72,358.36,14.11,synthetic_srtm
4049,Mine_04049,9.985828,76.087447,1223.13,18.1,114.64,9.7,synthetic_srtm
4050,Mine_04050,12.348059,76.905686,1070.4,27.88,115.8,10.51,synthetic_srtm
4051,Mine_04051,12.282055,77.347014,2393.9,18.07,170.52,6.87,synthetic_srtm
4052,Mine_04052,13.061573,79.960282,642.99,13.14,223.73,7.41,synthetic_srtm
4053,Mine_04053,11.219966,79.206543,880.41,15.33,131.77,5.29,synthetic_srtm
4054,Mine_04054,8.916922,78.593745,490.54,1.29,301.85,3.78,synthetic_srtm
4055,Mine_04055,9.272159,77.653568,357.15,6.65,63.45,6.4,synthetic_srtm
4056,Mine_04056,10.956466,76.861026,1572.64,40.66,68.95,16.35,synthetic_srtm
4057,Mine_04057,8.735365,78.860326,260.22,4.3,65.12,1.41,synthetic_srtm
4058,Mine_04058,11.62736,79.448075,737.59,11.16,143.2,8.28,synthetic_srtm
4059,Mine_04059,8.100177,77.649528,617.75,18.86,3.68,7.25,synthetic_srtm
4060,Mine_04060,8.362895,78.918868,239.95,9.4,187.45,5.98,synthetic_srtm
4061,Mine_04061,12.738405,76.202914,595.22,5.93,326.02,6.59,synthetic_srtm
4062,Mine_04062,8.480414,79.229775,906.62,16.87,46.24,6.75,synthetic_srtm
4063,Mine_04063,8.29026,79.333882,935.88,6.28,9.78,3.99,synthetic_srtm
4064,Mine_04064,11.992256,80.283477,596.25,8.23,140.9,3.63,synthetic_srtm
4065,Mine_04065,13.086228,76.807947,1438.12,24.42,79.81,8.92,synthetic_srtm
4066,Mine_04066,12.546757,76.01123,1216.86,42.12,111.14,15.84,synthetic_srtm
4067,Mine_04067,10.016707,79.42872,788.51,8.84,339.4,3.43,synthetic_srtm
4068,Mine_04068,8.789136,79.974326,497.01,9.28,135.14,7.34,synthetic_srtm
4069,Mine_04069,13.373578,76.893379,1212.19,43.31,89.06,16.05,synthetic_srtm
4070,Mine_04070,11.313493,79.82782,576.13,5.45,206.55,3.13,synthetic_srtm
4071,Mine_04071,8.877198,76.792434,737.39,23.33,87.91,10.6,synthetic_srtm
4072,Mine_04072,11.218073,80.447701,488.05,9.55,33.16,5.26,synthetic_srtm
4073,Mine_04073,12.507248,79.858317,871.69,19.22,331.35,7.94,synthetic_srtm
4074,Mine_04074,10.990985,79.038231,309.95,13.85,354.35,8.33,synthetic_srtm
4075,Mine_04075,9.416059,77.981256,388.49,7.59,11.42,7.16,synthetic_srtm
4076,Mine_04076,11.903901,76.990447,988.68,6.83,165.57,4.06,synthetic_srtm
4077,Mine_04077,11.702478,76.801578,1553.31,25.06,98.81,8.01,synthetic_srtm
4078,Mine_04078,9.363698,77.35076,362.54,10.12,288.26,4.46,synthetic_srtm
4079,Mine_04079,13.17954,77.786372,2262.19,18.73,278.16,9.67,synthetic_srtm
4080,Mine_04080,8.498434,80.185086,990.22,6.72,141.0,3.35,synthetic_srtm
4081,Mine_04081,8.732911,76.078987,681.13,13.36,39.31,6.88,synthetic_srtm
4082,Mine_04082,12.484491,78.765381,867.69,7.48,341.9,3.53,synthetic_srtm
4083,Mine_04083,12.925116,79.826611,238.95,12.53,166.71,4.73,synthetic_srtm
4084,Mine_04084,12.770061,79.274121,469.55,11.89,31.67,4.4,synthetic_srtm
4085,Mine_04085,12.099866,77.756867,1309.84,29.65,133.55,13.6,synthetic_srtm
4086,Mine_04086,12.73813,79.568557,437.37,12.22,90.08,7.29,synthetic_srtm
4087,Mine_04087,8.337796,78.348169,408.76,12.76,97.59,4.05,synthetic_srtm
4088,Mine_04088,9.634219,76.526321,1550.78,38.86,50.22,14.75,synthetic_srtm
4089,Mine_04089,12.646557,79.290959,501.63,11.91,187.71,6.46,synthetic_srtm
4090,Mine_04090,8.36766,76.039065,1567.45,41.97,87.21,15.99,synthetic_srtm
4091,Mine_04091,13.335847,78.687809,901.54,8.42,192.81,5.11,synthetic_srtm
4092,Mine_04092,10.152227,76.691564,1199.89,27.33,135.05,13.06,synthetic_srtm
4093,Mine_04093,10.618503,78.803391,802.45,9.85,250.44,7.58,synthetic_srtm
4094,Mine_04094,11.672133,76.924328,551.37,6.3,210.01,5.68,synthetic_srtm
4095,Mine_04095,12.126276,77.614791,1417.24,38.68,75.99,16.4,synthetic_srtm
4096,Mine_04096,13.106474,76.83149,1280.21,28.84,85.17,12.36,synthetic_srtm
4097,Mine_04097,9.196272,79.203931,659.6,18.29,100.44,9.3,synthetic_srtm
4098,Mine_04098,10.564408,79.490042,966.61,19.63,34.18,7.79,synthetic_srtm
4099,Mine_04099,11.634572,76.058216,1432.92,32.71,165.99,12.07,synthetic_srtm
4100,Mine_04100,13.294587,78.932173,883.95,10.43,342.84,4.35,synthetic_srtm
4101,Mine_04101,9.56534,77.704967,461.48,10.79,123.98,3.97,synthetic_srtm
4102,Mine_04102,12.928312,77.559249,2091.87,35.63,68.22,15.26,synthetic_srtm
4103,Mine_04103,13.016189,77.634413,1076.61,38.84,209.61,16.65,synthetic_srtm
4104,Mine_04104,10.660855,78.033159,693.53,9.25,45.98,3.23,synthetic_srtm
4105,Mine_04105,9.505547,78.097881,259.13,4.9,329.97,2.92,synthetic_srtm
4106,Mine_04106,10.47354,78.342565,337.87,11.66,96.68,4.52,synthetic_srtm
4107,Mine_04107,12.226647,77.799893,1573.95,42.31,20.07,14.1,synthetic_srtm
4108,Mine_04108,10.395844,80.389214,723.57,12.2,77.92,6.26,synthetic_srtm
4109,Mine_04109,8.273306,77.198777,281.38,10.7,243.68,5.62,synthetic_srtm
4110,Mine_04110,10.191524,76.117703,928.44,23.6,238.57,9.37,synthetic_srtm
4111,Mine_04111,9.604598,77.984389,468.89,5.37,273.57,2.31,synthetic_srtm
4112,Mine_04112,11.077297,79.379791,592.37,8.23,125.75,5.02,synthetic_srtm
4113,Mine_04113,13.087086,77.0764,1425.23,24.87,102.84,8.96,synthetic_srtm
4114,Mine_04114,11.811663,78.268277,981.99,13.59,292.56,4.92,synthetic_srtm
4115,Mine_04115,13.398188,78.903879,242.36,9.59,85.91,4.72,synthetic_srtm
4116,Mine_04116,11.48613,76.126977,1419.43,32.45,154.39,11.04,synthetic_srtm
4117,Mine_04117,9.391057,78.427343,583.75,22.53,260.18,11.04,synthetic_srtm
4118,Mine_04118,12.01181,78.511642,436.36,8.12,187.16,5.14,synthetic_srtm
4119,Mine_04119,10.303803,79.011418,274.82,12.51,325.51,4.68,synthetic_srtm
4120,Mine_04120,8.91744,76.083825,1377.48,21.16,267.29,9.44,synthetic_srtm
4121,Mine_04121,9.40251,77.076749,924.88,14.32,179.09,7.41,synthetic_srtm
4122,Mine_04122,8.015008,77.413002,286.18,10.12,115.7,3.12,synthetic_srtm
4123,Mine_04123,10.042708,78.728121,876.08,19.09,3.33,7.93,synthetic_srtm
4124,Mine_04124,11.994724,78.143374,245.1,7.59,184.36,7.04,synthetic_srtm
4125,Mine_04125,12.659806,79.533731,257.24,8.39,226.09,7.03,synthetic_srtm
4126,Mine_04126,13.440325,77.172279,1527.07,19.29,267.86,7.83,synthetic_srtm
4127,Mine_04127,8.283116,77.354589,932.28,24.33,173.88,11.71,synthetic_srtm
4128,Mine_04128,10.234489,77.753849,972.17,5.23,343.17,3.1,synthetic_srtm
4129,Mine_04129,10.557511,77.330265,663.87,8.54,324.37,7.31,synthetic_srtm
4130,Mine_04130,9.430468,80.205643,624.85,24.56,213.78,9.28,synthetic_srtm
4131,Mine_04131,12.795459,79.811799,874.05,22.95,238.39,9.22,synthetic_srtm
4132,Mine_04132,10.82986,76.504537,904.52,9.71,35.87,7.75,synthetic_srtm
4133,Mine_04133,13.095592,78.344859,911.13,10.26,354.56,4.33,synthetic_srtm
4134,Mine_04134,10.587592,76.820479,760.46,12.66,233.14,6.96,synthetic_srtm
4135,Mine_04135,8.537366,78.108886,487.24,13.81,221.46,8.55,synthetic_srtm
4136,Mine_04136,13.293092,76.669609,764.38,12.12,106.68,4.05,synthetic_srtm
4137,Mine_04137,11.450022,76.654793,1467.95,15.28,301.92,4.74,synthetic_srtm
4138,Mine_04138,12.746907,76.812282,921.47,17.41,85.96,6.1,synthetic_srtm
4139,Mine_04139,12.717719,78.971228,763.11,22.27,345.94,10.89,synthetic_srtm
4140,Mine_04140,8.480479,78.463216,867.72,23.87,252.34,10.27,synthetic_srtm
4141,Mine_04141,11.825308,78.937929,837.25,7.65,26.68,3.0,synthetic_srtm
4142,Mine_04142,12.381621,78.638246,390.57,13.02,114.64,7.26,synthetic_srtm
4143,Mine_04143,11.845509,77.975954,1741.4,34.01,342.38,12.26,synthetic_srtm
4144,Mine_04144,12.645336,80.302201,270.33,13.58,222.26,8.36,synthetic_srtm
4145,Mine_04145,12.37661,79.499461,540.04,19.18,278.1,9.2,synthetic_srtm
4146,Mine_04146,9.173536,76.76074,1087.83,39.56,263.42,13.39,synthetic_srtm
4147,Mine_04147,9.154601,78.203307,971.22,18.77,165.45,9.21,synthetic_srtm
4148,Mine_04148,8.595027,79.674071,961.38,13.09,258.75,6.38,synthetic_srtm
4149,Mine_04149,8.000265,80.193089,315.68,6.94,329.4,2.52,synthetic_srtm
4150,Mine_04150,11.08753,79.855437,932.77,19.03,278.01,9.96,synthetic_srtm
4151,Mine_04151,8.941173,80.111032,696.65,8.25,170.94,7.09,synthetic_srtm
4152,Mine_04152,11.626912,80.328598,769.7,13.55,76.43,5.86,synthetic_srtm
4153,Mine_04153,12.89285,78.848984,368.0,13.3,191.32,5.45,synthetic_srtm
4154,Mine_04154,11.85797,76.526754,853.95,13.37,248.79,5.16,synthetic_srtm
4155,Mine_04155,11.439659,77.899022,2066.13,43.63,240.97,16.75,synthetic_srtm
4156,Mine_04156,13.098937,78.193643,285.27,14.37,158.21,6.87,synthetic_srtm
4157,Mine_04157,12.114658,78.214618,938.63,8.61,182.54,6.28,synthetic_srtm
4158,Mine_04158,10.278343,77.566175,229.86,4.7,71.52,1.78,synthetic_srtm
4159,Mine_04159,12.080817,79.504931,377.52,8.17,200.43,6.35,synthetic_srtm
4160,Mine_04160,10.623775,79.57257,224.59,10.03,174.1,6.31,synthetic_srtm
4161,Mine_04161,12.988203,78.548718,539.51,14.9,49.28,5.35,synthetic_srtm
4162,Mine_04162,11.153292,76.168687,1035.36,24.67,238.99,10.71,synthetic_srtm
4163,Mine_04163,10.864099,80.327847,861.59,15.51,273.16,9.46,synthetic_srtm
4164,Mine_04164,9.629184,76.435654,535.91,8.69,235.67,5.92,synthetic_srtm
4165,Mine_04165,13.325756,76.248853,1294.07,17.02,226.34,9.71,synthetic_srtm
4166,Mine_04166,13.474041,80.281769,236.46,6.62,39.19,4.83,synthetic_srtm
4167,Mine_04167,11.166796,80.396733,922.85,7.24,262.42,3.9,synthetic_srtm
4168,Mine_04168,8.894225,76.732745,792.18,5.6,186.31,6.61,synthetic_srtm
4169,Mine_04169,9.28464,78.107935,317.05,9.29,331.81,3.81,synthetic_srtm
4170,Mine_04170,10.438553,78.720533,591.24,20.49,115.14,8.76,synthetic_srtm
4171,Mine_04171,10.015898,76.570108,1505.37,35.72,52.38,11.84,synthetic_srtm
4172,Mine_04172,12.699944,80.143038,228.78,14.68,181.38,6.65,synthetic_srtm
4173,Mine_04173,13.171205,79.236951,744.36,11.13,149.83,8.27,synthetic_srtm
4174,Mine_04174,12.66551,77.520515,1460.99,31.41,123.38,11.17,synthetic_srtm
4175,Mine_04175,9.79088,77.096703,899.58,11.19,189.75,7.83,synthetic_srtm
4176,Mine_04176,10.605156,80.147124,699.32,14.02,189.3,7.31,synthetic_srtm
4177,Mine_04177,12.74117,78.685727,913.77,22.81,10.52,9.58,synthetic_srtm
4178,Mine_04178,9.292836,78.514578,815.03,9.3,220.06,6.73,synthetic_srtm
4179,Mine_04179,9.736722,79.859412,733.04,12.86,356.58,4.33,synthetic_srtm
4180,Mine_04180,11.920618,78.73984,224.32,13.86,315.21,8.53,synthetic_srtm
4181,Mine_04181,13.050323,80.116317,262.71,10.65,175.31,7.99,synthetic_srtm
4182,Mine_04182,11.218409,79.479247,403.17,8.34,340.32,5.48,synthetic_srtm
4183,Mine_04183,11.07526,76.724708,642.42,7.98,273.72,7.23,synthetic_srtm
4184,Mine_04184,12.619674,76.393032,1536.36,32.03,88.97,14.36,synthetic_srtm
4185,Mine_04185,9.692307,76.945337,1480.31,38.44,181.75,13.49,synthetic_srtm
4186,Mine_04186,10.29781,76.568386,1365.27,27.1,112.41,8.72,synthetic_srtm
4187,Mine_04187,8.430319,78.503384,893.37,21.82,152.35,11.45,synthetic_srtm
4188,Mine_04188,13.00832,77.846703,1722.42,31.25,214.35,12.33,synthetic_srtm
4189,Mine_04189,8.253186,77.28731,571.43,11.04,312.64,7.27,synthetic_srtm
4190,Mine_04190,8.952317,76.525449,773.6,5.01,134.9,4.1,synthetic_srtm
4191,Mine_04191,13.020806,78.556226,319.55,3.73,28.45,3.57,synthetic_srtm
4192,Mine_04192,9.085621,78.232837,994.76,5.0,249.85,5.21,synthetic_srtm
4193,Mine_04193,13.114905,77.478993,2125.6,36.84,114.27,12.39,synthetic_srtm
4194,Mine_04194,12.649215,79.198482,961.21,23.44,224.3,7.04,synthetic_srtm
4195,Mine_04195,8.359186,79.571521,549.07,16.7,245.34,9.92,synthetic_srtm
4196,Mine_04196,10.142511,77.751958,556.66,18.71,6.12,9.25,synthetic_srtm
4197,Mine_04197,10.255626,77.990642,330.91,7.32,245.48,5.47,synthetic_srtm
4198,Mine_04198,10.855046,79.431031,262.44,9.99,134.21,4.26,synthetic_srtm
4199,Mine_04199,13.247112,78.140578,705.15,6.6,186.16,4.68,synthetic_srtm
4200,Mine_04200,12.08307,79.959355,636.92,18.54,151.32,7.06,synthetic_srtm
4201,Mine_04201,11.881585,78.599099,286.27,6.08,332.42,4.13,synthetic_srtm
4202,Mine_04202,10.476908,79.681123,751.73,17.16,225.54,5.95,synthetic_srtm
4203,Mine_04203,10.79627,78.968515,548.44,7.88,174.93,6.01,synthetic_srtm
4204,Mine_04204,11.496566,80.005642,513.79,22.42,1.26,8.85,synthetic_srtm
4205,Mine_04205,12.495873,77.244542,1508.57,29.89,166.68,11.84,synthetic_srtm
4206,Mine_04206,8.467678,78.622443,659.84,12.02,216.12,5.95,synthetic_srtm
4207,Mine_04207,10.330745,77.432155,926.83,24.28,246.0,10.75,synthetic_srtm
4208,Mine_04208,8.274791,77.298934,271.12,0.98,318.68,4.14,synthetic_srtm
4209,Mine_04209,13.402219,76.441312,657.18,18.13,294.88,8.38,synthetic_srtm
4210,Mine_04210,12.832405,78.981193,942.02,20.93,58.88,6.93,synthetic_srtm
4211,Mine_04211,11.937039,77.636507,1393.16,26.9,228.16,8.77,synthetic_srtm
4212,Mine_04212,10.832574,80.487109,828.24,19.28,137.89,9.53,synthetic_srtm
4213,Mine_04213,10.653747,79.705878,890.21,11.97,121.78,4.63,synthetic_srtm
4214,Mine_04214,12.701827,77.742533,2259.83,24.41,33.21,9.86,synthetic_srtm
4215,Mine_04215,8.700568,76.518906,733.81,14.58,77.07,7.97,synthetic_srtm
4216,Mine_04216,9.121003,79.811155,395.32,3.0,7.17,4.18,synthetic_srtm
4217,Mine_04217,8.504458,78.812336,783.51,6.84,143.42,6.44,synthetic_srtm
4218,Mine_04218,11.564988,77.946175,2371.86,30.84,72.94,11.69,synthetic_srtm
4219,Mine_04219,13.418025,77.058712,1947.86,26.09,146.44,9.91,synthetic_srtm
4220,Mine_04220,10.587557,80.410417,280.17,1.86,346.43,1.19,synthetic_srtm
4221,Mine_04221,11.107784,78.768055,291.96,14.39,53.51,5.79,synthetic_srtm
4222,Mine_04222,12.548384,76.783755,1536.4,33.21,87.49,13.15,synthetic_srtm
4223,Mine_04223,13.231254,80.047116,902.71,6.97,198.75,2.92,synthetic_srtm
4224,Mine_04224,10.073225,77.775352,709.24,24.91,283.7,10.61,synthetic_srtm
4225,Mine_04225,8.333287,80.130829,877.55,20.34,195.26,10.05,synthetic_srtm
4226,Mine_04226,12.781056,76.41838,1601.4,25.15,103.52,10.95,synthetic_srtm
4227,Mine_04227,8.377264,77.712975,915.84,7.43,312.67,4.42,synthetic_srtm
4228,Mine_04228,12.286662,80.142772,794.11,8.88,124.93,4.83,synthetic_srtm
4229,Mine_04229,12.861574,78.446998,605.89,19.57,197.62,9.91,synthetic_srtm
4230,Mine_04230,12.77724,79.855996,795.48,22.13,187.54,10.11,synthetic_srtm
4231,Mine_04231,8.19598,80.386086,917.84,23.16,38.33,8.79,synthetic_srtm
4232,Mine_04232,13.016411,77.742336,1183.31,29.61,333.65,13.53,synthetic_srtm
4233,Mine_04233,8.719736,79.589297,255.11,5.15,7.46,5.98,synthetic_srtm
4234,Mine_04234,9.063835,77.088481,958.3,19.71,24.69,7.62,synthetic_srtm
4235,Mine_04235,9.118851,77.287902,500.75,23.02,312.95,11.6,synthetic_srtm
4236,Mine_04236,8.705149,77.007145,422.71,0.23,92.91,4.34,synthetic_srtm
4237,Mine_04237,8.079688,79.378414,495.31,13.03,119.37,6.62,synthetic_srtm
4238,Mine_04238,10.456672,78.996328,860.2,10.26,304.9,7.35,synthetic_srtm
4239,Mine_04239,10.3816,76.965339,1467.39,29.36,208.25,8.92,synthetic_srtm
4240,Mine_04240,8.27931,78.742281,932.77,14.3,171.94,4.8,synthetic_srtm
4241,Mine_04241,10.924585,78.323358,458.39,8.35,295.05,5.39,synthetic_srtm
4242,Mine_04242,12.950851,79.263504,253.1,2.16,130.93,5.53,synthetic_srtm
4243,Mine_04243,11.316798,78.039064,759.45,16.42,328.19,6.45,synthetic_srtm
4244,Mine_04244,8.964647,79.132999,523.88,19.55,302.58,6.8,synthetic_srtm
4245,Mine_04245,10.309755,77.729429,750.82,16.52,134.5,5.06,synthetic_srtm
4246,Mine_04246,9.512275,80.220948,819.07,5.81,280.01,2.32,synthetic_srtm
4247,Mine_04247,12.47208,77.517979,1118.97,17.33,178.22,5.3,synthetic_srtm
4248,Mine_04248,13.310564,77.525087,2301.95,31.97,212.76,12.16,synthetic_srtm
4249,Mine_04249,12.763979,78.713701,495.49,11.28,336.53,6.4,synthetic_srtm
4250,Mine_04250,10.368672,79.049815,231.16,9.61,15.95,6.0,synthetic_srtm
4251,Mine_04251,12.375664,76.165761,700.19,24.87,163.44,11.92,synthetic_srtm
4252,Mine_04252,11.923522,79.583359,276.3,5.43,100.18,4.99,synthetic_srtm
4253,Mine_04253,12.783756,79.364102,727.49,18.27,330.72,5.84,synthetic_srtm
4254,Mine_04254,13.237933,77.463975,2268.96,28.34,16.31,12.18,synthetic_srtm
4255,Mine_04255,12.853317,77.623825,1527.25,24.85,33.48,10.23,synthetic_srtm
4256,Mine_04256,9.0054,77.371659,667.98,14.21,193.17,8.99,synthetic_srtm
4257,Mine_04257,10.638277,79.956709,595.36,12.35,22.91,3.77,synthetic_srtm
4258,Mine_04258,8.591246,77.229681,435.82,11.01,335.89,6.93,synthetic_srtm
4259,Mine_04259,9.048087,76.463563,1483.85,36.94,14.18,14.77,synthetic_srtm
4260,Mine_04260,13.176297,78.748529,664.98,10.93,245.29,7.2,synthetic_srtm
4261,Mine_04261,11.852617,80.123052,391.82,9.53,82.71,6.17,synthetic_srtm
4262,Mine_04262,10.507578,79.835565,458.84,9.87,60.25,5.52,synthetic_srtm
4263,Mine_04263,10.459363,78.953637,359.32,8.49,167.48,2.58,synthetic_srtm
4264,Mine_04264,10.757924,79.663269,416.59,5.29,248.13,5.23,synthetic_srtm
4265,Mine_04265,9.544878,78.082613,612.29,8.54,165.39,6.16,synthetic_srtm
4266,Mine_04266,11.04062,79.395421,359.41,4.15,44.88,5.47,synthetic_srtm
4267,Mine_04267,12.360569,78.714929,933.4,12.94,154.34,8.21,synthetic_srtm
4268,Mine_04268,9.769883,77.509579,648.75,9.04,334.45,6.06,synthetic_srtm
4269,Mine_04269,11.256016,79.459652,888.04,18.25,10.9,6.02,synthetic_srtm
4270,Mine_04270,11.680025,77.473983,1395.72,25.89,120.25,9.67,synthetic_srtm
4271,Mine_04271,12.287696,78.4816,321.62,9.92,252.34,3.81,synthetic_srtm
4272,Mine_04272,11.771532,76.494395,501.48,16.52,264.42,9.34,synthetic_srtm
4273,Mine_04273,10.529215,77.472594,772.34,22.24,123.2,9.09,synthetic_srtm
4274,Mine_04274,12.552918,80.493363,942.06,13.33,82.96,5.54,synthetic_srtm
4275,Mine_04275,11.911111,79.484622,334.07,5.06,256.98,1.88,synthetic_srtm
4276,Mine_04276,12.812015,76.688074,1103.23,40.44,167.93,16.56,synthetic_srtm
4277,Mine_04277,13.173076,77.082017,1103.86,29.24,156.73,9.88,synthetic_srtm
4278,Mine_04278,11.529413,77.472821,1227.77,39.73,78.76,14.09,synthetic_srtm
4279,Mine_04279,11.57775,78.244227,942.9,16.28,64.19,6.29,synthetic_srtm
4280,Mine_04280,13.480192,76.07083,1668.02,16.3,283.79,8.83,synthetic_srtm
4281,Mine_04281,9.608659,78.348158,835.7,10.56,83.18,7.61,synthetic_srtm
4282,Mine_04282,9.21884,78.98755,957.33,24.39,99.77,9.26,synthetic_srtm
4283,Mine_04283,10.842183,79.846074,350.26,14.8,90.26,6.06,synthetic_srtm
4284,Mine_04284,9.715382,76.523835,1270.91,26.37,39.1,9.11,synthetic_srtm
4285,Mine_04285,8.418272,78.576384,464.6,9.82,261.08,5.06,synthetic_srtm
4286,Mine_04286,9.907412,80.365458,522.56,18.21,201.96,9.66,synthetic_srtm
4287,Mine_04287,10.223794,78.204843,940.75,16.72,168.42,7.81,synthetic_srtm
4288,Mine_04288,12.28198,79.932807,620.34,15.47,10.76,5.2,synthetic_srtm
4289,Mine_04289,10.35035,80.056497,401.07,13.12,349.04,7.97,synthetic_srtm
4290,Mine_04290,10.975124,80.294736,876.55,11.06,175.91,4.29,synthetic_srtm
4291,Mine_04291,10.252562,79.57721,540.95,18.66,137.55,10.47,synthetic_srtm
4292,Mine_04292,8.416531,79.218593,852.75,12.72,244.03,4.29,synthetic_srtm
4293,Mine_04293,10.104155,78.507618,515.07,13.92,342.24,7.9,synthetic_srtm
4294,Mine_04294,9.221058,78.469669,217.75,7.01,57.81,2.39,synthetic_srtm
4295,Mine_04295,9.402827,76.427001,1499.7,15.49,349.63,7.77,synthetic_srtm
4296,Mine_04296,10.988863,77.524024,720.79,8.21,86.16,3.79,synthetic_srtm
4297,Mine_04297,8.470444,77.333486,576.33,13.18,256.53,5.25,synthetic_srtm
4298,Mine_04298,12.342604,76.401593,520.99,21.55,275.73,10.41,synthetic_srtm
4299,Mine_04299,13.486021,80.361716,944.46,18.35,275.02,6.49,synthetic_srtm
4300,Mine_04300,8.377002,77.873288,251.64,11.88,171.0,4.02,synthetic_srtm
4301,Mine_04301,12.241606,80.124094,388.64,3.71,92.39,4.03,synthetic_srtm
4302,Mine_04302,11.834295,79.379742,477.8,14.93,59.92,5.43,synthetic_srtm
4303,Mine_04303,12.064343,80.130222,537.88,20.35,121.47,7.75,synthetic_srtm
4304,Mine_04304,10.955586,76.03114,935.13,22.27,41.03,10.23,synthetic_srtm
4305,Mine_04305,12.586721,76.489457,1289.38,15.58,330.41,8.02,synthetic_srtm
4306,Mine_04306,10.458159,79.424593,639.31,8.27,264.82,5.57,synthetic_srtm
4307,Mine_04307,9.456688,76.589628,1274.01,39.1,251.45,16.63,synthetic_srtm
4308,Mine_04308,13.249728,79.085847,429.48,9.72,135.62,6.97,synthetic_srtm
4309,Mine_04309,10.277341,77.461575,919.31,16.22,267.36,9.19,synthetic_srtm
4310,Mine_04310,8.049847,79.56639,854.03,13.96,105.67,4.52,synthetic_srtm
4311,Mine_04311,11.768659,80.116104,833.97,14.48,126.03,6.49,synthetic_srtm
4312,Mine_04312,8.319762,77.615163,823.79,14.08,106.34,7.07,synthetic_srtm
4313,Mine_04313,11.358754,80.014712,774.0,12.67,319.53,4.35,synthetic_srtm
4314,Mine_04314,10.582262,78.538255,311.82,7.22,133.73,5.03,synthetic_srtm
4315,Mine_04315,10.488679,78.410336,987.44,8.33,74.72,5.51,synthetic_srtm
4316,Mine_04316,10.918268,76.310094,1088.55,24.87,110.46,11.1,synthetic_srtm
4317,Mine_04317,8.982531,79.706215,709.97,16.7,211.28,6.15,synthetic_srtm
4318,Mine_04318,9.131415,78.217523,882.11,18.77,94.24,10.25,synthetic_srtm
4319,Mine_04319,10.969018,76.705841,923.56,6.83,137.65,2.63,synthetic_srtm
4320,Mine_04320,11.9264,76.135636,829.45,20.06,319.62,8.98,synthetic_srtm
4321,Mine_04321,12.262638,78.932435,293.31,10.19,56.67,7.79,synthetic_srtm
4322,Mine_04322,10.47757,76.760307,702.79,5.3,79.93,4.65,synthetic_srtm
4323,Mine_04323,11.008,79.436419,647.89,14.15,141.04,8.66,synthetic_srtm
4324,Mine_04324,12.657169,78.798436,943.58,19.14,39.36,10.47,synthetic_srtm
4325,Mine_04325,9.894288,76.051413,872.11,8.93,131.62,5.67,synthetic_srtm
4326,Mine_04326,11.777567,78.31666,659.96,15.37,252.77,9.17,synthetic_srtm
4327,Mine_04327,11.368752,76.355297,1353.88,34.01,300.94,13.2,synthetic_srtm
4328,Mine_04328,8.685055,78.941796,292.22,13.05,241.93,7.79,synthetic_srtm
4329,Mine_04329,11.761883,77.327468,1888.4,32.09,201.83,9.66,synthetic_srtm
4330,Mine_04330,11.120744,76.782107,1515.32,43.4,250.93,16.52,synthetic_srtm
4331,Mine_04331,11.018256,78.095942,454.91,10.38,249.74,6.57,synthetic_srtm
4332,Mine_04332,9.215048,79.015896,256.85,0.52,241.01,4.59,synthetic_srtm
4333,Mine_04333,9.3997,76.6072,1094.37,18.11,45.36,7.58,synthetic_srtm
4334,Mine_04334,8.456678,76.519556,761.06,16.72,174.1,5.05,synthetic_srtm
4335,Mine_04335,12.54922,76.841712,1435.59,27.71,183.53,11.96,synthetic_srtm
4336,Mine_04336,10.30203,77.793704,213.49,14.6,65.59,8.15,synthetic_srtm
4337,Mine_04337,12.527578,77.22559,1206.44,27.35,47.67,12.22,synthetic_srtm
4338,Mine_04338,12.734347,78.852477,981.05,16.61,139.7,9.54,synthetic_srtm
4339,Mine_04339,10.125639,78.411096,792.52,9.11,73.31,7.63,synthetic_srtm
4340,Mine_04340,10.613902,76.966964,1686.0,42.35,254.98,15.33,synthetic_srtm
4341,Mine_04341,12.24357,77.326002,1909.04,24.79,73.28,8.53,synthetic_srtm
4342,Mine_04342,9.424511,79.682165,491.69,1.52,123.28,5.27,synthetic_srtm
4343,Mine_04343,11.219126,77.211355,2049.52,44.98,53.69,17.54,synthetic_srtm
4344,Mine_04344,9.51925,79.193106,320.4,9.71,185.75,3.54,synthetic_srtm
4345,Mine_04345,8.541364,76.471437,652.91,7.42,253.96,4.51,synthetic_srtm
4346,Mine_04346,10.20676,79.689446,781.14,19.25,219.58,10.01,synthetic_srtm
4347,Mine_04347,8.603556,77.578827,506.72,13.64,281.46,7.72,synthetic_srtm
4348,Mine_04348,12.155639,77.091158,1797.92,19.45,296.51,9.64,synthetic_srtm
4349,Mine_04349,10.838029,79.307562,723.99,7.06,345.09,3.47,synthetic_srtm
4350,Mine_04350,10.360178,80.224914,686.31,24.83,156.75,11.83,synthetic_srtm
4351,Mine_04351,12.349272,76.716898,1377.8,17.87,242.17,8.84,synthetic_srtm
4352,Mine_04352,9.108459,78.930066,551.71,23.15,192.79,7.42,synthetic_srtm
4353,Mine_04353,9.217022,77.709346,492.35,13.63,30.87,4.19,synthetic_srtm
4354,Mine_04354,11.771472,78.575385,761.73,19.61,326.96,9.71,synthetic_srtm
4355,Mine_04355,8.450409,77.39632,215.67,12.54,321.42,7.33,synthetic_srtm
4356,Mine_04356,12.111826,76.020701,1634.51,26.01,7.99,9.25,synthetic_srtm
4357,Mine_04357,8.391591,79.727792,405.98,8.02,36.67,3.28,synthetic_srtm
4358,Mine_04358,12.913538,76.217236,1201.49,41.76,208.51,14.3,synthetic_srtm
4359,Mine_04359,10.670084,79.595396,409.35,7.77,215.7,4.93,synthetic_srtm
4360,Mine_04360,11.500701,77.038133,1454.81,38.8,326.9,12.75,synthetic_srtm
4361,Mine_04361,10.930176,79.927592,254.7,11.15,296.13,5.67,synthetic_srtm
4362,Mine_04362,11.706559,77.760415,1205.63,32.45,324.76,11.71,synthetic_srtm
4363,Mine_04363,10.778552,78.668074,367.98,4.88,48.31,2.5,synthetic_srtm
4364,Mine_04364,12.340708,80.270891,587.25,6.3,325.87,3.22,synthetic_srtm
4365,Mine_04365,9.973421,77.854222,719.49,8.17,238.71,5.06,synthetic_srtm
4366,Mine_04366,8.25648,79.555752,288.08,0.75,66.25,4.15,synthetic_srtm
4367,Mine_04367,10.939089,78.242007,298.95,12.33,270.57,5.67,synthetic_srtm
4368,Mine_04368,12.135394,76.689011,1184.49,40.51,276.61,14.67,synthetic_srtm
4369,Mine_04369,12.353421,79.247585,707.64,6.14,26.57,3.52,synthetic_srtm
4370,Mine_04370,12.756586,79.857991,432.8,11.34,243.85,7.45,synthetic_srtm
4371,Mine_04371,11.567757,79.197958,681.5,17.82,316.11,10.33,synthetic_srtm
4372,Mine_04372,8.98688,76.920625,947.68,24.6,232.9,10.69,synthetic_srtm
4373,Mine_04373,9.768188,78.826945,547.3,13.22,33.88,6.81,synthetic_srtm
4374,Mine_04374,8.737457,76.868825,789.45,12.06,92.62,8.28,synthetic_srtm
4375,Mine_04375,12.624104,77.778361,1927.1,22.21,162.82,8.03,synthetic_srtm
4376,Mine_04376,10.777213,80.016769,564.62,18.81,230.8,7.94,synthetic_srtm
4377,Mine_04377,10.218463,80.390349,808.84,11.01,293.33,8.1,synthetic_srtm
4378,Mine_04378,10.790499,78.163904,971.21,11.16,335.99,3.78,synthetic_srtm
4379,Mine_04379,9.738438,79.603112,990.68,14.91,139.27,6.78,synthetic_srtm
4380,Mine_04380,11.428539,80.040777,696.9,10.56,212.97,6.21,synthetic_srtm
4381,Mine_04381,9.494026,79.333392,400.75,13.48,293.47,8.36,synthetic_srtm
4382,Mine_04382,9.673393,79.325682,862.76,8.46,15.66,3.35,synthetic_srtm
4383,Mine_04383,8.979162,76.34906,1697.21,32.54,178.11,10.02,synthetic_srtm
4384,Mine_04384,10.607825,77.538506,322.75,5.58,151.25,5.16,synthetic_srtm
4385,Mine_04385,9.198752,80.165531,921.53,8.79,233.8,7.6,synthetic_srtm
4386,Mine_04386,8.629798,76.237773,685.37,6.2,24.93,3.59,synthetic_srtm
4387,Mine_04387,8.782637,76.008621,1668.68,44.76,270.21,16.12,synthetic_srtm
4388,Mine_04388,11.733859,76.65635,1604.57,26.81,190.79,11.48,synthetic_srtm
4389,Mine_04389,10.748311,77.683023,432.48,3.71,193.05,3.62,synthetic_srtm
4390,Mine_04390,11.573245,77.899547,1147.05,28.94,209.27,12.09,synthetic_srtm
4391,Mine_04391,9.230748,80.209163,400.28,0.6,326.67,4.47,synthetic_srtm
4392,Mine_04392,11.238782,76.839797,911.44,6.65,236.59,5.85,synthetic_srtm
4393,Mine_04393,9.762693,78.062195,923.09,12.76,65.6,4.38,synthetic_srtm
4394,Mine_04394,11.639264,77.847381,2393.69,27.04,305.89,12.06,synthetic_srtm
4395,Mine_04395,8.444686,76.884549,537.57,7.68,97.71,7.12,synthetic_srtm
4396,Mine_04396,11.329791,78.257822,710.97,7.16,255.5,5.43,synthetic_srtm
4397,Mine_04397,9.604262,76.700889,1112.13,42.84,141.96,17.75,synthetic_srtm
4398,Mine_04398,10.603371,78.078703,383.45,11.63,275.82,4.41,synthetic_srtm
4399,Mine_04399,12.089249,78.681617,953.43,8.73,51.48,5.45,synthetic_srtm
4400,Mine_04400,9.34781,78.523387,351.72,8.33,72.86,6.39,synthetic_srtm
4401,Mine_04401,8.775464,78.752524,818.42,13.61,30.4,8.19,synthetic_srtm
4402,Mine_04402,13.205783,77.039964,2319.61,35.57,294.62,11.62,synthetic_srtm
4403,Mine_04403,11.642375,79.336709,961.85,16.32,194.13,8.13,synthetic_srtm
4404,Mine_04404,8.10996,79.463462,882.62,14.58,23.5,7.51,synthetic_srtm
4405,Mine_04405,8.061009,77.489569,443.86,12.92,215.32,3.99,synthetic_srtm
4406,Mine_04406,12.369206,78.044201,924.22,6.77,257.01,5.38,synthetic_srtm
4407,Mine_04407,11.635704,77.37155,1545.8,35.13,100.26,10.57,synthetic_srtm
4408,Mine_04408,12.063639,78.466399,427.44,10.59,134.29,8.17,synthetic_srtm
4409,Mine_04409,8.07869,80.003325,822.47,18.55,172.69,7.6,synthetic_srtm
4410,Mine_04410,10.985096,76.759909,681.58,22.6,135.59,8.48,synthetic_srtm
4411,Mine_04411,8.58659,78.509895,706.83,17.98,288.05,7.4,synthetic_srtm
4412,Mine_04412,12.493181,79.585312,923.57,7.44,27.0,6.34,synthetic_srtm
4413,Mine_04413,10.171418,78.333463,873.6,8.38,34.6,4.49,synthetic_srtm
4414,Mine_04414,12.324744,76.719681,1573.64,30.19,108.26,9.61,synthetic_srtm
4415,Mine_04415,11.187466,77.641527,1794.86,23.15,256.96,11.04,synthetic_srtm
4416,Mine_04416,12.905112,76.05118,1322.68,18.49,283.75,7.6,synthetic_srtm
4417,Mine_04417,11.999066,76.068732,1114.54,33.09,62.23,10.85,synthetic_srtm
4418,Mine_04418,11.117399,77.065873,2292.07,21.32,118.23,7.42,synthetic_srtm
4419,Mine_04419,8.120075,80.471336,360.58,7.54,16.02,6.39,synthetic_srtm
4420,Mine_04420,10.970514,76.362751,1450.48,42.86,96.19,14.73,synthetic_srtm
4421,Mine_04421,9.796316,78.920663,316.44,14.88,359.89,5.49,synthetic_srtm
4422,Mine_04422,13.316616,79.206288,790.77,22.08,232.36,9.46,synthetic_srtm
4423,Mine_04423,13.143142,77.853186,2339.38,37.43,171.88,11.77,synthetic_srtm
4424,Mine_04424,10.945332,79.36461,678.63,14.93,132.59,6.84,synthetic_srtm
4425,Mine_04425,10.924399,79.689552,916.58,14.65,337.77,9.28,synthetic_srtm
4426,Mine_04426,12.385228,77.437172,1742.47,41.9,316.49,14.5,synthetic_srtm
4427,Mine_04427,8.370612,76.753901,1514.81,43.95,337.48,16.41,synthetic_srtm
4428,Mine_04428,10.694375,78.527091,961.6,20.78,82.78,8.91,synthetic_srtm
4429,Mine_04429,12.34845,79.621985,313.34,9.23,289.7,5.14,synthetic_srtm
4430,Mine_04430,8.590835,76.90334,861.1,16.79,237.26,6.1,synthetic_srtm
4431,Mine_04431,8.354113,77.875719,737.8,24.98,47.65,12.22,synthetic_srtm
4432,Mine_04432,8.355013,78.93103,684.1,7.95,281.67,6.53,synthetic_srtm
4433,Mine_04433,12.650826,79.848381,894.07,20.87,278.41,10.85,synthetic_srtm
4434,Mine_04434,12.499522,76.819304,1389.12,25.88,127.82,12.62,synthetic_srtm
4435,Mine_04435,13.372561,79.27984,516.11,20.5,241.84,9.63,synthetic_srtm
4436,Mine_04436,9.349491,79.469031,929.27,13.14,101.84,3.99,synthetic_srtm
4437,Mine_04437,9.122673,76.902909,1647.88,34.83,109.9,10.47,synthetic_srtm
4438,Mine_04438,12.864124,77.13477,1564.63,31.02,172.87,9.35,synthetic_srtm
4439,Mine_04439,9.761153,80.036606,803.09,10.78,350.04,4.5,synthetic_srtm
4440,Mine_04440,10.938959,79.897757,564.59,21.34,92.5,8.63,synthetic_srtm
4441,Mine_04441,12.621852,80.091131,879.37,15.03,159.8,4.61,synthetic_srtm
4442,Mine_04442,11.529636,79.415145,892.41,21.94,347.93,9.56,synthetic_srtm
4443,Mine_04443,13.415836,76.970474,986.23,15.29,239.31,4.94,synthetic_srtm
4444,Mine_04444,10.622238,79.527724,539.77,6.35,5.11,3.69,synthetic_srtm
4445,Mine_04445,12.190579,79.424537,504.8,11.4,16.9,4.01,synthetic_srtm
4446,Mine_04446,8.24414,77.661112,754.56,21.15,60.9,11.11,synthetic_srtm
4447,Mine_04447,10.796291,78.636569,705.36,5.55,114.56,1.85,synthetic_srtm
4448,Mine_04448,12.715646,80.172722,616.09,10.4,154.35,6.87,synthetic_srtm
4449,Mine_04449,11.234563,77.916476,1145.25,23.79,330.79,7.5,synthetic_srtm
4450,Mine_04450,9.276435,80.126944,213.35,9.1,82.09,3.12,synthetic_srtm
4451,Mine_04451,8.025303,78.878372,785.46,23.29,9.79,8.57,synthetic_srtm
4452,Mine_04452,10.107137,78.70804,784.37,9.96,243.53,4.85,synthetic_srtm
4453,Mine_04453,10.203457,76.307715,1125.29,22.22,136.03,9.11,synthetic_srtm
4454,Mine_04454,9.172096,77.228834,320.56,13.8,11.98,7.53,synthetic_srtm
4455,Mine_04455,10.036913,77.660181,268.86,8.31,252.47,2.85,synthetic_srtm
4456,Mine_04456,9.792344,77.84934,486.52,1.34,271.46,4.43,synthetic_srtm
4457,Mine_04457,10.523685,78.948026,579.43,15.56,167.44,7.94,synthetic_srtm
4458,Mine_04458,11.538164,78.331206,606.44,20.18,26.41,10.72,synthetic_srtm
4459,Mine_04459,10.033163,77.157692,619.4,24.18,301.32,10.56,synthetic_srtm
4460,Mine_04460,10.820194,78.481601,989.27,10.74,2.48,4.12,synthetic_srtm
4461,Mine_04461,9.358417,79.605489,261.32,12.99,350.55,8.3,synthetic_srtm
4462,Mine_04462,9.203757,76.833072,1446.45,37.04,272.82,13.11,synthetic_srtm
4463,Mine_04463,12.206855,78.039902,787.78,14.79,160.84,9.14,synthetic_srtm
4464,Mine_04464,9.177016,76.832163,956.62,21.39,217.83,10.19,synthetic_srtm
4465,Mine_04465,12.047058,77.465476,1591.86,18.83,110.07,8.12,synthetic_srtm
4466,Mine_04466,9.125962,79.956583,305.65,10.58,263.62,6.63,synthetic_srtm
4467,Mine_04467,11.019665,78.64468,657.96,13.12,265.19,4.65,synthetic_srtm
4468,Mine_04468,11.44696,80.198636,450.81,14.26,167.89,6.29,synthetic_srtm
4469,Mine_04469,8.583212,79.752957,247.46,3.27,265.1,4.42,synthetic_srtm
4470,Mine_04470,12.75099,79.711991,951.44,20.13,286.09,10.89,synthetic_srtm
4471,Mine_04471,11.515615,80.290529,755.9,10.52,279.9,7.9,synthetic_srtm
4472,Mine_04472,12.494072,79.137449,878.79,19.83,207.81,9.65,synthetic_srtm
4473,Mine_04473,8.059909,79.568126,374.26,13.56,264.9,5.72,synthetic_srtm
4474,Mine_04474,8.161934,79.390234,747.21,19.6,146.96,10.34,synthetic_srtm
4475,Mine_04475,10.842817,77.042564,603.14,23.66,322.61,10.6,synthetic_srtm
4476,Mine_04476,11.820753,80.445786,201.72,14.6,273.54,6.0,synthetic_srtm
4477,Mine_04477,8.854535,78.833471,818.26,17.92,8.15,8.46,synthetic_srtm
4478,Mine_04478,9.011428,79.382047,617.3,21.96,85.4,9.57,synthetic_srtm
4479,Mine_04479,10.175463,77.776047,664.29,20.82,107.6,9.24,synthetic_srtm
4480,Mine_04480,13.355676,79.12809,546.45,5.87,90.88,2.37,synthetic_srtm
4481,Mine_04481,12.904545,76.92101,1140.25,36.69,56.75,14.47,synthetic_srtm
4482,Mine_04482,9.545858,80.170818,644.62,5.48,205.68,5.35,synthetic_srtm
4483,Mine_04483,8.471476,76.983555,1452.33,37.1,343.75,12.47,synthetic_srtm
4484,Mine_04484,11.027252,79.124912,548.65,15.03,22.45,5.64,synthetic_srtm
4485,Mine_04485,9.66645,76.439327,1068.61,34.83,150.29,12.61,synthetic_srtm
4486,Mine_04486,8.022471,77.593759,523.86,21.54,309.98,7.14,synthetic_srtm
4487,Mine_04487,12.926356,77.460028,2373.27,37.83,61.8,14.52,synthetic_srtm
4488,Mine_04488,12.390569,80.291968,634.37,14.19,107.02,8.24,synthetic_srtm
4489,Mine_04489,9.527427,77.363127,571.43,24.95,12.69,10.66,synthetic_srtm
4490,Mine_04490,9.783497,78.388869,742.61,7.98,99.74,2.73,synthetic_srtm
4491,Mine_04491,9.785081,76.985658,653.89,15.1,29.58,8.99,synthetic_srtm
4492,Mine_04492,8.239567,77.39182,787.29,19.64,138.93,9.04,synthetic_srtm
4493,Mine_04493,13.469029,77.05996,1858.16,23.45,122.44,9.43,synthetic_srtm
4494,Mine_04494,8.492551,77.045343,271.12,5.89,319.56,3.73,synthetic_srtm
4495,Mine_04495,8.280135,79.121239,966.14,13.31,324.94,5.21,synthetic_srtm
4496,Mine_04496,12.043863,76.465621,762.07,24.37,288.76,7.54,synthetic_srtm
4497,Mine_04497,11.970135,77.053441,1511.5,16.3,139.5,8.8,synthetic_srtm
4498,Mine_04498,12.035401,78.032561,743.21,16.25,278.34,7.27,synthetic_srtm
4499,Mine_04499,9.987943,78.20199,246.26,5.66,16.0,2.31,synthetic_srtm
4500,Mine_04500,13.390772,80.491071,943.02,6.8,128.39,2.78,synthetic_srtm
4501,Mine_04501,10.93766,76.558372,1047.91,38.98,355.53,16.45,synthetic_srtm
4502,Mine_04502,9.217961,77.756409,822.31,11.24,296.34,3.57,synthetic_srtm
4503,Mine_04503,13.205601,77.542803,2229.45,35.09,190.5,15.34,synthetic_srtm
4504,Mine_04504,10.081595,79.360811,514.28,6.39,161.52,2.36,synthetic_srtm
4505,Mine_04505,12.550529,79.485164,744.1,9.1,129.93,4.87,synthetic_srtm
4506,Mine_04506,10.371121,76.302505,1627.98,37.95,286.07,16.14,synthetic_srtm
4507,Mine_04507,9.452407,77.014012,229.18,11.32,263.85,7.02,synthetic_srtm
4508,Mine_04508,8.439114,79.780509,493.07,12.46,139.99,7.39,synthetic_srtm
4509,Mine_04509,9.678022,79.651272,248.18,8.22,140.9,6.01,synthetic_srtm
4510,Mine_04510,10.195603,76.840534,572.19,16.78,118.29,9.02,synthetic_srtm
4511,Mine_04511,8.414783,78.602446,895.04,7.07,83.61,2.64,synthetic_srtm
4512,Mine_04512,12.438575,77.664376,2351.66,26.72,91.91,11.58,synthetic_srtm
4513,Mine_04513,10.324095,76.409364,1275.32,31.62,177.34,13.37,synthetic_srtm
4514,Mine_04514,12.359018,77.992394,1594.11,20.47,220.05,6.57,synthetic_srtm
4515,Mine_04515,9.085858,78.710792,482.29,10.37,184.36,4.66,synthetic_srtm
4516,Mine_04516,8.107122,77.611608,769.64,5.9,262.8,6.46,synthetic_srtm
4517,Mine_04517,11.989337,78.16413,268.89,3.04,253.52,2.52,synthetic_srtm
4518,Mine_04518,9.151988,77.746221,617.6,9.34,192.61,4.25,synthetic_srtm
4519,Mine_04519,13.434306,79.109906,669.48,7.08,76.38,4.12,synthetic_srtm
4520,Mine_04520,9.782448,80.40467,291.44,2.92,262.93,4.99,synthetic_srtm
4521,Mine_04521,8.886684,80.344598,483.81,8.34,269.26,4.79,synthetic_srtm
4522,Mine_04522,9.249847,79.203538,549.67,16.87,234.62,9.39,synthetic_srtm
4523,Mine_04523,12.895774,78.341434,628.91,8.76,293.92,5.95,synthetic_srtm
4524,Mine_04524,9.277379,76.298713,1645.77,41.82,129.51,15.91,synthetic_srtm
4525,Mine_04525,9.695656,78.579838,364.63,3.95,153.99,1.49,synthetic_srtm
4526,Mine_04526,12.387847,80.382901,852.45,8.19,236.0,7.29,synthetic_srtm
4527,Mine_04527,12.175674,78.485664,234.78,11.76,267.32,8.41,synthetic_srtm
4528,Mine_04528,12.335801,78.138351,242.07,6.76,237.31,5.56,synthetic_srtm
4529,Mine_04529,11.356516,76.837439,829.38,19.99,148.49,6.01,synthetic_srtm
4530,Mine_04530,13.225571,79.199589,588.34,19.03,186.89,9.05,synthetic_srtm
4531,Mine_04531,12.614032,78.350285,805.54,22.68,136.54,8.81,synthetic_srtm
4532,Mine_04532,12.533066,76.294167,1663.86,38.11,345.17,16.09,synthetic_srtm
4533,Mine_04533,12.999246,80.00531,744.37,24.73,93.94,11.6,synthetic_srtm
4534,Mine_04534,10.411569,76.179798,1477.27,29.73,12.02,11.92,synthetic_srtm
4535,Mine_04535,9.04527,77.671274,227.0,2.87,92.15,4.43,synthetic_srtm
4536,Mine_04536,13.023176,77.928129,1169.48,32.09,65.28,12.6,synthetic_srtm
4537,Mine_04537,11.770404,78.104069,904.27,15.05,138.26,5.67,synthetic_srtm
4538,Mine_04538,10.370739,78.761474,898.72,10.14,215.74,5.43,synthetic_srtm
4539,Mine_04539,10.508373,79.682731,335.52,0.77,154.56,4.35,synthetic_srtm
4540,Mine_04540,9.196522,76.824651,1047.85,37.46,271.21,11.75,synthetic_srtm
4541,Mine_04541,10.078941,77.766259,898.75,13.14,99.84,6.56,synthetic_srtm
4542,Mine_04542,10.939134,80.292844,382.73,8.37,106.86,7.26,synthetic_srtm
4543,Mine_04543,8.69996,77.450443,278.92,10.56,286.54,7.39,synthetic_srtm
4544,Mine_04544,8.426228,76.261133,803.0,15.23,153.11,6.29,synthetic_srtm
4545,Mine_04545,9.960646,80.490805,492.54,8.48,112.91,3.83,synthetic_srtm
4546,Mine_04546,9.072277,78.305004,927.79,23.74,147.27,11.64,synthetic_srtm
4547,Mine_04547,9.711814,78.289075,652.48,7.86,263.37,3.02,synthetic_srtm
4548,Mine_04548,12.664378,77.711946,1043.65,39.16,41.3,14.46,synthetic_srtm
4549,Mine_04549,11.580934,79.29492,636.61,19.29,52.33,6.38,synthetic_srtm
4550,Mine_04550,9.867282,80.242354,360.9,1.92,212.34,3.16,synthetic_srtm
4551,Mine_04551,10.626561,76.28081,1655.28,19.19,208.94,9.8,synthetic_srtm
4552,Mine_04552,9.423567,79.369347,420.39,4.14,337.0,4.94,synthetic_srtm
4553,Mine_04553,11.250043,80.022895,987.54,18.65,355.71,6.99,synthetic_srtm
4554,Mine_04554,9.850462,76.000906,1491.89,17.99,147.08,8.35,synthetic_srtm
4555,Mine_04555,8.709318,77.701923,220.56,4.6,181.58,2.11,synthetic_srtm
4556,Mine_04556,11.079085,78.689305,660.76,23.86,142.39,11.49,synthetic_srtm
4557,Mine_04557,12.110934,79.636475,830.4,15.03,201.31,7.02,synthetic_srtm
4558,Mine_04558,12.118847,77.120425,2096.22,26.51,54.0,8.33,synthetic_srtm
4559,Mine_04559,9.159701,78.514604,919.79,12.12,296.14,7.11,synthetic_srtm
4560,Mine_04560,11.512134,78.81179,788.91,18.93,125.47,9.09,synthetic_srtm
4561,Mine_04561,10.65573,79.902519,394.25,8.77,347.84,4.05,synthetic_srtm
4562,Mine_04562,10.927025,76.299288,686.61,21.15,171.67,9.26,synthetic_srtm
4563,Mine_04563,13.316067,79.285425,383.92,5.58,218.93,4.8,synthetic_srtm
4564,Mine_04564,12.687562,76.056705,1435.54,26.89,162.29,8.52,synthetic_srtm
4565,Mine_04565,12.886714,77.475993,1490.69,20.33,289.89,9.62,synthetic_srtm
4566,Mine_04566,11.988558,77.029749,1563.31,38.79,232.03,15.56,synthetic_srtm
4567,Mine_04567,12.405306,77.592972,1430.1,36.12,331.12,12.91,synthetic_srtm
4568,Mine_04568,10.989112,76.390764,870.23,7.73,314.02,6.25,synthetic_srtm
4569,Mine_04569,11.991328,77.985742,1775.38,35.64,259.92,11.24,synthetic_srtm
4570,Mine_04570,11.277364,79.857022,927.27,20.57,177.59,7.33,synthetic_srtm
4571,Mine_04571,11.517656,78.006448,223.67,0.09,254.73,2.65,synthetic_srtm
4572,Mine_04572,8.266815,79.135001,680.68,9.46,358.52,4.27,synthetic_srtm
4573,Mine_04573,11.891549,77.932042,1654.58,30.93,92.95,10.9,synthetic_srtm
4574,Mine_04574,11.659641,78.390897,975.82,24.28,141.63,9.7,synthetic_srtm
4575,Mine_04575,8.820038,80.41742,221.91,2.88,133.93,2.93,synthetic_srtm
4576,Mine_04576,8.587052,78.521852,578.37,13.75,97.37,8.48,synthetic_srtm
4577,Mine_04577,11.987816,77.122986,1478.09,30.02,252.64,10.1,synthetic_srtm
4578,Mine_04578,10.482315,76.85214,771.15,17.64,165.26,9.05,synthetic_srtm
4579,Mine_04579,12.736155,78.200019,724.98,8.97,350.14,4.18,synthetic_srtm
4580,Mine_04580,8.151213,76.899313,736.62,9.49,313.83,5.76,synthetic_srtm
4581,Mine_04581,10.152649,80.32804,618.68,9.56,142.58,5.74,synthetic_srtm
4582,Mine_04582,11.551057,78.049523,739.89,9.49,83.76,4.23,synthetic_srtm
4583,Mine_04583,10.258206,77.285738,824.1,14.9,68.98,9.25,synthetic_srtm
4584,Mine_04584,13.104297,76.786938,714.74,23.84,335.14,10.7,synthetic_srtm
4585,Mine_04585,9.091799,78.26954,309.3,7.91,169.75,4.69,synthetic_srtm
4586,Mine_04586,11.097783,77.485319,1923.25,16.73,229.94,9.42,synthetic_srtm
4587,Mine_04587,10.516619,80.444783,856.92,13.03,122.39,4.16,synthetic_srtm
4588,Mine_04588,9.05884,77.978012,476.34,0.58,334.56,3.91,synthetic_srtm
4589,Mine_04589,11.179458,79.625165,906.95,16.88,147.53,8.4,synthetic_srtm
4590,Mine_04590,11.213857,78.733902,804.45,20.33,337.21,8.49,synthetic_srtm
4591,Mine_04591,8.291887,79.431483,560.79,13.92,281.16,7.84,synthetic_srtm
4592,Mine_04592,10.053624,79.487668,360.69,7.26,98.73,4.91,synthetic_srtm
4593,Mine_04593,9.74713,78.624739,422.82,2.62,95.36,2.16,synthetic_srtm
4594,Mine_04594,12.80942,76.004912,1021.36,39.75,145.74,15.53,synthetic_srtm
4595,Mine_04595,9.497276,79.894792,693.34,5.37,241.64,5.78,synthetic_srtm
4596,Mine_04596,9.596412,77.721671,312.1,14.91,321.67,5.29,synthetic_srtm
4597,Mine_04597,13.144962,78.399115,917.24,22.35,182.39,6.77,synthetic_srtm
4598,Mine_04598,8.558255,76.010106,727.74,19.29,260.78,10.57,synthetic_srtm
4599,Mine_04599,9.703043,78.64681,835.88,7.43,119.88,3.34,synthetic_srtm
4600,Mine_04600,8.198226,80.405743,340.79,2.15,219.27,4.53,synthetic_srtm
4601,Mine_04601,13.123588,76.488997,760.9,18.86,109.45,6.22,synthetic_srtm
4602,Mine_04602,13.217356,76.80686,697.3,14.75,190.26,7.84,synthetic_srtm
4603,Mine_04603,8.363035,79.59615,223.78,6.51,131.74,6.52,synthetic_srtm
4604,Mine_04604,11.944935,77.127191,1891.33,17.64,142.62,7.17,synthetic_srtm
4605,Mine_04605,12.011264,79.742745,342.2,12.93,15.27,4.9,synthetic_srtm
4606,Mine_04606,8.379173,79.210872,408.11,8.07,24.8,4.72,synthetic_srtm
4607,Mine_04607,9.639435,78.498313,934.63,23.13,160.53,8.26,synthetic_srtm
4608,Mine_04608,11.98033,80.143897,275.62,11.44,168.79,3.68,synthetic_srtm
4609,Mine_04609,10.477393,77.178946,777.0,9.5,343.29,3.0,synthetic_srtm
4610,Mine_04610,9.874837,76.091042,1335.25,30.19,122.66,9.64,synthetic_srtm
4611,Mine_04611,9.493164,76.025597,754.2,23.95,22.96,9.43,synthetic_srtm
4612,Mine_04612,12.959149,79.625646,712.02,19.17,352.53,9.16,synthetic_srtm
4613,Mine_04613,12.416754,80.254527,283.49,0.14,3.74,4.09,synthetic_srtm
4614,Mine_04614,9.376806,79.412846,438.07,2.0,29.72,3.09,synthetic_srtm
4615,Mine_04615,8.435964,78.954387,270.62,9.21,144.68,5.29,synthetic_srtm
4616,Mine_04616,8.288662,77.445125,406.57,6.29,111.91,4.73,synthetic_srtm
4617,Mine_04617,8.727744,78.04521,676.32,20.64,28.0,9.44,synthetic_srtm
4618,Mine_04618,11.383014,78.013959,983.1,18.6,160.21,8.18,synthetic_srtm
4619,Mine_04619,8.529343,78.101312,233.63,5.14,293.4,3.96,synthetic_srtm
4620,Mine_04620,8.168578,76.565481,1073.83,30.97,101.7,11.53,synthetic_srtm
4621,Mine_04621,10.417205,76.661887,584.5,14.41,344.91,7.38,synthetic_srtm
4622,Mine_04622,12.057264,77.853324,1598.82,16.02,113.51,9.28,synthetic_srtm
4623,Mine_04623,10.173054,76.043766,1454.61,17.8,308.71,6.95,synthetic_srtm
4624,Mine_04624,13.173332,77.127272,1119.26,43.15,306.04,17.57,synthetic_srtm
4625,Mine_04625,9.156835,77.240153,508.95,20.68,162.05,7.48,synthetic_srtm
4626,Mine_04626,10.082722,79.867662,503.04,23.38,359.97,11.29,synthetic_srtm
4627,Mine_04627,10.778118,77.795959,327.59,3.02,12.62,4.18,synthetic_srtm
4628,Mine_04628,9.988912,79.867596,916.18,10.74,168.88,3.23,synthetic_srtm
4629,Mine_04629,13.338527,78.688336,241.0,7.11,235.6,6.21,synthetic_srtm
4630,Mine_04630,9.031652,79.454286,671.42,14.83,164.78,7.29,synthetic_srtm
4631,Mine_04631,11.808846,76.980174,1529.12,32.58,29.9,10.68,synthetic_srtm
4632,Mine_04632,13.260646,76.565384,667.37,10.74,233.35,3.26,synthetic_srtm
4633,Mine_04633,11.210688,77.647002,1634.36,20.35,133.22,7.26,synthetic_srtm
4634,Mine_04634,10.684799,76.972692,1422.01,30.89,106.4,9.6,synthetic_srtm
4635,Mine_04635,12.434809,77.596379,2195.16,25.67,28.01,11.48,synthetic_srtm
4636,Mine_04636,8.21851,76.662401,1486.16,39.14,86.55,12.42,synthetic_srtm
4637,Mine_04637,11.906523,79.034935,849.75,14.28,79.23,5.89,synthetic_srtm
4638,Mine_04638,8.943367,79.440482,578.99,23.91,286.89,9.53,synthetic_srtm
4639,Mine_04639,12.354684,77.984521,1718.12,26.56,104.58,12.12,synthetic_srtm
4640,Mine_04640,8.113446,76.050026,1293.72,19.68,293.14,10.01,synthetic_srtm
4641,Mine_04641,10.719182,76.18871,783.44,18.89,164.9,7.26,synthetic_srtm
4642,Mine_04642,10.638026,76.6384,655.68,20.98,340.41,10.23,synthetic_srtm
4643,Mine_04643,12.134809,76.02056,794.24,6.55,348.16,6.93,synthetic_srtm
4644,Mine_04644,8.361079,78.390502,491.77,0.88,346.66,3.39,synthetic_srtm
4645,Mine_04645,12.947265,77.486566,2305.39,17.16,179.25,8.11,synthetic_srtm
4646,Mine_04646,9.584962,76.282881,898.59,7.23,198.14,4.27,synthetic_srtm
4647,Mine_04647,11.081669,80.465905,444.02,13.88,291.87,5.56,synthetic_srtm
4648,Mine_04648,11.395116,80.050106,395.47,11.55,239.09,7.82,synthetic_srtm
4649,Mine_04649,10.948233,76.530473,612.09,18.56,12.07,10.32,synthetic_srtm
4650,Mine_04650,9.821271,77.67029,202.4,14.93,239.99,9.35,synthetic_srtm
4651,Mine_04651,8.865786,76.518004,1362.46,41.67,202.4,12.84,synthetic_srtm
4652,Mine_04652,10.923452,78.822506,331.83,9.55,179.54,5.86,synthetic_srtm
4653,Mine_04653,13.000953,77.146339,1866.83,29.78,100.95,13.86,synthetic_srtm
4654,Mine_04654,10.301638,79.846707,652.42,10.51,341.98,3.16,synthetic_srtm
4655,Mine_04655,13.482985,79.290128,829.48,12.04,325.19,6.48,synthetic_srtm
4656,Mine_04656,8.538496,76.241195,1585.14,28.91,352.7,9.77,synthetic_srtm
4657,Mine_04657,11.116489,77.672925,1905.6,27.74,207.16,10.3,synthetic_srtm
4658,Mine_04658,13.340064,77.552648,1278.06,20.63,230.6,9.74,synthetic_srtm
4659,Mine_04659,13.458899,79.64224,755.63,12.62,36.29,8.59,synthetic_srtm
4660,Mine_04660,12.867048,76.87676,591.11,18.77,337.11,6.78,synthetic_srtm
4661,Mine_04661,8.66313,78.627522,815.12,5.88,82.61,6.36,synthetic_srtm
4662,Mine_04662,10.442731,77.961285,637.5,23.63,6.33,10.22,synthetic_srtm
4663,Mine_04663,11.064069,80.213235,365.36,13.76,232.35,7.56,synthetic_srtm
4664,Mine_04664,12.632987,78.120511,236.12,1.16,216.1,2.1,synthetic_srtm
4665,Mine_04665,9.878707,80.497527,301.33,4.95,29.13,6.24,synthetic_srtm
4666,Mine_04666,9.727117,78.035552,755.6,9.06,76.15,4.53,synthetic_srtm
4667,Mine_04667,8.421846,80.201146,972.33,8.17,215.72,3.82,synthetic_srtm
4668,Mine_04668,11.118104,79.732765,388.17,8.15,174.46,4.33,synthetic_srtm
4669,Mine_04669,13.259304,79.963405,803.76,23.25,325.78,10.99,synthetic_srtm
4670,Mine_04670,12.609162,78.448251,330.29,0.72,70.68,5.14,synthetic_srtm
4671,Mine_04671,11.074873,77.192696,1474.67,23.32,305.1,7.18,synthetic_srtm
4672,Mine_04672,12.448406,78.442251,919.71,20.86,26.53,8.56,synthetic_srtm
4673,Mine_04673,10.22581,80.193906,261.02,13.74,56.58,4.42,synthetic_srtm
4674,Mine_04674,13.275812,76.799363,1050.91,32.04,103.77,9.98,synthetic_srtm
4675,Mine_04675,8.690019,79.770535,369.81,0.38,19.66,4.28,synthetic_srtm
4676,Mine_04676,11.602394,77.295281,2258.09,16.54,137.03,7.06,synthetic_srtm
4677,Mine_04677,11.799162,78.744447,349.29,12.63,304.18,6.29,synthetic_srtm
4678,Mine_04678,13.301389,78.64241,836.17,8.17,108.69,3.5,synthetic_srtm
4679,Mine_04679,8.407264,77.19027,975.91,21.76,177.6,11.01,synthetic_srtm
4680,Mine_04680,9.694418,78.447373,291.45,12.63,243.2,3.84,synthetic_srtm
4681,Mine_04681,10.938346,80.344579,807.31,11.77,61.87,8.07,synthetic_srtm
4682,Mine_04682,12.241249,77.866505,2346.65,30.4,101.98,13.0,synthetic_srtm
4683,Mine_04683,12.819253,79.799469,566.03,20.91,37.23,10.68,synthetic_srtm
4684,Mine_04684,11.281872,78.996202,595.67,9.79,55.44,6.66,synthetic_srtm
4685,Mine_04685,10.453704,79.484853,440.74,3.81,91.16,3.31,synthetic_srtm
4686,Mine_04686,9.181034,79.29247,657.93,9.58,115.47,6.77,synthetic_srtm
4687,Mine_04687,8.488319,76.649828,614.42,10.47,220.88,4.06,synthetic_srtm
4688,Mine_04688,12.035637,79.341302,789.26,23.4,64.54,7.88,synthetic_srtm
4689,Mine_04689,9.93304,79.034951,819.51,20.71,93.73,9.72,synthetic_srtm
4690,Mine_04690,10.566333,78.515408,503.63,24.21,344.4,11.2,synthetic_srtm
4691,Mine_04691,10.61501,77.83732,995.99,23.85,118.59,9.13,synthetic_srtm
4692,Mine_04692,9.660072,78.973636,322.75,12.84,100.9,5.34,synthetic_srtm
4693,Mine_04693,11.829201,77.585815,1684.75,18.74,135.58,10.59,synthetic_srtm
4694,Mine_04694,9.225184,79.07741,809.11,13.24,43.53,4.95,synthetic_srtm
4695,Mine_04695,9.261346,76.274425,1604.45,21.66,247.23,8.67,synthetic_srtm
4696,Mine_04696,9.482276,78.926096,701.88,15.23,7.96,5.23,synthetic_srtm
4697,Mine_04697,9.546926,80.113,561.25,16.78,23.61,9.39,synthetic_srtm
4698,Mine_04698,9.826044,77.096815,965.85,5.6,303.78,3.55,synthetic_srtm
4699,Mine_04699,11.489185,76.466561,1039.59,29.15,206.71,10.5,synthetic_srtm
4700,Mine_04700,9.291598,77.319974,970.59,20.65,85.48,8.88,synthetic_srtm
4701,Mine_04701,13.422471,79.214541,706.77,8.84,113.98,2.99,synthetic_srtm
4702,Mine_04702,10.043508,80.415803,445.21,8.96,213.76,5.85,synthetic_srtm
4703,Mine_04703,11.919755,76.887367,1548.69,18.04,53.26,9.72,synthetic_srtm
4704,Mine_04704,9.208672,79.698561,828.22,20.13,299.54,6.27,synthetic_srtm
4705,Mine_04705,11.209693,77.304979,1059.26,22.83,270.95,7.72,synthetic_srtm
4706,Mine_04706,10.308064,77.606051,402.47,7.93,51.69,3.07,synthetic_srtm
4707,Mine_04707,8.450004,76.57337,1337.53,43.99,75.4,15.08,synthetic_srtm
4708,Mine_04708,9.396931,78.195113,579.07,10.17,201.58,6.4,synthetic_srtm
4709,Mine_04709,11.019948,78.047978,608.8,17.43,178.98,9.31,synthetic_srtm
4710,Mine_04710,12.071807,78.077753,864.96,18.52,0.27,5.96,synthetic_srtm
4711,Mine_04711,13.459601,76.102693,862.17,8.23,36.15,3.51,synthetic_srtm
4712,Mine_04712,9.320527,78.505864,577.78,18.44,154.72,5.88,synthetic_srtm
4713,Mine_04713,10.448321,77.223568,348.85,1.12,34.91,1.03,synthetic_srtm
4714,Mine_04714,11.035818,76.773399,775.04,5.9,352.36,3.44,synthetic_srtm
4715,Mine_04715,10.055622,77.980376,470.48,8.39,63.04,5.81,synthetic_srtm
4716,Mine_04716,10.700183,77.713244,283.33,14.28,354.61,5.97,synthetic_srtm
4717,Mine_04717,10.418479,79.366462,911.42,24.7,237.45,11.83,synthetic_srtm
4718,Mine_04718,12.281633,78.225542,824.37,5.07,84.68,4.59,synthetic_srtm
4719,Mine_04719,8.05617,79.864181,544.49,5.98,200.62,6.75,synthetic_srtm
4720,Mine_04720,8.35894,78.533521,773.58,22.37,57.65,7.02,synthetic_srtm
4721,Mine_04721,9.578811,78.983272,952.44,8.31,8.01,5.62,synthetic_srtm
4722,Mine_04722,12.002466,77.771247,2012.1,21.14,16.26,9.43,synthetic_srtm
4723,Mine_04723,9.182238,80.121065,456.78,5.79,94.88,2.77,synthetic_srtm
4724,Mine_04724,8.473144,76.862422,1171.06,40.67,317.49,16.79,synthetic_srtm
4725,Mine_04725,11.040567,80.071161,687.71,19.03,170.09,7.6,synthetic_srtm
4726,Mine_04726,10.254613,79.283386,953.04,14.82,228.05,5.78,synthetic_srtm
4727,Mine_04727,9.645802,79.039925,649.88,6.34,190.19,5.41,synthetic_srtm
4728,Mine_04728,11.263364,78.059579,209.36,9.31,270.01,4.79,synthetic_srtm
4729,Mine_04729,10.00566,79.129254,701.39,18.46,286.73,6.07,synthetic_srtm
4730,Mine_04730,8.158665,77.487524,302.45,11.24,228.22,6.39,synthetic_srtm
4731,Mine_04731,8.63904,79.810658,873.35,5.89,252.9,5.42,synthetic_srtm
4732,Mine_04732,13.239052,78.030958,383.97,10.09,111.14,6.85,synthetic_srtm
4733,Mine_04733,9.753391,79.26372,406.13,13.02,112.14,8.31,synthetic_srtm
4734,Mine_04734,8.831153,80.232182,768.86,23.59,337.62,11.21,synthetic_srtm
4735,Mine_04735,12.653478,76.270679,518.34,7.55,127.95,5.6,synthetic_srtm
4736,Mine_04736,10.819638,76.48979,1535.14,34.02,346.19,14.9,synthetic_srtm
4737,Mine_04737,9.481506,78.530566,938.22,5.88,4.49,5.01,synthetic_srtm
4738,Mine_04738,8.364644,77.28545,218.2,13.91,79.68,6.24,synthetic_srtm
4739,Mine_04739,8.063565,78.395254,388.39,4.27,103.83,1.96,synthetic_srtm
4740,Mine_04740,12.123602,80.277654,713.3,10.6,148.22,3.31,synthetic_srtm
4741,Mine_04741,13.115268,76.042102,852.76,24.91,8.37,10.98,synthetic_srtm
4742,Mine_04742,10.955242,78.531118,708.83,15.58,348.41,6.25,synthetic_srtm
4743,Mine_04743,10.509541,76.936383,749.39,19.34,148.02,7.78,synthetic_srtm
4744,Mine_04744,12.704881,76.747859,727.93,7.53,256.41,7.12,synthetic_srtm
4745,Mine_04745,11.482154,80.281286,755.75,7.94,106.08,3.12,synthetic_srtm
4746,Mine_04746,8.053323,78.839108,683.64,5.95,278.46,6.06,synthetic_srtm
4747,Mine_04747,10.180003,76.510542,597.66,15.68,314.81,5.49,synthetic_srtm
4748,Mine_04748,12.820691,77.970858,1235.83,30.14,296.46,12.72,synthetic_srtm
4749,Mine_04749,10.250811,77.275506,480.78,8.76,219.23,3.93,synthetic_srtm
4750,Mine_04750,11.084991,79.004029,735.83,5.46,63.93,6.59,synthetic_srtm
4751,Mine_04751,13.231956,77.623531,1296.22,38.23,157.76,13.84,synthetic_srtm
4752,Mine_04752,11.303371,79.869436,403.87,2.18,277.71,5.28,synthetic_srtm
4753,Mine_04753,13.224813,76.691621,999.72,7.17,40.95,5.35,synthetic_srtm
4754,Mine_04754,12.642258,80.269868,947.94,10.37,111.2,4.82,synthetic_srtm
4755,Mine_04755,9.455075,80.177893,468.08,10.23,74.26,4.3,synthetic_srtm
4756,Mine_04756,10.207221,76.513827,1695.81,22.16,56.81,7.81,synthetic_srtm
4757,Mine_04757,9.260131,80.304858,634.8,9.67,152.15,3.45,synthetic_srtm
4758,Mine_04758,8.264694,77.825784,820.19,17.81,17.72,5.55,synthetic_srtm
4759,Mine_04759,9.692119,77.707736,437.32,1.03,69.08,3.28,synthetic_srtm
4760,Mine_04760,10.701757,80.49847,943.28,12.46,47.1,6.7,synthetic_srtm
4761,Mine_04761,8.676776,78.276531,538.02,15.65,335.33,6.32,synthetic_srtm
4762,Mine_04762,9.589687,80.470453,724.0,20.36,292.74,9.25,synthetic_srtm
4763,Mine_04763,12.631247,79.372766,295.41,9.12,100.16,5.12,synthetic_srtm
4764,Mine_04764,8.889616,77.57263,922.22,13.11,12.04,5.11,synthetic_srtm
4765,Mine_04765,11.990924,78.605576,612.86,20.42,200.83,11.12,synthetic_srtm
4766,Mine_04766,8.592033,78.911658,537.83,12.3,94.18,7.67,synthetic_srtm
4767,Mine_04767,12.13537,78.881284,909.83,17.6,270.15,7.88,synthetic_srtm
4768,Mine_04768,10.626875,79.486181,665.66,18.2,97.64,9.15,synthetic_srtm
4769,Mine_04769,10.490553,79.473892,643.99,17.2,184.34,8.98,synthetic_srtm
4770,Mine_04770,9.542351,79.306848,768.9,11.53,122.42,5.39,synthetic_srtm
4771,Mine_04771,11.685006,76.440665,933.88,24.7,328.66,11.47,synthetic_srtm
4772,Mine_04772,8.352043,77.794173,206.41,14.32,216.57,6.49,synthetic_srtm
4773,Mine_04773,9.779871,79.095964,781.76,21.35,314.79,10.21,synthetic_srtm
4774,Mine_04774,12.112025,78.456126,785.77,22.46,148.66,11.29,synthetic_srtm
4775,Mine_04775,11.190136,79.179185,554.67,10.13,142.35,6.29,synthetic_srtm
4776,Mine_04776,8.771995,78.804038,325.46,2.58,148.4,1.78,synthetic_srtm
4777,Mine_04777,11.56585,78.115539,617.78,15.82,132.73,5.99,synthetic_srtm
4778,Mine_04778,9.415109,78.289389,565.09,12.98,241.96,8.08,synthetic_srtm
4779,Mine_04779,9.417187,77.271277,904.36,15.13,109.5,8.95,synthetic_srtm
4780,Mine_04780,9.135594,77.024507,689.81,18.94,88.48,6.34,synthetic_srtm
4781,Mine_04781,13.203494,79.04704,928.67,15.13,1.6,9.27,synthetic_srtm
4782,Mine_04782,8.940164,78.530791,735.46,14.4,283.3,6.07,synthetic_srtm
4783,Mine_04783,8.874851,78.770802,334.59,7.08,138.85,6.05,synthetic_srtm
4784,Mine_04784,12.512163,76.612119,1405.23,28.52,186.55,11.46,synthetic_srtm
4785,Mine_04785,9.023672,76.571241,1658.57,29.62,64.58,13.87,synthetic_srtm
4786,Mine_04786,9.679529,76.290909,1639.31,34.92,209.63,12.53,synthetic_srtm
4787,Mine_04787,8.334725,77.904176,533.66,9.53,295.27,5.26,synthetic_srtm
4788,Mine_04788,13.272264,80.049112,308.02,11.81,76.55,8.13,synthetic_srtm
4789,Mine_04789,13.143307,77.900167,1665.37,23.97,91.33,8.08,synthetic_srtm
4790,Mine_04790,9.42711,77.301702,355.99,11.18,225.71,8.3,synthetic_srtm
4791,Mine_04791,11.734108,80.002246,876.79,8.53,121.77,7.51,synthetic_srtm
4792,Mine_04792,8.379078,76.452098,1127.16,16.15,133.27,6.58,synthetic_srtm
4793,Mine_04793,11.665732,77.732464,1744.29,26.45,192.01,11.6,synthetic_srtm
4794,Mine_04794,12.386383,79.601405,507.06,5.85,258.22,4.16,synthetic_srtm
4795,Mine_04795,10.279487,78.657211,868.39,18.17,178.33,5.47,synthetic_srtm
4796,Mine_04796,11.630893,78.590858,315.57,5.76,144.24,5.5,synthetic_srtm
4797,Mine_04797,12.846694,76.724859,1266.52,41.01,41.88,12.36,synthetic_srtm
4798,Mine_04798,11.092932,80.482891,239.5,5.93,289.98,5.37,synthetic_srtm
4799,Mine_04799,11.214742,76.438641,531.92,20.41,159.9,9.2,synthetic_srtm
4800,Mine_04800,13.231731,80.025109,253.81,3.06,209.03,1.38,synthetic_srtm
4801,Mine_04801,11.889605,77.616397,1862.8,43.48,105.65,15.96,synthetic_srtm
4802,Mine_04802,11.595384,76.14998,723.1,11.17,306.18,6.24,synthetic_srtm
4803,Mine_04803,10.922787,79.368953,738.89,15.08,330.03,7.27,synthetic_srtm
4804,Mine_04804,9.38148,80.453371,318.43,9.31,305.37,5.38,synthetic_srtm
4805,Mine_04805,11.664365,78.727871,945.58,11.46,242.81,6.73,synthetic_srtm
4806,Mine_04806,12.718427,79.355836,685.29,5.66,155.34,6.09,synthetic_srtm
4807,Mine_04807,12.697549,80.257707,539.01,6.59,20.88,2.78,synthetic_srtm
4808,Mine_04808,8.004118,77.581638,980.44,12.84,276.26,6.94,synthetic_srtm
4809,Mine_04809,9.408046,77.652897,664.36,21.22,290.23,8.81,synthetic_srtm
4810,Mine_04810,10.752395,79.132847,664.25,16.41,6.33,7.31,synthetic_srtm
4811,Mine_04811,9.017571,76.091616,1302.34,34.63,53.06,15.18,synthetic_srtm
4812,Mine_04812,13.461305,80.092873,602.49,20.12,161.19,11.0,synthetic_srtm
4813,Mine_04813,11.342263,78.088333,911.51,20.25,103.79,8.95,synthetic_srtm
4814,Mine_04814,11.342691,77.647065,1850.82,39.09,209.58,15.84,synthetic_srtm
4815,Mine_04815,12.889636,76.896996,814.39,24.5,313.95,10.3,synthetic_srtm
4816,Mine_04816,11.715463,77.433372,1530.1,25.91,303.3,9.17,synthetic_srtm
4817,Mine_04817,11.748112,79.777602,496.51,14.22,284.99,7.35,synthetic_srtm
4818,Mine_04818,12.840947,77.927779,1596.35,22.23,200.78,10.32,synthetic_srtm
4819,Mine_04819,9.515704,79.601532,342.19,5.02,301.3,1.51,synthetic_srtm
4820,Mine_04820,13.290534,77.233851,2090.91,30.16,71.75,11.76,synthetic_srtm
4821,Mine_04821,8.262853,76.206522,1054.95,23.44,148.19,10.54,synthetic_srtm
4822,Mine_04822,11.341398,79.158547,600.15,16.01,56.1,8.31,synthetic_srtm
4823,Mine_04823,11.243154,77.755524,2048.48,41.47,71.12,13.03,synthetic_srtm
4824,Mine_04824,8.113287,76.184773,734.79,21.8,20.41,11.17,synthetic_srtm
4825,Mine_04825,8.66954,78.833316,413.78,10.16,268.49,4.25,synthetic_srtm
4826,Mine_04826,8.159825,76.826914,806.37,9.89,332.91,4.51,synthetic_srtm
4827,Mine_04827,10.857099,78.86038,248.81,1.96,82.17,5.02,synthetic_srtm
4828,Mine_04828,9.158391,77.171008,658.94,12.18,331.93,7.99,synthetic_srtm
4829,Mine_04829,9.517122,77.369313,660.39,9.22,111.88,4.73,synthetic_srtm
4830,Mine_04830,11.559635,77.913306,1843.57,22.89,38.16,8.52,synthetic_srtm
4831,Mine_04831,12.394398,80.450412,226.99,7.56,248.25,5.5,synthetic_srtm
4832,Mine_04832,11.531903,78.278732,398.31,10.04,178.22,4.9,synthetic_srtm
4833,Mine_04833,9.977579,79.677243,421.84,11.75,29.12,7.52,synthetic_srtm
4834,Mine_04834,11.314478,80.491586,393.67,4.95,211.7,4.81,synthetic_srtm
4835,Mine_04835,11.684527,78.894209,919.01,11.98,78.01,6.98,synthetic_srtm
4836,Mine_04836,9.007547,77.865497,215.96,5.55,222.63,6.26,synthetic_srtm
4837,Mine_04837,11.652995,76.255003,904.01,16.86,286.7,5.8,synthetic_srtm
4838,Mine_04838,8.693209,78.740765,613.22,11.13,58.4,5.02,synthetic_srtm
4839,Mine_04839,13.062764,78.632219,844.32,21.62,147.15,8.36,synthetic_srtm
4840,Mine_04840,9.706243,78.153171,778.96,19.6,61.14,5.97,synthetic_srtm
4841,Mine_04841,8.594381,76.568241,997.84,7.67,109.66,5.65,synthetic_srtm
4842,Mine_04842,11.004726,78.13637,599.1,7.53,45.12,7.02,synthetic_srtm
4843,Mine_04843,12.35543,78.09253,417.33,11.35,47.1,4.19,synthetic_srtm
4844,Mine_04844,10.80669,77.998075,201.49,14.09,63.87,5.86,synthetic_srtm
4845,Mine_04845,12.470953,80.066706,201.3,3.17,48.87,5.22,synthetic_srtm
4846,Mine_04846,9.447771,77.988516,964.08,18.67,302.34,10.0,synthetic_srtm
4847,Mine_04847,13.169208,76.735844,949.55,15.05,356.36,6.53,synthetic_srtm
4848,Mine_04848,12.317166,76.419132,1077.88,25.49,35.49,8.7,synthetic_srtm
4849,Mine_04849,13.469627,78.33102,474.1,11.46,49.66,7.23,synthetic_srtm
4850,Mine_04850,11.415699,78.014121,425.29,9.0,9.0,5.0,synthetic_srtm
4851,Mine_04851,9.440449,78.267648,893.63,20.17,154.95,9.92,synthetic_srtm
4852,Mine_04852,9.558936,79.695182,449.78,8.9,138.68,5.4,synthetic_srtm
4853,Mine_04853,8.266326,79.164552,837.72,6.57,335.44,6.16,synthetic_srtm
4854,Mine_04854,8.861695,77.293505,222.3,5.83,284.86,4.25,synthetic_srtm
4855,Mine_04855,9.502397,76.229395,809.35,21.21,197.0,8.5,synthetic_srtm
4856,Mine_04856,13.306311,78.266297,612.46,6.71,84.57,5.36,synthetic_srtm
4857,Mine_04857,10.950097,78.717995,889.64,9.54,351.32,4.59,synthetic_srtm
4858,Mine_04858,12.414145,78.397165,695.21,9.6,131.25,5.77,synthetic_srtm
4859,Mine_04859,8.822285,77.878369,809.61,22.85,234.76,9.9,synthetic_srtm
4860,Mine_04860,12.775675,79.44268,621.15,8.56,163.86,6.31,synthetic_srtm
4861,Mine_04861,12.723651,76.010046,787.18,23.67,38.01,8.86,synthetic_srtm
4862,Mine_04862,10.928085,76.167653,848.85,12.02,174.07,7.48,synthetic_srtm
4863,Mine_04863,10.578513,78.062856,603.39,10.87,247.75,7.97,synthetic_srtm
4864,Mine_04864,8.045613,77.374269,296.47,1.15,258.11,4.91,synthetic_srtm
4865,Mine_04865,11.076781,76.43376,1204.67,16.34,30.15,7.78,synthetic_srtm
4866,Mine_04866,12.92322,78.505642,429.16,1.07,314.79,2.99,synthetic_srtm
4867,Mine_04867,12.85758,79.033717,385.87,6.61,359.73,2.13,synthetic_srtm
4868,Mine_04868,9.982287,77.997261,305.21,7.87,48.63,2.87,synthetic_srtm
4869,Mine_04869,11.960302,79.113662,307.78,9.65,83.44,7.21,synthetic_srtm
4870,Mine_04870,11.935046,79.700753,710.81,12.62,2.35,6.02,synthetic_srtm
4871,Mine_04871,10.735235,78.582378,200.3,7.97,190.18,6.24,synthetic_srtm
4872,Mine_04872,8.56045,77.354605,966.66,7.39,190.4,5.81,synthetic_srtm
4873,Mine_04873,12.761392,78.239915,699.79,21.42,87.44,8.17,synthetic_srtm
4874,Mine_04874,9.910086,79.300869,615.7,21.83,126.75,9.51,synthetic_srtm
4875,Mine_04875,9.891342,78.865677,804.82,14.87,285.29,6.93,synthetic_srtm
4876,Mine_04876,13.471918,76.664382,1136.8,16.06,30.05,8.65,synthetic_srtm
4877,Mine_04877,12.845078,77.513506,1005.63,32.01,98.18,13.47,synthetic_srtm
4878,Mine_04878,8.013829,78.294875,605.98,14.03,219.11,5.6,synthetic_srtm
4879,Mine_04879,11.83319,76.053489,1447.84,37.75,173.83,13.27,synthetic_srtm
4880,Mine_04880,13.368468,80.0235,620.98,17.85,172.39,9.45,synthetic_srtm
4881,Mine_04881,10.992295,76.042906,1072.59,36.32,358.48,14.4,synthetic_srtm
4882,Mine_04882,9.121488,77.718834,794.04,14.99,96.83,6.84,synthetic_srtm
4883,Mine_04883,13.325099,79.595735,851.36,15.66,294.41,6.97,synthetic_srtm
4884,Mine_04884,12.570521,77.142273,1615.56,26.41,11.65,11.56,synthetic_srtm
4885,Mine_04885,10.2471,79.69296,351.93,12.96,119.9,5.36,synthetic_srtm
4886,Mine_04886,10.639078,77.456747,401.92,6.8,54.85,4.73,synthetic_srtm
4887,Mine_04887,8.683851,77.100306,307.86,7.8,241.68,3.51,synthetic_srtm
4888,Mine_04888,11.187258,80.302428,722.87,13.81,59.56,6.42,synthetic_srtm
4889,Mine_04889,12.545439,79.278771,975.34,8.32,263.74,4.77,synthetic_srtm
4890,Mine_04890,10.917953,78.741225,573.89,8.96,223.31,3.0,synthetic_srtm
4891,Mine_04891,8.37604,78.058062,500.87,21.66,178.45,7.75,synthetic_srtm
4892,Mine_04892,8.685122,77.883767,733.55,10.93,13.61,7.96,synthetic_srtm
4893,Mine_04893,10.381337,76.145293,793.74,24.92,94.49,7.58,synthetic_srtm
4894,Mine_04894,9.586238,80.425987,990.24,17.04,68.16,5.49,synthetic_srtm
4895,Mine_04895,9.421611,76.143119,551.44,8.91,109.27,5.32,synthetic_srtm
4896,Mine_04896,9.16978,78.855229,461.85,4.12,171.05,3.15,synthetic_srtm
4897,Mine_04897,13.451756,80.009774,219.45,2.81,84.35,1.11,synthetic_srtm
4898,Mine_04898,11.010684,77.890524,2349.74,20.71,154.32,8.55,synthetic_srtm
4899,Mine_04899,12.177177,76.333331,1306.18,37.48,235.14,16.03,synthetic_srtm
4900,Mine_04900,8.98892,79.758869,577.61,24.89,323.78,9.58,synthetic_srtm
4901,Mine_04901,9.40738,80.212798,438.84,1.0,47.72,2.15,synthetic_srtm
4902,Mine_04902,12.737059,80.392531,856.27,24.11,327.1,8.12,synthetic_srtm
4903,Mine_04903,8.33882,80.18392,285.06,11.58,155.34,7.43,synthetic_srtm
4904,Mine_04904,11.317277,78.578258,288.98,14.23,330.81,8.0,synthetic_srtm
4905,Mine_04905,12.990782,77.749001,1206.87,25.14,47.42,8.44,synthetic_srtm
4906,Mine_04906,12.859821,77.872677,1299.42,21.13,201.97,11.21,synthetic_srtm
4907,Mine_04907,13.047685,76.059101,754.27,22.36,357.53,7.12,synthetic_srtm
4908,Mine_04908,9.554602,77.345899,979.76,9.26,343.32,3.88,synthetic_srtm
4909,Mine_04909,13.149698,79.538124,576.66,20.03,176.87,8.32,synthetic_srtm
4910,Mine_04910,8.195807,79.509943,771.02,14.68,296.51,4.99,synthetic_srtm
4911,Mine_04911,12.71254,78.748184,731.87,5.47,101.61,1.89,synthetic_srtm
4912,Mine_04912,12.575877,76.407714,1027.66,42.39,68.44,17.33,synthetic_srtm
4913,Mine_04913,12.152165,79.408774,429.31,3.18,196.7,4.2,synthetic_srtm
4914,Mine_04914,10.024826,77.849105,422.2,9.38,94.18,6.65,synthetic_srtm
4915,Mine_04915,8.000606,76.283763,1498.3,40.62,127.93,14.18,synthetic_srtm
4916,Mine_04916,11.050418,79.053274,477.4,7.37,22.86,2.87,synthetic_srtm
4917,Mine_04917,8.865277,78.825164,237.19,2.04,356.78,2.05,synthetic_srtm
4918,Mine_04918,8.74959,77.167596,391.51,14.56,312.2,6.4,synthetic_srtm
4919,Mine_04919,11.366602,79.94265,658.68,21.6,170.56,6.95,synthetic_srtm
4920,Mine_04920,12.285797,78.814346,520.09,13.37,288.06,7.92,synthetic_srtm
4921,Mine_04921,10.803678,80.407583,289.26,10.04,78.52,6.54,synthetic_srtm
4922,Mine_04922,9.674004,79.863269,873.1,17.0,12.91,7.21,synthetic_srtm
4923,Mine_04923,12.88141,76.778811,650.66,21.68,81.69,7.79,synthetic_srtm
4924,Mine_04924,10.46428,77.402152,672.88,14.43,108.47,4.73,synthetic_srtm
4925,Mine_04925,11.566738,80.274527,601.61,16.61,134.52,8.97,synthetic_srtm
4926,Mine_04926,9.26921,78.776744,774.14,17.21,24.99,8.57,synthetic_srtm
4927,Mine_04927,8.55194,77.976987,514.71,10.74,306.71,6.26,synthetic_srtm
4928,Mine_04928,12.706659,78.555619,443.24,2.86,59.17,2.58,synthetic_srtm
4929,Mine_04929,10.285755,77.520392,280.82,0.55,91.5,0.24,synthetic_srtm
4930,Mine_04930,8.66287,77.356842,670.64,22.99,306.71,10.24,synthetic_srtm
4931,Mine_04931,9.562058,77.49224,716.57,19.54,176.85,10.64,synthetic_srtm
4932,Mine_04932,9.796486,79.837488,749.12,16.64,126.04,6.88,synthetic_srtm
4933,Mine_04933,11.797791,79.406225,588.47,10.41,350.55,5.49,synthetic_srtm
4934,Mine_04934,11.092753,80.006615,382.95,12.7,271.38,7.97,synthetic_srtm
4935,Mine_04935,13.188393,76.728346,1166.97,28.91,26.47,9.38,synthetic_srtm
4936,Mine_04936,9.520903,76.579302,1598.3,32.88,326.27,14.42,synthetic_srtm
4937,Mine_04937,8.317353,78.783754,496.77,13.62,65.32,7.78,synthetic_srtm
4938,Mine_04938,12.489051,77.001758,1393.5,28.28,146.8,11.24,synthetic_srtm
4939,Mine_04939,11.298099,79.212429,499.32,5.16,113.15,3.87,synthetic_srtm
4940,Mine_04940,12.030211,79.271142,502.73,5.93,249.82,5.12,synthetic_srtm
4941,Mine_04941,8.518106,78.666639,794.47,7.95,25.44,7.07,synthetic_srtm
4942,Mine_04942,11.569831,78.785587,899.45,19.34,208.45,7.84,synthetic_srtm
4943,Mine_04943,13.485715,78.352089,315.97,10.98,14.71,6.16,synthetic_srtm
4944,Mine_04944,10.59301,77.480776,600.05,17.9,123.72,10.06,synthetic_srtm
4945,Mine_04945,10.400163,77.576536,650.55,18.73,216.65,6.81,synthetic_srtm
4946,Mine_04946,11.815072,77.829634,2083.2,26.29,220.32,12.75,synthetic_srtm
4947,Mine_04947,8.392026,77.924974,356.59,12.1,173.69,5.93,synthetic_srtm
4948,Mine_04948,12.494281,80.428842,523.6,15.58,163.41,5.24,synthetic_srtm
4949,Mine_04949,12.114427,79.165275,652.33,7.94,124.13,6.17,synthetic_srtm
4950,Mine_04950,10.329593,77.32332,622.34,7.8,302.74,2.98,synthetic_srtm
4951,Mine_04951,11.581956,76.252812,823.29,9.11,311.78,2.82,synthetic_srtm
4952,Mine_04952,12.001478,76.675542,769.39,8.23,311.61,7.1,synthetic_srtm
4953,Mine_04953,8.584486,80.204143,799.87,9.73,315.17,5.98,synthetic_srtm
4954,Mine_04954,10.114361,76.337821,1633.68,16.89,214.77,7.86,synthetic_srtm
4955,Mine_04955,12.652298,78.872954,697.85,8.21,151.95,5.7,synthetic_srtm
4956,Mine_04956,11.722396,78.977023,784.81,9.59,215.24,7.53,synthetic_srtm
4957,Mine_04957,8.323964,79.680429,240.04,8.49,4.64,4.39,synthetic_srtm
4958,Mine_04958,10.951394,76.168744,1657.07,25.53,23.93,8.27,synthetic_srtm
4959,Mine_04959,9.540957,78.745308,436.31,7.28,277.29,5.6,synthetic_srtm
4960,Mine_04960,9.753378,76.876531,1311.12,30.32,248.81,10.02,synthetic_srtm
4961,Mine_04961,8.372118,76.57317,790.79,6.7,1.12,4.81,synthetic_srtm
4962,Mine_04962,13.371578,77.008236,1368.47,34.93,91.33,10.92,synthetic_srtm
4963,Mine_04963,12.770641,77.533768,1802.59,15.64,65.13,5.31,synthetic_srtm
4964,Mine_04964,9.495674,78.423842,443.22,11.86,11.53,5.06,synthetic_srtm
4965,Mine_04965,11.661062,78.907198,713.79,10.51,169.28,5.14,synthetic_srtm
4966,Mine_04966,12.685586,78.190636,585.61,6.57,14.05,6.81,synthetic_srtm
4967,Mine_04967,10.145627,78.99422,238.5,4.37,204.39,2.55,synthetic_srtm
4968,Mine_04968,12.036673,78.651443,841.89,8.72,117.87,4.1,synthetic_srtm
4969,Mine_04969,11.748547,79.167431,856.18,23.52,301.99,7.23,synthetic_srtm
4970,Mine_04970,8.450254,79.016194,573.1,12.44,213.54,6.68,synthetic_srtm
4971,Mine_04971,8.127747,77.130917,367.49,3.44,172.05,4.62,synthetic_srtm
4972,Mine_04972,13.43662,77.216031,2035.75,22.74,156.03,8.09,synthetic_srtm
4973,Mine_04973,13.414648,77.313269,1291.83,22.87,1.03,9.47,synthetic_srtm
4974,Mine_04974,9.701706,79.030891,426.89,14.88,64.56,9.02,synthetic_srtm
4975,Mine_04975,9.558474,79.873696,514.69,8.69,150.51,3.36,synthetic_srtm
4976,Mine_04976,10.961972,80.437166,908.94,14.97,352.04,5.92,synthetic_srtm
4977,Mine_04977,10.182716,76.499465,1627.39,32.02,146.78,12.44,synthetic_srtm
4978,Mine_04978,12.966382,76.936603,1445.69,26.01,113.0,9.33,synthetic_srtm
4979,Mine_04979,11.727707,78.819269,384.34,10.03,357.23,5.43,synthetic_srtm
4980,Mine_04980,13.210523,76.766147,721.47,19.42,324.65,8.36,synthetic_srtm
4981,Mine_04981,9.856957,77.938689,613.0,14.01,265.86,7.02,synthetic_srtm
4982,Mine_04982,9.818372,79.720955,593.33,19.02,203.93,7.24,synthetic_srtm
4983,Mine_04983,8.436745,77.466311,378.6,5.28,3.38,3.16,synthetic_srtm
4984,Mine_04984,8.76989,78.792492,596.27,15.28,340.28,5.69,synthetic_srtm
4985,Mine_04985,12.047198,77.718123,1429.96,17.24,138.69,7.02,synthetic_srtm
4986,Mine_04986,12.050486,78.542044,998.66,9.93,225.77,5.72,synthetic_srtm
4987,Mine_04987,8.360055,79.159986,400.49,11.69,200.5,6.28,synthetic_srtm
4988,Mine_04988,11.254071,78.543786,526.69,14.15,101.58,7.62,synthetic_srtm
4989,Mine_04989,10.388933,78.435985,718.6,16.7,226.36,7.39,synthetic_srtm
4990,Mine_04990,11.536597,78.602574,870.56,9.71,99.2,3.82,synthetic_srtm
4991,Mine_04991,10.173314,76.473021,553.11,7.05,336.4,6.61,synthetic_srtm
4992,Mine_04992,12.406263,77.227539,1053.92,26.44,229.9,10.74,synthetic_srtm
4993,Mine_04993,12.482497,78.035175,287.9,4.63,181.89,3.07,synthetic_srtm
4994,Mine_04994,10.67648,77.838195,941.74,17.55,279.0,8.95,synthetic_srtm
4995,Mine_04995,9.249314,79.361328,643.08,6.19,277.7,6.69,synthetic_srtm
4996,Mine_04996,11.685949,78.861232,730.18,12.21,339.44,3.84,synthetic_srtm
4997,Mine_04997,13.394441,78.871464,877.69,21.22,297.44,8.82,synthetic_srtm
4998,Mine_04998,10.386602,76.876672,871.03,11.94,137.28,5.34,synthetic_srtm
4999,Mine_04999,11.438947,76.394806,893.85,6.16,8.61,3.62,synthetic_srtm
5000,Mine_05000,8.610151,78.334815,325.55,13.16,338.34,5.74,synthetic_srtm
5001,Mine_05001,8.749589,79.396151,885.01,10.86,314.62,4.63,synthetic_srtm
5002,Mine_05002,11.530381,77.659125,1440.82,42.17,156.21,16.69,synthetic_srtm
5003,Mine_05003,11.540564,80.150793,512.14,24.48,67.39,10.56,synthetic_srtm
5004,Mine_05004,11.797278,76.460974,659.26,9.09,80.33,7.17,synthetic_srtm
5005,Mine_05005,13.266479,77.824084,2204.83,25.08,311.09,8.42,synthetic_srtm
5006,Mine_05006,10.101803,76.34487,597.22,14.97,221.33,6.13,synthetic_srtm
5007,Mine_05007,10.098223,76.574767,501.87,15.65,308.22,6.8,synthetic_srtm
5008,Mine_05008,8.86477,78.914208,262.16,0.14,189.12,4.58,synthetic_srtm
5009,Mine_05009,11.257315,78.920983,606.46,8.4,268.3,3.51,synthetic_srtm
5010,Mine_05010,11.374542,77.794214,1487.95,16.73,241.43,9.2,synthetic_srtm
5011,Mine_05011,13.34183,80.100559,475.7,2.67,95.72,0.91,synthetic_srtm
5012,Mine_05012,11.315881,76.123429,701.63,11.69,213.05,6.62,synthetic_srtm
5013,Mine_05013,12.985752,76.681683,1360.39,31.27,337.28,13.82,synthetic_srtm
5014,Mine_05014,12.141959,79.554877,671.13,23.46,256.85,11.58,synthetic_srtm
5015,Mine_05015,11.609912,79.533292,689.08,6.82,49.91,4.12,synthetic_srtm
5016,Mine_05016,12.745529,78.47548,806.64,18.04,167.95,5.54,synthetic_srtm
5017,Mine_05017,8.73204,79.56331,300.23,4.97,235.33,5.44,synthetic_srtm
5018,Mine_05018,10.554045,78.872556,649.3,17.77,225.97,5.48,synthetic_srtm
5019,Mine_05019,9.057939,77.901622,998.29,23.79,129.89,7.54,synthetic_srtm
5020,Mine_05020,12.446697,79.523345,648.57,17.43,116.66,5.8,synthetic_srtm
5021,Mine_05021,8.709878,76.164712,1335.72,34.89,193.9,12.93,synthetic_srtm
5022,Mine_05022,11.023337,78.42857,948.26,15.97,23.55,6.51,synthetic_srtm
5023,Mine_05023,10.692993,79.399016,872.36,6.77,28.49,6.0,synthetic_srtm
5024,Mine_05024,11.524147,78.980401,505.98,17.26,46.83,9.28,synthetic_srtm
5025,Mine_05025,10.453737,79.009178,815.19,18.8,294.46,10.2,synthetic_srtm
5026,Mine_05026,11.937355,76.999779,1250.89,24.97,346.88,11.41,synthetic_srtm
5027,Mine_05027,10.080555,77.310554,619.16,22.82,200.58,7.92,synthetic_srtm
5028,Mine_05028,11.706519,78.054044,303.36,9.9,186.67,5.75,synthetic_srtm
5029,Mine_05029,8.545671,76.881988,1291.44,29.87,36.43,13.37,synthetic_srtm
5030,Mine_05030,11.926133,76.239523,508.33,19.92,213.28,7.25,synthetic_srtm
5031,Mine_05031,9.199344,79.749732,409.75,9.87,283.76,4.22,synthetic_srtm
5032,Mine_05032,11.877059,76.114128,1153.37,41.62,39.16,14.26,synthetic_srtm
5033,Mine_05033,11.650883,80.238779,303.21,1.14,356.73,4.65,synthetic_srtm
5034,Mine_05034,9.974489,78.309137,430.83,7.42,194.86,3.0,synthetic_srtm
5035,Mine_05035,8.598994,77.196912,326.9,1.46,47.0,3.02,synthetic_srtm
5036,Mine_05036,12.018234,79.024168,332.82,13.46,163.6,7.67,synthetic_srtm
5037,Mine_05037,11.728182,76.760468,843.44,19.4,330.92,8.28,synthetic_srtm
5038,Mine_05038,9.225616,80.449393,949.34,5.81,296.53,6.56,synthetic_srtm
5039,Mine_05039,10.304241,78.13767,586.16,24.18,155.49,10.43,synthetic_srtm
5040,Mine_05040,8.705923,76.033019,706.74,8.8,59.7,3.26,synthetic_srtm
5041,Mine_05041,13.31914,76.160689,1452.34,38.46,179.78,13.03,synthetic_srtm
5042,Mine_05042,10.095226,76.430944,550.5,6.95,140.15,4.57,synthetic_srtm
5043,Mine_05043,12.66888,77.797778,1476.13,21.62,8.48,8.14,synthetic_srtm
5044,Mine_05044,10.386101,77.949873,253.23,13.68,259.75,5.41,synthetic_srtm
5045,Mine_05045,11.391174,77.087157,1827.05,32.21,194.95,11.29,synthetic_srtm
5046,Mine_05046,12.123581,76.885191,839.05,23.56,180.76,11.98,synthetic_srtm
5047,Mine_05047,11.178447,79.273759,451.83,5.75,116.44,4.64,synthetic_srtm
5048,Mine_05048,10.975181,79.829225,668.76,8.94,154.78,3.7,synthetic_srtm
5049,Mine_05049,11.394683,77.633101,1660.1,29.26,347.61,12.17,synthetic_srtm
5050,Mine_05050,9.319138,79.877214,549.36,10.17,148.82,3.66,synthetic_srtm
5051,Mine_05051,11.356188,76.829397,570.73,19.68,296.89,8.05,synthetic_srtm
5052,Mine_05052,13.071549,76.178745,932.75,22.22,322.53,11.46,synthetic_srtm
5053,Mine_05053,12.029639,77.662192,2040.04,41.48,57.79,12.52,synthetic_srtm
5054,Mine_05054,13.337996,76.791274,657.44,11.01,216.9,5.62,synthetic_srtm
5055,Mine_05055,10.47986,80.424947,682.6,19.79,268.12,6.48,synthetic_srtm
5056,Mine_05056,10.9794,77.570922,598.92,11.25,68.46,5.46,synthetic_srtm
5057,Mine_05057,11.472527,79.505822,888.86,6.3,107.33,5.79,synthetic_srtm
5058,Mine_05058,9.436704,78.471204,834.85,24.78,231.7,12.09,synthetic_srtm
5059,Mine_05059,11.103375,78.955542,291.93,11.47,225.09,4.7,synthetic_srtm
5060,Mine_05060,11.586078,76.713544,580.27,8.38,152.11,6.15,synthetic_srtm
5061,Mine_05061,9.001792,79.822217,864.8,23.31,354.08,8.61,synthetic_srtm
5062,Mine_05062,11.280683,79.553031,554.62,21.65,130.39,10.86,synthetic_srtm
5063,Mine_05063,9.69863,79.163529,250.25,8.89,307.23,4.99,synthetic_srtm
5064,Mine_05064,8.8099,77.135221,329.66,4.02,51.55,2.85,synthetic_srtm
5065,Mine_05065,8.909533,79.515907,430.87,10.38,35.16,4.81,synthetic_srtm
5066,Mine_05066,13.266467,76.778024,1368.26,42.89,120.27,16.63,synthetic_srtm
5067,Mine_05067,10.30175,76.68659,1373.24,36.67,63.52,12.37,synthetic_srtm
5068,Mine_05068,10.43052,79.824459,327.78,14.35,177.31,9.3,synthetic_srtm
5069,Mine_05069,8.693081,78.645595,997.81,23.88,93.72,10.94,synthetic_srtm
5070,Mine_05070,9.924351,80.180421,359.33,10.27,212.09,5.85,synthetic_srtm
5071,Mine_05071,11.088809,78.307655,800.1,13.61,175.74,5.15,synthetic_srtm
5072,Mine_05072,12.369365,77.331498,1405.19,17.56,236.47,8.26,synthetic_srtm
5073,Mine_05073,11.653112,80.148972,558.78,23.8,155.48,8.64,synthetic_srtm
5074,Mine_05074,8.647054,76.645821,1567.94,26.79,85.74,8.73,synthetic_srtm
5075,Mine_05075,11.761771,77.596117,1925.92,33.13,67.7,11.84,synthetic_srtm
5076,Mine_05076,10.558076,77.329828,797.28,8.43,59.0,2.91,synthetic_srtm
5077,Mine_05077,11.015338,79.246669,478.88,2.86,337.15,5.16,synthetic_srtm
5078,Mine_05078,11.389568,79.619317,207.99,12.61,165.38,6.01,synthetic_srtm
5079,Mine_05079,12.10592,76.6645,1397.16,22.46,28.66,7.37,synthetic_srtm
5080,Mine_05080,11.575185,78.841189,591.69,16.66,237.85,8.6,synthetic_srtm
5081,Mine_05081,11.659626,77.076286,1867.44,35.21,70.17,13.05,synthetic_srtm
5082,Mine_05082,10.546357,80.09331,821.53,13.26,104.6,8.49,synthetic_srtm
5083,Mine_05083,8.427901,76.365886,858.65,20.31,119.78,10.71,synthetic_srtm
5084,Mine_05084,12.110285,76.76482,1368.08,23.1,320.99,7.27,synthetic_srtm
5085,Mine_05085,11.219657,77.520283,1887.55,42.95,183.14,17.76,synthetic_srtm
5086,Mine_05086,12.552412,79.891739,790.07,21.94,224.08,8.64,synthetic_srtm
5087,Mine_05087,12.320734,78.479502,488.09,14.14,45.32,8.57,synthetic_srtm
5088,Mine_05088,8.967348,80.141949,904.58,11.7,71.58,8.33,synthetic_srtm
5089,Mine_05089,10.1196,76.819712,820.22,5.71,208.33,2.24,synthetic_srtm
5090,Mine_05090,8.125982,78.546536,462.54,7.28,314.94,4.34,synthetic_srtm
5091,Mine_05091,12.045845,79.662913,467.98,12.64,197.42,8.55,synthetic_srtm
5092,Mine_05092,9.37344,76.60526,1568.81,20.6,153.02,9.17,synthetic_srtm
5093,Mine_05093,11.427109,76.346869,664.58,19.39,65.5,8.45,synthetic_srtm
5094,Mine_05094,11.833446,78.530059,208.53,10.6,344.68,3.49,synthetic_srtm
5095,Mine_05095,10.760011,79.143378,493.82,0.36,289.22,4.24,synthetic_srtm
5096,Mine_05096,11.111062,76.589419,950.13,21.62,315.46,9.18,synthetic_srtm
5097,Mine_05097,9.872081,78.326866,380.17,2.61,164.82,3.91,synthetic_srtm
5098,Mine_05098,12.528556,80.410704,472.42,3.45,71.11,5.42,synthetic_srtm
5099,Mine_05099,9.905744,79.953657,971.46,23.15,147.53,9.37,synthetic_srtm
5100,Mine_05100,8.554347,79.805681,230.81,3.98,10.28,3.6,synthetic_srtm
5101,Mine_05101,11.198164,80.103016,923.62,11.9,288.18,4.37,synthetic_srtm
5102,Mine_05102,11.427379,78.686745,521.49,18.01,49.19,6.52,synthetic_srtm
5103,Mine_05103,8.144594,80.099487,980.25,13.77,245.61,5.43,synthetic_srtm
5104,Mine_05104,12.962402,79.374263,558.97,15.5,230.92,4.83,synthetic_srtm
5105,Mine_05105,9.695469,78.190819,648.46,13.21,111.81,5.41,synthetic_srtm
5106,Mine_05106,10.204089,77.299176,725.63,8.57,30.18,4.56,synthetic_srtm
5107,Mine_05107,11.866284,80.077836,446.21,2.25,192.62,3.33,synthetic_srtm
5108,Mine_05108,8.516549,80.49779,954.21,9.13,209.78,4.58,synthetic_srtm
5109,Mine_05109,10.141981,79.01343,393.8,3.29,357.76,5.67,synthetic_srtm
5110,Mine_05110,9.188221,77.351214,920.15,19.55,90.11,8.42,synthetic_srtm
5111,Mine_05111,11.704553,80.123179,770.43,8.95,321.62,4.95,synthetic_srtm
5112,Mine_05112,12.976687,78.709901,296.51,11.11,245.68,4.26,synthetic_srtm
5113,Mine_05113,12.116958,76.285775,1586.57,43.02,288.01,14.67,synthetic_srtm
5114,Mine_05114,10.235649,78.085285,687.09,16.11,132.12,6.04,synthetic_srtm
5115,Mine_05115,10.698043,80.272191,380.4,10.93,140.35,6.14,synthetic_srtm
5116,Mine_05116,8.109458,80.161109,900.24,9.94,317.23,5.97,synthetic_srtm
5117,Mine_05117,8.725698,77.142835,350.97,10.66,336.04,6.39,synthetic_srtm
5118,Mine_05118,9.752827,76.352109,1491.9,32.92,25.49,12.15,synthetic_srtm
5119,Mine_05119,8.678227,77.159607,382.32,0.31,126.32,1.86,synthetic_srtm
5120,Mine_05120,8.405556,76.670336,965.92,19.48,102.17,6.21,synthetic_srtm
5121,Mine_05121,12.587222,78.088626,814.24,19.85,191.9,9.94,synthetic_srtm
5122,Mine_05122,11.120393,79.997809,520.36,8.07,267.93,4.28,synthetic_srtm
5123,Mine_05123,12.461509,78.945941,608.11,15.16,307.91,7.72,synthetic_srtm
5124,Mine_05124,13.167227,76.604231,502.94,17.24,9.94,6.45,synthetic_srtm
5125,Mine_05125,12.569655,77.829696,1683.72,27.4,180.82,9.14,synthetic_srtm
5126,Mine_05126,9.28087,78.152224,298.62,6.99,273.95,6.0,synthetic_srtm
5127,Mine_05127,11.638212,79.538345,548.98,6.89,148.93,7.06,synthetic_srtm
5128,Mine_05128,9.154327,80.16844,370.43,10.9,217.51,5.55,synthetic_srtm
5129,Mine_05129,11.056302,76.542549,1538.92,34.27,45.01,15.05,synthetic_srtm
5130,Mine_05130,11.490771,80.307933,749.2,20.37,46.87,10.87,synthetic_srtm
5131,Mine_05131,8.143618,76.79564,1229.31,38.85,345.65,12.74,synthetic_srtm
5132,Mine_05132,9.460141,79.072636,574.84,21.77,142.65,7.8,synthetic_srtm
5133,Mine_05133,10.038075,79.057222,550.85,18.28,318.84,8.6,synthetic_srtm
5134,Mine_05134,10.880221,77.991301,321.66,7.58,95.71,3.37,synthetic_srtm
5135,Mine_05135,9.118992,80.066839,833.06,19.96,300.48,8.39,synthetic_srtm
5136,Mine_05136,8.469805,79.311817,937.97,15.49,204.64,4.96,synthetic_srtm
5137,Mine_05137,10.36891,76.56794,795.57,21.06,354.48,7.5,synthetic_srtm
5138,Mine_05138,11.026462,76.086272,1667.2,32.32,39.47,14.16,synthetic_srtm
5139,Mine_05139,9.107229,78.603255,773.97,16.46,269.77,7.63,synthetic_srtm
5140,Mine_05140,12.330684,76.901094,904.96,23.38,25.13,9.05,synthetic_srtm
5141,Mine_05141,8.062198,78.756952,864.15,19.06,79.65,6.89,synthetic_srtm
5142,Mine_05142,12.259645,76.93804,1027.42,37.68,134.28,13.57,synthetic_srtm
5143,Mine_05143,8.379677,79.76562,865.94,7.88,342.18,4.09,synthetic_srtm
5144,Mine_05144,13.459129,78.040639,558.25,9.07,320.23,4.83,synthetic_srtm
5145,Mine_05145,12.690594,77.356521,1887.92,31.24,15.31,13.16,synthetic_srtm
5146,Mine_05146,8.141261,79.019126,499.99,1.45,2.15,2.02,synthetic_srtm
5147,Mine_05147,10.16534,80.229023,807.69,11.51,4.15,4.21,synthetic_srtm
5148,Mine_05148,12.617758,78.226761,571.78,14.03,97.72,8.7,synthetic_srtm
5149,Mine_05149,13.496758,76.623091,1374.93,22.99,280.82,11.48,synthetic_srtm
5150,Mine_05150,11.793805,76.36168,1427.96,23.87,100.4,7.19,synthetic_srtm
5151,Mine_05151,8.992512,76.181953,1565.1,26.32,41.61,9.84,synthetic_srtm
5152,Mine_05152,8.654845,79.367055,897.06,7.35,222.72,2.32,synthetic_srtm
5153,Mine_05153,11.263985,79.503688,628.27,5.59,106.87,2.82,synthetic_srtm
5154,Mine_05154,11.753188,80.450934,341.61,11.6,317.43,4.56,synthetic_srtm
5155,Mine_05155,11.618848,80.037287,319.34,0.2,96.55,3.68,synthetic_srtm
5156,Mine_05156,12.461946,78.31031,777.36,11.63,230.72,4.3,synthetic_srtm
5157,Mine_05157,11.287259,79.949505,532.73,17.77,199.68,7.96,synthetic_srtm
5158,Mine_05158,13.424786,79.259473,750.99,18.24,298.8,6.71,synthetic_srtm
5159,Mine_05159,11.849813,79.844172,735.76,16.01,212.57,5.24,synthetic_srtm
5160,Mine_05160,13.246346,78.096274,963.02,8.36,66.15,3.49,synthetic_srtm
5161,Mine_05161,13.00418,80.042435,954.58,18.51,322.69,5.61,synthetic_srtm
5162,Mine_05162,8.727395,76.604044,1141.29,38.75,8.09,15.43,synthetic_srtm
5163,Mine_05163,11.650924,77.404329,1005.46,16.2,241.69,6.13,synthetic_srtm
5164,Mine_05164,12.864761,77.523979,1834.54,19.75,41.05,10.44,synthetic_srtm
5165,Mine_05165,12.48939,76.705498,1413.14,29.46,330.74,12.26,synthetic_srtm
5166,Mine_05166,13.201316,77.04449,1244.69,31.18,36.9,13.79,synthetic_srtm
5167,Mine_05167,10.668814,79.583599,998.98,24.96,88.62,8.59,synthetic_srtm
5168,Mine_05168,13.067011,78.777458,605.72,23.2,274.62,10.5,synthetic_srtm
5169,Mine_05169,9.406032,78.399299,413.96,2.58,259.59,2.37,synthetic_srtm
5170,Mine_05170,8.905767,79.376939,483.39,9.52,309.4,5.94,synthetic_srtm
5171,Mine_05171,12.734576,78.808816,901.72,23.99,162.13,8.46,synthetic_srtm
5172,Mine_05172,12.001611,78.374674,551.1,6.78,49.77,2.73,synthetic_srtm
5173,Mine_05173,12.922096,79.95907,353.63,5.45,178.93,3.78,synthetic_srtm
5174,Mine_05174,8.411777,77.745005,979.61,22.88,104.28,11.08,synthetic_srtm
5175,Mine_05175,11.610741,78.292883,824.72,10.82,90.29,6.19,synthetic_srtm
5176,Mine_05176,8.138373,80.301267,456.18,7.39,351.58,5.0,synthetic_srtm
5177,Mine_05177,9.562812,76.836179,714.1,18.47,163.67,9.93,synthetic_srtm
5178,Mine_05178,13.186225,77.482255,2302.98,34.61,310.57,11.58,synthetic_srtm
5179,Mine_05179,8.969281,78.24397,670.56,11.11,315.38,6.94,synthetic_srtm
5180,Mine_05180,8.171495,77.513358,201.98,13.24,230.77,8.54,synthetic_srtm
5181,Mine_05181,11.883832,79.817869,352.5,11.05,24.7,4.77,synthetic_srtm
5182,Mine_05182,12.052175,79.772853,299.19,4.71,263.29,4.18,synthetic_srtm
5183,Mine_05183,10.615331,79.047231,773.43,15.66,268.32,4.77,synthetic_srtm
5184,Mine_05184,11.575608,76.615289,1494.77,22.49,137.8,11.25,synthetic_srtm
5185,Mine_05185,12.656911,79.484311,359.87,6.77,332.36,4.78,synthetic_srtm
5186,Mine_05186,10.856563,80.408729,768.88,7.18,66.07,5.43,synthetic_srtm
5187,Mine_05187,12.963269,77.330691,2373.73,31.96,199.49,10.62,synthetic_srtm
5188,Mine_05188,9.754466,79.716454,306.78,12.96,259.42,7.36,synthetic_srtm
5189,Mine_05189,10.773209,78.307216,253.48,14.22,206.27,5.74,synthetic_srtm
5190,Mine_05190,8.517769,77.36228,221.1,6.96,47.02,6.4,synthetic_srtm
5191,Mine_05191,8.614814,78.973896,394.54,5.09,152.06,3.96,synthetic_srtm
5192,Mine_05192,9.131049,78.596809,206.85,13.69,39.05,7.97,synthetic_srtm
5193,Mine_05193,9.062981,79.384999,587.05,16.46,278.37,5.53,synthetic_srtm
5194,Mine_05194,9.837431,78.816957,268.88,6.81,326.53,4.69,synthetic_srtm
5195,Mine_05195,8.855226,76.608275,1600.39,17.2,244.28,7.67,synthetic_srtm
5196,Mine_05196,8.679817,78.914903,432.29,13.85,219.31,7.8,synthetic_srtm
5197,Mine_05197,8.804647,77.524473,417.83,0.28,199.15,4.24,synthetic_srtm
5198,Mine_05198,13.179099,78.816227,239.95,3.6,41.11,2.02,synthetic_srtm
5199,Mine_05199,10.458157,78.694043,320.56,8.13,122.39,2.96,synthetic_srtm
5200,Mine_05200,9.455297,80.022132,508.2,11.93,31.81,7.84,synthetic_srtm
5201,Mine_05201,12.886169,76.969721,672.65,12.35,63.45,5.61,synthetic_srtm
5202,Mine_05202,11.261582,78.818155,388.28,0.31,326.87,2.28,synthetic_srtm
5203,Mine_05203,11.321933,80.295528,642.71,7.42,72.62,6.59,synthetic_srtm
5204,Mine_05204,9.927675,77.708772,742.4,18.64,185.37,9.43,synthetic_srtm
5205,Mine_05205,10.877341,76.135047,1547.85,16.4,350.42,5.57,synthetic_srtm
5206,Mine_05206,11.070649,79.194549,417.07,5.91,300.06,2.65,synthetic_srtm
5207,Mine_05207,10.00126,76.144505,1580.92,21.57,55.04,7.63,synthetic_srtm
5208,Mine_05208,11.517025,78.878837,395.87,9.55,320.04,5.42,synthetic_srtm
5209,Mine_05209,13.229456,79.790875,953.39,11.38,273.54,7.52,synthetic_srtm
5210,Mine_05210,9.377445,78.396398,391.16,11.51,28.7,7.15,synthetic_srtm
5211,Mine_05211,13.369416,77.433512,1955.28,15.06,289.81,6.97,synthetic_srtm
5212,Mine_05212,12.338591,76.879561,1128.12,35.16,107.29,12.38,synthetic_srtm
5213,Mine_05213,11.794964,78.833193,546.05,10.47,104.4,5.18,synthetic_srtm
5214,Mine_05214,12.965625,78.438259,741.94,15.08,47.1,5.38,synthetic_srtm
5215,Mine_05215,12.628774,80.323935,290.44,8.54,312.96,6.45,synthetic_srtm
5216,Mine_05216,10.645891,79.345105,934.77,5.66,91.91,2.59,synthetic_srtm
5217,Mine_05217,13.105438,79.92246,748.97,17.7,33.77,5.58,synthetic_srtm
5218,Mine_05218,12.113215,77.358023,1808.52,41.38,158.53,13.56,synthetic_srtm
5219,Mine_05219,8.197338,77.273463,341.41,6.38,102.31,6.67,synthetic_srtm
5220,Mine_05220,9.580786,78.563009,248.22,2.61,6.25,3.5,synthetic_srtm
5221,Mine_05221,8.050968,77.243771,492.77,6.96,19.55,2.43,synthetic_srtm
5222,Mine_05222,10.071082,78.371899,581.62,20.92,268.99,11.27,synthetic_srtm
5223,Mine_05223,12.576813,79.878958,338.36,7.41,341.87,3.24,synthetic_srtm
5224,Mine_05224,9.622886,76.526923,537.17,11.7,150.29,7.15,synthetic_srtm
5225,Mine_05225,10.632741,79.330034,289.35,4.61,3.88,2.35,synthetic_srtm
5226,Mine_05226,12.577804,77.478536,1719.34,42.12,250.21,15.98,synthetic_srtm
5227,Mine_05227,9.677236,77.480861,556.55,23.68,311.68,11.23,synthetic_srtm
5228,Mine_05228,9.090689,76.379815,1578.63,37.13,122.0,11.38,synthetic_srtm
5229,Mine_05229,9.709048,79.084531,868.94,21.52,123.85,11.26,synthetic_srtm
5230,Mine_05230,9.529878,78.860752,322.87,10.1,59.64,5.17,synthetic_srtm
5231,Mine_05231,13.104289,77.763863,2317.63,23.68,217.65,10.08,synthetic_srtm
5232,Mine_05232,9.348023,77.459161,335.17,7.62,147.64,3.73,synthetic_srtm
5233,Mine_05233,9.773633,77.397152,308.55,4.19,54.84,3.75,synthetic_srtm
5234,Mine_05234,9.048948,78.780622,938.46,20.1,29.2,8.84,synthetic_srtm
5235,Mine_05235,9.37525,77.273151,703.49,22.56,106.41,10.24,synthetic_srtm
5236,Mine_05236,8.167056,78.909646,898.85,8.71,158.49,3.49,synthetic_srtm
5237,Mine_05237,11.222444,76.624524,1116.54,22.9,260.37,10.19,synthetic_srtm
5238,Mine_05238,8.638588,78.376482,519.99,20.64,139.38,6.54,synthetic_srtm
5239,Mine_05239,12.451246,76.307287,1587.92,43.15,280.6,13.84,synthetic_srtm
5240,Mine_05240,9.476012,79.694262,918.84,24.44,257.6,8.44,synthetic_srtm
5241,Mine_05241,11.850932,76.134998,777.08,6.23,7.42,2.41,synthetic_srtm
5242,Mine_05242,12.84132,79.707219,582.9,10.16,206.04,4.14,synthetic_srtm
5243,Mine_05243,9.97759,79.258369,879.85,20.82,52.94,6.86,synthetic_srtm
5244,Mine_05244,9.224093,76.022394,810.9,14.09,97.19,4.31,synthetic_srtm
5245,Mine_05245,12.31159,76.346432,800.21,22.79,194.71,11.67,synthetic_srtm
5246,Mine_05246,13.317777,78.716801,999.66,6.25,359.88,5.93,synthetic_srtm
5247,Mine_05247,13.333786,77.567824,1394.69,39.4,179.26,16.63,synthetic_srtm
5248,Mine_05248,11.714191,76.622034,679.89,21.95,273.16,10.54,synthetic_srtm
5249,Mine_05249,12.923828,78.506995,672.38,17.66,96.11,8.23,synthetic_srtm
5250,Mine_05250,10.39161,76.837847,1001.92,29.46,76.67,10.83,synthetic_srtm
5251,Mine_05251,12.193425,76.267064,1630.33,35.07,351.85,15.38,synthetic_srtm
5252,Mine_05252,8.151539,78.759826,739.1,8.9,286.88,6.26,synthetic_srtm
5253,Mine_05253,13.092995,79.523971,952.15,9.42,78.97,7.37,synthetic_srtm
5254,Mine_05254,10.802449,80.256758,910.14,22.97,183.44,9.7,synthetic_srtm
5255,Mine_05255,12.459599,77.113413,1984.17,38.23,119.88,16.12,synthetic_srtm
5256,Mine_05256,12.250662,78.750493,339.27,9.51,94.81,7.65,synthetic_srtm
5257,Mine_05257,11.388584,76.706012,569.11,12.42,273.98,6.68,synthetic_srtm
5258,Mine_05258,12.257589,77.34039,2108.66,41.48,357.82,15.78,synthetic_srtm
5259,Mine_05259,9.338768,78.067895,863.76,17.65,204.27,7.34,synthetic_srtm
5260,Mine_05260,9.877641,79.070568,327.71,4.32,183.47,1.4,synthetic_srtm
5261,Mine_05261,9.947574,79.176294,548.57,5.3,196.97,1.8,synthetic_srtm
5262,Mine_05262,8.502274,80.109261,565.2,20.7,82.63,7.59,synthetic_srtm
5263,Mine_05263,12.255904,80.349167,206.58,12.21,357.25,5.03,synthetic_srtm
5264,Mine_05264,12.545932,77.111714,2016.13,18.41,42.08,7.83,synthetic_srtm
5265,Mine_05265,13.464057,78.557713,520.08,8.63,182.41,4.32,synthetic_srtm
5266,Mine_05266,8.855769,76.870289,578.34,15.33,30.13,5.72,synthetic_srtm
5267,Mine_05267,10.389679,77.706272,528.7,17.65,261.76,7.48,synthetic_srtm
5268,Mine_05268,13.20666,79.115179,995.44,13.36,113.43,8.79,synthetic_srtm
5269,Mine_05269,8.990779,76.881929,544.92,13.37,133.61,5.42,synthetic_srtm
5270,Mine_05270,11.551303,79.657682,567.46,13.16,130.1,5.8,synthetic_srtm
5271,Mine_05271,9.993592,77.34694,635.52,23.9,264.2,8.72,synthetic_srtm
5272,Mine_05272,8.360194,79.321183,923.43,14.42,119.77,5.55,synthetic_srtm
5273,Mine_05273,12.574769,76.460165,1269.02,44.75,316.5,17.46,synthetic_srtm
5274,Mine_05274,8.627097,78.563082,316.92,13.76,183.16,5.44,synthetic_srtm
5275,Mine_05275,10.779839,76.083827,1223.82,31.01,221.67,12.66,synthetic_srtm
5276,Mine_05276,12.197067,79.330255,869.44,8.41,169.25,6.86,synthetic_srtm
5277,Mine_05277,12.891057,78.393658,708.36,23.2,70.75,8.22,synthetic_srtm
5278,Mine_05278,12.715723,77.368178,1403.43,38.13,87.58,14.86,synthetic_srtm
5279,Mine_05279,12.160335,77.149045,2145.72,18.56,97.8,6.75,synthetic_srtm
5280,Mine_05280,11.346314,80.328591,983.31,9.67,338.27,6.9,synthetic_srtm
5281,Mine_05281,12.638583,76.558731,999.26,22.59,113.55,11.64,synthetic_srtm
5282,Mine_05282,9.81645,79.236336,930.5,11.48,141.88,7.1,synthetic_srtm
5283,Mine_05283,13.119823,78.375358,272.29,14.46,224.21,7.58,synthetic_srtm
5284,Mine_05284,10.591239,76.824516,703.5,17.65,248.65,7.33,synthetic_srtm
5285,Mine_05285,13.238173,78.379313,258.99,2.75,43.5,2.38,synthetic_srtm
5286,Mine_05286,9.177098,79.722971,698.58,11.69,224.12,6.33,synthetic_srtm
5287,Mine_05287,13.236198,78.824348,644.6,20.14,60.11,10.2,synthetic_srtm
5288,Mine_05288,8.970242,78.447863,774.24,17.19,287.62,9.72,synthetic_srtm
5289,Mine_05289,12.480226,77.400952,1915.83,17.99,46.54,10.11,synthetic_srtm
5290,Mine_05290,12.716468,76.971947,1545.67,28.86,90.06,10.59,synthetic_srtm
5291,Mine_05291,8.60464,79.356458,481.51,11.11,351.99,7.13,synthetic_srtm
5292,Mine_05292,10.461472,78.349672,668.1,5.36,294.97,4.61,synthetic_srtm
5293,Mine_05293,11.682336,79.138132,829.81,11.36,59.44,6.88,synthetic_srtm
5294,Mine_05294,10.503398,79.36271,219.54,13.57,94.7,7.88,synthetic_srtm
5295,Mine_05295,12.651091,80.409837,684.66,23.66,343.2,9.09,synthetic_srtm
5296,Mine_05296,11.738648,79.353405,234.87,14.64,230.06,5.51,synthetic_srtm
5297,Mine_05297,10.663795,76.045782,1647.61,35.41,179.71,13.43,synthetic_srtm
5298,Mine_05298,10.019832,76.823418,550.01,6.37,348.3,3.23,synthetic_srtm
5299,Mine_05299,13.318414,78.398862,804.52,11.44,118.01,6.78,synthetic_srtm
5300,Mine_05300,9.463456,80.045264,846.43,9.23,97.23,2.82,synthetic_srtm
5301,Mine_05301,11.191286,79.242582,337.92,10.44,49.98,7.41,synthetic_srtm
5302,Mine_05302,8.518234,79.198018,388.65,8.96,323.96,6.83,synthetic_srtm
5303,Mine_05303,9.244443,79.696128,789.29,7.44,314.33,6.83,synthetic_srtm
5304,Mine_05304,11.23918,79.28449,299.04,11.2,359.02,4.48,synthetic_srtm
5305,Mine_05305,10.744716,79.422391,809.4,16.4,18.64,7.35,synthetic_srtm
5306,Mine_05306,8.481177,80.449956,971.97,17.21,44.08,9.17,synthetic_srtm
5307,Mine_05307,11.592854,76.946808,1644.71,36.43,319.18,15.59,synthetic_srtm
5308,Mine_05308,12.622319,79.054633,602.46,10.0,148.34,7.34,synthetic_srtm
5309,Mine_05309,8.670859,76.701694,1194.84,25.95,118.53,9.86,synthetic_srtm
5310,Mine_05310,11.166974,77.676595,2206.71,33.0,31.85,11.08,synthetic_srtm
5311,Mine_05311,11.415028,76.03557,1494.04,35.8,225.32,11.59,synthetic_srtm
5312,Mine_05312,11.997688,77.698443,2212.26,29.49,320.86,10.58,synthetic_srtm
5313,Mine_05313,12.837016,76.677819,787.84,24.02,284.16,10.4,synthetic_srtm
5314,Mine_05314,12.621616,76.376065,1102.39,19.83,207.7,9.98,synthetic_srtm
5315,Mine_05315,9.9033,78.276309,995.71,23.93,315.14,9.09,synthetic_srtm
5316,Mine_05316,9.987972,76.80565,841.5,6.19,65.99,4.71,synthetic_srtm
5317,Mine_05317,12.317708,80.03075,449.13,11.18,32.4,7.21,synthetic_srtm
5318,Mine_05318,9.770855,77.705365,674.86,15.42,65.02,4.65,synthetic_srtm
5319,Mine_05319,8.216226,76.476467,719.79,23.64,53.56,10.1,synthetic_srtm
5320,Mine_05320,9.410184,80.290218,834.89,12.67,61.0,8.28,synthetic_srtm
5321,Mine_05321,11.568975,79.417818,259.7,14.81,104.45,5.88,synthetic_srtm
5322,Mine_05322,8.757864,78.247424,440.47,3.85,250.62,4.42,synthetic_srtm
5323,Mine_05323,12.586347,76.665252,606.38,12.32,43.97,4.19,synthetic_srtm
5324,Mine_05324,8.339984,77.439599,861.38,11.94,352.78,5.1,synthetic_srtm
5325,Mine_05325,9.292462,79.013646,232.71,4.95,125.77,5.88,synthetic_srtm
5326,Mine_05326,10.265794,80.047469,248.26,2.58,258.23,3.28,synthetic_srtm
5327,Mine_05327,10.24426,79.51281,846.49,17.33,304.39,5.67,synthetic_srtm
5328,Mine_05328,8.529098,78.149486,487.41,9.42,194.87,4.64,synthetic_srtm
5329,Mine_05329,9.014917,76.098108,1009.68,21.38,190.32,8.15,synthetic_srtm
5330,Mine_05330,10.839948,76.049178,841.89,23.57,188.02,10.74,synthetic_srtm
5331,Mine_05331,9.461013,76.048548,1476.16,19.42,191.37,8.68,synthetic_srtm
5332,Mine_05332,8.653173,77.396542,696.84,22.08,276.41,9.78,synthetic_srtm
5333,Mine_05333,8.774203,77.934358,449.56,11.31,14.93,4.56,synthetic_srtm
5334,Mine_05334,13.05513,78.122206,963.84,11.52,340.44,6.01,synthetic_srtm
5335,Mine_05335,9.571401,76.943555,585.07,24.5,344.83,7.38,synthetic_srtm
5336,Mine_05336,12.323081,76.422882,960.12,9.42,248.21,3.84,synthetic_srtm
5337,Mine_05337,10.025266,79.89368,850.78,8.46,359.84,7.48,synthetic_srtm
5338,Mine_05338,13.462364,80.43497,552.79,6.85,201.43,5.89,synthetic_srtm
5339,Mine_05339,8.849054,76.755009,1397.65,17.66,316.74,9.85,synthetic_srtm
5340,Mine_05340,13.481381,80.046812,736.25,13.87,222.54,5.41,synthetic_srtm
5341,Mine_05341,10.540146,78.353815,712.24,8.34,128.36,4.27,synthetic_srtm
5342,Mine_05342,9.922535,78.134788,585.16,8.87,263.83,6.11,synthetic_srtm
5343,Mine_05343,12.477225,76.892265,965.18,20.68,277.25,7.05,synthetic_srtm
5344,Mine_05344,10.823737,76.512576,900.34,13.0,281.95,8.41,synthetic_srtm
5345,Mine_05345,9.943613,78.214459,219.35,0.26,330.94,0.6,synthetic_srtm
5346,Mine_05346,8.563942,79.70288,431.63,14.75,159.12,5.97,synthetic_srtm
5347,Mine_05347,12.033733,79.25354,225.48,0.02,53.46,3.34,synthetic_srtm
5348,Mine_05348,10.105745,76.652555,1328.3,33.02,310.01,14.67,synthetic_srtm
5349,Mine_05349,9.829203,77.051156,295.44,9.34,259.95,5.14,synthetic_srtm
5350,Mine_05350,10.219032,79.616247,753.81,6.27,0.27,5.63,synthetic_srtm
5351,Mine_05351,10.082893,79.373953,900.39,9.3,330.33,3.77,synthetic_srtm
5352,Mine_05352,9.366555,78.729254,589.64,9.7,354.41,4.31,synthetic_srtm
5353,Mine_05353,8.354599,80.44587,466.9,2.06,149.03,1.05,synthetic_srtm
5354,Mine_05354,8.736652,79.759796,831.91,5.52,81.15,5.12,synthetic_srtm
5355,Mine_05355,8.699154,78.646738,671.13,5.78,206.46,5.96,synthetic_srtm
5356,Mine_05356,10.213024,76.096125,1437.46,34.49,73.02,10.61,synthetic_srtm
5357,Mine_05357,11.529825,77.794125,1193.17,17.65,145.52,9.31,synthetic_srtm
5358,Mine_05358,9.798019,80.245775,966.38,7.05,261.39,3.86,synthetic_srtm
5359,Mine_05359,12.583561,76.918896,1618.97,31.6,260.72,13.61,synthetic_srtm
5360,Mine_05360,13.243219,78.709142,770.8,21.6,157.14,10.16,synthetic_srtm
5361,Mine_05361,8.032546,78.694976,653.28,24.79,246.56,8.5,synthetic_srtm
5362,Mine_05362,9.581578,77.235541,747.22,22.35,294.43,8.52,synthetic_srtm
5363,Mine_05363,9.698267,80.404387,935.82,16.39,39.82,6.15,synthetic_srtm
5364,Mine_05364,13.451589,77.601729,1876.03,39.41,184.93,16.42,synthetic_srtm
5365,Mine_05365,11.979484,76.14061,929.25,6.62,248.36,5.18,synthetic_srtm
5366,Mine_05366,8.025606,79.96319,857.39,17.9,30.6,7.83,synthetic_srtm
5367,Mine_05367,11.058101,80.468142,641.22,8.75,45.64,5.56,synthetic_srtm
5368,Mine_05368,11.098322,77.324712,1400.93,27.85,358.56,12.13,synthetic_srtm
5369,Mine_05369,10.822647,77.07029,989.4,6.55,209.71,4.07,synthetic_srtm
5370,Mine_05370,11.813452,77.226669,1049.65,27.92,51.36,11.72,synthetic_srtm
5371,Mine_05371,9.601479,78.610414,704.64,10.49,326.18,5.23,synthetic_srtm
5372,Mine_05372,10.574004,78.9005,811.46,17.38,63.75,6.61,synthetic_srtm
5373,Mine_05373,10.141485,79.223799,616.13,23.99,284.95,7.68,synthetic_srtm
5374,Mine_05374,9.940638,79.827053,661.54,22.61,100.27,11.62,synthetic_srtm
5375,Mine_05375,8.859492,77.479493,689.91,16.47,344.96,5.33,synthetic_srtm
5376,Mine_05376,9.311303,80.221605,414.7,5.83,56.31,5.02,synthetic_srtm
5377,Mine_05377,12.010064,77.696589,1774.39,40.19,256.92,15.56,synthetic_srtm
5378,Mine_05378,12.800836,76.387082,1487.59,20.66,87.35,7.19,synthetic_srtm
5379,Mine_05379,10.580194,77.958687,503.19,6.64,31.42,3.49,synthetic_srtm
5380,Mine_05380,8.033938,77.064499,715.92,19.33,161.03,9.94,synthetic_srtm
5381,Mine_05381,8.372908,76.884758,693.37,20.57,253.86,8.5,synthetic_srtm
5382,Mine_05382,12.827983,77.046995,2200.74,27.23,248.51,12.55,synthetic_srtm
5383,Mine_05383,8.718199,76.143371,1609.62,34.41,95.49,13.0,synthetic_srtm
5384,Mine_05384,9.818686,77.423867,632.23,19.04,348.93,9.27,synthetic_srtm
5385,Mine_05385,10.224107,78.481557,292.88,7.89,31.75,3.28,synthetic_srtm
5386,Mine_05386,11.800872,80.418231,353.18,10.22,145.38,3.83,synthetic_srtm
5387,Mine_05387,8.623519,80.129993,823.8,19.18,77.41,9.91,synthetic_srtm
5388,Mine_05388,8.498711,79.590277,982.52,11.03,308.75,6.99,synthetic_srtm
5389,Mine_05389,10.040546,76.751377,1183.99,41.35,9.49,14.13,synthetic_srtm
5390,Mine_05390,9.603278,78.322275,682.5,19.14,189.66,7.5,synthetic_srtm
5391,Mine_05391,9.130749,76.521549,1372.5,16.49,276.54,9.4,synthetic_srtm
5392,Mine_05392,9.797368,79.402671,622.95,21.06,264.09,9.41,synthetic_srtm
5393,Mine_05393,8.317313,78.289927,807.25,21.91,70.63,6.62,synthetic_srtm
5394,Mine_05394,10.65894,77.655724,726.16,6.84,162.57,3.67,synthetic_srtm
5395,Mine_05395,8.920066,79.857745,638.37,10.48,322.2,7.87,synthetic_srtm
5396,Mine_05396,12.5278,78.477762,555.62,23.5,198.71,11.51,synthetic_srtm
5397,Mine_05397,12.57094,76.244813,941.38,5.73,154.07,3.05,synthetic_srtm
5398,Mine_05398,11.968773,76.869073,1431.29,30.76,329.7,12.25,synthetic_srtm
5399,Mine_05399,8.118403,79.651576,905.97,11.45,207.47,6.27,synthetic_srtm
5400,Mine_05400,9.188743,77.403589,706.9,6.42,239.39,3.06,synthetic_srtm
5401,Mine_05401,8.052782,76.954846,1134.63,44.19,228.99,17.71,synthetic_srtm
5402,Mine_05402,9.277584,78.924454,820.99,5.9,166.79,4.39,synthetic_srtm
5403,Mine_05403,10.564365,78.899372,473.22,7.67,144.9,3.12,synthetic_srtm
5404,Mine_05404,10.680384,76.785875,862.89,15.07,153.95,4.99,synthetic_srtm
5405,Mine_05405,12.440931,78.95043,399.87,5.01,40.31,4.76,synthetic_srtm
5406,Mine_05406,12.70201,80.327813,282.5,1.87,0.44,1.19,synthetic_srtm
5407,Mine_05407,10.985749,80.419235,375.11,0.53,334.14,1.25,synthetic_srtm
5408,Mine_05408,8.148881,76.524374,1318.09,32.63,324.06,13.48,synthetic_srtm
5409,Mine_05409,10.921782,78.162516,871.06,18.56,242.54,6.69,synthetic_srtm
5410,Mine_05410,8.423252,80.335778,438.57,3.31,208.74,4.58,synthetic_srtm
5411,Mine_05411,11.407002,80.274632,891.12,18.84,67.63,7.33,synthetic_srtm
5412,Mine_05412,9.358163,79.728806,471.4,6.53,57.9,6.44,synthetic_srtm
5413,Mine_05413,12.613753,77.677522,1408.03,24.58,167.09,11.05,synthetic_srtm
5414,Mine_05414,10.919191,79.441857,357.91,3.02,125.16,5.57,synthetic_srtm
5415,Mine_05415,11.982998,76.525138,1684.02,20.4,235.28,7.63,synthetic_srtm
5416,Mine_05416,8.671438,78.799894,205.63,8.77,161.67,7.62,synthetic_srtm
5417,Mine_05417,10.651415,76.684425,1639.04,21.07,180.71,9.03,synthetic_srtm
5418,Mine_05418,12.014193,78.93214,548.73,5.35,285.78,5.48,synthetic_srtm
5419,Mine_05419,13.421713,78.253677,387.14,9.79,62.41,5.46,synthetic_srtm
5420,Mine_05420,8.967709,77.464754,936.84,20.07,151.74,7.41,synthetic_srtm
5421,Mine_05421,10.866295,77.16575,470.67,8.82,295.82,7.36,synthetic_srtm
5422,Mine_05422,11.122971,79.08809,545.94,17.69,116.85,6.89,synthetic_srtm
5423,Mine_05423,8.735708,76.936165,1559.11,25.31,225.8,9.39,synthetic_srtm
5424,Mine_05424,12.584479,76.250741,1484.24,19.72,130.18,8.63,synthetic_srtm
5425,Mine_05425,12.585836,79.497219,854.05,6.51,83.14,4.87,synthetic_srtm
5426,Mine_05426,12.008908,77.598767,1080.19,15.97,267.17,5.93,synthetic_srtm
5427,Mine_05427,11.355467,80.378716,866.57,8.48,317.87,6.42,synthetic_srtm
5428,Mine_05428,12.230239,79.085394,291.73,10.07,41.02,5.75,synthetic_srtm
5429,Mine_05429,10.433307,77.178588,259.39,4.95,177.19,3.66,synthetic_srtm
5430,Mine_05430,13.364601,79.216066,861.44,9.79,238.18,7.2,synthetic_srtm
5431,Mine_05431,11.0678,77.575907,2071.11,34.93,214.32,14.89,synthetic_srtm
5432,Mine_05432,10.396343,79.369542,533.71,6.66,112.37,5.63,synthetic_srtm
5433,Mine_05433,12.131581,78.377726,324.39,6.41,304.47,3.4,synthetic_srtm
5434,Mine_05434,9.343402,78.223387,434.54,8.0,162.18,4.76,synthetic_srtm
5435,Mine_05435,9.191372,80.069383,583.2,22.63,231.68,7.48,synthetic_srtm
5436,Mine_05436,9.537443,77.496863,944.3,20.73,250.78,7.36,synthetic_srtm
5437,Mine_05437,8.542712,77.25673,437.24,4.82,45.3,2.58,synthetic_srtm
5438,Mine_05438,9.250278,79.922913,290.93,8.54,43.44,6.39,synthetic_srtm
5439,Mine_05439,10.251215,76.998411,691.93,9.23,284.38,5.4,synthetic_srtm
5440,Mine_05440,11.2669,80.138231,576.62,22.26,148.2,11.06,synthetic_srtm
5441,Mine_05441,11.687386,78.902689,777.54,8.41,225.07,7.38,synthetic_srtm
5442,Mine_05442,10.572551,77.912861,942.82,5.12,165.92,5.49,synthetic_srtm
5443,Mine_05443,11.108393,76.977171,1157.3,25.62,85.25,8.79,synthetic_srtm
5444,Mine_05444,8.439377,78.071863,787.68,13.77,186.64,8.59,synthetic_srtm
5445,Mine_05445,12.988572,77.688127,1186.33,18.56,122.71,8.02,synthetic_srtm
5446,Mine_05446,11.95368,76.96107,1009.05,26.09,145.93,12.25,synthetic_srtm
5447,Mine_05447,11.722898,76.646025,969.67,23.04,16.41,10.41,synthetic_srtm
5448,Mine_05448,9.188907,78.532737,759.75,12.34,236.36,7.24,synthetic_srtm
5449,Mine_05449,12.63494,79.273246,538.14,9.21,184.84,3.01,synthetic_srtm
5450,Mine_05450,12.834424,77.508789,1783.95,29.67,3.26,13.8,synthetic_srtm
5451,Mine_05451,8.375697,78.642339,556.6,24.28,66.05,7.99,synthetic_srtm
5452,Mine_05452,11.153124,77.508616,1276.78,36.47,124.03,15.62,synthetic_srtm
5453,Mine_05453,12.913083,77.078544,1478.4,40.46,212.45,12.18,synthetic_srtm
5454,Mine_05454,8.314831,77.917548,678.59,11.82,212.82,7.25,synthetic_srtm
5455,Mine_05455,10.176362,80.251406,395.71,5.24,20.48,4.4,synthetic_srtm
5456,Mine_05456,11.391993,78.693157,267.34,2.21,14.32,3.0,synthetic_srtm
5457,Mine_05457,11.813078,77.998215,1738.67,40.12,135.04,15.82,synthetic_srtm
5458,Mine_05458,12.437469,77.488043,1128.37,17.47,12.58,9.34,synthetic_srtm
5459,Mine_05459,12.883857,76.886356,1534.36,26.92,133.1,9.1,synthetic_srtm
5460,Mine_05460,10.287571,79.053807,340.56,2.21,306.94,3.85,synthetic_srtm
5461,Mine_05461,9.123359,79.122947,599.48,21.62,50.84,8.84,synthetic_srtm
5462,Mine_05462,12.773578,79.031792,634.72,8.65,249.51,4.55,synthetic_srtm
5463,Mine_05463,13.186361,79.027383,901.3,18.62,168.03,7.75,synthetic_srtm
5464,Mine_05464,10.112135,78.077132,781.72,21.16,226.42,7.51,synthetic_srtm
5465,Mine_05465,9.837939,77.183782,851.8,14.06,92.1,5.51,synthetic_srtm
5466,Mine_05466,12.242996,78.246576,252.48,3.83,162.31,3.22,synthetic_srtm
5467,Mine_05467,8.839417,77.888196,528.7,14.41,54.02,7.9,synthetic_srtm
5468,Mine_05468,8.806064,76.112271,1513.81,26.04,27.05,8.29,synthetic_srtm
5469,Mine_05469,9.593006,79.192772,689.28,17.2,190.42,7.41,synthetic_srtm
5470,Mine_05470,11.075919,77.381689,1580.01,43.8,176.0,15.18,synthetic_srtm
5471,Mine_05471,11.837614,78.087988,980.61,8.64,22.26,6.32,synthetic_srtm
5472,Mine_05472,12.345422,77.996851,2000.47,15.53,233.74,6.83,synthetic_srtm
5473,Mine_05473,12.269935,78.808403,468.47,3.07,164.83,1.25,synthetic_srtm
5474,Mine_05474,11.561119,79.417619,376.39,4.82,194.67,4.18,synthetic_srtm
5475,Mine_05475,11.211862,76.606823,1126.03,25.31,207.51,7.89,synthetic_srtm
5476,Mine_05476,13.021297,76.536594,1680.91,27.14,125.12,9.34,synthetic_srtm
5477,Mine_05477,9.292354,77.999708,250.76,5.7,39.66,2.02,synthetic_srtm
5478,Mine_05478,10.453649,76.452218,1247.99,41.35,124.99,16.52,synthetic_srtm
5479,Mine_05479,12.663676,78.484329,434.18,11.74,65.35,7.93,synthetic_srtm
5480,Mine_05480,10.11752,80.386837,967.39,15.36,244.03,4.74,synthetic_srtm
5481,Mine_05481,8.287872,80.372646,580.23,19.33,117.24,9.73,synthetic_srtm
5482,Mine_05482,8.966964,77.545107,565.17,19.75,166.27,6.07,synthetic_srtm
5483,Mine_05483,12.185888,77.63499,2056.86,44.2,188.62,16.33,synthetic_srtm
5484,Mine_05484,8.407526,77.919789,333.46,3.73,357.71,1.78,synthetic_srtm
5485,Mine_05485,12.058331,79.312309,445.7,1.44,130.64,2.18,synthetic_srtm
5486,Mine_05486,9.901703,77.923703,487.05,12.88,75.08,6.3,synthetic_srtm
5487,Mine_05487,10.967242,78.737478,978.03,10.07,331.72,7.66,synthetic_srtm
5488,Mine_05488,10.92592,79.510282,639.77,18.32,98.87,5.71,synthetic_srtm
5489,Mine_05489,8.592875,76.930622,1146.89,43.36,264.73,15.6,synthetic_srtm
5490,Mine_05490,8.177403,76.219618,1416.61,20.8,347.78,8.38,synthetic_srtm
5491,Mine_05491,8.951329,77.332347,991.98,9.4,73.17,3.88,synthetic_srtm
5492,Mine_05492,11.350481,78.115354,884.09,24.11,282.11,7.33,synthetic_srtm
5493,Mine_05493,13.153329,78.531386,953.12,24.04,206.67,10.34,synthetic_srtm
5494,Mine_05494,10.732888,76.009782,888.68,24.4,176.76,7.56,synthetic_srtm
5495,Mine_05495,12.045543,80.32755,573.33,14.87,167.84,7.16,synthetic_srtm
5496,Mine_05496,9.836997,76.640158,699.8,14.46,347.67,5.8,synthetic_srtm
5497,Mine_05497,9.810716,78.090881,223.52,4.02,193.09,3.36,synthetic_srtm
5498,Mine_05498,13.337261,79.945349,271.17,1.27,219.73,3.17,synthetic_srtm
5499,Mine_05499,10.683947,79.52445,433.61,9.42,320.27,6.23,synthetic_srtm
5500,Mine_05500,9.909117,79.766223,552.43,20.8,348.96,7.59,synthetic_srtm
5501,Mine_05501,8.146452,79.777648,745.25,6.47,184.64,6.72,synthetic_srtm
5502,Mine_05502,12.48836,78.293591,938.84,6.84,209.78,3.1,synthetic_srtm
5503,Mine_05503,12.636104,76.08944,549.81,11.0,216.89,5.88,synthetic_srtm
5504,Mine_05504,9.199372,76.963488,1606.24,35.97,6.68,14.76,synthetic_srtm
5505,Mine_05505,13.249798,79.834127,292.87,7.13,247.71,5.75,synthetic_srtm
5506,Mine_05506,9.145883,77.745607,281.99,6.12,255.92,5.29,synthetic_srtm
5507,Mine_05507,12.614621,78.132773,872.67,22.73,30.76,9.08,synthetic_srtm
5508,Mine_05508,13.098064,78.350638,614.7,16.8,300.73,7.91,synthetic_srtm
5509,Mine_05509,10.302809,78.372318,473.37,1.14,346.56,2.43,synthetic_srtm
5510,Mine_05510,13.103748,76.394809,1042.61,44.19,56.72,16.98,synthetic_srtm
5511,Mine_05511,11.087044,80.261834,748.88,9.33,227.29,5.56,synthetic_srtm
5512,Mine_05512,9.580479,78.431188,538.86,13.39,49.75,5.63,synthetic_srtm
5513,Mine_05513,10.19321,76.585367,1620.03,39.83,253.69,14.98,synthetic_srtm
5514,Mine_05514,8.328896,80.036941,930.86,18.45,93.99,6.19,synthetic_srtm
5515,Mine_05515,10.592355,79.008094,940.62,9.56,304.41,5.86,synthetic_srtm
5516,Mine_05516,10.226761,78.091347,787.3,12.5,345.68,4.79,synthetic_srtm
5517,Mine_05517,8.559651,80.194502,326.81,14.02,46.44,7.86,synthetic_srtm
5518,Mine_05518,9.913269,79.9156,682.71,23.63,208.43,11.01,synthetic_srtm
5519,Mine_05519,9.15587,78.134768,746.98,6.21,311.01,5.19,synthetic_srtm
5520,Mine_05520,12.899683,80.473041,950.71,11.4,124.97,3.73,synthetic_srtm
5521,Mine_05521,10.501437,77.333697,999.01,18.19,240.82,8.44,synthetic_srtm
5522,Mine_05522,12.701768,78.998886,521.48,11.85,320.84,4.99,synthetic_srtm
5523,Mine_05523,8.25848,77.262909,996.19,9.56,318.22,3.83,synthetic_srtm
5524,Mine_05524,11.34311,79.209973,605.35,5.57,143.24,3.13,synthetic_srtm
5525,Mine_05525,9.031003,78.264064,645.67,22.1,252.93,6.91,synthetic_srtm
5526,Mine_05526,12.908511,77.577402,1261.5,41.5,300.87,17.2,synthetic_srtm
5527,Mine_05527,8.907631,79.093371,975.13,23.67,276.73,11.57,synthetic_srtm
5528,Mine_05528,8.169965,78.163011,485.49,12.04,21.55,6.93,synthetic_srtm
5529,Mine_05529,11.85766,79.909298,883.78,14.32,212.75,8.82,synthetic_srtm
5530,Mine_05530,8.162898,79.603071,878.32,9.94,104.41,7.45,synthetic_srtm
5531,Mine_05531,12.930717,77.764086,1145.03,42.93,245.27,17.6,synthetic_srtm
5532,Mine_05532,9.417557,79.033843,740.04,10.98,101.69,6.84,synthetic_srtm
5533,Mine_05533,11.000473,76.393283,792.23,14.08,138.21,8.23,synthetic_srtm
5534,Mine_05534,11.06436,76.29043,765.86,20.23,315.78,8.31,synthetic_srtm
5535,Mine_05535,8.16302,78.970262,650.51,24.07,36.67,8.89,synthetic_srtm
5536,Mine_05536,12.715233,78.37826,348.31,7.49,198.69,3.41,synthetic_srtm
5537,Mine_05537,12.750449,76.949308,1085.89,25.68,163.03,11.86,synthetic_srtm
5538,Mine_05538,11.105444,77.645423,1075.98,27.32,20.11,12.66,synthetic_srtm
5539,Mine_05539,8.113372,78.28442,894.89,23.48,313.61,10.53,synthetic_srtm
5540,Mine_05540,11.333922,77.634372,1020.27,16.76,326.64,9.64,synthetic_srtm
5541,Mine_05541,11.638096,77.609634,1616.12,30.57,21.24,9.44,synthetic_srtm
5542,Mine_05542,9.975532,76.858224,527.83,19.73,25.84,9.13,synthetic_srtm
5543,Mine_05543,13.447278,77.195737,1475.81,32.02,43.51,9.9,synthetic_srtm
5544,Mine_05544,9.10766,79.653802,954.74,13.15,61.97,7.62,synthetic_srtm
5545,Mine_05545,12.109376,78.25561,871.95,5.47,181.14,4.06,synthetic_srtm
5546,Mine_05546,8.322976,78.940728,382.62,0.49,31.63,1.66,synthetic_srtm
5547,Mine_05547,8.327448,80.320202,761.91,7.92,124.58,5.12,synthetic_srtm
5548,Mine_05548,8.109378,76.271142,1247.61,42.91,167.62,12.97,synthetic_srtm
5549,Mine_05549,8.90736,76.522573,1450.64,44.27,60.53,15.96,synthetic_srtm
5550,Mine_05550,8.452917,80.061758,616.06,23.88,95.16,9.43,synthetic_srtm
5551,Mine_05551,11.034088,78.229209,387.65,11.02,30.67,5.04,synthetic_srtm
5552,Mine_05552,13.130813,77.073817,1048.64,36.44,289.98,15.25,synthetic_srtm
5553,Mine_05553,12.313859,76.238896,742.86,13.71,96.0,6.77,synthetic_srtm
5554,Mine_05554,10.804242,80.316571,682.11,9.42,170.45,6.47,synthetic_srtm
5555,Mine_05555,10.320197,76.750809,522.14,15.44,139.71,9.09,synthetic_srtm
5556,Mine_05556,8.392922,79.347211,994.71,23.98,117.95,11.74,synthetic_srtm
5557,Mine_05557,12.48193,76.014719,1564.01,18.51,187.59,7.28,synthetic_srtm
5558,Mine_05558,9.290388,78.43495,466.88,0.99,231.8,0.93,synthetic_srtm
5559,Mine_05559,10.334616,76.821096,1448.22,43.63,137.03,15.27,synthetic_srtm
5560,Mine_05560,9.181667,80.207638,245.01,12.99,99.88,8.07,synthetic_srtm
5561,Mine_05561,8.622702,78.618618,834.44,10.92,257.25,3.86,synthetic_srtm
5562,Mine_05562,10.324889,78.98849,962.38,22.47,288.93,11.27,synthetic_srtm
5563,Mine_05563,13.161565,76.183107,1103.93,36.08,87.69,11.87,synthetic_srtm
5564,Mine_05564,9.528476,77.167362,668.48,8.45,151.05,4.32,synthetic_srtm
5565,Mine_05565,12.864755,79.059892,982.01,12.34,4.64,5.71,synthetic_srtm
5566,Mine_05566,8.893281,78.333275,257.47,4.04,111.94,1.83,synthetic_srtm
5567,Mine_05567,12.562493,77.137608,1947.06,29.62,281.0,11.34,synthetic_srtm
5568,Mine_05568,11.567501,78.068693,714.54,18.95,355.54,10.23,synthetic_srtm
5569,Mine_05569,11.609795,77.18938,2174.96,24.84,235.45,11.97,synthetic_srtm
5570,Mine_05570,13.181605,76.423502,1341.15,34.63,352.12,10.81,synthetic_srtm
5571,Mine_05571,11.324425,77.929726,1619.41,33.58,325.25,14.24,synthetic_srtm
5572,Mine_05572,10.308801,77.48859,888.82,9.11,306.75,4.64,synthetic_srtm
5573,Mine_05573,12.016228,79.242587,411.29,13.4,51.55,8.51,synthetic_srtm
5574,Mine_05574,8.826518,77.885724,754.71,23.78,126.04,12.11,synthetic_srtm
5575,Mine_05575,9.555699,77.488937,543.86,24.93,258.52,7.8,synthetic_srtm
5576,Mine_05576,8.970588,77.196805,438.6,7.13,28.42,6.31,synthetic_srtm
5577,Mine_05577,10.706922,78.119885,801.8,11.83,355.18,3.89,synthetic_srtm
5578,Mine_05578,10.567529,80.411342,647.16,24.61,264.42,9.82,synthetic_srtm
5579,Mine_05579,8.848715,79.344634,443.92,11.99,68.59,6.53,synthetic_srtm
5580,Mine_05580,10.674265,79.705178,962.16,15.28,103.89,9.28,synthetic_srtm
5581,Mine_05581,10.271316,80.029083,495.75,2.94,115.52,5.63,synthetic_srtm
5582,Mine_05582,12.921639,78.689397,770.58,22.98,201.34,7.28,synthetic_srtm
5583,Mine_05583,8.084418,77.831926,830.39,11.54,95.88,4.58,synthetic_srtm
5584,Mine_05584,8.73182,77.247805,727.79,21.25,134.19,9.29,synthetic_srtm
5585,Mine_05585,11.074326,77.127686,2244.66,42.31,115.38,13.71,synthetic_srtm
5586,Mine_05586,9.537834,79.283909,569.63,8.54,127.76,3.85,synthetic_srtm
5587,Mine_05587,11.129185,78.798017,701.33,5.27,354.46,2.84,synthetic_srtm
5588,Mine_05588,11.237839,76.292673,1367.71,31.2,81.75,9.85,synthetic_srtm
5589,Mine_05589,11.266347,76.479865,1192.27,44.1,270.63,16.45,synthetic_srtm
5590,Mine_05590,9.679982,77.742458,949.35,5.59,80.49,3.86,synthetic_srtm
5591,Mine_05591,9.878568,79.822606,455.18,12.98,316.6,4.36,synthetic_srtm
5592,Mine_05592,8.794065,79.414334,565.47,23.28,355.48,11.14,synthetic_srtm
5593,Mine_05593,10.583802,79.22879,648.97,6.86,187.55,5.88,synthetic_srtm
5594,Mine_05594,13.100109,78.440276,396.42,9.59,333.53,6.06,synthetic_srtm
5595,Mine_05595,10.186464,79.036165,807.66,17.44,237.8,9.35,synthetic_srtm
5596,Mine_05596,13.071855,78.82029,721.48,18.33,51.07,9.77,synthetic_srtm
5597,Mine_05597,12.99836,77.616646,1573.33,36.25,27.77,12.06,synthetic_srtm
5598,Mine_05598,10.206465,78.875298,624.75,17.97,345.05,9.76,synthetic_srtm
5599,Mine_05599,12.551183,77.234095,1618.92,40.27,194.25,16.31,synthetic_srtm
5600,Mine_05600,12.674796,77.121564,2145.07,38.15,301.32,14.17,synthetic_srtm
5601,Mine_05601,10.696726,80.257616,985.17,12.38,78.94,4.36,synthetic_srtm
5602,Mine_05602,8.257355,78.265897,211.74,1.58,341.8,2.8,synthetic_srtm
5603,Mine_05603,10.082583,78.880984,955.64,11.76,216.19,7.41,synthetic_srtm
5604,Mine_05604,12.519601,77.279249,1961.76,23.1,195.44,8.68,synthetic_srtm
5605,Mine_05605,13.062876,77.618373,1038.35,36.77,2.8,13.52,synthetic_srtm
5606,Mine_05606,9.473426,77.54477,591.26,8.74,242.08,5.12,synthetic_srtm
5607,Mine_05607,11.23737,76.019525,1327.33,29.2,68.16,12.05,synthetic_srtm
5608,Mine_05608,9.718028,78.913464,226.04,5.32,276.49,3.44,synthetic_srtm
5609,Mine_05609,8.716229,78.992904,996.2,16.22,208.13,8.98,synthetic_srtm
5610,Mine_05610,10.487632,79.482437,566.81,22.74,14.1,9.1,synthetic_srtm
5611,Mine_05611,9.141025,78.32147,629.29,10.39,153.68,3.96,synthetic_srtm
5612,Mine_05612,9.800896,80.05067,970.46,5.62,31.95,3.59,synthetic_srtm
5613,Mine_05613,13.022461,79.188314,706.65,24.36,273.59,12.3,synthetic_srtm
5614,Mine_05614,9.060191,76.797662,1408.4,24.66,355.95,8.14,synthetic_srtm
5615,Mine_05615,8.269069,79.931809,795.6,21.42,306.01,9.46,synthetic_srtm
5616,Mine_05616,8.262025,78.474276,519.61,7.8,149.16,5.97,synthetic_srtm
5617,Mine_05617,11.708847,78.910045,718.32,15.76,242.56,8.4,synthetic_srtm
5618,Mine_05618,10.714339,79.034636,246.1,4.79,230.4,3.47,synthetic_srtm
5619,Mine_05619,13.115144,77.990155,2055.3,19.55,37.07,7.65,synthetic_srtm
5620,Mine_05620,10.280723,77.430103,702.84,23.36,16.51,9.19,synthetic_srtm
5621,Mine_05621,13.45444,77.023981,1556.17,42.3,133.42,15.97,synthetic_srtm
5622,Mine_05622,11.711688,79.093483,650.05,17.75,137.19,8.73,synthetic_srtm
5623,Mine_05623,11.906752,79.379369,749.49,7.4,161.82,3.19,synthetic_srtm
5624,Mine_05624,10.057294,78.241001,481.44,12.66,208.28,4.43,synthetic_srtm
5625,Mine_05625,12.184807,78.391109,237.29,5.3,337.53,3.77,synthetic_srtm
5626,Mine_05626,10.733774,78.061776,934.35,22.8,327.8,8.41,synthetic_srtm
5627,Mine_05627,8.399791,78.060546,269.0,4.53,29.0,6.06,synthetic_srtm
5628,Mine_05628,9.485626,80.277132,857.47,23.4,24.05,8.07,synthetic_srtm
5629,Mine_05629,10.826408,80.323851,626.37,18.41,196.27,5.62,synthetic_srtm
5630,Mine_05630,11.015955,79.780748,543.41,23.89,111.0,8.86,synthetic_srtm
5631,Mine_05631,12.019152,76.108967,694.38,18.54,227.46,8.83,synthetic_srtm
5632,Mine_05632,9.59999,76.336332,515.17,14.54,58.96,7.89,synthetic_srtm
5633,Mine_05633,10.074092,77.070715,516.72,18.34,209.18,6.26,synthetic_srtm
5634,Mine_05634,9.331664,76.080791,1549.46,37.93,220.58,13.2,synthetic_srtm
5635,Mine_05635,11.852521,77.852873,1690.19,28.48,120.08,10.94,synthetic_srtm
5636,Mine_05636,10.190417,77.720309,753.89,20.16,19.52,10.98,synthetic_srtm
5637,Mine_05637,12.753299,79.451873,897.3,10.61,0.28,3.57,synthetic_srtm
5638,Mine_05638,12.964714,76.491853,954.01,13.01,337.52,7.4,synthetic_srtm
5639,Mine_05639,10.018942,77.769926,669.39,24.93,259.38,11.38,synthetic_srtm
5640,Mine_05640,8.371992,77.467449,577.85,9.16,238.7,3.25,synthetic_srtm
5641,Mine_05641,9.797138,76.56935,783.38,12.41,87.99,5.2,synthetic_srtm
5642,Mine_05642,12.421119,76.482007,1563.44,17.21,197.22,9.49,synthetic_srtm
5643,Mine_05643,8.457994,79.788251,236.34,11.11,49.34,6.9,synthetic_srtm
5644,Mine_05644,10.204856,77.467396,836.85,11.04,262.02,6.16,synthetic_srtm
5645,Mine_05645,13.295783,79.078069,908.31,20.39,207.59,7.13,synthetic_srtm
5646,Mine_05646,12.383398,77.532978,1873.66,41.73,256.57,15.53,synthetic_srtm
5647,Mine_05647,12.328697,76.456496,1049.66,44.16,117.78,14.24,synthetic_srtm
5648,Mine_05648,10.728265,77.506096,788.2,20.49,329.62,7.11,synthetic_srtm
5649,Mine_05649,13.313655,76.399903,755.18,14.04,311.77,4.37,synthetic_srtm
5650,Mine_05650,9.257925,77.271534,729.43,17.5,340.03,6.93,synthetic_srtm
5651,Mine_05651,11.56643,77.546761,1343.26,38.47,104.73,12.93,synthetic_srtm
5652,Mine_05652,8.780665,77.606872,878.78,18.25,194.43,10.24,synthetic_srtm
5653,Mine_05653,8.068367,78.718418,341.72,10.18,325.53,3.22,synthetic_srtm
5654,Mine_05654,13.234761,80.165825,839.65,23.16,274.03,7.92,synthetic_srtm
5655,Mine_05655,13.011793,79.982996,670.88,11.11,121.64,8.07,synthetic_srtm
5656,Mine_05656,11.178328,79.812847,209.52,14.14,21.62,9.02,synthetic_srtm
5657,Mine_05657,8.798683,76.372641,980.54,6.57,320.12,2.8,synthetic_srtm
5658,Mine_05658,9.768414,77.581357,506.8,8.74,223.41,5.14,synthetic_srtm
5659,Mine_05659,9.951529,79.129746,276.95,7.29,345.15,4.43,synthetic_srtm
5660,Mine_05660,11.647962,77.374172,1553.24,34.99,333.0,11.65,synthetic_srtm
5661,Mine_05661,12.522992,77.940356,1616.76,26.51,206.27,12.16,synthetic_srtm
5662,Mine_05662,11.887229,77.820762,1214.1,30.02,266.42,11.66,synthetic_srtm
5663,Mine_05663,12.693285,77.313468,2207.57,35.53,39.18,11.47,synthetic_srtm
5664,Mine_05664,9.97957,78.30398,523.69,24.21,326.6,8.54,synthetic_srtm
5665,Mine_05665,10.431167,80.275288,954.39,8.02,292.9,5.8,synthetic_srtm
5666,Mine_05666,12.113033,76.087551,1434.87,36.73,241.38,11.1,synthetic_srtm
5667,Mine_05667,10.526108,80.340243,790.76,14.79,235.56,7.89,synthetic_srtm
5668,Mine_05668,12.540605,77.83137,1918.49,37.84,173.73,14.57,synthetic_srtm
5669,Mine_05669,11.76903,76.604405,1432.23,42.06,288.11,16.48,synthetic_srtm
5670,Mine_05670,13.165469,79.032516,309.7,1.15,138.35,1.48,synthetic_srtm
5671,Mine_05671,11.439252,79.040935,256.57,9.75,21.05,7.07,synthetic_srtm
5672,Mine_05672,12.497344,76.312285,1592.88,19.39,106.88,5.95,synthetic_srtm
5673,Mine_05673,11.699924,76.615476,873.72,7.32,53.78,4.9,synthetic_srtm
5674,Mine_05674,8.9499,79.986529,972.79,20.89,29.49,10.82,synthetic_srtm
5675,Mine_05675,12.221485,78.249193,887.91,8.28,61.25,3.42,synthetic_srtm
5676,Mine_05676,12.167577,79.052974,222.18,7.55,229.41,5.75,synthetic_srtm
5677,Mine_05677,13.446355,78.26979,901.63,14.62,15.98,5.33,synthetic_srtm
5678,Mine_05678,12.868511,78.847081,267.47,11.01,25.37,7.77,synthetic_srtm
5679,Mine_05679,9.161937,79.598996,420.0,2.96,307.07,5.86,synthetic_srtm
5680,Mine_05680,10.268401,76.290878,1163.39,39.42,258.54,14.81,synthetic_srtm
5681,Mine_05681,12.28801,80.182703,386.43,1.65,149.51,2.66,synthetic_srtm
5682,Mine_05682,9.734992,78.029615,848.62,21.45,181.52,6.5,synthetic_srtm
5683,Mine_05683,13.372728,79.7374,237.83,10.17,341.49,7.25,synthetic_srtm
5684,Mine_05684,13.158425,80.059625,681.81,6.99,76.54,2.47,synthetic_srtm
5685,Mine_05685,13.084054,80.132962,654.82,20.33,176.41,10.15,synthetic_srtm
5686,Mine_05686,8.634244,78.143454,426.21,12.19,358.64,5.78,synthetic_srtm
5687,Mine_05687,13.351803,77.310899,1429.56,44.93,312.25,18.46,synthetic_srtm
5688,Mine_05688,11.735065,76.370097,717.67,15.76,297.89,9.62,synthetic_srtm
5689,Mine_05689,10.30508,78.384857,773.18,7.93,168.43,3.44,synthetic_srtm
5690,Mine_05690,12.732479,79.673045,308.01,0.8,197.04,1.41,synthetic_srtm
5691,Mine_05691,9.005411,76.559841,886.68,11.48,347.03,4.72,synthetic_srtm
5692,Mine_05692,13.046898,77.226761,1674.85,23.26,269.33,11.65,synthetic_srtm
5693,Mine_05693,9.980607,76.828827,1489.98,19.71,173.72,9.63,synthetic_srtm
5694,Mine_05694,9.651979,79.392142,308.23,0.97,82.65,1.68,synthetic_srtm
5695,Mine_05695,9.613279,77.163814,900.02,10.51,212.89,3.64,synthetic_srtm
5696,Mine_05696,12.366782,78.244974,552.22,11.83,240.91,7.8,synthetic_srtm
5697,Mine_05697,8.04845,78.391078,865.62,21.63,67.94,10.76,synthetic_srtm
5698,Mine_05698,10.357731,78.053177,593.24,23.04,350.14,9.79,synthetic_srtm
5699,Mine_05699,11.36155,76.977572,1478.82,30.77,110.11,11.74,synthetic_srtm
5700,Mine_05700,9.680561,79.032251,956.26,7.73,178.32,4.03,synthetic_srtm
5701,Mine_05701,12.382911,76.787201,1687.19,30.93,134.84,13.0,synthetic_srtm
5702,Mine_05702,11.723135,79.382068,259.78,12.6,206.05,5.9,synthetic_srtm
5703,Mine_05703,9.939893,79.531448,582.04,18.88,61.84,7.57,synthetic_srtm
5704,Mine_05704,11.948841,80.03302,802.49,18.65,330.46,9.63,synthetic_srtm
5705,Mine_05705,11.41862,79.915219,292.68,14.38,164.58,7.13,synthetic_srtm
5706,Mine_05706,8.958111,78.978041,385.86,0.25,94.11,0.38,synthetic_srtm
5707,Mine_05707,9.279898,78.938936,894.95,23.74,41.16,11.69,synthetic_srtm
5708,Mine_05708,10.218799,78.776862,736.45,5.74,257.42,5.13,synthetic_srtm
5709,Mine_05709,8.120145,78.460108,931.89,11.65,10.86,7.68,synthetic_srtm
5710,Mine_05710,8.255349,79.243706,881.58,18.1,127.51,6.75,synthetic_srtm
5711,Mine_05711,10.97115,76.232953,1397.35,32.31,27.57,14.44,synthetic_srtm
5712,Mine_05712,13.265071,77.557348,1369.82,18.86,298.17,8.67,synthetic_srtm
5713,Mine_05713,12.849489,80.026798,257.16,13.36,165.19,5.8,synthetic_srtm
5714,Mine_05714,10.684581,76.44436,737.99,17.65,6.84,5.75,synthetic_srtm
5715,Mine_05715,11.350511,78.582758,421.15,14.04,337.78,6.38,synthetic_srtm
5716,Mine_05716,8.761453,78.007985,637.04,7.75,338.49,5.12,synthetic_srtm
5717,Mine_05717,9.580466,77.051452,830.69,9.58,54.15,7.04,synthetic_srtm
5718,Mine_05718,9.321313,77.73037,681.26,14.3,13.59,8.49,synthetic_srtm
5719,Mine_05719,9.911463,79.763602,254.19,4.27,152.6,2.46,synthetic_srtm
5720,Mine_05720,11.333926,77.402082,2109.18,30.06,179.91,11.3,synthetic_srtm
5721,Mine_05721,8.85119,79.47526,780.95,19.82,297.89,7.97,synthetic_srtm
5722,Mine_05722,8.987358,78.392817,880.0,14.87,359.45,6.32,synthetic_srtm
5723,Mine_05723,10.282246,78.044345,795.24,15.56,311.82,9.41,synthetic_srtm
5724,Mine_05724,9.998503,80.497281,845.41,17.89,220.95,6.95,synthetic_srtm
5725,Mine_05725,10.855903,78.023288,772.68,15.61,218.83,6.89,synthetic_srtm
5726,Mine_05726,8.771413,79.137796,766.23,18.45,234.84,8.24,synthetic_srtm
5727,Mine_05727,8.240269,80.469049,989.77,24.56,265.34,11.57,synthetic_srtm
5728,Mine_05728,11.659321,79.502966,913.91,9.72,269.62,3.48,synthetic_srtm
5729,Mine_05729,9.632113,77.630654,481.52,7.07,123.06,2.4,synthetic_srtm
5730,Mine_05730,8.43835,79.188396,774.31,23.3,100.07,7.91,synthetic_srtm
5731,Mine_05731,11.073097,80.154746,468.66,4.58,76.87,4.12,synthetic_srtm
5732,Mine_05732,10.871711,78.384952,731.07,24.58,124.38,7.39,synthetic_srtm
5733,Mine_05733,10.931002,78.741667,796.39,16.75,163.62,8.5,synthetic_srtm
5734,Mine_05734,8.632656,77.504783,682.41,24.78,84.25,10.34,synthetic_srtm
5735,Mine_05735,8.305363,78.421609,336.14,14.24,321.48,6.63,synthetic_srtm
5736,Mine_05736,12.23436,79.678697,435.25,9.76,136.75,6.76,synthetic_srtm
5737,Mine_05737,12.611757,78.534731,779.39,5.62,329.74,3.31,synthetic_srtm
5738,Mine_05738,8.906987,80.007577,295.46,5.45,195.74,1.87,synthetic_srtm
5739,Mine_05739,9.20324,79.707174,542.89,22.62,152.67,8.44,synthetic_srtm
5740,Mine_05740,12.934203,78.493044,611.07,18.67,273.27,10.25,synthetic_srtm
5741,Mine_05741,12.597234,78.654068,586.14,20.84,144.43,7.26,synthetic_srtm
5742,Mine_05742,11.653374,76.034894,698.35,6.13,35.08,5.37,synthetic_srtm
5743,Mine_05743,9.174355,77.03746,618.51,21.07,90.16,8.0,synthetic_srtm
5744,Mine_05744,9.141863,79.440394,954.03,7.1,65.08,2.91,synthetic_srtm
5745,Mine_05745,11.121238,80.285623,690.49,17.77,208.57,7.5,synthetic_srtm
5746,Mine_05746,8.5901,78.769133,484.35,10.23,333.54,7.13,synthetic_srtm
5747,Mine_05747,12.375605,79.153563,949.44,7.21,202.33,3.23,synthetic_srtm
5748,Mine_05748,9.090309,76.129758,1691.86,26.61,276.3,8.05,synthetic_srtm
5749,Mine_05749,12.291134,76.215908,1519.44,26.01,64.62,8.41,synthetic_srtm
5750,Mine_05750,10.707066,80.174347,367.93,12.38,268.41,5.5,synthetic_srtm
5751,Mine_05751,11.959881,77.598111,2230.39,37.53,286.37,15.45,synthetic_srtm
5752,Mine_05752,8.865918,76.290514,564.02,13.4,225.28,7.12,synthetic_srtm
5753,Mine_05753,12.043373,78.596993,882.67,16.53,145.01,5.02,synthetic_srtm
5754,Mine_05754,12.007898,79.379555,424.49,1.08,61.16,0.67,synthetic_srtm
5755,Mine_05755,11.664108,78.604989,852.13,14.48,156.33,9.0,synthetic_srtm
5756,Mine_05756,12.352495,80.358514,630.4,17.58,60.46,5.53,synthetic_srtm
5757,Mine_05757,12.162352,76.322649,507.62,13.01,102.05,8.69,synthetic_srtm
5758,Mine_05758,11.082324,79.210336,724.28,19.67,237.06,6.77,synthetic_srtm
5759,Mine_05759,13.451688,80.210367,627.5,17.96,218.8,9.73,synthetic_srtm
5760,Mine_05760,10.431368,79.744582,401.38,3.2,199.33,5.75,synthetic_srtm
5761,Mine_05761,12.294218,77.177965,1351.45,39.49,225.14,13.97,synthetic_srtm
5762,Mine_05762,9.370044,79.386187,479.37,8.43,187.36,3.91,synthetic_srtm
5763,Mine_05763,8.363242,76.278312,1196.53,24.77,296.7,10.14,synthetic_srtm
5764,Mine_05764,11.714983,78.853639,833.5,13.66,96.31,5.2,synthetic_srtm
5765,Mine_05765,8.656844,77.032804,576.46,24.71,90.97,7.6,synthetic_srtm
5766,Mine_05766,9.380444,76.187382,554.42,17.32,275.25,7.36,synthetic_srtm
5767,Mine_05767,9.391165,80.094711,917.24,5.57,294.03,5.98,synthetic_srtm
5768,Mine_05768,9.097375,78.017711,202.38,14.24,35.15,8.2,synthetic_srtm
5769,Mine_05769,11.534146,79.948444,797.15,24.19,31.3,9.37,synthetic_srtm
5770,Mine_05770,9.390135,80.102449,586.5,12.76,187.84,7.92,synthetic_srtm
5771,Mine_05771,13.45944,78.428176,316.4,14.52,23.42,7.51,synthetic_srtm
5772,Mine_05772,12.055994,79.522722,566.12,11.66,329.6,7.81,synthetic_srtm
5773,Mine_05773,12.646545,77.993298,2179.66,36.43,264.27,11.72,synthetic_srtm
5774,Mine_05774,8.174394,78.661848,383.03,12.39,75.46,7.61,synthetic_srtm
5775,Mine_05775,9.345597,80.094372,682.19,7.55,44.44,3.29,synthetic_srtm
5776,Mine_05776,9.940536,77.648465,925.22,20.79,351.92,9.07,synthetic_srtm
5777,Mine_05777,11.313065,79.294861,735.37,8.66,332.84,6.35,synthetic_srtm
5778,Mine_05778,10.723033,79.249352,361.26,3.84,260.24,5.3,synthetic_srtm
5779,Mine_05779,13.441593,78.23301,278.51,4.43,184.88,1.75,synthetic_srtm
5780,Mine_05780,10.373432,78.190249,926.22,5.06,233.07,2.95,synthetic_srtm
5781,Mine_05781,11.503057,79.755209,683.7,17.52,249.84,6.34,synthetic_srtm
5782,Mine_05782,13.009258,77.241812,1993.91,17.36,272.67,7.01,synthetic_srtm
5783,Mine_05783,8.245376,77.203499,988.27,10.16,317.2,7.47,synthetic_srtm
5784,Mine_05784,12.861097,76.846651,683.65,16.97,114.66,8.97,synthetic_srtm
5785,Mine_05785,12.804438,77.999357,2080.01,25.84,312.07,9.38,synthetic_srtm
5786,Mine_05786,11.424516,78.478162,500.67,22.1,78.95,8.33,synthetic_srtm
5787,Mine_05787,11.58591,77.570323,1980.5,36.89,109.8,12.73,synthetic_srtm
5788,Mine_05788,8.282954,79.82752,532.14,11.01,170.33,4.1,synthetic_srtm
5789,Mine_05789,11.102268,77.635014,2064.55,33.79,326.58,14.25,synthetic_srtm
5790,Mine_05790,8.917335,79.150389,720.92,6.7,273.71,3.4,synthetic_srtm
5791,Mine_05791,8.413885,78.37556,316.17,5.86,303.6,3.47,synthetic_srtm
5792,Mine_05792,8.884419,77.818904,795.11,12.06,181.1,7.35,synthetic_srtm
5793,Mine_05793,8.154949,77.720227,915.71,15.43,78.51,7.96,synthetic_srtm
5794,Mine_05794,13.147854,78.869258,743.59,22.39,28.64,11.1,synthetic_srtm
5795,Mine_05795,12.687258,76.665453,966.74,23.22,30.37,8.14,synthetic_srtm
5796,Mine_05796,12.207442,79.616493,835.53,12.87,100.49,6.62,synthetic_srtm
5797,Mine_05797,12.890754,79.238111,781.01,17.83,199.29,5.49,synthetic_srtm
5798,Mine_05798,8.364443,78.899637,307.1,3.63,227.59,5.16,synthetic_srtm
5799,Mine_05799,9.098075,80.399475,284.43,4.56,286.56,2.19,synthetic_srtm
5800,Mine_05800,11.055346,77.991407,1518.61,33.48,40.2,14.04,synthetic_srtm
5801,Mine_05801,9.12917,78.37299,494.4,8.62,37.79,4.22,synthetic_srtm
5802,Mine_05802,13.229224,79.426663,551.72,9.31,85.66,6.59,synthetic_srtm
5803,Mine_05803,12.257337,79.692444,471.93,4.2,349.38,3.04,synthetic_srtm
5804,Mine_05804,8.127668,78.469033,832.45,18.15,41.92,7.05,synthetic_srtm
5805,Mine_05805,12.686208,77.212635,2004.34,27.01,73.06,11.14,synthetic_srtm
5806,Mine_05806,8.882904,79.73172,219.63,3.6,306.69,4.84,synthetic_srtm
5807,Mine_05807,13.492246,79.424934,691.74,10.84,0.21,7.02,synthetic_srtm
5808,Mine_05808,8.492007,77.913895,756.58,24.67,106.13,12.01,synthetic_srtm
5809,Mine_05809,10.790151,80.109331,256.4,13.52,283.1,4.6,synthetic_srtm
5810,Mine_05810,8.463813,80.299888,975.95,23.72,3.73,8.03,synthetic_srtm
5811,Mine_05811,12.186678,80.220725,694.52,15.89,240.1,7.8,synthetic_srtm
5812,Mine_05812,10.704447,76.768992,1220.12,29.28,311.24,13.41,synthetic_srtm
5813,Mine_05813,10.984231,76.638686,545.37,11.58,25.54,6.8,synthetic_srtm
5814,Mine_05814,8.567875,76.706631,1174.12,28.83,286.01,12.0,synthetic_srtm
5815,Mine_05815,12.032282,79.561713,578.22,5.26,340.52,6.15,synthetic_srtm
5816,Mine_05816,13.221568,78.491595,393.81,0.89,213.04,1.06,synthetic_srtm
5817,Mine_05817,8.375274,79.533989,849.36,12.52,214.75,5.68,synthetic_srtm
5818,Mine_05818,10.733615,77.76993,888.5,7.99,318.19,6.57,synthetic_srtm
5819,Mine_05819,10.092649,79.909046,353.95,10.93,228.92,4.36,synthetic_srtm
5820,Mine_05820,8.502124,80.308734,375.59,0.25,232.53,4.17,synthetic_srtm
5821,Mine_05821,11.032504,77.513371,1396.93,22.36,348.82,10.51,synthetic_srtm
5822,Mine_05822,11.287333,77.414464,1903.58,17.17,123.34,10.13,synthetic_srtm
5823,Mine_05823,8.527099,77.59051,928.02,16.96,125.54,9.8,synthetic_srtm
5824,Mine_05824,11.969182,77.11475,1729.01,37.16,53.38,13.55,synthetic_srtm
5825,Mine_05825,11.811719,77.159094,1461.71,30.34,144.89,10.86,synthetic_srtm
5826,Mine_05826,10.237599,76.632609,561.29,16.31,57.88,8.65,synthetic_srtm
5827,Mine_05827,13.116928,76.679412,588.84,21.78,337.79,8.64,synthetic_srtm
5828,Mine_05828,12.255265,78.117605,301.28,11.05,306.07,5.34,synthetic_srtm
5829,Mine_05829,10.954776,76.739064,1250.07,41.75,140.22,14.16,synthetic_srtm
5830,Mine_05830,8.075767,76.992134,955.33,18.23,279.23,6.48,synthetic_srtm
5831,Mine_05831,8.72548,78.589618,786.65,15.81,208.36,6.21,synthetic_srtm
5832,Mine_05832,9.614939,76.004157,1395.34,26.19,307.69,12.34,synthetic_srtm
5833,Mine_05833,10.711532,80.344557,658.61,17.12,93.17,10.03,synthetic_srtm
5834,Mine_05834,10.990601,79.871875,264.11,11.7,3.36,3.76,synthetic_srtm
5835,Mine_05835,13.492955,79.627129,412.87,5.35,98.86,2.41,synthetic_srtm
5836,Mine_05836,8.200143,79.504047,866.32,8.06,4.3,3.15,synthetic_srtm
5837,Mine_05837,10.941065,76.293438,524.06,21.38,183.0,9.51,synthetic_srtm
5838,Mine_05838,9.152739,79.286273,271.85,1.71,264.97,1.73,synthetic_srtm
5839,Mine_05839,11.408067,79.58844,684.75,15.86,10.37,6.12,synthetic_srtm
5840,Mine_05840,10.10735,77.441283,862.75,24.3,97.76,8.64,synthetic_srtm
5841,Mine_05841,10.894794,79.464877,412.71,1.33,349.32,3.86,synthetic_srtm
5842,Mine_05842,10.857597,78.772651,497.66,4.94,12.58,5.4,synthetic_srtm
5843,Mine_05843,13.244483,79.973087,495.84,4.47,322.41,3.38,synthetic_srtm
5844,Mine_05844,8.270593,76.27158,1403.25,20.94,45.6,8.13,synthetic_srtm
5845,Mine_05845,10.856579,80.465297,247.56,13.87,160.2,9.1,synthetic_srtm
5846,Mine_05846,9.425899,80.454704,651.57,20.83,308.34,7.42,synthetic_srtm
5847,Mine_05847,9.073645,78.92215,320.69,12.0,170.02,5.63,synthetic_srtm
5848,Mine_05848,11.87454,79.093741,509.18,21.6,322.06,9.45,synthetic_srtm
5849,Mine_05849,8.384216,78.42334,692.48,22.23,178.9,7.23,synthetic_srtm
5850,Mine_05850,9.02476,80.340413,411.98,0.91,164.72,1.2,synthetic_srtm
5851,Mine_05851,8.788805,80.04197,703.05,22.23,4.31,10.75,synthetic_srtm
5852,Mine_05852,10.51486,76.29942,866.46,8.79,173.03,7.6,synthetic_srtm
5853,Mine_05853,9.83763,77.862958,770.2,12.31,41.56,7.67,synthetic_srtm
5854,Mine_05854,12.848093,80.182498,931.27,19.76,135.1,6.73,synthetic_srtm
5855,Mine_05855,10.807476,80.196184,499.26,13.3,77.38,7.0,synthetic_srtm
5856,Mine_05856,11.152366,79.666942,628.07,15.82,342.65,6.28,synthetic_srtm
5857,Mine_05857,10.897416,77.785393,211.73,0.95,193.34,0.95,synthetic_srtm
5858,Mine_05858,11.54861,78.726921,689.17,11.61,254.86,8.25,synthetic_srtm
5859,Mine_05859,11.230391,78.560051,225.02,3.09,65.37,1.34,synthetic_srtm
5860,Mine_05860,12.773964,80.028364,974.27,12.55,97.83,6.23,synthetic_srtm
5861,Mine_05861,13.014708,77.811885,1609.15,22.61,318.94,10.74,synthetic_srtm
5862,Mine_05862,11.006504,77.60167,1261.34,20.64,348.5,9.99,synthetic_srtm
5863,Mine_05863,13.360845,77.552127,1234.39,44.16,275.25,17.83,synthetic_srtm
5864,Mine_05864,8.348617,78.37399,995.92,9.01,144.2,5.88,synthetic_srtm
5865,Mine_05865,8.429852,77.275478,655.46,23.6,60.97,10.69,synthetic_srtm
5866,Mine_05866,10.603267,78.016208,704.59,23.07,30.81,11.74,synthetic_srtm
5867,Mine_05867,8.809707,79.407061,689.5,10.85,200.85,7.29,synthetic_srtm
5868,Mine_05868,10.165194,79.06512,863.58,9.99,2.49,3.17,synthetic_srtm
5869,Mine_05869,11.150216,78.460222,878.72,12.04,339.05,4.29,synthetic_srtm
5870,Mine_05870,11.929247,78.164422,279.25,13.32,39.4,5.26,synthetic_srtm
5871,Mine_05871,13.431074,77.680699,1870.48,44.79,142.69,15.77,synthetic_srtm
5872,Mine_05872,12.05339,76.625987,1400.28,39.14,196.68,14.31,synthetic_srtm
5873,Mine_05873,10.398826,78.334654,498.42,11.89,349.61,7.62,synthetic_srtm
5874,Mine_05874,8.36805,77.408334,830.12,17.12,194.26,9.74,synthetic_srtm
5875,Mine_05875,9.661903,79.794856,856.75,8.15,228.42,3.37,synthetic_srtm
5876,Mine_05876,8.746133,79.588678,566.69,22.92,125.42,8.49,synthetic_srtm
5877,Mine_05877,8.439197,79.447845,741.47,9.01,215.63,6.99,synthetic_srtm
5878,Mine_05878,9.510379,80.287419,640.13,6.92,183.89,6.89,synthetic_srtm
5879,Mine_05879,11.570708,78.752149,842.81,8.96,59.33,6.26,synthetic_srtm
5880,Mine_05880,8.76579,79.806035,491.84,13.15,79.36,8.34,synthetic_srtm
5881,Mine_05881,11.831978,77.85555,1281.81,17.2,225.66,8.88,synthetic_srtm
5882,Mine_05882,12.259001,78.228813,210.54,14.51,224.13,7.28,synthetic_srtm
5883,Mine_05883,8.88956,78.473955,561.52,21.19,285.2,9.73,synthetic_srtm
5884,Mine_05884,10.567825,77.821246,587.05,10.2,49.05,4.93,synthetic_srtm
5885,Mine_05885,10.476516,80.185517,352.54,6.67,255.96,3.1,synthetic_srtm
5886,Mine_05886,8.558557,77.457602,978.32,23.83,31.63,7.26,synthetic_srtm
5887,Mine_05887,11.727149,79.996913,422.09,13.48,50.48,4.91,synthetic_srtm
5888,Mine_05888,11.829662,79.223467,945.64,24.72,278.43,9.97,synthetic_srtm
5889,Mine_05889,11.27066,77.607798,1019.59,41.3,283.5,14.76,synthetic_srtm
5890,Mine_05890,10.192011,79.438474,878.08,6.11,258.85,2.49,synthetic_srtm
5891,Mine_05891,13.210015,79.047981,420.34,5.16,281.75,5.93,synthetic_srtm
5892,Mine_05892,12.323474,79.599568,278.46,7.93,185.36,2.61,synthetic_srtm
5893,Mine_05893,10.047129,80.273414,905.09,22.66,338.45,8.36,synthetic_srtm
5894,Mine_05894,9.43822,77.872166,740.17,22.96,241.56,8.42,synthetic_srtm
5895,Mine_05895,11.700409,76.530056,713.39,16.87,250.83,5.32,synthetic_srtm
5896,Mine_05896,9.758573,77.16076,437.71,9.98,138.43,5.48,synthetic_srtm
5897,Mine_05897,12.975319,77.009921,1851.03,20.78,201.69,7.35,synthetic_srtm
5898,Mine_05898,10.126859,76.695196,588.97,18.94,73.33,9.87,synthetic_srtm
5899,Mine_05899,11.857837,78.420322,203.95,2.87,24.05,4.69,synthetic_srtm
5900,Mine_05900,8.678639,80.030419,838.86,17.36,202.24,9.68,synthetic_srtm
5901,Mine_05901,8.93784,78.966989,885.18,11.75,192.73,5.98,synthetic_srtm
5902,Mine_05902,8.839175,77.110682,228.81,4.55,61.02,2.41,synthetic_srtm
5903,Mine_05903,10.957854,76.213016,994.5,23.51,45.18,9.69,synthetic_srtm
5904,Mine_05904,8.395459,76.615569,1405.43,20.03,175.81,7.35,synthetic_srtm
5905,Mine_05905,11.036752,80.286347,207.7,1.41,70.44,2.94,synthetic_srtm
5906,Mine_05906,11.014852,77.417006,1258.42,18.02,33.82,9.39,synthetic_srtm
5907,Mine_05907,13.498335,77.450816,1410.67,23.96,117.71,8.44,synthetic_srtm
5908,Mine_05908,8.87266,76.622173,1636.4,36.71,352.9,13.9,synthetic_srtm
5909,Mine_05909,12.247317,79.453764,510.35,5.63,38.59,2.77,synthetic_srtm
5910,Mine_05910,10.136449,76.120093,1415.32,21.71,143.48,7.92,synthetic_srtm
5911,Mine_05911,11.448583,78.436994,417.69,3.42,106.56,2.65,synthetic_srtm
5912,Mine_05912,8.241318,79.435735,540.88,18.1,20.52,5.56,synthetic_srtm
5913,Mine_05913,11.357075,78.218428,359.72,12.79,352.61,6.2,synthetic_srtm
5914,Mine_05914,9.182414,76.281931,1005.36,30.13,339.96,12.1,synthetic_srtm
5915,Mine_05915,8.371945,76.689043,1402.69,20.99,296.19,11.22,synthetic_srtm
5916,Mine_05916,11.179533,77.657179,1143.65,22.58,2.23,10.86,synthetic_srtm
5917,Mine_05917,12.087711,79.612411,631.37,24.93,151.32,8.76,synthetic_srtm
5918,Mine_05918,9.693053,77.001939,999.96,16.07,131.31,6.06,synthetic_srtm
5919,Mine_05919,12.980682,76.24144,1421.45,21.31,193.1,7.81,synthetic_srtm
5920,Mine_05920,9.741414,76.613678,873.52,13.4,93.55,8.06,synthetic_srtm
5921,Mine_05921,8.910775,76.115517,1171.46,27.15,227.64,11.98,synthetic_srtm
5922,Mine_05922,12.372714,77.065147,1373.52,17.17,258.2,7.22,synthetic_srtm
5923,Mine_05923,12.660101,76.526871,1038.57,34.37,289.31,13.58,synthetic_srtm
5924,Mine_05924,10.077916,78.860385,217.49,8.91,138.95,4.37,synthetic_srtm
5925,Mine_05925,9.449495,78.508471,935.71,19.95,337.9,8.39,synthetic_srtm
5926,Mine_05926,9.167768,79.119657,475.65,13.04,101.93,4.78,synthetic_srtm
5927,Mine_05927,9.980105,79.405621,304.21,12.09,147.79,4.8,synthetic_srtm
5928,Mine_05928,13.232061,78.024675,672.73,22.43,15.19,8.02,synthetic_srtm
5929,Mine_05929,12.765688,78.355865,234.99,2.43,51.88,5.26,synthetic_srtm
5930,Mine_05930,11.382815,78.304923,624.65,13.37,81.44,4.28,synthetic_srtm
5931,Mine_05931,10.293112,79.272819,512.85,16.53,307.66,6.42,synthetic_srtm
5932,Mine_05932,12.629868,77.059664,2294.09,42.31,166.19,13.52,synthetic_srtm
5933,Mine_05933,10.774674,78.012284,232.3,14.16,4.6,5.52,synthetic_srtm
5934,Mine_05934,8.119289,79.095923,425.07,12.25,332.7,5.17,synthetic_srtm
5935,Mine_05935,9.220008,79.623163,481.06,14.09,259.76,4.23,synthetic_srtm
5936,Mine_05936,8.922464,78.219958,884.86,7.43,175.04,4.62,synthetic_srtm
5937,Mine_05937,9.183088,76.042087,1584.01,16.06,101.42,4.92,synthetic_srtm
5938,Mine_05938,8.745082,78.608537,602.94,17.88,13.38,6.61,synthetic_srtm
5939,Mine_05939,8.756779,78.24769,481.71,10.88,312.64,6.71,synthetic_srtm
5940,Mine_05940,8.511793,80.24767,541.65,16.64,294.11,9.31,synthetic_srtm
5941,Mine_05941,12.923702,76.799057,1196.15,36.67,198.43,12.63,synthetic_srtm
5942,Mine_05942,8.219463,77.024915,841.41,7.18,359.15,2.63,synthetic_srtm
5943,Mine_05943,8.196919,77.901448,351.69,2.46,102.26,2.28,synthetic_srtm
5944,Mine_05944,11.553236,77.299888,1954.18,20.72,257.19,10.39,synthetic_srtm
5945,Mine_05945,11.77507,77.110077,1318.67,38.99,244.33,15.01,synthetic_srtm
5946,Mine_05946,13.219815,79.250986,207.07,5.36,209.19,5.06,synthetic_srtm
5947,Mine_05947,9.825388,77.682858,411.1,8.41,270.68,5.4,synthetic_srtm
5948,Mine_05948,8.712432,79.649693,465.23,12.08,245.72,8.38,synthetic_srtm
5949,Mine_05949,9.39232,77.006162,398.91,14.95,213.38,5.66,synthetic_srtm
5950,Mine_05950,10.305482,79.826823,332.57,12.54,13.6,6.98,synthetic_srtm
5951,Mine_05951,10.860297,77.69264,372.99,13.14,129.11,6.28,synthetic_srtm
5952,Mine_05952,10.442572,77.605616,848.88,24.98,286.5,10.6,synthetic_srtm
5953,Mine_05953,11.430304,79.078308,543.33,14.4,176.42,5.25,synthetic_srtm
5954,Mine_05954,12.733401,77.883293,1382.16,43.02,1.47,15.99,synthetic_srtm
5955,Mine_05955,10.969859,76.883486,1248.36,37.52,63.35,12.39,synthetic_srtm
5956,Mine_05956,11.09079,79.55189,452.82,10.23,268.88,5.7,synthetic_srtm
5957,Mine_05957,9.081004,78.766318,618.98,23.19,159.37,10.64,synthetic_srtm
5958,Mine_05958,9.803201,79.946269,280.18,1.62,175.75,1.35,synthetic_srtm
5959,Mine_05959,13.335846,78.435958,430.58,9.89,13.58,4.0,synthetic_srtm
5960,Mine_05960,8.057036,76.154028,1467.86,27.44,97.92,10.42,synthetic_srtm
5961,Mine_05961,12.409613,80.10124,833.96,18.32,188.06,7.93,synthetic_srtm
5962,Mine_05962,13.248495,77.348154,2338.11,29.67,154.16,9.33,synthetic_srtm
5963,Mine_05963,8.749423,80.381526,278.24,7.46,225.36,2.35,synthetic_srtm
5964,Mine_05964,10.915452,79.621488,284.04,4.06,311.63,3.75,synthetic_srtm
5965,Mine_05965,12.358411,80.267027,571.76,15.73,350.37,8.34,synthetic_srtm
5966,Mine_05966,11.592119,79.603732,425.13,6.74,312.98,4.42,synthetic_srtm
5967,Mine_05967,12.750266,79.6692,431.53,10.76,63.33,6.34,synthetic_srtm
5968,Mine_05968,11.902581,77.364467,1269.19,27.75,330.24,9.4,synthetic_srtm
5969,Mine_05969,13.02097,77.7049,2073.22,38.89,61.07,16.08,synthetic_srtm
5970,Mine_05970,11.664081,77.612455,1586.56,34.29,159.99,11.66,synthetic_srtm
5971,Mine_05971,8.158439,78.118793,626.98,16.16,15.75,7.23,synthetic_srtm
5972,Mine_05972,11.320399,80.458948,908.91,8.71,195.08,5.27,synthetic_srtm
5973,Mine_05973,10.926787,79.597804,574.13,22.17,294.03,7.13,synthetic_srtm
5974,Mine_05974,9.096484,76.797587,963.35,11.07,5.39,4.89,synthetic_srtm
5975,Mine_05975,12.091737,77.781696,2252.03,22.0,281.78,9.22,synthetic_srtm
5976,Mine_05976,8.070385,78.531485,689.09,19.4,29.73,9.34,synthetic_srtm
5977,Mine_05977,11.987353,78.412878,272.05,10.64,309.06,4.81,synthetic_srtm
5978,Mine_05978,10.833103,76.657119,1139.07,27.68,331.87,11.33,synthetic_srtm
5979,Mine_05979,9.887753,76.529441,1218.27,23.33,162.71,9.2,synthetic_srtm
5980,Mine_05980,9.321928,79.577024,998.9,12.51,250.57,5.43,synthetic_srtm
5981,Mine_05981,12.742245,78.237414,999.9,18.18,326.37,7.74,synthetic_srtm
5982,Mine_05982,10.10799,80.293639,608.28,12.88,307.51,6.25,synthetic_srtm
5983,Mine_05983,9.35656,79.507018,362.73,1.69,293.64,5.41,synthetic_srtm
5984,Mine_05984,8.230226,78.125036,389.8,5.23,220.46,1.81,synthetic_srtm
5985,Mine_05985,12.765988,77.423974,1089.94,29.76,157.94,10.84,synthetic_srtm
5986,Mine_05986,12.862759,76.330354,697.24,6.9,24.11,4.77,synthetic_srtm
5987,Mine_05987,9.112776,76.461938,522.15,17.72,257.33,8.36,synthetic_srtm
5988,Mine_05988,10.536206,77.737316,527.42,24.54,205.89,9.35,synthetic_srtm
5989,Mine_05989,8.104369,79.487124,211.21,13.49,330.71,6.67,synthetic_srtm
5990,Mine_05990,9.676025,76.421015,502.61,10.05,193.48,3.04,synthetic_srtm
5991,Mine_05991,8.740452,79.341879,597.37,7.03,20.41,6.9,synthetic_srtm
5992,Mine_05992,8.944478,80.4363,529.4,17.64,203.25,10.2,synthetic_srtm
5993,Mine_05993,10.050474,80.281699,758.57,18.04,129.4,9.3,synthetic_srtm
5994,Mine_05994,10.514101,76.437336,1510.88,39.29,72.81,14.88,synthetic_srtm
5995,Mine_05995,10.65786,80.165735,657.76,5.02,157.29,3.14,synthetic_srtm
5996,Mine_05996,8.752411,79.81772,803.8,23.97,104.47,11.06,synthetic_srtm
5997,Mine_05997,10.148003,79.663587,649.78,7.0,273.13,6.5,synthetic_srtm
5998,Mine_05998,10.372347,76.37407,1649.87,35.91,110.37,15.54,synthetic_srtm
5999,Mine_05999,13.018819,79.316345,362.36,2.53,92.02,2.58,synthetic_srtm
6000,Mine_06000,11.89608,79.301054,689.7,6.55,6.02,4.92,synthetic_srtm
6001,Mine_06001,8.983712,80.259925,923.53,12.65,76.62,7.26,synthetic_srtm
6002,Mine_06002,11.649031,78.145017,826.07,23.57,61.94,7.29,synthetic_srtm
6003,Mine_06003,11.847491,77.073698,1625.03,36.76,115.52,12.82,synthetic_srtm
6004,Mine_06004,11.626882,77.643264,1271.41,27.24,239.97,11.33,synthetic_srtm
6005,Mine_06005,10.775763,78.670521,747.88,5.63,129.28,6.0,synthetic_srtm
6006,Mine_06006,10.283601,77.228337,989.56,19.72,303.86,9.02,synthetic_srtm
6007,Mine_06007,9.034377,80.131702,885.53,9.35,203.32,6.74,synthetic_srtm
6008,Mine_06008,10.713607,79.029085,836.15,12.38,43.01,7.92,synthetic_srtm
6009,Mine_06009,8.029866,80.007518,782.6,16.63,194.44,9.41,synthetic_srtm
6010,Mine_06010,10.985455,76.562222,605.58,14.2,298.85,7.11,synthetic_srtm
6011,Mine_06011,12.307674,77.426064,1552.8,18.18,330.14,9.2,synthetic_srtm
6012,Mine_06012,12.361102,78.161499,609.43,15.23,91.8,6.2,synthetic_srtm
6013,Mine_06013,11.951038,76.448399,1326.03,36.69,89.29,12.27,synthetic_srtm
6014,Mine_06014,13.389332,77.359626,2367.09,17.32,130.15,8.8,synthetic_srtm
6015,Mine_06015,11.772897,76.349806,1315.31,34.29,221.07,13.68,synthetic_srtm
6016,Mine_06016,9.191477,79.370041,431.29,13.94,356.17,8.79,synthetic_srtm
6017,Mine_06017,13.056754,76.912544,729.92,15.15,237.21,7.16,synthetic_srtm
6018,Mine_06018,10.474325,77.468175,728.69,15.6,168.15,8.7,synthetic_srtm
6019,Mine_06019,8.741521,80.007912,574.31,9.09,80.62,7.1,synthetic_srtm
6020,Mine_06020,9.744244,76.019558,534.08,19.97,95.63,10.64,synthetic_srtm
6021,Mine_06021,11.859499,76.090105,1005.56,38.95,173.69,15.78,synthetic_srtm
6022,Mine_06022,8.414407,78.054031,407.25,13.92,124.97,9.04,synthetic_srtm
6023,Mine_06023,9.233639,76.026735,1199.73,35.2,354.54,13.9,synthetic_srtm
6024,Mine_06024,8.923388,79.081308,474.32,4.58,266.66,2.81,synthetic_srtm
6025,Mine_06025,11.997011,76.569619,1595.14,26.01,178.47,8.6,synthetic_srtm
6026,Mine_06026,9.44723,78.881339,336.51,6.53,67.82,3.09,synthetic_srtm
6027,Mine_06027,8.476826,78.895773,986.44,20.53,243.11,6.27,synthetic_srtm
6028,Mine_06028,9.157662,76.341825,532.98,23.72,279.74,9.81,synthetic_srtm
6029,Mine_06029,8.261465,77.806163,412.7,12.13,0.81,4.15,synthetic_srtm
6030,Mine_06030,12.554101,76.897331,1681.37,44.24,181.95,15.48,synthetic_srtm
6031,Mine_06031,8.351687,79.978058,237.75,4.84,141.54,1.7,synthetic_srtm
6032,Mine_06032,12.734234,78.787954,945.37,22.73,255.81,10.96,synthetic_srtm
6033,Mine_06033,9.551339,76.50432,772.82,23.91,339.21,10.52,synthetic_srtm
6034,Mine_06034,10.982412,76.554855,543.97,13.07,171.56,6.04,synthetic_srtm
6035,Mine_06035,10.441073,78.222242,697.39,23.83,151.8,7.75,synthetic_srtm
6036,Mine_06036,12.145053,78.097261,309.49,8.78,96.47,5.45,synthetic_srtm
6037,Mine_06037,12.840606,80.007437,966.78,15.71,153.56,9.41,synthetic_srtm
6038,Mine_06038,8.560007,78.467201,873.98,24.55,119.15,12.36,synthetic_srtm
6039,Mine_06039,12.852496,80.414204,974.96,17.82,31.24,5.85,synthetic_srtm
6040,Mine_06040,10.668207,77.588583,227.39,10.61,105.41,6.47,synthetic_srtm
6041,Mine_06041,12.546181,76.793687,672.8,11.74,165.98,3.74,synthetic_srtm
6042,Mine_06042,10.437459,80.265428,396.18,7.68,261.45,3.48,synthetic_srtm
6043,Mine_06043,11.371916,77.58736,2024.09,17.99,286.15,8.58,synthetic_srtm
6044,Mine_06044,11.881503,78.630783,542.94,7.4,47.17,2.24,synthetic_srtm
6045,Mine_06045,8.456168,79.156237,659.8,15.01,214.43,5.42,synthetic_srtm
6046,Mine_06046,8.18293,80.323465,647.09,16.83,119.53,6.39,synthetic_srtm
6047,Mine_06047,11.484353,79.740569,942.08,20.54,108.4,6.78,synthetic_srtm
6048,Mine_06048,10.98309,78.11762,869.28,6.46,108.26,4.13,synthetic_srtm
6049,Mine_06049,12.492195,78.268355,934.96,20.06,289.52,10.01,synthetic_srtm
6050,Mine_06050,12.415407,77.328978,1580.48,34.74,24.83,11.99,synthetic_srtm
6051,Mine_06051,12.239389,78.33041,732.94,19.64,152.08,10.35,synthetic_srtm
6052,Mine_06052,13.299097,79.808369,905.57,20.1,13.84,8.79,synthetic_srtm
6053,Mine_06053,12.676355,76.847426,1583.13,39.65,354.73,14.67,synthetic_srtm
6054,Mine_06054,12.268368,79.658514,520.87,13.8,235.27,8.9,synthetic_srtm
6055,Mine_06055,9.078164,78.070833,532.48,14.62,284.97,5.14,synthetic_srtm
6056,Mine_06056,10.854768,79.684194,370.88,9.9,352.88,7.64,synthetic_srtm
6057,Mine_06057,8.719081,77.06176,421.78,14.25,72.87,8.91,synthetic_srtm
6058,Mine_06058,12.476685,79.589134,853.78,19.13,279.05,8.2,synthetic_srtm
6059,Mine_06059,11.527248,76.855927,1541.8,17.11,303.83,7.28,synthetic_srtm
6060,Mine_06060,10.815288,79.812069,536.3,8.34,114.04,4.37,synthetic_srtm
6061,Mine_06061,12.463201,78.900284,264.18,6.24,179.02,5.06,synthetic_srtm
6062,Mine_06062,12.390668,76.387579,883.58,24.41,198.82,10.37,synthetic_srtm
6063,Mine_06063,10.334344,77.35226,389.41,1.05,20.52,4.36,synthetic_srtm
6064,Mine_06064,12.742463,77.830696,1982.41,38.51,104.83,13.86,synthetic_srtm
6065,Mine_06065,10.144412,77.812855,220.88,10.27,87.45,5.15,synthetic_srtm
6066,Mine_06066,10.672174,78.062759,515.22,16.82,40.62,6.78,synthetic_srtm
6067,Mine_06067,10.284228,77.92614,528.39,10.76,294.85,3.79,synthetic_srtm
6068,Mine_06068,8.566077,78.780138,858.67,14.11,343.81,7.84,synthetic_srtm
6069,Mine_06069,9.208055,77.625475,950.55,21.35,30.56,10.25,synthetic_srtm
6070,Mine_06070,8.148601,80.348689,500.08,6.52,102.5,4.66,synthetic_srtm
6071,Mine_06071,9.535076,79.369324,525.07,15.02,132.14,7.62,synthetic_srtm
6072,Mine_06072,8.035078,77.944555,713.91,5.31,279.01,6.27,synthetic_srtm
6073,Mine_06073,9.054489,77.521643,424.62,6.08,47.45,1.84,synthetic_srtm
6074,Mine_06074,12.940045,78.207617,376.23,4.96,222.14,1.81,synthetic_srtm
6075,Mine_06075,10.886191,80.286681,973.79,20.11,293.18,7.72,synthetic_srtm
6076,Mine_06076,9.856715,79.672932,987.06,10.54,47.35,5.41,synthetic_srtm
6077,Mine_06077,8.469248,78.962753,636.57,10.35,256.74,7.91,synthetic_srtm
6078,Mine_06078,9.624388,79.244,427.45,12.81,277.83,5.75,synthetic_srtm
6079,Mine_06079,8.918574,79.016395,709.9,6.98,287.01,2.78,synthetic_srtm
6080,Mine_06080,9.979802,78.753816,556.71,14.87,223.03,5.97,synthetic_srtm
6081,Mine_06081,10.241268,77.757998,821.16,21.07,308.42,9.39,synthetic_srtm
6082,Mine_06082,12.655323,76.459417,936.74,22.4,29.76,7.1,synthetic_srtm
6083,Mine_06083,13.312418,76.082821,1419.1,21.55,220.78,9.47,synthetic_srtm
6084,Mine_06084,10.525167,79.901309,956.06,18.79,214.84,10.14,synthetic_srtm
6085,Mine_06085,10.173474,79.158914,436.39,9.86,55.38,3.58,synthetic_srtm
6086,Mine_06086,12.804347,79.73363,660.72,21.45,25.4,8.18,synthetic_srtm
6087,Mine_06087,9.804816,76.508226,1247.73,30.32,253.82,9.86,synthetic_srtm
6088,Mine_06088,10.445275,77.820224,284.12,11.81,212.48,6.85,synthetic_srtm
6089,Mine_06089,13.31528,77.341023,1337.07,18.3,354.19,10.1,synthetic_srtm
6090,Mine_06090,10.247571,77.992439,499.88,10.44,7.23,7.84,synthetic_srtm
6091,Mine_06091,11.87139,79.07123,630.28,10.51,274.96,7.23,synthetic_srtm
6092,Mine_06092,12.633746,80.045974,985.17,12.68,156.8,6.03,synthetic_srtm
6093,Mine_06093,11.578364,77.579384,2335.1,19.49,244.63,10.72,synthetic_srtm
6094,Mine_06094,8.57195,78.729969,548.81,17.5,339.6,9.69,synthetic_srtm
6095,Mine_06095,11.852139,76.126194,606.55,20.69,51.71,8.5,synthetic_srtm
6096,Mine_06096,11.309733,80.355218,628.57,10.08,263.13,7.79,synthetic_srtm
6097,Mine_06097,11.620093,78.47069,518.07,11.37,232.84,5.14,synthetic_srtm
6098,Mine_06098,8.385492,78.447783,796.01,17.82,170.26,7.71,synthetic_srtm
6099,Mine_06099,9.690395,79.255764,852.3,19.64,184.06,9.31,synthetic_srtm
6100,Mine_06100,10.596253,77.275134,746.39,15.68,181.13,5.92,synthetic_srtm
6101,Mine_06101,10.481774,76.806367,869.18,15.02,202.86,9.3,synthetic_srtm
6102,Mine_06102,13.043191,79.087432,561.88,19.68,139.12,8.73,synthetic_srtm
6103,Mine_06103,13.400244,77.733222,1186.68,31.66,219.13,9.83,synthetic_srtm
6104,Mine_06104,12.719157,80.060199,297.1,11.5,294.62,5.81,synthetic_srtm
6105,Mine_06105,10.496924,78.229523,245.22,5.28,28.44,6.13,synthetic_srtm
6106,Mine_06106,12.696403,76.799467,862.15,10.22,298.09,5.07,synthetic_srtm
6107,Mine_06107,8.42916,79.808164,965.86,13.6,29.18,8.65,synthetic_srtm
6108,Mine_06108,11.002553,80.098517,818.12,18.85,36.78,7.88,synthetic_srtm
6109,Mine_06109,12.516621,78.112122,326.38,11.31,20.52,4.76,synthetic_srtm
6110,Mine_06110,9.875476,79.087353,319.54,4.73,293.85,6.11,synthetic_srtm
6111,Mine_06111,12.101068,77.478563,1027.59,40.84,328.42,16.02,synthetic_srtm
6112,Mine_06112,8.918583,76.442772,1235.64,40.32,358.68,15.89,synthetic_srtm
6113,Mine_06113,11.204597,77.562265,1976.97,39.11,14.62,16.01,synthetic_srtm
6114,Mine_06114,11.549962,77.785457,1405.3,27.03,326.18,12.99,synthetic_srtm
6115,Mine_06115,13.391456,77.262882,1281.32,36.24,111.2,13.17,synthetic_srtm
6116,Mine_06116,10.498595,78.790472,819.78,23.22,288.17,8.45,synthetic_srtm
6117,Mine_06117,11.583022,80.004603,770.4,20.03,5.78,9.73,synthetic_srtm
6118,Mine_06118,9.746315,79.763931,994.98,14.65,244.94,6.56,synthetic_srtm
6119,Mine_06119,10.498206,79.699619,827.67,5.62,216.82,6.34,synthetic_srtm
6120,Mine_06120,9.177221,76.115561,1454.45,38.59,193.07,12.37,synthetic_srtm
6121,Mine_06121,8.621542,78.906853,561.86,15.51,215.62,8.92,synthetic_srtm
6122,Mine_06122,9.799668,79.09908,425.54,4.81,292.1,1.87,synthetic_srtm
6123,Mine_06123,13.333506,76.581317,664.04,15.55,259.09,6.28,synthetic_srtm
6124,Mine_06124,11.603764,77.215576,2153.06,44.43,77.98,16.68,synthetic_srtm
6125,Mine_06125,12.8011,79.634958,357.24,8.11,198.06,4.77,synthetic_srtm
6126,Mine_06126,11.50414,78.657716,895.16,22.51,207.43,8.16,synthetic_srtm
6127,Mine_06127,9.576621,78.708758,692.25,5.71,200.61,2.14,synthetic_srtm
6128,Mine_06128,9.676649,76.162279,1145.67,25.89,116.98,9.43,synthetic_srtm
6129,Mine_06129,8.921843,77.559827,254.72,11.71,132.43,5.61,synthetic_srtm
6130,Mine_06130,12.322675,78.62364,342.78,6.47,332.43,3.51,synthetic_srtm
6131,Mine_06131,8.109027,77.423812,438.23,14.73,289.22,8.11,synthetic_srtm
6132,Mine_06132,11.179966,77.672499,1221.19,24.12,140.56,10.26,synthetic_srtm
6133,Mine_06133,11.105478,76.145962,568.06,17.66,164.23,8.52,synthetic_srtm
6134,Mine_06134,8.648748,76.276901,1489.71,40.37,175.7,15.39,synthetic_srtm
6135,Mine_06135,8.902948,80.403773,683.82,24.15,193.61,11.3,synthetic_srtm
6136,Mine_06136,8.362978,80.223796,385.71,5.17,278.32,3.09,synthetic_srtm
6137,Mine_06137,10.781494,76.327503,800.88,8.24,113.98,5.51,synthetic_srtm
6138,Mine_06138,10.910153,77.590045,899.6,24.04,179.79,11.35,synthetic_srtm
6139,Mine_06139,8.302575,78.996333,605.75,11.89,205.48,5.63,synthetic_srtm
6140,Mine_06140,12.762797,77.400968,2260.0,20.43,86.57,7.84,synthetic_srtm
6141,Mine_06141,9.68652,77.827443,926.43,24.67,54.12,11.89,synthetic_srtm
6142,Mine_06142,11.927207,78.82677,699.34,12.39,147.67,4.37,synthetic_srtm
6143,Mine_06143,10.144602,76.538119,1686.72,40.88,3.01,17.0,synthetic_srtm
6144,Mine_06144,11.239518,78.154091,255.35,13.45,266.11,8.92,synthetic_srtm
6145,Mine_06145,8.493613,78.068053,438.97,10.32,236.26,5.86,synthetic_srtm
6146,Mine_06146,10.931681,76.196943,512.97,16.59,264.12,5.93,synthetic_srtm
6147,Mine_06147,8.544564,76.935253,692.02,5.16,198.74,2.72,synthetic_srtm
6148,Mine_06148,11.826903,78.453534,338.55,8.03,322.6,4.83,synthetic_srtm
6149,Mine_06149,12.536868,77.597704,1748.31,21.62,257.99,9.57,synthetic_srtm
6150,Mine_06150,13.113839,78.081457,538.01,9.15,177.75,4.24,synthetic_srtm
6151,Mine_06151,12.957822,78.856852,352.8,10.31,166.53,5.46,synthetic_srtm
6152,Mine_06152,12.6904,77.825414,1494.89,35.63,6.56,15.29,synthetic_srtm
6153,Mine_06153,8.791707,78.296784,802.19,22.31,262.58,9.58,synthetic_srtm
6154,Mine_06154,12.952973,79.788148,986.78,17.18,165.77,8.08,synthetic_srtm
6155,Mine_06155,9.829799,77.290969,532.31,6.49,105.09,6.63,synthetic_srtm
6156,Mine_06156,10.76737,76.417916,759.46,16.45,227.48,6.73,synthetic_srtm
6157,Mine_06157,10.654743,78.48404,393.72,7.81,57.47,2.48,synthetic_srtm
6158,Mine_06158,11.148625,76.596677,1643.84,35.12,202.44,11.46,synthetic_srtm
6159,Mine_06159,11.882102,77.678781,1039.4,17.76,59.87,7.31,synthetic_srtm
6160,Mine_06160,11.711337,76.776275,922.29,8.32,349.99,4.19,synthetic_srtm
6161,Mine_06161,9.900947,80.024244,565.6,20.56,48.15,9.51,synthetic_srtm
6162,Mine_06162,8.180864,77.206152,235.2,0.53,74.26,3.13,synthetic_srtm
6163,Mine_06163,10.428486,78.394092,661.46,23.6,217.22,10.68,synthetic_srtm
6164,Mine_06164,8.295237,79.895145,309.47,3.59,338.7,2.9,synthetic_srtm
6165,Mine_06165,11.574021,80.038689,203.1,2.59,63.37,2.73,synthetic_srtm
6166,Mine_06166,12.402552,78.8805,807.53,21.93,328.02,10.29,synthetic_srtm
6167,Mine_06167,10.561576,78.67471,641.95,15.85,292.22,7.5,synthetic_srtm
6168,Mine_06168,12.912612,80.098996,767.84,20.05,161.35,10.52,synthetic_srtm
6169,Mine_06169,8.305089,76.179111,1666.25,38.55,87.65,13.37,synthetic_srtm
6170,Mine_06170,11.694379,78.903265,821.56,11.47,122.25,6.96,synthetic_srtm
6171,Mine_06171,8.556129,78.465706,477.37,3.13,319.47,5.83,synthetic_srtm
6172,Mine_06172,9.417311,76.042087,1428.49,39.1,91.99,16.11,synthetic_srtm
6173,Mine_06173,9.641588,76.852769,1697.16,32.69,276.34,10.15,synthetic_srtm
6174,Mine_06174,12.868201,78.518853,409.66,8.7,25.43,3.99,synthetic_srtm
6175,Mine_06175,10.490043,80.31768,516.34,15.64,219.4,9.59,synthetic_srtm
6176,Mine_06176,9.256368,76.609671,600.7,16.95,102.0,6.3,synthetic_srtm
6177,Mine_06177,10.550016,79.384422,263.78,9.41,234.79,3.35,synthetic_srtm
6178,Mine_06178,13.230569,79.606861,347.36,4.82,23.15,4.17,synthetic_srtm
6179,Mine_06179,9.396726,77.180002,320.01,1.91,143.63,0.96,synthetic_srtm
6180,Mine_06180,11.460498,76.44585,575.25,12.66,81.05,4.31,synthetic_srtm
6181,Mine_06181,8.371229,78.876492,212.07,1.41,350.38,4.78,synthetic_srtm
6182,Mine_06182,11.334364,76.06765,1523.85,25.95,261.74,10.83,synthetic_srtm
6183,Mine_06183,11.172076,79.409331,693.67,7.38,26.2,4.27,synthetic_srtm
6184,Mine_06184,8.737104,77.48878,561.04,5.42,37.18,1.65,synthetic_srtm
6185,Mine_06185,8.900675,80.002225,308.3,13.01,219.37,5.55,synthetic_srtm
6186,Mine_06186,13.375265,78.258377,476.3,9.84,54.01,5.37,synthetic_srtm
6187,Mine_06187,10.703852,76.22563,1371.91,40.84,271.25,12.92,synthetic_srtm
6188,Mine_06188,10.301113,77.373014,228.58,7.55,153.14,6.75,synthetic_srtm
6189,Mine_06189,11.826477,77.840505,1571.85,39.77,15.37,16.9,synthetic_srtm
6190,Mine_06190,8.449173,77.434885,864.28,15.48,183.08,6.47,synthetic_srtm
6191,Mine_06191,8.09876,77.927298,632.9,15.05,201.34,5.97,synthetic_srtm
6192,Mine_06192,8.673232,76.640171,1582.25,43.06,48.31,14.73,synthetic_srtm
6193,Mine_06193,8.70379,77.740941,623.29,9.89,111.4,7.79,synthetic_srtm
6194,Mine_06194,10.043415,77.266235,220.8,6.06,183.61,6.15,synthetic_srtm
6195,Mine_06195,8.273971,76.845306,1387.37,36.27,210.59,15.26,synthetic_srtm
6196,Mine_06196,10.638311,78.573598,254.16,9.63,341.86,7.05,synthetic_srtm
6197,Mine_06197,12.037059,78.50742,400.44,0.52,110.44,5.16,synthetic_srtm
6198,Mine_06198,8.357062,78.50697,356.74,3.08,341.87,4.27,synthetic_srtm
6199,Mine_06199,9.569579,76.616292,748.53,24.21,98.2,7.71,synthetic_srtm
6200,Mine_06200,8.234139,76.615507,1443.66,43.82,235.44,13.19,synthetic_srtm
6201,Mine_06201,11.152694,78.756845,351.16,5.59,229.82,5.3,synthetic_srtm
6202,Mine_06202,11.518617,76.834699,964.26,21.71,208.58,8.57,synthetic_srtm
6203,Mine_06203,12.824332,79.142017,339.74,4.84,224.51,4.68,synthetic_srtm
6204,Mine_06204,8.607889,80.07436,280.68,7.21,111.55,3.61,synthetic_srtm
6205,Mine_06205,12.958982,76.287532,1158.98,19.34,149.0,8.17,synthetic_srtm
6206,Mine_06206,12.58551,79.324833,551.68,22.57,231.03,8.31,synthetic_srtm
6207,Mine_06207,12.846239,78.095793,409.53,0.56,229.68,1.91,synthetic_srtm
6208,Mine_06208,10.128471,77.582598,714.93,17.08,33.68,7.56,synthetic_srtm
6209,Mine_06209,8.045358,80.255173,768.01,17.65,18.86,6.22,synthetic_srtm
6210,Mine_06210,10.190058,78.078862,763.89,5.9,300.95,2.05,synthetic_srtm
6211,Mine_06211,12.657511,77.54675,1739.06,25.03,332.57,9.88,synthetic_srtm
6212,Mine_06212,11.586136,76.537152,1266.12,31.4,336.23,13.56,synthetic_srtm
6213,Mine_06213,9.751923,80.182445,817.79,8.71,295.7,7.22,synthetic_srtm
6214,Mine_06214,8.867648,77.953326,903.21,6.49,150.39,3.08,synthetic_srtm
6215,Mine_06215,8.070337,78.148752,574.92,20.35,321.19,9.13,synthetic_srtm
6216,Mine_06216,8.892426,76.910884,1622.32,39.37,351.04,15.61,synthetic_srtm
6217,Mine_06217,10.111719,79.374301,299.54,4.39,178.92,3.04,synthetic_srtm
6218,Mine_06218,8.496804,76.787119,995.84,13.73,347.62,6.05,synthetic_srtm
6219,Mine_06219,10.487233,77.113414,490.71,3.57,118.92,1.47,synthetic_srtm
6220,Mine_06220,11.968081,77.476675,2336.42,23.67,125.48,8.04,synthetic_srtm
6221,Mine_06221,11.24784,79.923246,404.58,0.05,277.64,4.89,synthetic_srtm
6222,Mine_06222,10.756839,78.722508,517.17,13.19,78.25,6.52,synthetic_srtm
6223,Mine_06223,8.149761,79.300118,879.6,15.33,89.69,5.39,synthetic_srtm
6224,Mine_06224,11.808291,80.02724,669.52,21.85,293.67,7.25,synthetic_srtm
6225,Mine_06225,13.297862,77.413788,1827.15,44.52,202.56,14.99,synthetic_srtm
6226,Mine_06226,12.351301,80.424018,700.08,14.23,321.47,4.62,synthetic_srtm
6227,Mine_06227,11.413055,78.464685,426.61,10.61,337.05,6.73,synthetic_srtm
6228,Mine_06228,9.18996,79.623394,448.1,9.35,54.19,4.01,synthetic_srtm
6229,Mine_06229,8.364947,79.47915,215.25,1.51,311.47,1.46,synthetic_srtm
6230,Mine_06230,9.62453,79.880354,227.69,12.08,304.68,6.51,synthetic_srtm
6231,Mine_06231,8.997919,77.262726,953.18,22.55,186.34,9.29,synthetic_srtm
6232,Mine_06232,9.121574,76.39575,695.42,13.27,252.55,8.67,synthetic_srtm
6233,Mine_06233,11.709568,76.934104,525.74,19.29,230.81,9.05,synthetic_srtm
6234,Mine_06234,10.309552,80.317721,614.08,17.04,166.79,9.38,synthetic_srtm
6235,Mine_06235,8.608712,78.823963,746.34,11.25,45.55,5.65,synthetic_srtm
6236,Mine_06236,11.348941,77.867904,2244.33,20.27,17.45,8.37,synthetic_srtm
6237,Mine_06237,10.432754,79.888039,275.57,4.05,181.44,2.63,synthetic_srtm
6238,Mine_06238,9.389134,78.91793,309.57,6.27,236.77,1.96,synthetic_srtm
6239,Mine_06239,13.006494,76.611135,1667.12,28.46,92.45,10.07,synthetic_srtm
6240,Mine_06240,13.144812,79.276856,539.26,24.77,96.38,11.12,synthetic_srtm
6241,Mine_06241,8.169448,80.110796,785.41,23.81,255.78,8.23,synthetic_srtm
6242,Mine_06242,12.640433,78.49013,356.07,6.33,329.43,4.58,synthetic_srtm
6243,Mine_06243,9.888787,80.062773,671.47,20.59,259.84,11.11,synthetic_srtm
6244,Mine_06244,12.267178,79.369596,824.63,7.51,97.04,4.77,synthetic_srtm
6245,Mine_06245,10.964528,77.931119,218.91,13.55,131.29,4.68,synthetic_srtm
6246,Mine_06246,9.435329,78.823175,221.79,4.83,144.54,6.27,synthetic_srtm
6247,Mine_06247,10.010105,76.776246,1564.61,37.4,112.5,16.05,synthetic_srtm
6248,Mine_06248,10.47434,77.898298,787.48,15.63,177.48,5.15,synthetic_srtm
6249,Mine_06249,13.176492,76.391521,1560.55,18.28,242.58,8.69,synthetic_srtm
6250,Mine_06250,11.425106,77.815856,2245.57,23.93,187.83,11.63,synthetic_srtm
6251,Mine_06251,8.758422,76.26242,1107.06,25.28,215.96,9.22,synthetic_srtm
6252,Mine_06252,9.671734,78.485936,317.23,0.56,79.27,2.84,synthetic_srtm
6253,Mine_06253,9.762013,78.769385,279.01,7.41,255.19,7.13,synthetic_srtm
6254,Mine_06254,8.948726,76.800794,1322.92,39.46,44.97,15.38,synthetic_srtm
6255,Mine_06255,13.491118,79.941605,294.64,14.79,320.74,8.94,synthetic_srtm
6256,Mine_06256,8.677664,77.562805,754.17,13.6,79.7,4.39,synthetic_srtm
6257,Mine_06257,9.848988,77.239674,330.09,2.75,21.6,1.74,synthetic_srtm
6258,Mine_06258,10.810172,79.262942,595.76,13.43,30.29,4.75,synthetic_srtm
6259,Mine_06259,12.48852,79.488738,704.21,20.76,149.33,9.06,synthetic_srtm
6260,Mine_06260,8.603063,78.468178,561.06,10.57,336.32,4.64,synthetic_srtm
6261,Mine_06261,10.800541,77.61865,312.54,6.84,53.63,5.25,synthetic_srtm
6262,Mine_06262,9.42899,79.81795,309.89,14.48,181.31,7.27,synthetic_srtm
6263,Mine_06263,12.811346,78.672073,655.98,24.84,15.73,10.93,synthetic_srtm
6264,Mine_06264,8.271249,78.228174,818.22,17.19,247.26,6.92,synthetic_srtm
6265,Mine_06265,9.315353,76.557942,1558.45,43.74,115.44,13.87,synthetic_srtm
6266,Mine_06266,12.518409,78.65769,878.62,16.77,305.52,5.73,synthetic_srtm
6267,Mine_06267,9.089358,79.275915,284.04,11.64,141.04,4.07,synthetic_srtm
6268,Mine_06268,9.297411,77.207252,461.38,0.56,78.14,2.4,synthetic_srtm
6269,Mine_06269,13.463084,78.60986,798.45,5.65,95.19,2.47,synthetic_srtm
6270,Mine_06270,8.681879,79.431382,356.77,5.91,177.95,2.0,synthetic_srtm
6271,Mine_06271,8.941169,76.006858,539.86,16.2,156.48,5.78,synthetic_srtm
6272,Mine_06272,10.526794,80.334345,740.71,10.32,282.59,5.86,synthetic_srtm
6273,Mine_06273,10.069307,79.995476,630.69,18.23,97.36,6.21,synthetic_srtm
6274,Mine_06274,11.767471,79.161901,734.01,6.27,346.9,4.95,synthetic_srtm
6275,Mine_06275,8.236299,77.630989,484.07,2.88,98.25,3.56,synthetic_srtm
6276,Mine_06276,9.158907,76.015375,883.99,6.55,225.02,2.81,synthetic_srtm
6277,Mine_06277,11.97414,79.019836,372.75,5.56,36.37,2.97,synthetic_srtm
6278,Mine_06278,10.971403,77.567946,463.3,10.09,131.62,7.98,synthetic_srtm
6279,Mine_06279,11.201919,79.599972,661.9,24.19,64.05,11.48,synthetic_srtm
6280,Mine_06280,10.04077,77.478469,226.88,6.14,11.39,4.26,synthetic_srtm
6281,Mine_06281,10.210956,77.511546,438.21,14.11,162.51,8.9,synthetic_srtm
6282,Mine_06282,11.083261,77.794488,2340.57,24.54,45.04,10.67,synthetic_srtm
6283,Mine_06283,9.565601,79.965841,772.78,24.42,66.34,8.18,synthetic_srtm
6284,Mine_06284,10.50497,79.890286,451.63,10.74,70.9,7.06,synthetic_srtm
6285,Mine_06285,8.305718,79.094204,692.81,14.49,313.69,7.0,synthetic_srtm
6286,Mine_06286,13.039933,79.367355,220.87,2.59,295.4,2.47,synthetic_srtm
6287,Mine_06287,12.851387,76.518637,1083.21,27.63,236.26,9.21,synthetic_srtm
6288,Mine_06288,8.768889,77.77068,570.14,21.77,264.9,7.35,synthetic_srtm
6289,Mine_06289,13.05708,78.007679,702.22,15.16,1.11,7.53,synthetic_srtm
6290,Mine_06290,8.832664,80.472153,385.76,9.42,237.53,5.15,synthetic_srtm
6291,Mine_06291,9.570633,80.001023,314.47,5.38,195.44,3.23,synthetic_srtm
6292,Mine_06292,10.82062,79.772259,269.83,1.38,233.72,4.34,synthetic_srtm
6293,Mine_06293,11.986562,78.972548,557.3,18.84,113.61,9.42,synthetic_srtm
6294,Mine_06294,8.519711,78.631546,894.43,15.77,301.93,7.45,synthetic_srtm
6295,Mine_06295,8.221725,76.626491,671.0,14.21,352.89,7.03,synthetic_srtm
6296,Mine_06296,9.87115,78.443519,949.26,16.07,88.25,5.62,synthetic_srtm
6297,Mine_06297,8.137341,80.246561,850.27,17.53,240.9,10.0,synthetic_srtm
6298,Mine_06298,9.516985,77.385467,742.2,20.28,2.8,7.83,synthetic_srtm
6299,Mine_06299,9.676852,78.197393,430.71,13.38,158.95,4.12,synthetic_srtm
6300,Mine_06300,9.774275,80.335525,271.63,10.87,7.57,6.93,synthetic_srtm
6301,Mine_06301,11.766432,77.181319,1908.31,19.84,247.52,6.59,synthetic_srtm
6302,Mine_06302,12.045089,79.915519,575.77,9.8,148.06,4.82,synthetic_srtm
6303,Mine_06303,13.295674,79.837018,408.88,7.38,286.83,6.63,synthetic_srtm
6304,Mine_06304,10.937073,78.421977,509.2,24.61,307.81,7.68,synthetic_srtm
6305,Mine_06305,12.880726,77.432518,1465.32,16.95,177.59,5.39,synthetic_srtm
6306,Mine_06306,8.482464,79.846052,436.8,3.1,102.08,2.82,synthetic_srtm
6307,Mine_06307,12.414557,76.454282,675.46,14.06,17.99,8.5,synthetic_srtm
6308,Mine_06308,9.732975,79.798803,357.72,7.47,145.37,3.1,synthetic_srtm
6309,Mine_06309,9.419721,79.241022,308.09,7.07,188.87,3.94,synthetic_srtm
6310,Mine_06310,10.952175,77.578166,943.23,24.51,169.3,11.07,synthetic_srtm
6311,Mine_06311,12.836027,78.971468,529.63,23.76,17.77,9.37,synthetic_srtm
6312,Mine_06312,9.658429,79.869147,203.36,6.66,153.51,4.36,synthetic_srtm
6313,Mine_06313,9.761752,79.986651,387.17,6.44,20.18,5.6,synthetic_srtm
6314,Mine_06314,11.183302,80.496296,301.85,4.51,57.53,4.81,synthetic_srtm
6315,Mine_06315,12.099281,78.314118,824.89,21.84,158.46,9.81,synthetic_srtm
6316,Mine_06316,9.416327,77.705357,357.87,14.3,312.46,6.9,synthetic_srtm
6317,Mine_06317,8.510616,79.181138,331.78,8.11,286.93,6.54,synthetic_srtm
6318,Mine_06318,11.391992,79.042867,813.81,7.74,121.88,4.68,synthetic_srtm
6319,Mine_06319,12.753923,77.113571,2321.97,24.59,159.67,9.61,synthetic_srtm
6320,Mine_06320,8.605642,79.859184,339.92,10.68,111.91,5.85,synthetic_srtm
6321,Mine_06321,10.547484,79.157376,714.52,19.85,217.22,9.13,synthetic_srtm
6322,Mine_06322,11.022893,78.526788,862.74,17.03,355.19,7.38,synthetic_srtm
6323,Mine_06323,8.542173,77.286274,341.56,2.51,250.26,2.97,synthetic_srtm
6324,Mine_06324,9.748351,77.906431,390.76,7.38,8.35,2.29,synthetic_srtm
6325,Mine_06325,12.728828,78.843085,955.06,7.6,173.31,4.21,synthetic_srtm
6326,Mine_06326,10.070955,77.482021,948.0,7.01,264.82,5.91,synthetic_srtm
6327,Mine_06327,9.891611,77.936269,433.48,1.73,234.56,3.28,synthetic_srtm
6328,Mine_06328,10.014307,80.337153,201.7,9.28,192.76,6.64,synthetic_srtm
6329,Mine_06329,8.466497,78.43717,618.82,18.34,336.6,8.46,synthetic_srtm
6330,Mine_06330,10.710056,80.362948,695.11,18.26,228.43,7.98,synthetic_srtm
6331,Mine_06331,12.508739,79.374013,837.61,15.24,353.83,8.28,synthetic_srtm
6332,Mine_06332,13.384958,78.081669,420.56,3.82,249.15,3.52,synthetic_srtm
6333,Mine_06333,11.844729,76.090382,1167.88,29.98,324.54,10.52,synthetic_srtm
6334,Mine_06334,8.214992,80.071893,762.65,12.94,335.43,8.36,synthetic_srtm
6335,Mine_06335,9.002062,77.096891,728.2,20.23,134.6,7.88,synthetic_srtm
6336,Mine_06336,12.690051,79.306924,626.03,9.91,329.86,6.7,synthetic_srtm
6337,Mine_06337,11.879496,76.61463,935.83,7.1,105.09,4.63,synthetic_srtm
6338,Mine_06338,9.090946,79.327201,872.87,17.62,329.62,9.45,synthetic_srtm
6339,Mine_06339,9.989829,79.90131,745.24,15.51,179.72,8.38,synthetic_srtm
6340,Mine_06340,11.508642,78.546358,390.0,11.86,50.89,8.54,synthetic_srtm
6341,Mine_06341,8.277332,79.983085,209.36,0.76,7.84,1.13,synthetic_srtm
6342,Mine_06342,12.78102,76.540619,1373.74,41.08,355.6,13.62,synthetic_srtm
6343,Mine_06343,9.891845,77.396846,887.67,18.41,251.87,8.48,synthetic_srtm
6344,Mine_06344,12.993415,79.537254,710.09,23.0,32.43,11.17,synthetic_srtm
6345,Mine_06345,9.303319,76.501782,1500.72,30.52,96.08,9.22,synthetic_srtm
6346,Mine_06346,13.3529,80.479599,316.82,2.5,17.64,5.28,synthetic_srtm
6347,Mine_06347,12.902266,77.146398,1712.82,30.94,101.89,14.25,synthetic_srtm
6348,Mine_06348,9.979661,79.482411,478.06,7.74,59.49,2.6,synthetic_srtm
6349,Mine_06349,9.987436,78.015141,612.87,7.99,219.39,2.61,synthetic_srtm
6350,Mine_06350,12.878642,80.336149,537.87,9.22,330.55,3.06,synthetic_srtm
6351,Mine_06351,9.1873,78.665249,220.42,12.12,17.23,3.86,synthetic_srtm
6352,Mine_06352,10.13114,80.044101,330.98,12.62,223.42,6.62,synthetic_srtm
6353,Mine_06353,8.696546,76.00972,656.48,10.15,341.39,4.15,synthetic_srtm
6354,Mine_06354,9.870727,79.006139,662.55,17.77,22.81,9.51,synthetic_srtm
6355,Mine_06355,12.472485,76.767694,524.21,24.57,25.03,9.52,synthetic_srtm
6356,Mine_06356,11.730794,78.465539,669.15,19.71,277.49,8.35,synthetic_srtm
6357,Mine_06357,9.316737,77.930107,335.43,1.91,116.89,0.65,synthetic_srtm
6358,Mine_06358,11.802651,79.192421,506.06,13.7,102.31,7.67,synthetic_srtm
6359,Mine_06359,10.982601,78.250341,536.08,22.33,280.33,9.59,synthetic_srtm
6360,Mine_06360,8.999883,76.906965,699.96,17.5,234.74,9.39,synthetic_srtm
6361,Mine_06361,11.085071,80.039419,386.57,13.69,276.09,6.99,synthetic_srtm
6362,Mine_06362,12.952487,78.314585,619.33,11.06,196.02,7.08,synthetic_srtm
6363,Mine_06363,12.142374,78.429287,482.64,2.11,4.35,2.21,synthetic_srtm
6364,Mine_06364,12.353906,79.400403,588.13,11.51,141.43,6.16,synthetic_srtm
6365,Mine_06365,10.862548,77.398457,893.02,16.25,184.71,9.43,synthetic_srtm
6366,Mine_06366,11.312344,77.412661,1873.89,22.03,182.7,8.47,synthetic_srtm
6367,Mine_06367,13.197934,76.728502,1463.64,44.12,107.45,13.95,synthetic_srtm
6368,Mine_06368,13.136545,79.937421,835.44,22.6,11.12,8.27,synthetic_srtm
6369,Mine_06369,10.712496,76.186384,1070.81,19.44,155.59,9.32,synthetic_srtm
6370,Mine_06370,11.337236,78.482551,910.71,11.8,16.74,4.13,synthetic_srtm
6371,Mine_06371,12.999748,79.464837,479.22,10.49,154.24,4.66,synthetic_srtm
6372,Mine_06372,11.2504,77.978061,1712.91,25.84,88.49,9.76,synthetic_srtm
6373,Mine_06373,9.076495,78.649893,935.51,24.27,176.92,8.74,synthetic_srtm
6374,Mine_06374,10.534532,79.061666,912.84,23.52,123.66,11.05,synthetic_srtm
6375,Mine_06375,10.471086,79.257433,777.34,6.49,133.54,6.6,synthetic_srtm
6376,Mine_06376,8.219214,80.023951,732.42,17.58,6.4,7.69,synthetic_srtm
6377,Mine_06377,13.445305,77.661852,1389.01,22.44,294.32,11.27,synthetic_srtm
6378,Mine_06378,9.285824,77.904446,731.45,12.63,147.27,7.86,synthetic_srtm
6379,Mine_06379,8.389144,77.540013,742.85,9.11,340.55,7.25,synthetic_srtm
6380,Mine_06380,8.037049,76.030895,790.87,13.34,230.01,7.32,synthetic_srtm
6381,Mine_06381,13.066982,80.455766,547.14,21.14,146.27,7.72,synthetic_srtm
6382,Mine_06382,10.112963,78.576055,941.17,19.11,63.17,7.33,synthetic_srtm
6383,Mine_06383,13.494171,79.623811,597.2,20.14,151.08,9.5,synthetic_srtm
6384,Mine_06384,12.343901,76.482765,1040.99,38.82,63.26,16.45,synthetic_srtm
6385,Mine_06385,10.986438,80.413976,200.32,6.16,150.13,5.55,synthetic_srtm
6386,Mine_06386,9.613272,78.362821,575.71,14.36,297.11,8.64,synthetic_srtm
6387,Mine_06387,10.286471,79.696168,629.27,6.03,143.62,5.51,synthetic_srtm
6388,Mine_06388,12.55874,78.393277,915.15,14.32,265.03,6.46,synthetic_srtm
6389,Mine_06389,8.255811,76.574113,1371.66,41.83,82.47,14.23,synthetic_srtm
6390,Mine_06390,12.027888,77.906034,2250.79,21.74,32.3,9.52,synthetic_srtm
6391,Mine_06391,8.392854,76.768967,1410.6,38.48,246.39,14.41,synthetic_srtm
6392,Mine_06392,10.130772,78.984851,310.63,10.97,300.7,8.08,synthetic_srtm
6393,Mine_06393,12.431259,78.956981,614.95,24.8,11.53,12.41,synthetic_srtm
6394,Mine_06394,9.70195,77.486599,764.51,7.69,210.27,6.92,synthetic_srtm
6395,Mine_06395,10.631845,78.444061,545.88,7.04,249.81,6.93,synthetic_srtm
6396,Mine_06396,9.438067,76.485602,1683.74,21.8,283.35,6.91,synthetic_srtm
6397,Mine_06397,10.258068,76.121631,651.21,20.07,88.92,7.67,synthetic_srtm
6398,Mine_06398,8.127468,79.562789,982.09,12.45,37.61,4.58,synthetic_srtm
6399,Mine_06399,9.443711,78.594385,762.08,22.9,119.25,7.74,synthetic_srtm
6400,Mine_06400,10.14553,78.445717,943.15,20.62,17.61,6.96,synthetic_srtm
6401,Mine_06401,12.887431,80.284442,382.08,13.95,23.03,5.75,synthetic_srtm
6402,Mine_06402,9.831561,77.484117,592.03,6.8,278.65,4.25,synthetic_srtm
6403,Mine_06403,12.306145,79.733102,420.62,14.77,194.49,8.09,synthetic_srtm
6404,Mine_06404,12.081913,79.170111,298.22,9.96,186.98,5.38,synthetic_srtm
6405,Mine_06405,13.196371,79.481758,392.23,12.19,243.62,3.77,synthetic_srtm
6406,Mine_06406,11.727553,79.203869,605.47,22.53,213.07,6.79,synthetic_srtm
6407,Mine_06407,8.218116,80.088,560.27,7.14,149.96,3.1,synthetic_srtm
6408,Mine_06408,12.401474,80.158545,232.14,2.33,312.21,2.09,synthetic_srtm
6409,Mine_06409,11.132354,79.229051,972.32,21.37,65.0,7.23,synthetic_srtm
6410,Mine_06410,9.589903,80.255844,567.87,13.6,341.31,6.0,synthetic_srtm
6411,Mine_06411,11.108838,77.452077,1092.64,16.76,38.57,5.89,synthetic_srtm
6412,Mine_06412,9.514844,80.294976,790.46,22.09,108.08,8.23,synthetic_srtm
6413,Mine_06413,10.471424,77.909715,836.17,10.05,70.89,7.07,synthetic_srtm
6414,Mine_06414,11.434232,77.739512,1491.92,32.69,208.24,13.88,synthetic_srtm
6415,Mine_06415,10.544516,76.738496,1206.1,32.91,34.87,10.18,synthetic_srtm
6416,Mine_06416,9.001297,77.693687,999.33,16.4,254.13,7.81,synthetic_srtm
6417,Mine_06417,12.974972,76.680117,1270.42,43.2,265.9,14.79,synthetic_srtm
6418,Mine_06418,10.835638,76.603483,1130.31,30.42,239.56,13.78,synthetic_srtm
6419,Mine_06419,9.172173,76.404383,1415.81,15.52,33.85,8.57,synthetic_srtm
6420,Mine_06420,13.013054,76.253718,676.16,20.98,358.46,6.75,synthetic_srtm
6421,Mine_06421,8.549414,79.593725,994.42,21.7,208.75,6.75,synthetic_srtm
6422,Mine_06422,13.111574,79.222904,663.82,11.43,156.53,6.08,synthetic_srtm
6423,Mine_06423,13.476774,76.024906,1406.53,29.24,153.08,12.15,synthetic_srtm
6424,Mine_06424,8.185026,76.545905,896.71,9.21,264.71,5.09,synthetic_srtm
6425,Mine_06425,9.025937,76.418721,1625.62,25.78,256.02,10.63,synthetic_srtm
6426,Mine_06426,12.545759,78.27912,566.56,10.67,81.73,3.85,synthetic_srtm
6427,Mine_06427,9.828895,78.469007,788.72,20.47,343.82,10.23,synthetic_srtm
6428,Mine_06428,8.845037,76.820025,1327.56,17.12,228.42,5.41,synthetic_srtm
6429,Mine_06429,8.766454,77.795412,209.13,14.86,75.89,6.62,synthetic_srtm
6430,Mine_06430,11.670274,76.844654,1621.68,31.21,187.94,13.32,synthetic_srtm
6431,Mine_06431,12.414294,77.684667,1930.64,33.12,63.41,11.48,synthetic_srtm
6432,Mine_06432,11.989755,78.025213,775.27,17.26,231.48,6.79,synthetic_srtm
6433,Mine_06433,8.587638,79.395211,726.9,19.62,48.3,8.55,synthetic_srtm
6434,Mine_06434,8.821348,79.585925,916.71,20.97,26.56,10.35,synthetic_srtm
6435,Mine_06435,11.200853,76.492863,1113.03,26.29,162.01,9.94,synthetic_srtm
6436,Mine_06436,12.337844,76.130095,1506.34,34.03,190.77,12.67,synthetic_srtm
6437,Mine_06437,9.857405,78.909927,578.35,20.32,203.1,9.61,synthetic_srtm
6438,Mine_06438,8.859597,78.234944,201.95,10.81,22.79,5.54,synthetic_srtm
6439,Mine_06439,11.118261,79.983682,884.24,23.42,157.23,7.27,synthetic_srtm
6440,Mine_06440,9.817905,76.739535,568.5,15.97,79.75,6.7,synthetic_srtm
6441,Mine_06441,13.353817,78.259689,292.09,13.6,353.07,5.52,synthetic_srtm
6442,Mine_06442,9.097991,79.848075,255.29,14.43,115.04,6.56,synthetic_srtm
6443,Mine_06443,13.0718,76.920751,723.44,16.63,7.19,6.54,synthetic_srtm
6444,Mine_06444,10.049218,76.061561,803.3,17.08,78.57,7.22,synthetic_srtm
6445,Mine_06445,8.477011,78.731596,232.85,1.87,0.13,3.11,synthetic_srtm
6446,Mine_06446,11.484547,79.491998,309.95,2.78,188.74,5.26,synthetic_srtm
6447,Mine_06447,12.187643,78.371446,646.63,5.22,242.29,5.5,synthetic_srtm
6448,Mine_06448,12.155797,78.02814,601.36,20.47,83.65,8.71,synthetic_srtm
6449,Mine_06449,8.61802,78.49286,631.3,13.6,114.09,6.87,synthetic_srtm
6450,Mine_06450,9.32358,79.434786,315.39,1.21,289.76,0.46,synthetic_srtm
6451,Mine_06451,13.065267,79.702812,678.87,12.62,57.79,7.39,synthetic_srtm
6452,Mine_06452,8.924114,79.676649,441.16,11.03,137.51,6.97,synthetic_srtm
6453,Mine_06453,12.496055,76.150903,1668.87,19.03,60.54,9.55,synthetic_srtm
6454,Mine_06454,12.254572,77.039828,1174.82,30.88,182.34,9.6,synthetic_srtm
6455,Mine_06455,10.685077,79.291102,353.04,0.66,288.33,1.43,synthetic_srtm
6456,Mine_06456,8.894483,79.380163,545.56,24.12,271.25,8.28,synthetic_srtm
6457,Mine_06457,11.721985,77.380048,1757.78,23.17,31.48,10.76,synthetic_srtm
6458,Mine_06458,12.213784,76.883458,819.22,21.11,120.44,7.06,synthetic_srtm
6459,Mine_06459,11.899136,78.936784,943.02,12.59,357.13,4.74,synthetic_srtm
6460,Mine_06460,9.755707,80.31293,878.73,15.72,205.56,6.43,synthetic_srtm
6461,Mine_06461,12.008765,76.453957,1675.67,41.49,169.67,14.92,synthetic_srtm
6462,Mine_06462,9.790085,77.624492,652.93,22.21,355.09,11.05,synthetic_srtm
6463,Mine_06463,9.220464,77.717253,646.06,16.49,303.25,6.0,synthetic_srtm
6464,Mine_06464,13.096939,79.795838,231.96,14.03,90.92,4.28,synthetic_srtm
6465,Mine_06465,9.89263,80.036668,548.61,20.07,18.85,9.1,synthetic_srtm
6466,Mine_06466,9.19359,76.769523,627.98,21.42,277.44,7.41,synthetic_srtm
6467,Mine_06467,13.097018,79.701917,450.3,11.71,132.19,5.64,synthetic_srtm
6468,Mine_06468,8.115632,76.105967,1296.88,34.74,135.9,15.38,synthetic_srtm
6469,Mine_06469,8.722343,80.38981,591.65,19.33,159.68,8.33,synthetic_srtm
6470,Mine_06470,10.208129,79.705653,778.14,23.65,310.18,7.44,synthetic_srtm
6471,Mine_06471,10.185466,77.678315,443.83,0.44,140.8,4.58,synthetic_srtm
6472,Mine_06472,9.429126,76.234817,1332.61,36.04,250.87,12.69,synthetic_srtm
6473,Mine_06473,13.193836,78.952455,287.38,14.1,348.66,8.96,synthetic_srtm
6474,Mine_06474,13.423897,78.852426,346.71,10.58,292.29,3.18,synthetic_srtm
6475,Mine_06475,9.135563,78.914893,788.41,8.24,83.76,4.38,synthetic_srtm
6476,Mine_06476,12.152606,78.634588,747.15,8.24,303.45,6.78,synthetic_srtm
6477,Mine_06477,8.652743,77.313145,282.15,4.35,227.14,4.12,synthetic_srtm
6478,Mine_06478,10.011532,77.639306,518.57,6.7,106.26,5.72,synthetic_srtm
6479,Mine_06479,11.49732,78.327943,797.54,7.26,297.81,3.02,synthetic_srtm
6480,Mine_06480,12.537632,77.649522,1364.55,25.73,119.41,12.25,synthetic_srtm
6481,Mine_06481,10.330651,76.38638,582.03,24.11,70.52,12.08,synthetic_srtm
6482,Mine_06482,11.702631,78.19215,269.6,5.87,185.87,3.4,synthetic_srtm
6483,Mine_06483,11.224857,76.853286,1141.94,33.01,315.54,11.95,synthetic_srtm
6484,Mine_06484,10.186398,80.179804,389.0,7.5,121.06,4.28,synthetic_srtm
6485,Mine_06485,12.987579,76.393308,1467.27,41.51,234.27,13.15,synthetic_srtm
6486,Mine_06486,8.936143,79.899035,289.3,14.81,50.28,7.99,synthetic_srtm
6487,Mine_06487,11.464935,77.85606,1985.37,36.15,336.94,11.91,synthetic_srtm
6488,Mine_06488,11.646271,76.283129,730.79,20.52,216.29,10.27,synthetic_srtm
6489,Mine_06489,8.586918,76.386748,1439.71,41.25,16.9,13.18,synthetic_srtm
6490,Mine_06490,12.890768,77.980854,1252.54,21.59,97.51,8.65,synthetic_srtm
6491,Mine_06491,8.376666,79.612691,744.49,9.74,18.1,5.72,synthetic_srtm
6492,Mine_06492,8.64911,79.830567,914.91,21.04,129.95,8.02,synthetic_srtm
6493,Mine_06493,9.422595,77.01307,694.02,24.34,319.61,10.62,synthetic_srtm
6494,Mine_06494,8.068042,76.47183,1357.61,25.67,327.03,8.82,synthetic_srtm
6495,Mine_06495,11.834836,80.48169,746.81,13.21,359.54,8.17,synthetic_srtm
6496,Mine_06496,11.521883,77.604395,1464.5,34.21,23.65,14.87,synthetic_srtm
6497,Mine_06497,11.686741,76.137922,1093.92,34.35,18.87,10.85,synthetic_srtm
6498,Mine_06498,8.19403,77.424969,658.32,14.65,285.71,9.04,synthetic_srtm
6499,Mine_06499,11.254054,77.456659,1578.78,18.43,254.32,7.06,synthetic_srtm
6500,Mine_06500,8.467448,76.299558,1400.65,40.18,317.97,14.09,synthetic_srtm
6501,Mine_06501,8.151554,80.219539,545.49,8.29,146.42,5.22,synthetic_srtm
6502,Mine_06502,11.179842,77.775999,1344.59,44.21,330.64,15.33,synthetic_srtm
6503,Mine_06503,11.352726,76.981362,936.46,6.77,13.24,6.57,synthetic_srtm
6504,Mine_06504,10.643544,80.487428,218.19,7.07,278.51,3.35,synthetic_srtm
6505,Mine_06505,10.713466,79.655909,734.28,7.22,131.53,2.68,synthetic_srtm
6506,Mine_06506,12.986544,77.153591,1851.74,36.3,14.36,10.95,synthetic_srtm
6507,Mine_06507,11.187405,77.556449,2274.89,24.04,195.17,10.03,synthetic_srtm
6508,Mine_06508,8.974901,78.537203,628.68,8.23,14.58,5.91,synthetic_srtm
6509,Mine_06509,8.40928,79.344237,229.39,0.9,18.78,3.17,synthetic_srtm
6510,Mine_06510,8.956411,77.174888,505.95,19.04,257.49,7.32,synthetic_srtm
6511,Mine_06511,11.094878,77.329729,1210.25,42.56,261.12,13.38,synthetic_srtm
6512,Mine_06512,11.381746,77.053732,2104.5,38.97,244.85,13.36,synthetic_srtm
6513,Mine_06513,11.601985,76.189652,601.77,23.13,130.07,9.62,synthetic_srtm
6514,Mine_06514,9.222095,79.95592,648.88,23.63,274.88,11.99,synthetic_srtm
6515,Mine_06515,9.877753,78.584487,327.42,4.72,161.91,2.14,synthetic_srtm
6516,Mine_06516,10.62178,76.475024,1316.77,16.82,149.53,8.01,synthetic_srtm
6517,Mine_06517,8.763518,76.861051,1649.79,33.5,227.93,12.81,synthetic_srtm
6518,Mine_06518,10.487469,76.212801,750.28,8.05,61.54,6.94,synthetic_srtm
6519,Mine_06519,12.318144,78.913568,272.85,8.55,199.28,4.42,synthetic_srtm
6520,Mine_06520,8.295861,79.308173,699.88,13.83,272.22,5.04,synthetic_srtm
6521,Mine_06521,11.822861,76.96073,642.74,22.16,253.1,7.01,synthetic_srtm
6522,Mine_06522,11.281998,76.766828,1199.85,20.93,123.15,10.7,synthetic_srtm
6523,Mine_06523,10.195753,79.710802,753.25,6.93,182.8,2.42,synthetic_srtm
6524,Mine_06524,10.10566,76.891919,570.61,20.51,94.21,6.35,synthetic_srtm
6525,Mine_06525,11.976412,79.544707,335.23,8.15,112.3,4.84,synthetic_srtm
6526,Mine_06526,12.372708,80.001132,232.41,1.14,176.68,0.92,synthetic_srtm
6527,Mine_06527,8.117497,76.162496,531.24,13.43,73.0,8.69,synthetic_srtm
6528,Mine_06528,9.476821,76.923109,1085.09,24.12,8.17,11.28,synthetic_srtm
6529,Mine_06529,10.49664,76.852737,1167.84,32.28,146.57,12.22,synthetic_srtm
6530,Mine_06530,9.847183,77.272513,546.46,11.7,350.92,8.09,synthetic_srtm
6531,Mine_06531,8.078262,79.575118,626.76,5.03,284.78,3.76,synthetic_srtm
6532,Mine_06532,11.244521,77.082416,1878.68,37.4,57.71,12.4,synthetic_srtm
6533,Mine_06533,9.426005,77.681671,728.26,18.04,230.76,6.3,synthetic_srtm
6534,Mine_06534,12.78601,79.851175,963.45,7.42,324.56,4.36,synthetic_srtm
6535,Mine_06535,11.784691,79.163213,621.06,7.55,97.96,4.24,synthetic_srtm
6536,Mine_06536,13.266971,77.74958,2146.33,36.0,149.58,15.1,synthetic_srtm
6537,Mine_06537,13.371042,77.105514,2178.76,41.85,141.13,13.64,synthetic_srtm
6538,Mine_06538,12.178818,80.402127,249.18,0.96,12.14,4.93,synthetic_srtm
6539,Mine_06539,10.304569,77.477297,344.64,0.28,255.69,1.95,synthetic_srtm
6540,Mine_06540,10.300993,78.457986,203.41,11.56,296.55,3.74,synthetic_srtm
6541,Mine_06541,12.634793,77.206633,2060.43,32.07,78.37,13.99,synthetic_srtm
6542,Mine_06542,8.203442,79.093339,273.22,9.56,152.35,6.42,synthetic_srtm
6543,Mine_06543,12.628414,77.150774,1875.13,22.38,322.56,8.27,synthetic_srtm
6544,Mine_06544,12.734385,78.404984,938.55,15.67,94.98,7.18,synthetic_srtm
6545,Mine_06545,9.806652,78.72831,442.5,0.13,87.3,1.04,synthetic_srtm
6546,Mine_06546,10.676191,78.133164,901.12,15.29,171.06,9.16,synthetic_srtm
6547,Mine_06547,12.62626,79.63579,646.31,5.55,349.24,2.63,synthetic_srtm
6548,Mine_06548,10.019246,77.185277,724.5,6.72,175.78,2.53,synthetic_srtm
6549,Mine_06549,12.008904,78.691434,874.55,9.36,209.17,5.11,synthetic_srtm
6550,Mine_06550,10.940343,76.004622,680.94,8.8,27.21,3.43,synthetic_srtm
6551,Mine_06551,11.704223,77.56299,1813.22,20.39,307.49,6.32,synthetic_srtm
6552,Mine_06552,12.272437,77.62007,1778.21,26.22,228.11,10.61,synthetic_srtm
6553,Mine_06553,12.717952,76.559489,989.14,7.68,232.8,5.11,synthetic_srtm
6554,Mine_06554,12.307105,80.201592,524.3,13.44,190.28,5.99,synthetic_srtm
6555,Mine_06555,12.55651,78.43325,794.47,17.04,61.52,6.14,synthetic_srtm
6556,Mine_06556,10.594842,78.73685,672.87,7.3,265.09,3.35,synthetic_srtm
6557,Mine_06557,10.185703,77.269206,736.93,24.87,18.36,10.15,synthetic_srtm
6558,Mine_06558,9.312638,76.380154,769.74,24.99,270.51,11.67,synthetic_srtm
6559,Mine_06559,8.712775,77.865987,729.18,15.54,167.12,6.7,synthetic_srtm
6560,Mine_06560,10.415885,79.635634,979.27,8.47,170.1,5.99,synthetic_srtm
6561,Mine_06561,11.863719,76.391553,1116.06,35.41,88.56,13.78,synthetic_srtm
6562,Mine_06562,13.09556,76.251953,1485.4,34.39,126.0,11.64,synthetic_srtm
6563,Mine_06563,13.423288,77.509438,1821.53,32.86,253.93,11.08,synthetic_srtm
6564,Mine_06564,10.901076,78.149134,745.27,12.66,244.58,6.92,synthetic_srtm
6565,Mine_06565,9.8665,78.122721,458.28,0.76,354.25,5.08,synthetic_srtm
6566,Mine_06566,9.227123,77.837859,763.04,20.39,192.01,11.11,synthetic_srtm
6567,Mine_06567,12.338943,78.458053,309.67,14.56,62.98,5.39,synthetic_srtm
6568,Mine_06568,11.467702,77.42445,1546.28,22.62,146.27,9.51,synthetic_srtm
6569,Mine_06569,10.244019,77.721932,689.93,14.29,208.64,8.67,synthetic_srtm
6570,Mine_06570,11.965676,76.99012,527.81,10.94,175.46,6.91,synthetic_srtm
6571,Mine_06571,9.880092,76.038897,1468.5,23.24,52.59,11.91,synthetic_srtm
6572,Mine_06572,13.429042,76.537903,663.63,14.77,117.45,7.79,synthetic_srtm
6573,Mine_06573,8.206009,78.635408,462.25,0.19,226.17,1.95,synthetic_srtm
6574,Mine_06574,13.012047,76.569654,1392.94,43.69,113.75,14.3,synthetic_srtm
6575,Mine_06575,8.839645,76.436021,915.46,19.43,52.83,10.64,synthetic_srtm
6576,Mine_06576,11.493582,77.095964,1036.1,40.94,200.23,14.92,synthetic_srtm
6577,Mine_06577,12.034521,77.749361,1514.78,36.61,303.86,12.82,synthetic_srtm
6578,Mine_06578,9.465089,77.006201,999.5,20.05,158.7,10.48,synthetic_srtm
6579,Mine_06579,13.470454,80.05195,367.35,13.44,207.45,8.92,synthetic_srtm
6580,Mine_06580,11.718596,78.334059,987.99,22.27,175.89,10.04,synthetic_srtm
6581,Mine_06581,12.865154,76.04284,506.32,15.91,122.18,8.82,synthetic_srtm
6582,Mine_06582,12.611156,76.833131,1365.7,39.81,99.67,14.29,synthetic_srtm
6583,Mine_06583,11.447234,79.641427,720.1,17.3,177.09,5.86,synthetic_srtm
6584,Mine_06584,8.614758,76.396814,1206.39,21.82,201.66,9.31,synthetic_srtm
6585,Mine_06585,9.097752,79.518335,520.91,12.06,32.99,7.5,synthetic_srtm
6586,Mine_06586,13.497849,80.272145,980.51,18.05,261.58,8.45,synthetic_srtm
6587,Mine_06587,11.51178,77.729577,1810.36,36.39,156.53,13.79,synthetic_srtm
6588,Mine_06588,10.075327,78.007173,975.65,11.61,122.18,5.02,synthetic_srtm
6589,Mine_06589,13.313333,78.140262,680.4,9.74,237.8,6.16,synthetic_srtm
6590,Mine_06590,10.765276,77.529273,681.19,10.61,337.74,6.42,synthetic_srtm
6591,Mine_06591,12.23167,78.805045,981.92,24.5,30.41,9.83,synthetic_srtm
6592,Mine_06592,9.506642,77.343577,234.27,10.95,244.64,6.62,synthetic_srtm
6593,Mine_06593,13.056376,80.478422,745.49,20.98,50.69,11.12,synthetic_srtm
6594,Mine_06594,10.513739,76.450834,573.03,5.37,194.99,4.01,synthetic_srtm
6595,Mine_06595,12.890659,77.121043,1113.5,41.14,16.23,13.03,synthetic_srtm
6596,Mine_06596,10.900116,76.879487,1552.32,35.02,225.96,14.91,synthetic_srtm
6597,Mine_06597,9.127384,80.240326,420.48,10.48,359.95,4.69,synthetic_srtm
6598,Mine_06598,11.691393,79.277397,663.24,14.52,242.17,5.57,synthetic_srtm
6599,Mine_06599,11.976079,78.352694,813.15,9.24,218.83,7.64,synthetic_srtm
6600,Mine_06600,11.947903,77.941676,1291.05,28.43,130.56,11.34,synthetic_srtm
6601,Mine_06601,9.214622,77.83529,700.25,20.37,90.56,10.82,synthetic_srtm
6602,Mine_06602,8.472233,77.384641,400.23,6.28,289.32,2.1,synthetic_srtm
6603,Mine_06603,9.991484,79.04495,879.06,8.6,287.43,6.28,synthetic_srtm
6604,Mine_06604,8.753134,76.759894,879.74,16.94,128.75,6.63,synthetic_srtm
6605,Mine_06605,8.378955,79.299945,951.88,7.68,142.97,5.45,synthetic_srtm
6606,Mine_06606,10.020985,76.329211,880.08,6.53,24.53,4.09,synthetic_srtm
6607,Mine_06607,9.484562,80.180399,524.06,11.72,175.65,4.91,synthetic_srtm
6608,Mine_06608,11.934741,76.808458,1084.33,41.72,23.58,12.95,synthetic_srtm
6609,Mine_06609,11.18839,77.680802,2351.57,27.35,60.72,11.91,synthetic_srtm
6610,Mine_06610,9.730916,77.542232,211.52,8.72,338.69,5.17,synthetic_srtm
6611,Mine_06611,10.913168,80.354057,707.77,7.18,100.94,5.04,synthetic_srtm
6612,Mine_06612,12.933395,79.027623,340.07,14.69,102.23,5.22,synthetic_srtm
6613,Mine_06613,10.294107,78.072499,380.49,8.31,225.11,6.24,synthetic_srtm
6614,Mine_06614,10.3815,76.750692,822.79,10.9,286.25,3.94,synthetic_srtm
6615,Mine_06615,11.693224,78.563032,681.68,9.55,273.04,6.35,synthetic_srtm
6616,Mine_06616,9.963603,80.380159,749.13,21.75,209.88,7.31,synthetic_srtm
6617,Mine_06617,13.409229,79.712057,815.8,22.97,343.93,10.06,synthetic_srtm
6618,Mine_06618,12.435489,76.247609,1252.92,17.42,320.76,10.02,synthetic_srtm
6619,Mine_06619,11.809933,79.693452,280.15,8.68,179.61,7.22,synthetic_srtm
6620,Mine_06620,9.431862,78.202929,788.1,9.14,79.76,6.88,synthetic_srtm
6621,Mine_06621,13.191375,80.087862,662.38,5.52,107.15,5.74,synthetic_srtm
6622,Mine_06622,10.076503,76.945334,1309.99,31.61,139.5,12.63,synthetic_srtm
6623,Mine_06623,12.284216,79.49177,649.27,22.11,120.89,9.44,synthetic_srtm
6624,Mine_06624,11.677633,77.111729,1079.82,41.73,240.69,13.84,synthetic_srtm
6625,Mine_06625,13.446884,76.056033,1004.02,34.76,247.11,14.8,synthetic_srtm
6626,Mine_06626,9.677551,77.936107,578.74,21.47,181.35,10.08,synthetic_srtm
6627,Mine_06627,11.872776,79.479178,592.06,24.54,80.81,9.82,synthetic_srtm
6628,Mine_06628,9.060531,80.091863,707.18,19.65,168.33,9.89,synthetic_srtm
6629,Mine_06629,12.115652,78.152229,922.7,18.72,322.98,5.71,synthetic_srtm
6630,Mine_06630,9.450044,76.637076,1348.05,33.82,341.07,13.86,synthetic_srtm
6631,Mine_06631,10.526571,78.488128,926.26,20.11,239.48,6.41,synthetic_srtm
6632,Mine_06632,10.532335,80.4658,244.49,11.8,97.43,3.74,synthetic_srtm
6633,Mine_06633,11.915551,76.053009,1213.14,22.18,120.9,7.76,synthetic_srtm
6634,Mine_06634,8.573232,77.242616,220.67,8.19,143.78,3.39,synthetic_srtm
6635,Mine_06635,11.34578,77.651791,1777.87,34.0,307.27,11.54,synthetic_srtm
6636,Mine_06636,8.976216,76.469182,1673.93,29.34,357.03,9.78,synthetic_srtm
6637,Mine_06637,9.473586,77.358434,534.44,9.56,100.78,6.09,synthetic_srtm
6638,Mine_06638,9.590623,80.485508,204.65,3.7,308.14,1.82,synthetic_srtm
6639,Mine_06639,11.035421,78.633834,701.4,12.0,159.62,4.15,synthetic_srtm
6640,Mine_06640,12.601139,79.221327,632.5,12.07,226.66,8.36,synthetic_srtm
6641,Mine_06641,12.123141,78.327734,818.77,12.91,220.79,7.69,synthetic_srtm
6642,Mine_06642,12.082428,79.853102,681.63,5.77,77.18,6.4,synthetic_srtm
6643,Mine_06643,9.27776,77.998093,893.42,16.34,206.6,7.35,synthetic_srtm
6644,Mine_06644,9.169152,77.055027,692.92,11.59,291.86,4.05,synthetic_srtm
6645,Mine_06645,12.064673,78.767865,680.5,6.59,268.41,6.82,synthetic_srtm
6646,Mine_06646,9.989166,79.554842,382.86,9.25,302.63,4.11,synthetic_srtm
6647,Mine_06647,12.418091,77.383941,1383.79,18.48,322.38,9.21,synthetic_srtm
6648,Mine_06648,8.720005,77.088758,856.14,5.9,187.48,6.0,synthetic_srtm
6649,Mine_06649,11.223946,78.888504,564.71,21.21,98.96,7.0,synthetic_srtm
6650,Mine_06650,11.23276,76.352513,1539.29,28.58,40.48,11.14,synthetic_srtm
6651,Mine_06651,12.170826,77.915549,1674.66,17.98,305.3,10.19,synthetic_srtm
6652,Mine_06652,9.523373,80.478763,590.31,12.55,334.67,4.59,synthetic_srtm
6653,Mine_06653,13.103811,78.540492,466.68,8.02,214.53,6.03,synthetic_srtm
6654,Mine_06654,12.543712,80.46484,736.99,23.5,301.57,9.8,synthetic_srtm
6655,Mine_06655,9.07083,78.95496,645.41,8.29,3.66,6.93,synthetic_srtm
6656,Mine_06656,12.156916,76.739053,1420.77,32.44,128.21,9.96,synthetic_srtm
6657,Mine_06657,10.750607,78.560322,915.64,18.24,168.08,9.05,synthetic_srtm
6658,Mine_06658,8.467824,76.692942,1303.37,43.94,24.12,17.94,synthetic_srtm
6659,Mine_06659,10.052455,77.812052,661.48,8.78,53.62,6.69,synthetic_srtm
6660,Mine_06660,8.253466,78.111423,485.25,0.19,132.07,3.65,synthetic_srtm
6661,Mine_06661,9.043481,77.180281,643.85,22.97,163.61,10.05,synthetic_srtm
6662,Mine_06662,11.37509,77.648852,1493.3,44.73,104.39,16.17,synthetic_srtm
6663,Mine_06663,10.570601,78.67016,661.22,23.48,87.03,8.23,synthetic_srtm
6664,Mine_06664,9.637926,78.848515,659.66,14.58,110.19,7.34,synthetic_srtm
6665,Mine_06665,12.965151,76.616711,1214.7,36.14,34.2,15.7,synthetic_srtm
6666,Mine_06666,8.199037,79.32658,517.57,11.79,254.04,8.46,synthetic_srtm
6667,Mine_06667,10.870611,80.069974,723.65,13.92,185.43,5.72,synthetic_srtm
6668,Mine_06668,11.365189,79.467061,344.1,9.09,311.67,4.46,synthetic_srtm
6669,Mine_06669,13.440803,78.994216,420.2,1.78,268.48,3.13,synthetic_srtm
6670,Mine_06670,8.167765,77.507323,527.95,10.65,215.73,7.95,synthetic_srtm
6671,Mine_06671,12.031273,76.073075,571.7,11.69,327.51,8.17,synthetic_srtm
6672,Mine_06672,10.056933,78.735306,353.65,3.98,115.15,4.19,synthetic_srtm
6673,Mine_06673,9.071951,80.040333,368.23,0.1,68.72,1.54,synthetic_srtm
6674,Mine_06674,8.617353,79.857261,497.53,2.6,185.79,3.46,synthetic_srtm
6675,Mine_06675,10.994145,76.879459,1623.4,34.41,307.64,11.79,synthetic_srtm
6676,Mine_06676,8.275861,77.460913,491.18,2.66,355.91,3.37,synthetic_srtm
6677,Mine_06677,8.098875,76.354957,1604.58,35.9,136.91,15.61,synthetic_srtm
6678,Mine_06678,12.319651,79.826504,451.22,2.79,322.83,3.02,synthetic_srtm
6679,Mine_06679,12.246459,76.526322,765.51,14.95,266.97,5.54,synthetic_srtm
6680,Mine_06680,12.605797,78.231297,677.13,13.41,65.66,4.42,synthetic_srtm
6681,Mine_06681,10.620989,76.526627,1116.61,39.26,157.49,14.09,synthetic_srtm
6682,Mine_06682,10.831564,78.164949,483.11,14.6,162.68,9.08,synthetic_srtm
6683,Mine_06683,12.742892,77.047016,1644.23,28.97,349.3,12.13,synthetic_srtm
6684,Mine_06684,10.744598,78.786852,912.27,23.65,31.97,10.53,synthetic_srtm
6685,Mine_06685,13.170747,76.144563,1028.37,26.13,246.44,10.86,synthetic_srtm
6686,Mine_06686,12.401752,77.877084,1196.15,23.76,334.61,11.18,synthetic_srtm
6687,Mine_06687,8.752589,76.794597,1587.26,38.91,6.05,16.38,synthetic_srtm
6688,Mine_06688,13.170146,78.95825,605.21,23.09,66.85,10.17,synthetic_srtm
6689,Mine_06689,10.484026,78.705825,889.42,17.51,18.59,5.34,synthetic_srtm
6690,Mine_06690,11.082493,78.805892,959.04,8.75,331.96,5.72,synthetic_srtm
6691,Mine_06691,11.551472,78.239846,831.35,15.36,288.24,7.62,synthetic_srtm
6692,Mine_06692,8.801917,78.442075,481.57,14.04,212.58,9.04,synthetic_srtm
6693,Mine_06693,8.938131,77.914124,949.79,7.38,143.63,4.53,synthetic_srtm
6694,Mine_06694,13.055445,80.273575,483.61,12.37,174.72,6.85,synthetic_srtm
6695,Mine_06695,9.212327,79.288053,515.77,13.78,300.57,8.55,synthetic_srtm
6696,Mine_06696,11.798357,76.937261,1176.08,16.21,317.97,8.66,synthetic_srtm
6697,Mine_06697,11.988073,78.191198,512.03,23.91,267.97,9.13,synthetic_srtm
6698,Mine_06698,12.33178,79.172027,905.39,24.38,58.18,11.14,synthetic_srtm
6699,Mine_06699,11.509575,77.360851,1479.14,41.05,17.19,12.53,synthetic_srtm
6700,Mine_06700,10.300969,78.480625,970.5,23.35,237.98,9.23,synthetic_srtm
6701,Mine_06701,9.453949,80.182156,921.47,6.1,336.69,2.06,synthetic_srtm
6702,Mine_06702,9.498021,78.672981,313.69,3.26,301.54,2.83,synthetic_srtm
6703,Mine_06703,8.600491,76.934196,1529.83,38.74,235.56,13.34,synthetic_srtm
6704,Mine_06704,11.871643,76.328892,1015.96,23.2,83.93,11.52,synthetic_srtm
6705,Mine_06705,10.316075,78.010436,619.18,20.64,246.18,8.4,synthetic_srtm
6706,Mine_06706,8.426433,80.486136,221.94,12.91,298.27,4.76,synthetic_srtm
6707,Mine_06707,12.519252,76.288349,626.35,17.37,125.19,7.65,synthetic_srtm
6708,Mine_06708,10.781169,79.678785,974.25,15.75,223.88,7.82,synthetic_srtm
6709,Mine_06709,12.348623,77.833122,1121.09,44.8,131.11,17.95,synthetic_srtm
6710,Mine_06710,11.107048,79.268514,528.2,18.95,14.13,8.33,synthetic_srtm
6711,Mine_06711,9.434303,80.092418,469.64,3.41,326.28,3.05,synthetic_srtm
6712,Mine_06712,10.787295,79.295159,617.46,18.57,227.15,7.8,synthetic_srtm
6713,Mine_06713,8.968261,76.916761,1098.63,19.45,337.49,8.64,synthetic_srtm
6714,Mine_06714,10.072616,79.520326,431.56,9.01,222.19,2.81,synthetic_srtm
6715,Mine_06715,11.003434,78.629113,209.28,7.18,237.97,3.39,synthetic_srtm
6716,Mine_06716,8.03874,78.661033,208.06,11.65,218.3,7.82,synthetic_srtm
6717,Mine_06717,9.383439,79.226559,399.47,6.39,154.45,4.07,synthetic_srtm
6718,Mine_06718,11.568616,80.006099,860.72,14.59,92.6,5.58,synthetic_srtm
6719,Mine_06719,10.239975,77.57127,980.84,17.09,242.27,9.67,synthetic_srtm
6720,Mine_06720,11.512646,78.294355,985.44,18.41,99.09,6.08,synthetic_srtm
6721,Mine_06721,12.462349,79.551354,804.66,7.82,153.09,7.27,synthetic_srtm
6722,Mine_06722,10.129626,76.453193,699.78,20.33,346.83,10.22,synthetic_srtm
6723,Mine_06723,11.607545,77.983696,1979.31,43.15,88.55,16.08,synthetic_srtm
6724,Mine_06724,10.947341,76.553229,803.62,6.16,304.36,2.41,synthetic_srtm
6725,Mine_06725,10.358164,77.528647,376.15,9.0,335.63,6.08,synthetic_srtm
6726,Mine_06726,9.563576,76.70984,695.44,19.62,265.73,7.49,synthetic_srtm
6727,Mine_06727,12.799433,77.388213,1907.81,27.99,180.33,12.31,synthetic_srtm
6728,Mine_06728,11.303176,80.122017,533.32,21.19,21.31,11.02,synthetic_srtm
6729,Mine_06729,13.073429,76.076601,927.33,22.3,81.84,8.46,synthetic_srtm
6730,Mine_06730,10.626844,77.046177,811.02,5.42,28.52,2.23,synthetic_srtm
6731,Mine_06731,12.441799,76.694196,826.14,23.48,86.26,11.43,synthetic_srtm
6732,Mine_06732,12.296134,78.985836,501.82,11.16,204.94,4.03,synthetic_srtm
6733,Mine_06733,8.238582,78.791941,886.43,21.07,354.68,9.55,synthetic_srtm
6734,Mine_06734,10.614831,76.731881,1264.94,38.63,275.7,13.72,synthetic_srtm
6735,Mine_06735,12.402333,79.413013,449.65,8.17,83.18,3.64,synthetic_srtm
6736,Mine_06736,9.392525,78.445916,388.38,5.67,85.35,5.62,synthetic_srtm
6737,Mine_06737,10.107066,79.561143,510.77,21.73,158.33,11.25,synthetic_srtm
6738,Mine_06738,12.217723,79.356027,815.11,15.9,121.34,9.37,synthetic_srtm
6739,Mine_06739,9.031483,76.054727,1177.11,17.99,169.01,7.94,synthetic_srtm
6740,Mine_06740,8.743502,77.502128,453.8,1.61,13.95,2.44,synthetic_srtm
6741,Mine_06741,8.269691,76.813333,1051.97,26.15,18.92,11.45,synthetic_srtm
6742,Mine_06742,12.95616,78.229289,865.07,13.27,72.52,7.84,synthetic_srtm
6743,Mine_06743,8.906765,78.33173,523.83,11.16,271.47,4.28,synthetic_srtm
6744,Mine_06744,9.297349,76.155474,971.79,16.44,354.13,5.41,synthetic_srtm
6745,Mine_06745,12.907949,79.228284,525.78,22.09,190.24,10.34,synthetic_srtm
6746,Mine_06746,10.354846,80.393686,365.46,12.37,318.63,8.15,synthetic_srtm
6747,Mine_06747,9.452138,76.750002,1335.41,15.55,83.46,6.71,synthetic_srtm
6748,Mine_06748,9.800927,79.456888,428.0,4.66,239.84,5.6,synthetic_srtm
6749,Mine_06749,10.667444,79.153101,636.7,19.33,294.43,9.06,synthetic_srtm
6750,Mine_06750,9.15994,76.978699,1194.97,34.92,228.71,11.8,synthetic_srtm
6751,Mine_06751,11.011991,78.711113,528.49,14.53,316.52,8.18,synthetic_srtm
6752,Mine_06752,8.771351,76.209521,918.85,16.68,106.83,7.1,synthetic_srtm
6753,Mine_06753,10.362653,78.822088,744.16,8.05,195.17,5.02,synthetic_srtm
6754,Mine_06754,8.954863,78.039389,702.51,12.52,252.73,8.01,synthetic_srtm
6755,Mine_06755,10.28279,76.974123,872.79,16.36,67.3,9.01,synthetic_srtm
6756,Mine_06756,11.912167,79.304616,923.13,19.09,126.51,8.74,synthetic_srtm
6757,Mine_06757,13.033241,77.163921,1364.47,39.32,70.59,13.35,synthetic_srtm
6758,Mine_06758,8.698642,79.130139,458.12,14.97,166.67,7.95,synthetic_srtm
6759,Mine_06759,9.606268,76.31279,735.68,16.22,337.89,5.07,synthetic_srtm
6760,Mine_06760,8.723018,78.200645,743.56,21.6,84.91,8.72,synthetic_srtm
6761,Mine_06761,8.337018,78.910086,470.48,10.69,29.75,6.23,synthetic_srtm
6762,Mine_06762,9.553506,78.702284,541.1,21.53,286.76,8.05,synthetic_srtm
6763,Mine_06763,12.681092,76.302617,910.06,16.18,69.7,8.78,synthetic_srtm
6764,Mine_06764,11.365,76.965447,604.44,8.11,168.31,3.64,synthetic_srtm
6765,Mine_06765,10.777079,79.674541,311.34,0.85,4.87,3.17,synthetic_srtm
6766,Mine_06766,9.202654,76.894695,1564.59,42.35,276.39,16.75,synthetic_srtm
6767,Mine_06767,13.257059,77.57498,1541.95,27.11,321.32,8.51,synthetic_srtm
6768,Mine_06768,11.248041,79.6434,503.46,10.42,40.93,6.75,synthetic_srtm
6769,Mine_06769,8.589223,79.347643,421.93,7.95,193.47,2.59,synthetic_srtm
6770,Mine_06770,11.326051,76.118979,1362.49,17.1,129.16,6.29,synthetic_srtm
6771,Mine_06771,9.430515,77.450754,643.49,9.02,329.66,3.47,synthetic_srtm
6772,Mine_06772,13.358781,80.256151,503.47,19.1,106.63,6.31,synthetic_srtm
6773,Mine_06773,13.215767,79.42459,307.17,3.9,246.96,3.5,synthetic_srtm
6774,Mine_06774,12.283131,78.842636,652.91,22.34,275.71,9.03,synthetic_srtm
6775,Mine_06775,12.520128,79.573724,401.87,7.06,55.02,3.04,synthetic_srtm
6776,Mine_06776,9.876065,77.872269,423.83,9.5,49.83,3.92,synthetic_srtm
6777,Mine_06777,12.99003,79.868814,776.48,9.91,1.89,5.18,synthetic_srtm
6778,Mine_06778,11.99126,78.154966,512.35,14.79,234.36,5.28,synthetic_srtm
6779,Mine_06779,8.334844,78.885902,362.56,14.98,32.02,8.37,synthetic_srtm
6780,Mine_06780,10.40784,77.755747,218.91,1.57,312.64,5.34,synthetic_srtm
6781,Mine_06781,9.433894,79.002716,733.34,17.62,111.42,5.8,synthetic_srtm
6782,Mine_06782,13.297335,79.797213,404.6,1.94,314.93,2.35,synthetic_srtm
6783,Mine_06783,12.734327,78.543614,712.72,18.51,7.5,9.75,synthetic_srtm
6784,Mine_06784,12.451918,76.601437,1106.87,28.66,11.1,9.86,synthetic_srtm
6785,Mine_06785,12.517207,80.395044,529.6,23.95,323.29,7.88,synthetic_srtm
6786,Mine_06786,12.828793,76.062837,895.52,14.83,303.99,6.01,synthetic_srtm
6787,Mine_06787,8.238369,78.897564,611.63,7.51,52.25,4.57,synthetic_srtm
6788,Mine_06788,12.045285,77.24393,2145.83,43.14,45.33,14.71,synthetic_srtm
6789,Mine_06789,8.651998,79.115078,526.12,13.47,317.0,8.76,synthetic_srtm
6790,Mine_06790,11.992818,76.273958,1697.53,21.24,148.78,9.86,synthetic_srtm
6791,Mine_06791,12.097569,80.414286,950.28,9.81,66.5,6.65,synthetic_srtm
6792,Mine_06792,8.648285,78.515592,417.76,5.78,284.49,5.15,synthetic_srtm
6793,Mine_06793,8.840596,77.632389,590.58,5.44,84.0,1.97,synthetic_srtm
6794,Mine_06794,10.713831,80.236524,815.92,16.41,253.53,7.17,synthetic_srtm
6795,Mine_06795,12.781046,76.84064,576.22,20.57,243.87,10.6,synthetic_srtm
6796,Mine_06796,13.188019,79.64773,624.97,17.68,151.04,8.31,synthetic_srtm
6797,Mine_06797,9.879178,79.428412,215.65,6.0,326.01,3.14,synthetic_srtm
6798,Mine_06798,9.657826,79.671017,285.18,13.44,79.53,6.2,synthetic_srtm
6799,Mine_06799,9.135348,79.934662,957.67,14.92,258.85,7.57,synthetic_srtm
6800,Mine_06800,11.336525,80.124666,650.99,8.08,146.78,5.42,synthetic_srtm
6801,Mine_06801,12.605579,78.414003,268.83,3.16,344.34,5.06,synthetic_srtm
6802,Mine_06802,9.974406,78.04945,440.2,14.78,123.62,5.77,synthetic_srtm
6803,Mine_06803,12.97196,77.2704,1028.01,33.21,317.29,12.12,synthetic_srtm
6804,Mine_06804,8.57154,77.131746,866.35,19.95,11.05,7.4,synthetic_srtm
6805,Mine_06805,12.775105,77.883755,1128.41,31.08,338.11,11.38,synthetic_srtm
6806,Mine_06806,11.002476,80.470953,813.69,12.27,198.14,4.33,synthetic_srtm
6807,Mine_06807,9.291919,79.098381,739.29,17.8,19.43,7.51,synthetic_srtm
6808,Mine_06808,13.108179,80.103667,585.65,18.98,286.97,6.76,synthetic_srtm
6809,Mine_06809,10.872384,77.385235,841.27,15.04,292.11,6.51,synthetic_srtm
6810,Mine_06810,12.904323,78.633778,467.78,11.13,205.24,7.39,synthetic_srtm
6811,Mine_06811,12.012948,79.274462,789.59,15.4,244.79,5.5,synthetic_srtm
6812,Mine_06812,11.475987,78.891586,232.71,8.56,127.76,5.21,synthetic_srtm
6813,Mine_06813,12.473625,76.654592,787.96,7.64,145.98,3.18,synthetic_srtm
6814,Mine_06814,8.856086,78.609071,522.15,7.21,339.33,2.4,synthetic_srtm
6815,Mine_06815,10.451349,77.358737,469.59,12.92,19.08,5.9,synthetic_srtm
6816,Mine_06816,8.894722,78.814324,855.58,10.71,342.53,7.76,synthetic_srtm
6817,Mine_06817,12.568172,78.473454,553.87,15.62,225.93,7.89,synthetic_srtm
6818,Mine_06818,8.796065,76.329797,1688.44,27.72,316.76,11.21,synthetic_srtm
6819,Mine_06819,10.527277,77.775356,662.91,18.46,313.18,10.19,synthetic_srtm
6820,Mine_06820,11.516793,80.270656,769.76,7.41,93.83,4.99,synthetic_srtm
6821,Mine_06821,13.025493,78.898717,602.48,6.9,169.42,6.23,synthetic_srtm
6822,Mine_06822,11.773222,78.880324,256.85,2.5,8.55,1.23,synthetic_srtm
6823,Mine_06823,8.807286,76.424591,522.51,14.1,218.24,5.56,synthetic_srtm
6824,Mine_06824,13.32816,77.3612,1271.08,35.73,114.96,15.06,synthetic_srtm
6825,Mine_06825,8.430927,79.386376,222.92,12.41,68.74,5.22,synthetic_srtm
6826,Mine_06826,12.887178,76.011796,616.82,9.65,125.86,3.74,synthetic_srtm
6827,Mine_06827,11.282251,76.147664,626.36,13.73,129.28,7.8,synthetic_srtm
6828,Mine_06828,13.251732,77.19824,2101.63,26.19,168.59,8.48,synthetic_srtm
6829,Mine_06829,10.697324,78.252859,955.6,9.33,7.13,6.56,synthetic_srtm
6830,Mine_06830,10.64942,76.939238,1023.57,21.4,68.69,9.09,synthetic_srtm
6831,Mine_06831,11.770641,76.719537,1677.1,20.95,240.96,8.52,synthetic_srtm
6832,Mine_06832,12.222535,80.327806,338.71,5.18,309.42,2.04,synthetic_srtm
6833,Mine_06833,9.647454,78.724098,436.05,8.87,89.67,2.88,synthetic_srtm
6834,Mine_06834,11.062822,79.30003,576.49,5.68,293.71,5.93,synthetic_srtm
6835,Mine_06835,13.466049,79.716531,806.03,11.97,95.95,5.16,synthetic_srtm
6836,Mine_06836,9.54666,77.944212,791.94,12.44,97.19,8.52,synthetic_srtm
6837,Mine_06837,13.187789,77.144986,2083.89,25.52,207.62,8.4,synthetic_srtm
6838,Mine_06838,9.663098,77.753159,406.49,5.79,101.74,4.15,synthetic_srtm
6839,Mine_06839,9.650149,79.66613,263.3,12.7,325.63,5.38,synthetic_srtm
6840,Mine_06840,9.956218,76.720457,682.34,19.23,259.7,10.74,synthetic_srtm
6841,Mine_06841,12.948394,76.876648,1408.95,25.71,270.94,12.57,synthetic_srtm
6842,Mine_06842,12.871035,78.808081,478.46,6.37,280.28,2.01,synthetic_srtm
6843,Mine_06843,8.230525,77.860689,480.96,0.89,36.33,1.74,synthetic_srtm
6844,Mine_06844,12.27426,77.162609,1073.7,38.3,357.1,12.6,synthetic_srtm
6845,Mine_06845,9.148482,76.587243,1148.2,20.38,274.53,8.46,synthetic_srtm
6846,Mine_06846,13.373404,80.477644,781.57,22.23,168.39,9.47,synthetic_srtm
6847,Mine_06847,9.417135,76.676189,532.63,17.58,349.36,5.94,synthetic_srtm
6848,Mine_06848,13.017339,79.988839,935.29,12.06,138.83,6.97,synthetic_srtm
6849,Mine_06849,12.549587,80.330071,681.15,11.74,252.39,4.03,synthetic_srtm
6850,Mine_06850,9.787456,78.158485,552.52,12.36,287.17,7.44,synthetic_srtm
6851,Mine_06851,13.499448,77.555843,1907.97,30.91,170.01,10.37,synthetic_srtm
6852,Mine_06852,11.6819,76.488994,1697.9,18.03,316.04,8.88,synthetic_srtm
6853,Mine_06853,9.370313,76.759499,641.24,13.93,44.1,5.06,synthetic_srtm
6854,Mine_06854,11.430674,79.448936,925.37,13.41,171.35,5.9,synthetic_srtm
6855,Mine_06855,9.987856,78.133591,829.43,22.1,187.54,8.56,synthetic_srtm
6856,Mine_06856,11.455947,78.80836,303.2,10.21,52.32,3.68,synthetic_srtm
6857,Mine_06857,12.604349,76.692163,985.79,19.85,324.14,10.78,synthetic_srtm
6858,Mine_06858,9.231627,76.997027,1089.94,44.17,151.98,14.23,synthetic_srtm
6859,Mine_06859,11.722367,80.160954,415.3,1.52,218.54,0.86,synthetic_srtm
6860,Mine_06860,9.276452,76.639922,1051.99,26.3,274.81,11.7,synthetic_srtm
6861,Mine_06861,8.711373,79.704208,220.03,8.26,17.32,6.74,synthetic_srtm
6862,Mine_06862,13.445044,78.950169,572.07,12.25,124.0,4.39,synthetic_srtm
6863,Mine_06863,9.35952,80.426074,555.84,22.68,33.22,9.99,synthetic_srtm
6864,Mine_06864,10.073778,77.176221,442.41,4.92,55.5,2.29,synthetic_srtm
6865,Mine_06865,11.272756,78.975588,547.8,13.9,49.49,5.85,synthetic_srtm
6866,Mine_06866,8.115119,79.989749,832.86,21.14,260.09,8.3,synthetic_srtm
6867,Mine_06867,10.762749,77.479138,227.23,12.1,240.72,5.13,synthetic_srtm
6868,Mine_06868,8.537134,77.03368,858.37,9.21,75.8,3.17,synthetic_srtm
6869,Mine_06869,9.43675,80.488875,271.81,2.51,2.94,3.17,synthetic_srtm
6870,Mine_06870,8.586752,76.804731,1259.22,30.4,151.25,13.06,synthetic_srtm
6871,Mine_06871,12.806302,78.84809,391.28,14.69,326.75,6.79,synthetic_srtm
6872,Mine_06872,11.621026,77.765422,2229.07,26.56,266.65,11.34,synthetic_srtm
6873,Mine_06873,10.094729,79.281125,252.73,4.78,123.95,1.96,synthetic_srtm
6874,Mine_06874,9.660904,78.27809,661.18,9.41,31.73,7.82,synthetic_srtm
6875,Mine_06875,8.924691,78.220909,289.34,0.25,351.53,1.04,synthetic_srtm
6876,Mine_06876,8.925252,78.512852,264.26,9.85,59.11,5.25,synthetic_srtm
6877,Mine_06877,12.984046,76.791247,902.94,24.38,251.3,7.77,synthetic_srtm
6878,Mine_06878,10.479931,77.954814,995.15,16.4,186.98,6.01,synthetic_srtm
6879,Mine_06879,11.84968,76.024714,1531.34,23.17,111.86,10.6,synthetic_srtm
6880,Mine_06880,9.954759,76.657439,998.54,14.64,251.22,5.72,synthetic_srtm
6881,Mine_06881,8.138383,79.263287,955.37,15.27,33.11,7.89,synthetic_srtm
6882,Mine_06882,12.809204,78.493807,836.6,19.42,285.01,8.58,synthetic_srtm
6883,Mine_06883,9.172297,76.354436,1172.31,17.48,101.46,9.35,synthetic_srtm
6884,Mine_06884,8.982584,79.850634,917.91,7.32,144.11,2.32,synthetic_srtm
6885,Mine_06885,9.407278,78.137282,984.52,15.93,139.27,5.31,synthetic_srtm
6886,Mine_06886,12.904102,78.594789,382.14,11.45,207.82,4.67,synthetic_srtm
6887,Mine_06887,8.504677,77.456636,260.01,11.66,233.63,6.18,synthetic_srtm
6888,Mine_06888,8.659848,76.714873,522.98,24.82,302.02,7.76,synthetic_srtm
6889,Mine_06889,8.844093,79.853036,203.92,10.22,202.26,6.67,synthetic_srtm
6890,Mine_06890,9.437224,78.62729,925.8,9.91,219.44,7.07,synthetic_srtm
6891,Mine_06891,12.504915,78.969995,777.7,5.34,7.37,6.2,synthetic_srtm
6892,Mine_06892,8.656026,77.448371,530.37,16.01,71.78,9.07,synthetic_srtm
6893,Mine_06893,9.346428,79.058526,372.89,7.15,213.94,3.56,synthetic_srtm
6894,Mine_06894,10.267173,77.515554,870.96,9.48,325.98,4.81,synthetic_srtm
6895,Mine_06895,11.177232,76.298853,1428.7,22.75,278.68,11.21,synthetic_srtm
6896,Mine_06896,11.733477,78.24727,803.75,11.28,177.42,3.83,synthetic_srtm
6897,Mine_06897,10.376169,79.451426,955.44,6.7,203.14,6.3,synthetic_srtm
6898,Mine_06898,10.776486,77.909248,455.09,10.06,237.17,4.04,synthetic_srtm
6899,Mine_06899,8.731021,76.324655,892.57,11.76,210.46,7.2,synthetic_srtm
6900,Mine_06900,8.971828,76.276409,935.55,13.25,107.43,8.8,synthetic_srtm
6901,Mine_06901,8.318217,77.910749,330.89,1.52,279.98,3.14,synthetic_srtm
6902,Mine_06902,10.116873,78.401949,655.03,12.67,192.79,6.1,synthetic_srtm
6903,Mine_06903,9.115394,78.626956,251.5,7.72,283.44,5.94,synthetic_srtm
6904,Mine_06904,9.729532,77.015089,264.28,8.95,270.33,2.8,synthetic_srtm
6905,Mine_06905,11.279387,78.008369,538.27,15.86,10.57,8.1,synthetic_srtm
6906,Mine_06906,11.121763,79.0783,818.69,11.03,169.1,3.41,synthetic_srtm
6907,Mine_06907,12.031889,78.099472,205.25,14.83,321.0,9.08,synthetic_srtm
6908,Mine_06908,11.755163,76.251898,1195.66,41.79,245.59,17.32,synthetic_srtm
6909,Mine_06909,10.709717,80.281694,647.45,16.31,286.47,8.37,synthetic_srtm
6910,Mine_06910,13.241667,76.84389,878.47,19.68,75.93,7.61,synthetic_srtm
6911,Mine_06911,12.877081,76.169146,649.78,14.89,59.83,8.69,synthetic_srtm
6912,Mine_06912,10.511629,79.479639,609.81,16.44,295.68,6.41,synthetic_srtm
6913,Mine_06913,11.154509,79.248079,846.21,15.35,154.67,4.99,synthetic_srtm
6914,Mine_06914,8.404087,78.611659,743.99,10.4,252.25,5.31,synthetic_srtm
6915,Mine_06915,11.743811,76.579911,926.82,14.95,243.91,6.05,synthetic_srtm
6916,Mine_06916,9.911271,76.71934,1314.13,16.96,49.0,7.17,synthetic_srtm
6917,Mine_06917,12.874996,78.42471,340.98,11.18,270.33,7.93,synthetic_srtm
6918,Mine_06918,12.30008,79.152304,952.92,13.82,204.26,6.72,synthetic_srtm
6919,Mine_06919,11.835504,78.300004,521.53,6.79,195.81,4.05,synthetic_srtm
6920,Mine_06920,12.866204,77.395063,1640.0,25.03,140.48,12.09,synthetic_srtm
6921,Mine_06921,8.281331,76.032469,1688.75,30.13,327.37,13.93,synthetic_srtm
6922,Mine_06922,11.267557,79.789925,393.51,7.48,67.33,4.91,synthetic_srtm
6923,Mine_06923,10.920972,77.433608,797.41,16.58,194.77,7.99,synthetic_srtm
6924,Mine_06924,10.808387,76.838687,1543.36,15.71,20.92,8.85,synthetic_srtm
6925,Mine_06925,12.374771,79.127873,907.3,12.29,79.99,5.14,synthetic_srtm
6926,Mine_06926,11.196019,77.045935,1306.0,24.43,311.94,10.66,synthetic_srtm
6927,Mine_06927,11.011687,78.262557,781.32,18.94,68.45,9.85,synthetic_srtm
6928,Mine_06928,10.978504,76.376111,679.55,21.88,235.62,8.29,synthetic_srtm
6929,Mine_06929,9.561378,79.308141,620.36,13.05,282.57,5.73,synthetic_srtm
6930,Mine_06930,9.48788,76.549608,1405.99,20.98,6.89,6.54,synthetic_srtm
6931,Mine_06931,10.205256,79.226515,702.72,16.55,185.76,5.93,synthetic_srtm
6932,Mine_06932,8.497049,78.0903,883.02,13.32,348.07,5.68,synthetic_srtm
6933,Mine_06933,12.187412,79.347939,450.69,13.58,266.59,8.91,synthetic_srtm
6934,Mine_06934,13.3254,78.868619,410.4,12.8,63.72,5.97,synthetic_srtm
6935,Mine_06935,11.440104,77.09695,1645.44,40.13,277.45,15.29,synthetic_srtm
6936,Mine_06936,11.39996,79.549577,459.57,13.6,179.33,7.48,synthetic_srtm
6937,Mine_06937,10.712252,78.346186,387.53,6.9,179.07,2.8,synthetic_srtm
6938,Mine_06938,9.725673,80.427675,788.44,23.96,225.19,8.48,synthetic_srtm
6939,Mine_06939,8.18015,77.413918,959.47,21.3,323.83,7.31,synthetic_srtm
6940,Mine_06940,12.739942,78.771793,735.9,20.89,146.46,9.85,synthetic_srtm
6941,Mine_06941,9.711674,79.960595,710.69,21.41,104.48,7.99,synthetic_srtm
6942,Mine_06942,12.264705,77.069665,2375.25,15.16,232.1,8.57,synthetic_srtm
6943,Mine_06943,12.805654,80.300142,338.23,0.69,225.64,5.01,synthetic_srtm
6944,Mine_06944,9.798358,76.832756,953.5,14.25,240.35,8.5,synthetic_srtm
6945,Mine_06945,12.081161,78.778091,344.92,3.25,324.92,2.31,synthetic_srtm
6946,Mine_06946,9.882327,77.401751,505.45,5.36,170.18,4.1,synthetic_srtm
6947,Mine_06947,10.503854,76.385948,1596.19,35.36,331.43,12.28,synthetic_srtm
6948,Mine_06948,12.772229,78.481653,746.9,17.15,46.65,8.7,synthetic_srtm
6949,Mine_06949,9.819195,79.907909,555.98,15.49,238.48,5.38,synthetic_srtm
6950,Mine_06950,8.34688,77.43074,639.04,18.37,229.06,10.51,synthetic_srtm
6951,Mine_06951,9.061287,78.666697,526.4,18.49,170.49,5.99,synthetic_srtm
6952,Mine_06952,12.219352,77.289495,2301.55,19.95,137.31,8.85,synthetic_srtm
6953,Mine_06953,13.014758,77.988402,1322.77,36.05,126.4,12.39,synthetic_srtm
6954,Mine_06954,9.097257,78.695368,533.19,14.25,349.81,5.24,synthetic_srtm
6955,Mine_06955,12.622997,80.371967,320.01,13.08,285.87,4.16,synthetic_srtm
6956,Mine_06956,10.613077,78.057948,208.43,11.51,353.06,3.94,synthetic_srtm
6957,Mine_06957,13.259346,79.454126,994.79,7.76,148.07,7.12,synthetic_srtm
6958,Mine_06958,9.385542,76.836268,1423.21,34.67,220.41,11.06,synthetic_srtm
6959,Mine_06959,13.255525,80.135344,384.22,5.59,184.44,4.55,synthetic_srtm
6960,Mine_06960,9.2879,77.804887,931.75,24.09,343.98,9.28,synthetic_srtm
6961,Mine_06961,11.278054,76.68499,1127.15,19.42,311.63,6.86,synthetic_srtm
6962,Mine_06962,10.093553,76.45062,1559.32,30.03,266.19,13.66,synthetic_srtm
6963,Mine_06963,10.923202,80.123247,804.53,17.84,346.69,9.6,synthetic_srtm
6964,Mine_06964,11.065874,78.517336,561.02,22.87,236.02,10.64,synthetic_srtm
6965,Mine_06965,10.953133,80.018608,374.46,9.99,32.96,3.94,synthetic_srtm
6966,Mine_06966,12.905359,78.867265,372.45,9.5,5.66,5.47,synthetic_srtm
6967,Mine_06967,13.308448,76.02628,1024.65,21.76,120.89,8.72,synthetic_srtm
6968,Mine_06968,11.492134,79.103193,375.96,9.92,257.73,7.28,synthetic_srtm
6969,Mine_06969,12.890893,79.649983,640.18,24.78,298.46,8.78,synthetic_srtm
6970,Mine_06970,8.528689,79.53196,627.34,21.1,227.01,8.02,synthetic_srtm
6971,Mine_06971,13.112198,78.780588,605.83,7.49,225.06,2.57,synthetic_srtm
6972,Mine_06972,9.49815,77.762995,786.74,5.31,320.69,2.02,synthetic_srtm
6973,Mine_06973,12.254216,77.160335,1817.76,35.33,247.66,15.17,synthetic_srtm
6974,Mine_06974,8.98784,77.349154,614.73,19.45,138.45,7.44,synthetic_srtm
6975,Mine_06975,12.965212,79.726023,504.15,11.49,299.6,7.44,synthetic_srtm
6976,Mine_06976,8.281784,80.048136,805.65,23.41,264.11,9.51,synthetic_srtm
6977,Mine_06977,11.049253,76.492212,1419.75,22.33,327.53,7.43,synthetic_srtm
6978,Mine_06978,8.809632,76.03362,797.02,11.0,36.66,3.5,synthetic_srtm
6979,Mine_06979,9.169366,78.08476,330.03,2.83,272.82,3.02,synthetic_srtm
6980,Mine_06980,8.951236,76.846045,1692.94,19.0,210.75,8.44,synthetic_srtm
6981,Mine_06981,9.479218,79.242529,820.56,11.44,104.86,6.2,synthetic_srtm
6982,Mine_06982,10.834241,77.58828,991.19,6.42,185.75,6.11,synthetic_srtm
6983,Mine_06983,10.811639,79.172992,538.22,14.23,153.59,7.87,synthetic_srtm
6984,Mine_06984,9.694735,78.506883,742.08,20.52,285.12,10.88,synthetic_srtm
6985,Mine_06985,12.86896,78.785936,700.98,11.18,208.66,5.66,synthetic_srtm
6986,Mine_06986,8.268674,76.56378,1593.84,22.48,64.35,7.68,synthetic_srtm
6987,Mine_06987,9.454778,76.652044,903.97,19.86,198.11,10.55,synthetic_srtm
6988,Mine_06988,8.518812,76.95851,1142.08,26.58,309.55,11.51,synthetic_srtm
6989,Mine_06989,10.450804,79.936955,601.38,23.22,251.72,7.23,synthetic_srtm
6990,Mine_06990,11.023686,77.755133,1324.82,25.17,337.55,8.33,synthetic_srtm
6991,Mine_06991,11.05912,77.25704,1265.3,18.79,217.09,7.09,synthetic_srtm
6992,Mine_06992,12.382778,79.366174,878.62,7.27,46.29,7.18,synthetic_srtm
6993,Mine_06993,12.393659,79.94392,918.28,15.21,349.89,7.12,synthetic_srtm
6994,Mine_06994,8.225337,76.47579,524.46,8.72,344.61,7.0,synthetic_srtm
6995,Mine_06995,10.040999,77.76215,207.57,7.33,185.06,4.61,synthetic_srtm
6996,Mine_06996,13.15827,79.571145,598.25,14.34,32.41,5.77,synthetic_srtm
6997,Mine_06997,8.600417,79.283107,544.73,16.23,324.45,8.4,synthetic_srtm
6998,Mine_06998,12.975647,79.438555,563.53,15.71,67.8,7.69,synthetic_srtm
6999,Mine_06999,13.471918,76.811261,1542.18,18.87,269.54,7.17,synthetic_srtm
7000,Mine_07000,10.094366,79.71615,397.37,2.7,42.36,3.89,synthetic_srtm
7001,Mine_07001,13.001206,76.515414,1601.45,20.75,274.43,10.09,synthetic_srtm
7002,Mine_07002,12.271071,79.411569,217.44,4.26,81.78,3.53,synthetic_srtm
7003,Mine_07003,12.476118,79.361531,502.41,19.11,129.46,10.46,synthetic_srtm
7004,Mine_07004,8.276479,76.205252,713.81,16.73,311.55,7.12,synthetic_srtm
7005,Mine_07005,9.969496,78.002256,938.7,23.29,114.36,11.42,synthetic_srtm
7006,Mine_07006,9.434711,79.643322,932.57,6.62,314.81,4.69,synthetic_srtm
7007,Mine_07007,12.945348,80.155969,859.93,24.13,100.22,10.16,synthetic_srtm
7008,Mine_07008,9.658048,80.11562,702.64,18.19,290.19,8.75,synthetic_srtm
7009,Mine_07009,9.433503,80.37908,807.19,5.17,77.73,1.75,synthetic_srtm
7010,Mine_07010,8.647904,76.438552,1556.18,40.49,46.82,15.64,synthetic_srtm
7011,Mine_07011,10.149379,76.284599,1111.88,42.13,187.95,16.2,synthetic_srtm
7012,Mine_07012,8.48108,78.608838,694.27,19.75,161.83,9.2,synthetic_srtm
7013,Mine_07013,11.789227,80.46825,568.81,6.41,218.11,4.8,synthetic_srtm
7014,Mine_07014,10.925573,77.956625,940.65,11.76,186.03,7.35,synthetic_srtm
7015,Mine_07015,11.881206,79.92388,804.13,18.59,283.72,9.45,synthetic_srtm
7016,Mine_07016,9.661468,78.794999,391.38,1.6,53.18,1.36,synthetic_srtm
7017,Mine_07017,9.730839,79.617408,943.47,8.48,290.8,4.91,synthetic_srtm
7018,Mine_07018,9.275636,77.921457,476.42,12.99,180.85,7.43,synthetic_srtm
7019,Mine_07019,10.65849,80.484829,675.85,18.04,179.83,8.99,synthetic_srtm
7020,Mine_07020,8.952048,79.258549,464.54,3.92,75.26,2.03,synthetic_srtm
7021,Mine_07021,11.300405,79.908461,525.54,6.92,6.69,5.54,synthetic_srtm
7022,Mine_07022,9.982014,78.032359,656.07,19.66,0.05,7.29,synthetic_srtm
7023,Mine_07023,12.212114,77.454746,1388.51,23.41,25.22,9.96,synthetic_srtm
7024,Mine_07024,8.938283,77.836136,761.67,21.08,5.69,9.65,synthetic_srtm
7025,Mine_07025,9.98462,79.590967,466.97,2.33,303.3,3.89,synthetic_srtm
7026,Mine_07026,12.51294,79.095671,975.18,23.54,218.94,8.32,synthetic_srtm
7027,Mine_07027,10.167148,79.779451,802.77,24.85,101.17,8.38,synthetic_srtm
7028,Mine_07028,11.632883,79.990951,441.16,3.54,2.5,2.53,synthetic_srtm
7029,Mine_07029,10.948919,77.096173,909.7,22.08,245.13,8.75,synthetic_srtm
7030,Mine_07030,8.90909,80.019711,843.07,22.04,209.41,10.06,synthetic_srtm
7031,Mine_07031,10.797939,77.406424,228.84,6.08,334.54,4.63,synthetic_srtm
7032,Mine_07032,13.444694,77.255387,1073.66,29.55,274.76,9.92,synthetic_srtm
7033,Mine_07033,12.099364,77.559683,1263.54,15.51,129.88,7.47,synthetic_srtm
7034,Mine_07034,13.054152,79.448094,329.81,11.1,184.51,7.81,synthetic_srtm
7035,Mine_07035,12.673267,79.784242,492.28,13.28,24.83,7.41,synthetic_srtm
7036,Mine_07036,10.576159,78.207441,278.85,14.2,78.63,8.08,synthetic_srtm
7037,Mine_07037,10.545131,76.903071,781.36,23.87,259.15,10.57,synthetic_srtm
7038,Mine_07038,12.073031,80.010141,313.72,0.33,263.02,3.56,synthetic_srtm
7039,Mine_07039,13.150835,76.116285,1343.11,38.73,12.92,12.34,synthetic_srtm
7040,Mine_07040,12.710956,77.317059,2098.25,38.59,154.69,15.48,synthetic_srtm
7041,Mine_07041,12.610723,78.495169,490.73,12.54,340.64,4.84,synthetic_srtm
7042,Mine_07042,8.14602,78.711067,231.6,6.33,9.85,3.96,synthetic_srtm
7043,Mine_07043,12.405009,80.386601,740.64,18.59,81.11,6.61,synthetic_srtm
7044,Mine_07044,11.826837,80.292871,689.02,20.42,80.49,10.22,synthetic_srtm
7045,Mine_07045,10.961445,76.071576,625.96,14.03,16.0,5.06,synthetic_srtm
7046,Mine_07046,11.112698,76.494105,1493.91,19.11,179.24,7.47,synthetic_srtm
7047,Mine_07047,8.88006,79.699467,581.62,19.79,134.43,7.44,synthetic_srtm
7048,Mine_07048,9.341225,79.440622,279.29,4.15,260.76,2.78,synthetic_srtm
7049,Mine_07049,9.160864,79.824008,362.05,6.26,249.67,5.95,synthetic_srtm
7050,Mine_07050,11.403928,78.379633,264.88,10.12,37.94,6.46,synthetic_srtm
7051,Mine_07051,12.143242,79.263622,506.72,22.31,38.32,8.13,synthetic_srtm
7052,Mine_07052,12.165488,76.948915,836.84,12.31,214.7,6.28,synthetic_srtm
7053,Mine_07053,12.884462,77.271665,1335.16,37.36,16.46,13.64,synthetic_srtm
7054,Mine_07054,11.660144,80.287351,637.1,15.77,258.71,4.9,synthetic_srtm
7055,Mine_07055,10.91003,77.55995,328.28,9.82,157.03,3.38,synthetic_srtm
7056,Mine_07056,8.287381,80.174291,759.24,11.41,166.09,7.66,synthetic_srtm
7057,Mine_07057,8.561674,79.033726,663.37,11.36,218.92,7.35,synthetic_srtm
7058,Mine_07058,9.054387,79.089196,429.96,1.17,49.34,4.57,synthetic_srtm
7059,Mine_07059,11.83707,78.41261,270.57,4.74,65.37,3.06,synthetic_srtm
7060,Mine_07060,11.505488,78.627035,341.23,8.94,133.78,6.53,synthetic_srtm
7061,Mine_07061,9.192917,78.495308,971.57,9.59,192.94,4.84,synthetic_srtm
7062,Mine_07062,10.246686,80.189056,669.13,21.17,252.4,9.12,synthetic_srtm
7063,Mine_07063,8.389529,76.96185,510.27,20.98,45.94,6.73,synthetic_srtm
7064,Mine_07064,13.262677,79.577932,625.33,8.97,306.54,7.36,synthetic_srtm
7065,Mine_07065,10.161227,80.372798,821.47,13.56,137.6,6.09,synthetic_srtm
7066,Mine_07066,13.008353,79.57094,204.52,8.94,213.59,7.08,synthetic_srtm
7067,Mine_07067,9.514819,76.22009,1460.57,32.08,211.49,11.7,synthetic_srtm
7068,Mine_07068,9.092819,76.362028,1355.97,35.56,325.17,15.36,synthetic_srtm
7069,Mine_07069,9.546431,76.396108,1679.26,41.34,324.51,12.41,synthetic_srtm
7070,Mine_07070,10.519196,78.653426,601.54,19.81,214.63,9.2,synthetic_srtm
7071,Mine_07071,10.372485,79.950872,837.67,20.35,5.55,10.8,synthetic_srtm
7072,Mine_07072,8.151956,78.617786,508.01,13.09,16.51,6.17,synthetic_srtm
7073,Mine_07073,12.607404,78.500224,705.04,15.91,155.5,8.36,synthetic_srtm
7074,Mine_07074,13.193655,80.115585,671.62,21.15,264.98,8.9,synthetic_srtm
7075,Mine_07075,10.223695,79.452328,378.02,11.21,142.85,6.46,synthetic_srtm
7076,Mine_07076,9.816886,76.246131,973.26,7.74,331.67,5.69,synthetic_srtm
7077,Mine_07077,9.922217,76.679517,1680.3,15.23,230.0,8.51,synthetic_srtm
7078,Mine_07078,9.371035,77.292794,363.6,2.73,162.88,1.62,synthetic_srtm
7079,Mine_07079,11.710078,78.162004,737.87,15.29,38.45,8.99,synthetic_srtm
7080,Mine_07080,13.458751,79.728063,296.51,1.76,226.36,1.25,synthetic_srtm
7081,Mine_07081,8.310381,78.51722,820.48,10.7,65.1,3.31,synthetic_srtm
7082,Mine_07082,12.260304,78.263181,816.96,13.34,194.68,7.62,synthetic_srtm
7083,Mine_07083,9.36615,77.174472,630.2,16.6,2.73,9.42,synthetic_srtm
7084,Mine_07084,11.512147,79.662935,919.84,22.27,229.25,10.69,synthetic_srtm
7085,Mine_07085,8.712965,78.824589,942.49,19.97,178.14,8.24,synthetic_srtm
7086,Mine_07086,9.780043,77.314429,371.35,3.73,157.5,6.02,synthetic_srtm
7087,Mine_07087,10.951253,79.198944,307.8,9.68,327.26,6.84,synthetic_srtm
7088,Mine_07088,9.890523,79.718887,939.9,21.0,206.81,7.69,synthetic_srtm
7089,Mine_07089,11.780979,77.326706,1198.47,25.49,349.98,7.76,synthetic_srtm
7090,Mine_07090,12.355439,79.786755,675.21,22.59,24.93,7.1,synthetic_srtm
7091,Mine_07091,11.20333,78.526972,291.48,4.14,151.53,5.46,synthetic_srtm
7092,Mine_07092,12.557836,78.492118,333.26,5.14,300.61,6.47,synthetic_srtm
7093,Mine_07093,13.124938,77.196972,1420.22,36.44,59.9,15.56,synthetic_srtm
7094,Mine_07094,9.71439,80.43942,792.16,18.72,344.82,7.35,synthetic_srtm
7095,Mine_07095,8.010516,80.445321,230.7,12.36,207.5,3.99,synthetic_srtm
7096,Mine_07096,12.467531,78.065578,423.82,3.56,195.96,5.61,synthetic_srtm
7097,Mine_07097,9.406379,78.016383,856.49,8.55,153.36,4.01,synthetic_srtm
7098,Mine_07098,8.072453,80.186103,473.86,10.0,184.08,6.8,synthetic_srtm
7099,Mine_07099,10.220943,76.413358,1407.84,16.45,76.22,9.7,synthetic_srtm
7100,Mine_07100,8.389705,78.880773,202.21,8.84,234.72,6.7,synthetic_srtm
7101,Mine_07101,11.680708,80.316057,441.1,13.07,111.02,4.11,synthetic_srtm
7102,Mine_07102,12.866379,78.333044,701.27,6.67,210.73,3.66,synthetic_srtm
7103,Mine_07103,10.602175,78.935683,438.75,5.27,147.07,3.53,synthetic_srtm
7104,Mine_07104,11.89709,78.631984,559.92,23.91,33.88,10.95,synthetic_srtm
7105,Mine_07105,10.473292,80.442507,475.64,6.81,277.34,5.31,synthetic_srtm
7106,Mine_07106,9.126685,77.972768,917.46,19.9,180.55,10.9,synthetic_srtm
7107,Mine_07107,11.613227,78.850247,730.43,22.91,203.32,7.88,synthetic_srtm
7108,Mine_07108,11.662601,78.244944,538.36,15.41,188.88,4.81,synthetic_srtm
7109,Mine_07109,9.427378,80.205133,671.69,15.79,78.93,8.55,synthetic_srtm
7110,Mine_07110,8.152988,78.366648,896.15,13.64,255.27,6.69,synthetic_srtm
7111,Mine_07111,12.36652,77.421871,1122.65,28.75,228.5,8.84,synthetic_srtm
7112,Mine_07112,11.468415,79.137045,471.77,1.62,177.16,0.62,synthetic_srtm
7113,Mine_07113,8.356764,78.99973,947.19,14.64,260.03,5.33,synthetic_srtm
7114,Mine_07114,13.196963,78.480213,610.38,6.29,275.62,3.97,synthetic_srtm
7115,Mine_07115,11.094255,78.535134,804.33,20.81,323.57,10.78,synthetic_srtm
7116,Mine_07116,13.121044,79.314796,755.61,22.69,142.33,7.12,synthetic_srtm
7117,Mine_07117,11.205524,79.155984,541.37,18.35,337.73,6.9,synthetic_srtm
7118,Mine_07118,11.492494,80.144923,343.37,2.32,300.43,4.09,synthetic_srtm
7119,Mine_07119,9.843154,79.046348,728.19,18.12,58.71,8.66,synthetic_srtm
7120,Mine_07120,12.34741,79.306027,573.88,7.46,240.81,5.66,synthetic_srtm
7121,Mine_07121,10.719966,78.680582,799.45,11.73,330.45,7.03,synthetic_srtm
7122,Mine_07122,12.895646,79.251434,654.12,23.86,187.26,10.79,synthetic_srtm
7123,Mine_07123,11.861691,78.573164,780.04,23.49,309.32,9.55,synthetic_srtm
7124,Mine_07124,13.42945,80.265021,468.94,4.31,101.94,5.99,synthetic_srtm
7125,Mine_07125,11.198086,77.226948,1738.16,31.83,194.84,9.7,synthetic_srtm
7126,Mine_07126,12.385032,77.447844,1900.58,20.2,36.04,8.04,synthetic_srtm
7127,Mine_07127,11.075749,79.959242,766.64,12.95,194.12,5.79,synthetic_srtm
7128,Mine_07128,13.014823,78.048158,865.56,10.01,101.89,4.25,synthetic_srtm
7129,Mine_07129,10.228371,76.141477,1318.0,25.59,197.34,9.26,synthetic_srtm
7130,Mine_07130,9.011522,78.091883,247.93,5.3,120.95,1.7,synthetic_srtm
7131,Mine_07131,9.202739,76.364697,1578.06,43.71,324.79,14.36,synthetic_srtm
7132,Mine_07132,8.864021,77.185881,236.64,11.53,191.29,7.63,synthetic_srtm
7133,Mine_07133,11.025272,77.178613,1623.92,37.43,309.33,16.07,synthetic_srtm
7134,Mine_07134,12.320671,79.253882,551.86,7.88,142.56,5.37,synthetic_srtm
7135,Mine_07135,10.158556,76.985581,1294.33,32.3,304.53,13.97,synthetic_srtm
7136,Mine_07136,8.128874,76.621901,1599.97,18.63,304.4,5.62,synthetic_srtm
7137,Mine_07137,9.519686,77.062446,738.6,8.28,170.14,3.32,synthetic_srtm
7138,Mine_07138,12.597374,79.068404,921.08,24.83,188.72,8.96,synthetic_srtm
7139,Mine_07139,11.961306,76.97477,1645.42,16.25,158.0,5.51,synthetic_srtm
7140,Mine_07140,11.601585,76.952884,1389.1,39.88,98.7,12.13,synthetic_srtm
7141,Mine_07141,13.268298,77.83366,1337.68,16.55,128.27,9.63,synthetic_srtm
7142,Mine_07142,8.077435,76.568374,1654.74,31.01,128.11,13.4,synthetic_srtm
7143,Mine_07143,10.875355,78.79723,928.99,12.58,75.39,4.12,synthetic_srtm
7144,Mine_07144,11.620032,76.116551,1585.11,21.87,175.8,8.51,synthetic_srtm
7145,Mine_07145,10.272451,77.469301,419.48,0.36,40.18,4.84,synthetic_srtm
7146,Mine_07146,9.818593,78.391063,521.45,19.3,160.56,6.74,synthetic_srtm
7147,Mine_07147,10.447238,79.231705,972.73,5.63,316.83,5.75,synthetic_srtm
7148,Mine_07148,11.664382,79.691302,905.81,11.35,313.06,5.28,synthetic_srtm
7149,Mine_07149,10.66793,76.84581,1493.05,17.86,158.02,8.99,synthetic_srtm
7150,Mine_07150,12.777486,77.37183,1637.12,18.82,105.91,8.28,synthetic_srtm
7151,Mine_07151,8.221902,79.384954,970.54,24.14,324.4,10.26,synthetic_srtm
7152,Mine_07152,8.12471,77.339562,331.44,14.7,168.3,8.67,synthetic_srtm
7153,Mine_07153,8.477895,76.09637,789.8,15.83,252.49,9.69,synthetic_srtm
7154,Mine_07154,10.279264,77.265219,574.18,23.82,349.02,9.16,synthetic_srtm
7155,Mine_07155,8.621737,77.436195,542.65,13.65,119.17,7.5,synthetic_srtm
7156,Mine_07156,9.290395,76.498283,1364.56,37.02,203.04,13.53,synthetic_srtm
7157,Mine_07157,12.205597,80.364428,465.56,4.69,196.21,4.3,synthetic_srtm
7158,Mine_07158,9.082147,77.683903,613.2,24.25,239.75,7.28,synthetic_srtm
7159,Mine_07159,12.741821,80.39481,429.47,0.35,94.42,4.43,synthetic_srtm
7160,Mine_07160,10.163217,77.014437,700.32,24.52,337.85,9.38,synthetic_srtm
7161,Mine_07161,10.189978,79.319905,202.8,14.85,241.34,8.18,synthetic_srtm
7162,Mine_07162,12.707163,78.663834,935.07,11.55,353.21,7.65,synthetic_srtm
7163,Mine_07163,13.21074,78.463287,972.06,18.39,309.43,5.53,synthetic_srtm
7164,Mine_07164,11.732629,79.28266,405.88,2.35,170.99,5.7,synthetic_srtm
7165,Mine_07165,9.641644,77.000963,558.86,19.31,40.9,10.0,synthetic_srtm
7166,Mine_07166,9.435217,80.022395,530.87,5.13,92.61,2.75,synthetic_srtm
7167,Mine_07167,12.661178,77.649714,1331.5,38.46,272.52,13.28,synthetic_srtm
7168,Mine_07168,8.955351,76.207895,665.42,12.79,74.37,6.04,synthetic_srtm
7169,Mine_07169,8.497652,78.184863,868.93,9.03,311.1,7.52,synthetic_srtm
7170,Mine_07170,12.881483,80.128526,778.0,19.6,328.64,6.03,synthetic_srtm
7171,Mine_07171,10.798117,80.319846,224.76,3.91,335.6,5.59,synthetic_srtm
7172,Mine_07172,12.309859,79.294825,225.93,6.06,33.99,6.15,synthetic_srtm
7173,Mine_07173,10.524088,78.101895,848.77,10.95,63.0,5.79,synthetic_srtm
7174,Mine_07174,8.811219,76.479383,797.73,18.46,326.52,5.81,synthetic_srtm
7175,Mine_07175,8.964851,77.454734,457.56,11.61,110.67,5.84,synthetic_srtm
7176,Mine_07176,13.159419,79.487711,579.19,20.79,73.74,7.29,synthetic_srtm
7177,Mine_07177,8.123553,78.616598,615.99,20.82,122.03,10.57,synthetic_srtm
7178,Mine_07178,12.197984,78.141069,337.2,5.69,336.21,4.88,synthetic_srtm
7179,Mine_07179,10.382877,77.686096,394.27,10.67,14.73,5.27,synthetic_srtm
7180,Mine_07180,8.199621,78.197795,462.29,14.23,270.68,5.67,synthetic_srtm
7181,Mine_07181,12.870347,77.918246,1651.6,42.12,57.42,16.66,synthetic_srtm
7182,Mine_07182,12.830044,79.073862,571.62,5.48,293.81,2.55,synthetic_srtm
7183,Mine_07183,10.306192,80.091772,454.02,10.31,304.38,7.04,synthetic_srtm
7184,Mine_07184,8.189322,79.254933,710.66,7.56,95.7,4.29,synthetic_srtm
7185,Mine_07185,10.951357,77.047377,422.3,12.28,87.07,8.66,synthetic_srtm
7186,Mine_07186,13.169105,78.178494,349.37,13.31,304.23,8.91,synthetic_srtm
7187,Mine_07187,9.545412,76.220884,1474.38,37.08,87.76,12.34,synthetic_srtm
7188,Mine_07188,10.463446,80.277594,763.38,24.21,128.58,10.46,synthetic_srtm
7189,Mine_07189,8.485093,76.427895,902.0,24.67,68.38,7.8,synthetic_srtm
7190,Mine_07190,10.799084,77.00047,562.97,5.54,277.36,1.92,synthetic_srtm
7191,Mine_07191,9.310909,76.65664,697.55,20.7,274.33,8.37,synthetic_srtm
7192,Mine_07192,9.618353,76.880794,678.93,14.72,304.71,9.32,synthetic_srtm
7193,Mine_07193,13.163341,78.730702,480.95,9.21,359.78,3.78,synthetic_srtm
7194,Mine_07194,12.741994,78.437636,610.46,10.27,236.1,6.2,synthetic_srtm
7195,Mine_07195,11.044268,80.398517,407.63,1.59,161.37,4.65,synthetic_srtm
7196,Mine_07196,9.913498,76.763268,1032.62,34.28,345.42,10.95,synthetic_srtm
7197,Mine_07197,9.779973,78.660461,585.31,14.77,210.58,4.63,synthetic_srtm
7198,Mine_07198,9.452561,77.528797,390.68,11.02,159.49,3.54,synthetic_srtm
7199,Mine_07199,11.442085,77.518921,1852.77,36.38,110.67,15.3,synthetic_srtm
7200,Mine_07200,8.378005,79.386878,635.53,11.55,294.91,6.74,synthetic_srtm
7201,Mine_07201,8.865252,79.589886,623.71,8.33,4.78,5.72,synthetic_srtm
7202,Mine_07202,11.431793,79.58489,748.16,12.0,277.19,4.7,synthetic_srtm
7203,Mine_07203,9.860283,79.26948,486.74,0.52,83.39,2.5,synthetic_srtm
7204,Mine_07204,8.74204,76.994763,888.37,7.18,130.66,6.39,synthetic_srtm
7205,Mine_07205,9.410875,77.643506,909.34,18.45,271.12,10.39,synthetic_srtm
7206,Mine_07206,8.03594,80.090075,548.64,17.36,123.72,9.04,synthetic_srtm
7207,Mine_07207,12.67927,80.172368,944.56,5.3,278.34,6.32,synthetic_srtm
7208,Mine_07208,11.220265,79.507535,771.77,22.38,176.49,7.38,synthetic_srtm
7209,Mine_07209,10.431589,79.258569,295.11,5.62,224.89,5.0,synthetic_srtm
7210,Mine_07210,10.809356,80.210602,226.29,2.15,332.92,3.1,synthetic_srtm
7211,Mine_07211,11.52267,80.11094,415.04,13.17,223.94,4.25,synthetic_srtm
7212,Mine_07212,12.776308,77.608761,2205.31,17.76,166.59,6.1,synthetic_srtm
7213,Mine_07213,12.04614,80.317503,933.35,5.92,31.54,3.18,synthetic_srtm
7214,Mine_07214,8.045437,78.937509,466.57,3.14,6.46,1.61,synthetic_srtm
7215,Mine_07215,10.470194,80.134852,439.19,9.69,236.82,6.21,synthetic_srtm
7216,Mine_07216,9.240882,76.003764,543.57,8.65,134.43,4.53,synthetic_srtm
7217,Mine_07217,11.32424,79.823433,413.5,8.54,129.33,3.32,synthetic_srtm
7218,Mine_07218,10.732391,79.613449,259.57,6.89,178.07,3.61,synthetic_srtm
7219,Mine_07219,8.337136,77.715711,671.46,10.9,357.75,5.24,synthetic_srtm
7220,Mine_07220,9.983429,79.129714,582.95,6.68,184.23,2.16,synthetic_srtm
7221,Mine_07221,8.260166,76.20258,916.58,19.87,77.89,7.67,synthetic_srtm
7222,Mine_07222,8.488362,77.051817,941.54,11.45,259.16,6.69,synthetic_srtm
7223,Mine_07223,12.273577,80.360682,922.28,17.69,121.02,7.31,synthetic_srtm
7224,Mine_07224,13.036727,78.750514,316.71,5.85,56.96,2.63,synthetic_srtm
7225,Mine_07225,12.672085,77.265759,2307.36,36.31,55.57,13.98,synthetic_srtm
7226,Mine_07226,12.925757,79.974412,764.67,14.19,164.79,7.19,synthetic_srtm
7227,Mine_07227,11.710369,80.111014,543.44,6.96,148.3,6.81,synthetic_srtm
7228,Mine_07228,13.357632,76.280063,1660.99,24.6,159.1,7.46,synthetic_srtm
7229,Mine_07229,12.194158,79.496666,973.97,5.1,249.64,1.67,synthetic_srtm
7230,Mine_07230,13.149191,76.366576,1653.06,35.92,187.75,14.51,synthetic_srtm
7231,Mine_07231,9.934108,76.745697,901.21,8.14,307.13,5.91,synthetic_srtm
7232,Mine_07232,9.091985,78.179411,290.62,9.48,246.38,5.5,synthetic_srtm
7233,Mine_07233,12.718997,78.11682,341.64,13.16,255.17,7.88,synthetic_srtm
7234,Mine_07234,10.505126,78.242601,259.25,10.2,261.09,3.78,synthetic_srtm
7235,Mine_07235,12.886442,78.313835,961.41,20.7,343.52,8.6,synthetic_srtm
7236,Mine_07236,8.30895,76.529243,603.27,13.79,180.19,7.92,synthetic_srtm
7237,Mine_07237,8.109311,78.320138,758.73,22.75,197.01,10.17,synthetic_srtm
7238,Mine_07238,11.767321,78.13073,506.9,15.8,96.66,8.65,synthetic_srtm
7239,Mine_07239,9.959605,80.122052,298.55,14.22,62.84,7.79,synthetic_srtm
7240,Mine_07240,12.778999,79.169609,585.7,7.18,241.06,4.57,synthetic_srtm
7241,Mine_07241,9.324107,78.201231,718.87,22.45,339.2,7.37,synthetic_srtm
7242,Mine_07242,9.348603,77.315797,507.15,12.13,125.08,4.57,synthetic_srtm
7243,Mine_07243,8.542025,76.337602,682.61,20.21,205.55,10.83,synthetic_srtm
7244,Mine_07244,11.113627,76.327042,610.11,16.52,174.25,6.63,synthetic_srtm
7245,Mine_07245,9.931539,79.982994,829.42,23.64,131.15,8.7,synthetic_srtm
7246,Mine_07246,10.309835,79.472751,955.52,9.36,212.2,4.95,synthetic_srtm
7247,Mine_07247,8.355569,78.860381,245.61,1.39,122.99,3.87,synthetic_srtm
7248,Mine_07248,9.129633,79.710501,968.48,24.04,14.83,9.72,synthetic_srtm
7249,Mine_07249,8.490632,77.654959,819.39,19.59,323.26,6.98,synthetic_srtm
7250,Mine_07250,10.26584,77.059204,874.79,18.08,270.49,7.26,synthetic_srtm
7251,Mine_07251,11.150044,78.762575,633.67,13.57,318.95,7.29,synthetic_srtm
7252,Mine_07252,10.115187,79.951714,597.89,18.33,304.8,6.55,synthetic_srtm
7253,Mine_07253,11.863818,77.802298,2194.31,25.0,111.1,8.26,synthetic_srtm
7254,Mine_07254,10.155914,77.416149,731.1,17.22,240.76,6.05,synthetic_srtm
7255,Mine_07255,8.029351,78.145716,706.66,14.05,69.92,6.26,synthetic_srtm
7256,Mine_07256,11.588925,76.711484,933.05,6.89,331.92,2.75,synthetic_srtm
7257,Mine_07257,10.259518,77.574308,437.85,7.24,73.6,4.63,synthetic_srtm
7258,Mine_07258,13.171558,80.313761,572.52,8.29,101.45,7.04,synthetic_srtm
7259,Mine_07259,11.275434,78.909273,721.86,19.43,288.69,7.35,synthetic_srtm
7260,Mine_07260,10.02899,77.28293,579.05,21.94,149.21,8.23,synthetic_srtm
7261,Mine_07261,9.952307,80.176963,379.67,9.8,267.02,4.41,synthetic_srtm
7262,Mine_07262,13.10271,76.733048,742.24,23.04,210.09,8.24,synthetic_srtm
7263,Mine_07263,11.541534,77.89921,1689.6,20.41,205.56,10.84,synthetic_srtm
7264,Mine_07264,9.765903,79.168184,565.21,14.53,162.93,6.89,synthetic_srtm
7265,Mine_07265,11.377574,80.244182,677.73,14.78,334.49,8.59,synthetic_srtm
7266,Mine_07266,9.180344,77.535691,979.74,10.12,217.2,8.0,synthetic_srtm
7267,Mine_07267,9.573702,77.589448,597.95,11.55,311.3,3.98,synthetic_srtm
7268,Mine_07268,11.236438,79.185351,604.14,10.2,42.69,6.89,synthetic_srtm
7269,Mine_07269,8.119611,77.75639,709.34,5.72,24.05,2.74,synthetic_srtm
7270,Mine_07270,8.39139,78.00835,295.19,7.25,259.55,3.12,synthetic_srtm
7271,Mine_07271,13.106259,79.710501,956.05,8.95,355.19,2.83,synthetic_srtm
7272,Mine_07272,12.406026,79.389786,800.58,24.94,170.47,10.31,synthetic_srtm
7273,Mine_07273,10.630621,80.327062,691.82,12.78,6.58,6.79,synthetic_srtm
7274,Mine_07274,8.514733,77.243423,963.53,11.14,2.04,8.26,synthetic_srtm
7275,Mine_07275,8.565761,77.398882,966.05,7.48,182.08,6.49,synthetic_srtm
7276,Mine_07276,12.714133,78.597913,950.06,17.58,106.6,5.44,synthetic_srtm
7277,Mine_07277,9.845241,78.309295,820.21,15.77,257.69,7.13,synthetic_srtm
7278,Mine_07278,9.753161,76.350813,902.08,16.08,137.55,8.65,synthetic_srtm
7279,Mine_07279,11.04426,76.618156,972.06,6.28,344.92,1.94,synthetic_srtm
7280,Mine_07280,8.327225,77.993209,395.86,9.89,331.44,6.6,synthetic_srtm
7281,Mine_07281,10.630452,79.861483,756.47,18.49,146.07,9.37,synthetic_srtm
7282,Mine_07282,12.077689,77.826718,2207.87,26.23,268.95,9.08,synthetic_srtm
7283,Mine_07283,11.712687,77.579337,2068.9,38.7,166.09,14.24,synthetic_srtm
7284,Mine_07284,10.588875,78.409372,568.86,20.05,99.23,10.39,synthetic_srtm
7285,Mine_07285,8.610883,80.207294,531.34,13.68,206.77,7.36,synthetic_srtm
7286,Mine_07286,11.443928,78.348604,634.29,13.39,92.3,4.58,synthetic_srtm
7287,Mine_07287,10.847652,80.428437,490.74,5.12,279.82,3.31,synthetic_srtm
7288,Mine_07288,10.601013,77.519262,739.63,8.23,269.9,6.02,synthetic_srtm
7289,Mine_07289,8.113967,79.388305,631.56,19.22,289.99,9.46,synthetic_srtm
7290,Mine_07290,11.734467,79.346748,559.36,24.03,186.2,7.24,synthetic_srtm
7291,Mine_07291,9.299706,79.089089,352.25,1.28,102.04,3.97,synthetic_srtm
7292,Mine_07292,10.923713,77.422228,511.38,5.44,70.48,2.35,synthetic_srtm
7293,Mine_07293,10.409055,76.363729,723.73,8.92,167.47,5.42,synthetic_srtm
7294,Mine_07294,9.56849,76.667736,503.29,21.17,112.74,10.94,synthetic_srtm
7295,Mine_07295,10.96354,77.029409,800.57,23.31,161.47,9.6,synthetic_srtm
7296,Mine_07296,10.129402,78.311538,256.66,8.91,290.58,6.04,synthetic_srtm
7297,Mine_07297,13.162056,78.528949,884.02,11.2,101.55,6.59,synthetic_srtm
7298,Mine_07298,12.122658,79.698051,579.81,20.62,9.78,10.79,synthetic_srtm
7299,Mine_07299,10.238978,79.693589,309.34,14.03,25.56,4.78,synthetic_srtm
7300,Mine_07300,11.506169,77.429472,1462.94,24.52,144.51,7.94,synthetic_srtm
7301,Mine_07301,11.197668,79.710997,889.16,15.36,168.63,9.36,synthetic_srtm
7302,Mine_07302,12.567578,79.582569,688.07,24.67,168.93,7.49,synthetic_srtm
7303,Mine_07303,11.151391,80.13766,479.41,12.23,83.32,8.62,synthetic_srtm
7304,Mine_07304,10.827232,77.025384,631.52,23.98,209.68,9.11,synthetic_srtm
7305,Mine_07305,12.284005,78.370594,734.47,10.02,77.47,4.94,synthetic_srtm
7306,Mine_07306,10.267415,78.137887,552.67,20.47,219.69,7.82,synthetic_srtm
7307,Mine_07307,12.430223,77.177949,1910.1,29.46,334.92,11.6,synthetic_srtm
7308,Mine_07308,8.762472,77.065974,516.62,23.84,219.43,7.33,synthetic_srtm
7309,Mine_07309,11.517392,77.724645,1943.83,30.04,341.02,13.31,synthetic_srtm
7310,Mine_07310,12.473078,76.734973,661.22,17.36,45.56,6.5,synthetic_srtm
7311,Mine_07311,8.907435,80.296953,987.82,11.7,329.71,5.81,synthetic_srtm
7312,Mine_07312,10.473378,79.611884,250.46,6.71,165.8,6.41,synthetic_srtm
7313,Mine_07313,11.467882,79.236441,697.34,6.56,300.85,4.6,synthetic_srtm
7314,Mine_07314,12.034606,79.960856,283.16,0.1,178.33,3.51,synthetic_srtm
7315,Mine_07315,11.580133,77.935742,2396.35,38.35,303.31,15.17,synthetic_srtm
7316,Mine_07316,12.551429,76.957701,656.2,19.29,341.71,8.56,synthetic_srtm
7317,Mine_07317,13.065349,77.317006,2061.93,25.4,82.57,9.06,synthetic_srtm
7318,Mine_07318,11.61375,78.504485,569.37,23.24,322.21,11.02,synthetic_srtm
7319,Mine_07319,12.41793,79.784946,927.48,12.62,33.37,4.98,synthetic_srtm
7320,Mine_07320,13.099895,80.463727,764.46,15.62,301.39,7.27,synthetic_srtm
7321,Mine_07321,10.839275,79.912777,339.56,5.16,46.36,1.76,synthetic_srtm
7322,Mine_07322,11.968407,78.298452,401.61,4.55,261.55,3.0,synthetic_srtm
7323,Mine_07323,11.434186,78.421469,246.85,6.37,58.54,2.14,synthetic_srtm
7324,Mine_07324,9.019698,76.949233,871.94,16.29,246.36,6.42,synthetic_srtm
7325,Mine_07325,10.388339,80.067116,679.15,16.71,187.32,7.22,synthetic_srtm
7326,Mine_07326,9.729483,77.472588,218.23,12.26,25.98,5.79,synthetic_srtm
7327,Mine_07327,11.857168,77.130889,2366.25,27.41,119.0,8.5,synthetic_srtm
7328,Mine_07328,12.845612,77.576122,1570.35,22.32,291.39,10.83,synthetic_srtm
7329,Mine_07329,8.674999,78.130762,520.36,5.41,131.76,5.07,synthetic_srtm
7330,Mine_07330,9.4125,79.85625,239.29,2.67,139.64,5.03,synthetic_srtm
7331,Mine_07331,11.503813,79.213782,538.13,5.31,234.85,2.91,synthetic_srtm
7332,Mine_07332,11.272059,78.761058,791.26,6.74,273.12,6.17,synthetic_srtm
7333,Mine_07333,11.766298,77.51105,1833.96,43.68,342.12,13.79,synthetic_srtm
7334,Mine_07334,11.418631,79.772546,997.13,22.27,197.1,9.08,synthetic_srtm
7335,Mine_07335,12.562909,78.227086,859.98,21.46,253.28,11.01,synthetic_srtm
7336,Mine_07336,13.300397,77.659861,1042.71,20.64,172.19,8.82,synthetic_srtm
7337,Mine_07337,10.409595,78.635066,716.72,19.54,342.72,9.73,synthetic_srtm
7338,Mine_07338,10.983777,79.010877,520.29,8.62,282.7,6.17,synthetic_srtm
7339,Mine_07339,8.540084,77.172177,771.78,13.59,306.7,4.39,synthetic_srtm
7340,Mine_07340,8.99451,78.679709,337.25,4.29,319.64,4.28,synthetic_srtm
7341,Mine_07341,10.903693,79.545501,491.77,3.57,354.68,4.27,synthetic_srtm
7342,Mine_07342,13.031339,76.275262,1616.49,18.16,96.97,10.34,synthetic_srtm
7343,Mine_07343,12.78366,79.551719,208.11,10.26,267.37,7.55,synthetic_srtm
7344,Mine_07344,8.61082,77.73863,538.21,5.56,239.02,1.93,synthetic_srtm
7345,Mine_07345,11.390757,76.03929,847.86,5.19,90.33,6.45,synthetic_srtm
7346,Mine_07346,12.345287,78.633901,653.2,7.61,211.77,5.84,synthetic_srtm
7347,Mine_07347,8.288421,78.812313,460.98,8.83,122.3,3.09,synthetic_srtm
7348,Mine_07348,13.024175,77.259145,1619.62,17.57,28.01,6.0,synthetic_srtm
7349,Mine_07349,9.394704,77.152855,901.66,23.29,116.25,7.44,synthetic_srtm
7350,Mine_07350,9.872951,76.77794,1023.34,44.42,320.22,16.37,synthetic_srtm
7351,Mine_07351,9.409357,79.211198,643.74,20.66,61.67,6.4,synthetic_srtm
7352,Mine_07352,13.20147,79.989477,719.34,14.95,16.17,8.67,synthetic_srtm
7353,Mine_07353,12.109285,78.213155,269.3,9.09,1.07,6.06,synthetic_srtm
7354,Mine_07354,8.665218,80.202408,550.48,15.72,260.23,5.44,synthetic_srtm
7355,Mine_07355,10.947272,77.278642,998.71,10.39,302.18,3.32,synthetic_srtm
7356,Mine_07356,8.62609,79.944694,603.77,11.51,91.0,4.72,synthetic_srtm
7357,Mine_07357,11.289122,79.819014,261.81,10.33,208.88,5.28,synthetic_srtm
7358,Mine_07358,10.13231,78.554884,696.91,20.94,166.59,9.23,synthetic_srtm
7359,Mine_07359,8.038479,79.829445,451.6,0.88,303.58,4.02,synthetic_srtm
7360,Mine_07360,9.958826,76.900715,1200.66,35.6,42.4,15.62,synthetic_srtm
7361,Mine_07361,9.702984,79.437901,567.6,15.76,141.65,7.97,synthetic_srtm
7362,Mine_07362,10.850542,80.134814,589.34,6.36,302.01,3.04,synthetic_srtm
7363,Mine_07363,9.68673,77.0128,506.25,19.89,116.22,7.42,synthetic_srtm
7364,Mine_07364,13.208046,76.912182,1635.16,43.14,312.08,16.65,synthetic_srtm
7365,Mine_07365,11.53588,78.173092,735.59,12.8,245.16,3.85,synthetic_srtm
7366,Mine_07366,10.139668,76.467329,1076.91,15.05,56.29,7.54,synthetic_srtm
7367,Mine_07367,10.340093,78.425677,351.15,7.21,137.62,3.9,synthetic_srtm
7368,Mine_07368,10.455476,78.752612,585.92,10.95,247.5,5.27,synthetic_srtm
7369,Mine_07369,9.693994,79.99732,696.95,13.69,123.96,8.53,synthetic_srtm
7370,Mine_07370,11.323928,78.894513,881.19,24.74,180.33,9.11,synthetic_srtm
7371,Mine_07371,11.406557,77.006053,1851.81,27.11,18.09,10.89,synthetic_srtm
7372,Mine_07372,8.794218,79.972567,699.85,10.23,269.69,7.63,synthetic_srtm
7373,Mine_07373,9.624455,76.866455,661.96,20.96,321.74,9.1,synthetic_srtm
7374,Mine_07374,11.565284,80.110166,613.81,12.8,8.92,6.59,synthetic_srtm
7375,Mine_07375,10.507123,79.319486,910.26,22.69,257.4,7.37,synthetic_srtm
7376,Mine_07376,12.510307,80.2819,581.19,22.07,142.78,10.91,synthetic_srtm
7377,Mine_07377,8.616051,77.574289,646.4,20.09,344.02,10.63,synthetic_srtm
7378,Mine_07378,8.184439,76.277231,518.74,12.71,218.25,6.22,synthetic_srtm
7379,Mine_07379,11.285151,78.664589,685.7,5.95,347.1,3.28,synthetic_srtm
7380,Mine_07380,12.796238,76.724944,1629.58,29.88,218.06,13.55,synthetic_srtm
7381,Mine_07381,12.834386,77.250366,2200.84,28.41,158.15,11.72,synthetic_srtm
7382,Mine_07382,13.104969,79.800735,720.99,7.53,316.06,3.89,synthetic_srtm
7383,Mine_07383,9.925801,79.025746,493.65,8.05,176.68,3.24,synthetic_srtm
7384,Mine_07384,9.119294,77.710613,989.51,9.09,353.08,4.06,synthetic_srtm
7385,Mine_07385,10.794267,79.553389,776.48,23.6,96.86,10.77,synthetic_srtm
7386,Mine_07386,13.0839,78.961918,760.28,5.27,20.64,5.84,synthetic_srtm
7387,Mine_07387,11.198451,77.691618,1882.02,40.6,127.9,15.67,synthetic_srtm
7388,Mine_07388,12.448103,78.908006,865.31,16.77,242.09,7.13,synthetic_srtm
7389,Mine_07389,8.121839,76.506482,1288.38,24.79,26.76,8.09,synthetic_srtm
7390,Mine_07390,9.265572,79.61696,389.69,13.98,61.57,7.08,synthetic_srtm
7391,Mine_07391,9.577388,79.602828,544.9,16.85,94.95,7.11,synthetic_srtm
7392,Mine_07392,11.40068,78.250888,862.41,16.63,132.44,5.56,synthetic_srtm
7393,Mine_07393,11.395151,77.201362,2079.79,17.71,238.58,8.48,synthetic_srtm
7394,Mine_07394,10.111177,78.717569,363.23,6.63,284.16,3.57,synthetic_srtm
7395,Mine_07395,10.232392,79.740686,839.39,13.34,334.9,5.5,synthetic_srtm
7396,Mine_07396,9.985468,77.298366,611.96,20.16,20.82,9.52,synthetic_srtm
7397,Mine_07397,9.093668,79.23685,492.68,9.13,3.97,7.62,synthetic_srtm
7398,Mine_07398,11.215559,79.356291,651.16,13.88,7.02,4.92,synthetic_srtm
7399,Mine_07399,8.663241,79.294281,477.29,3.73,72.4,3.48,synthetic_srtm
7400,Mine_07400,11.554858,79.577475,575.81,11.65,253.37,4.85,synthetic_srtm
7401,Mine_07401,10.282461,78.510297,319.17,14.76,324.98,8.08,synthetic_srtm
7402,Mine_07402,12.750092,78.175252,963.94,15.67,1.3,7.18,synthetic_srtm
7403,Mine_07403,10.074378,80.159659,475.39,8.68,261.98,4.61,synthetic_srtm
7404,Mine_07404,11.196009,79.249872,993.09,5.21,180.25,5.0,synthetic_srtm
7405,Mine_07405,11.372689,80.170134,804.58,19.62,123.51,10.18,synthetic_srtm
7406,Mine_07406,8.731307,79.973236,269.11,8.75,30.99,5.57,synthetic_srtm
7407,Mine_07407,8.721321,78.253797,518.56,10.42,71.93,4.15,synthetic_srtm
7408,Mine_07408,11.738216,80.421237,400.86,6.11,32.56,5.11,synthetic_srtm
7409,Mine_07409,8.511096,79.601107,368.45,10.47,282.95,3.25,synthetic_srtm
7410,Mine_07410,9.736887,76.592933,727.15,23.19,127.28,8.79,synthetic_srtm
7411,Mine_07411,8.178257,79.380761,506.38,24.86,21.92,10.75,synthetic_srtm
7412,Mine_07412,10.12501,79.35715,579.03,5.88,110.86,3.47,synthetic_srtm
7413,Mine_07413,10.538405,76.151956,1230.91,16.19,81.46,9.43,synthetic_srtm
7414,Mine_07414,9.792339,80.443523,965.15,8.39,82.3,3.6,synthetic_srtm
7415,Mine_07415,12.438981,77.200913,2351.34,20.83,108.18,9.0,synthetic_srtm
7416,Mine_07416,8.496562,79.813781,490.98,0.74,199.36,2.13,synthetic_srtm
7417,Mine_07417,8.193559,77.730764,664.35,22.83,56.17,6.86,synthetic_srtm
7418,Mine_07418,12.928776,76.372252,535.9,19.06,182.99,10.32,synthetic_srtm
7419,Mine_07419,10.648972,78.719422,891.34,9.1,155.08,3.29,synthetic_srtm
7420,Mine_07420,8.112883,78.027047,630.49,21.96,213.18,6.79,synthetic_srtm
7421,Mine_07421,8.825057,79.053488,626.74,22.08,173.71,9.46,synthetic_srtm
7422,Mine_07422,13.320376,80.112472,299.76,12.58,349.48,4.93,synthetic_srtm
7423,Mine_07423,10.142675,79.50059,875.93,17.39,143.26,8.61,synthetic_srtm
7424,Mine_07424,8.801404,78.936919,226.95,4.7,299.75,3.75,synthetic_srtm
7425,Mine_07425,10.739425,78.701688,706.91,13.65,338.46,8.87,synthetic_srtm
7426,Mine_07426,12.876944,79.317626,623.7,7.77,298.52,7.14,synthetic_srtm
7427,Mine_07427,11.914371,78.328476,921.45,15.05,76.49,6.12,synthetic_srtm
7428,Mine_07428,10.913268,80.233489,532.03,18.38,232.45,9.66,synthetic_srtm
7429,Mine_07429,12.216687,77.50617,1786.78,24.09,124.88,7.34,synthetic_srtm
7430,Mine_07430,8.554789,76.316852,587.77,14.06,96.77,5.99,synthetic_srtm
7431,Mine_07431,10.994786,77.737502,743.79,19.21,47.27,9.53,synthetic_srtm
7432,Mine_07432,10.006661,77.545959,334.24,12.5,349.21,8.56,synthetic_srtm
7433,Mine_07433,9.946582,78.658516,637.98,6.85,68.36,2.1,synthetic_srtm
7434,Mine_07434,8.321332,80.187618,988.57,8.66,56.58,4.09,synthetic_srtm
7435,Mine_07435,11.258708,79.343548,979.9,10.75,304.51,6.61,synthetic_srtm
7436,Mine_07436,9.941924,79.616907,797.4,10.49,145.77,5.1,synthetic_srtm
7437,Mine_07437,10.671793,77.090694,458.52,0.18,324.32,3.23,synthetic_srtm
7438,Mine_07438,9.264572,78.507572,882.43,7.19,118.84,5.07,synthetic_srtm
7439,Mine_07439,12.664748,79.15293,972.66,11.04,109.62,7.48,synthetic_srtm
7440,Mine_07440,11.128844,78.141444,445.24,0.83,87.29,1.45,synthetic_srtm
7441,Mine_07441,12.941151,79.16828,579.77,20.25,24.19,7.19,synthetic_srtm
7442,Mine_07442,11.3567,77.329173,2078.73,24.08,48.47,10.45,synthetic_srtm
7443,Mine_07443,8.023881,76.119509,737.92,9.92,256.51,4.42,synthetic_srtm
7444,Mine_07444,12.725981,77.233618,1689.2,38.14,74.47,12.78,synthetic_srtm
7445,Mine_07445,10.096187,76.579229,894.47,7.67,171.7,5.54,synthetic_srtm
7446,Mine_07446,9.489261,76.860357,1366.8,20.72,335.35,6.68,synthetic_srtm
7447,Mine_07447,11.148817,78.997551,963.64,21.15,105.94,10.53,synthetic_srtm
7448,Mine_07448,10.468044,77.670738,361.42,4.35,328.17,6.02,synthetic_srtm
7449,Mine_07449,10.984631,79.076391,813.68,9.86,30.15,3.07,synthetic_srtm
7450,Mine_07450,11.550016,76.802092,1677.53,28.31,247.38,12.55,synthetic_srtm
7451,Mine_07451,10.708182,79.751333,401.69,12.25,246.87,8.12,synthetic_srtm
7452,Mine_07452,11.420834,77.89072,1074.25,32.69,119.0,13.34,synthetic_srtm
7453,Mine_07453,8.067293,79.500079,664.84,13.74,257.83,8.11,synthetic_srtm
7454,Mine_07454,11.143821,76.600496,1161.18,21.56,193.45,11.42,synthetic_srtm
7455,Mine_07455,10.923044,77.929292,870.52,10.07,335.88,6.54,synthetic_srtm
7456,Mine_07456,8.868407,80.391147,261.94,6.91,299.29,3.16,synthetic_srtm
7457,Mine_07457,11.329858,80.265218,895.63,22.75,90.31,9.57,synthetic_srtm
7458,Mine_07458,11.034687,77.109003,1141.16,34.86,243.18,11.11,synthetic_srtm
7459,Mine_07459,11.215383,78.336191,381.73,11.84,6.62,6.95,synthetic_srtm
7460,Mine_07460,11.189584,78.392873,694.74,24.74,25.33,10.39,synthetic_srtm
7461,Mine_07461,12.124085,78.933022,708.83,12.56,115.94,6.11,synthetic_srtm
7462,Mine_07462,9.054517,77.651334,490.25,3.74,32.9,4.65,synthetic_srtm
7463,Mine_07463,12.500678,79.097061,568.69,16.18,117.59,9.04,synthetic_srtm
7464,Mine_07464,8.136336,80.147389,805.68,11.34,331.02,4.5,synthetic_srtm
7465,Mine_07465,12.686876,78.277526,836.95,9.45,44.53,4.81,synthetic_srtm
7466,Mine_07466,9.825309,78.322609,402.59,10.11,243.34,7.63,synthetic_srtm
7467,Mine_07467,9.672311,76.397223,1094.4,28.83,110.32,13.21,synthetic_srtm
7468,Mine_07468,12.345811,78.60903,276.61,8.49,30.21,4.48,synthetic_srtm
7469,Mine_07469,10.387012,76.250808,1181.27,35.04,54.6,15.49,synthetic_srtm
7470,Mine_07470,9.597283,78.037531,905.55,24.16,234.56,10.21,synthetic_srtm
7471,Mine_07471,10.336748,79.734609,801.18,9.75,183.43,7.37,synthetic_srtm
7472,Mine_07472,8.737106,76.549542,675.89,16.53,190.32,5.57,synthetic_srtm
7473,Mine_07473,11.590109,80.14218,231.77,0.21,317.12,4.33,synthetic_srtm
7474,Mine_07474,10.72563,80.250231,611.25,13.7,31.23,5.18,synthetic_srtm
7475,Mine_07475,9.017593,77.045011,374.41,10.82,159.48,4.26,synthetic_srtm
7476,Mine_07476,9.488613,80.1018,975.68,22.71,173.59,8.79,synthetic_srtm
7477,Mine_07477,10.017785,77.033835,358.5,14.0,200.92,5.96,synthetic_srtm
7478,Mine_07478,11.93435,76.526082,1280.65,24.42,317.02,10.13,synthetic_srtm
7479,Mine_07479,11.985252,77.269403,1575.16,42.65,12.88,16.08,synthetic_srtm
7480,Mine_07480,9.599847,76.076181,725.51,12.53,220.79,4.95,synthetic_srtm
7481,Mine_07481,13.015087,77.615593,1689.28,39.98,178.21,15.21,synthetic_srtm
7482,Mine_07482,8.550978,80.044033,802.35,5.93,225.24,5.33,synthetic_srtm
7483,Mine_07483,9.458781,79.816042,412.06,3.56,2.94,2.03,synthetic_srtm
7484,Mine_07484,9.313394,76.527703,733.68,6.08,10.34,5.21,synthetic_srtm
7485,Mine_07485,9.331869,77.644594,424.43,7.88,235.87,3.24,synthetic_srtm
7486,Mine_07486,10.376428,76.884002,1162.58,35.55,190.86,14.06,synthetic_srtm
7487,Mine_07487,9.958998,78.061982,630.38,16.1,1.37,4.92,synthetic_srtm
7488,Mine_07488,11.276785,77.679722,2011.05,23.36,231.64,8.23,synthetic_srtm
7489,Mine_07489,8.3943,78.210074,545.38,10.08,333.34,3.32,synthetic_srtm
7490,Mine_07490,11.871204,76.361931,805.0,23.45,85.8,11.91,synthetic_srtm
7491,Mine_07491,12.758795,76.29794,1258.14,18.41,92.55,5.78,synthetic_srtm
7492,Mine_07492,12.57098,76.870395,1205.49,36.18,334.27,13.11,synthetic_srtm
7493,Mine_07493,11.477204,78.021637,746.6,15.11,215.29,6.95,synthetic_srtm
7494,Mine_07494,8.274299,76.283212,582.05,20.89,125.72,7.07,synthetic_srtm
7495,Mine_07495,11.679904,80.001341,317.54,6.05,1.36,2.49,synthetic_srtm
7496,Mine_07496,11.1794,79.279666,951.86,10.01,246.8,6.91,synthetic_srtm
7497,Mine_07497,10.749609,76.932875,788.74,17.15,121.25,9.66,synthetic_srtm
7498,Mine_07498,8.732114,79.915166,517.3,9.62,357.19,6.73,synthetic_srtm
7499,Mine_07499,8.997964,78.208014,452.23,14.64,7.53,6.42,synthetic_srtm
7500,Mine_07500,12.904465,78.835333,345.36,1.62,49.01,4.53,synthetic_srtm
7501,Mine_07501,10.877908,79.585175,605.45,14.01,241.42,5.42,synthetic_srtm
7502,Mine_07502,8.933497,77.233875,812.2,24.75,119.12,8.06,synthetic_srtm
7503,Mine_07503,8.643647,77.638687,903.13,23.28,221.03,11.69,synthetic_srtm
7504,Mine_07504,10.506575,76.64993,1198.23,18.02,42.47,7.09,synthetic_srtm
7505,Mine_07505,12.653485,77.451726,1084.61,27.37,8.29,9.74,synthetic_srtm
7506,Mine_07506,9.069179,77.871493,208.88,14.44,297.21,9.08,synthetic_srtm
7507,Mine_07507,10.058727,78.138101,285.34,6.76,246.64,2.88,synthetic_srtm
7508,Mine_07508,9.414798,79.784633,612.14,15.39,29.72,4.87,synthetic_srtm
7509,Mine_07509,10.061626,78.915083,350.36,13.5,120.27,5.78,synthetic_srtm
7510,Mine_07510,12.977353,78.099087,463.89,7.32,58.23,6.98,synthetic_srtm
7511,Mine_07511,11.488808,80.018037,400.76,9.33,196.81,4.41,synthetic_srtm
7512,Mine_07512,12.013983,78.383479,348.96,13.5,265.6,8.01,synthetic_srtm
7513,Mine_07513,10.873472,78.114627,816.26,24.91,312.66,10.69,synthetic_srtm
7514,Mine_07514,10.054002,76.794445,1019.87,18.63,250.38,6.38,synthetic_srtm
7515,Mine_07515,13.482073,76.875429,1258.44,33.32,356.68,14.27,synthetic_srtm
7516,Mine_07516,11.558404,79.100541,924.62,13.2,248.5,8.41,synthetic_srtm
7517,Mine_07517,8.872852,77.447239,245.36,0.64,241.93,3.88,synthetic_srtm
7518,Mine_07518,13.020881,77.125474,1198.15,35.81,60.19,12.94,synthetic_srtm
7519,Mine_07519,11.830539,78.169288,720.45,17.15,293.81,5.92,synthetic_srtm
7520,Mine_07520,8.305504,77.331505,390.96,6.15,10.66,5.4,synthetic_srtm
7521,Mine_07521,9.915191,80.460713,844.68,9.59,16.72,3.26,synthetic_srtm
7522,Mine_07522,9.325996,78.262939,608.92,20.16,55.67,6.34,synthetic_srtm
7523,Mine_07523,12.912099,78.160162,605.26,20.3,234.22,9.69,synthetic_srtm
7524,Mine_07524,8.097563,80.220285,204.34,6.86,255.94,4.24,synthetic_srtm
7525,Mine_07525,9.299671,79.298821,625.33,14.63,297.28,6.24,synthetic_srtm
7526,Mine_07526,9.121024,79.742598,821.44,16.14,204.7,6.29,synthetic_srtm
7527,Mine_07527,10.429492,77.124507,817.05,9.29,214.93,7.54,synthetic_srtm
7528,Mine_07528,8.826738,79.622202,682.92,7.41,255.34,4.04,synthetic_srtm
7529,Mine_07529,9.218535,76.611971,1060.19,29.31,77.94,12.03,synthetic_srtm
7530,Mine_07530,12.731446,76.438629,1205.32,28.48,39.0,12.76,synthetic_srtm
7531,Mine_07531,9.201735,76.288581,657.38,12.93,48.68,5.88,synthetic_srtm
7532,Mine_07532,8.233762,77.168044,283.1,13.62,65.75,6.95,synthetic_srtm
7533,Mine_07533,11.810762,79.458809,643.45,6.71,99.99,5.93,synthetic_srtm
7534,Mine_07534,10.505572,77.722197,251.38,2.3,254.25,1.61,synthetic_srtm
7535,Mine_07535,9.085144,78.015546,705.21,13.72,238.79,7.0,synthetic_srtm
7536,Mine_07536,10.831479,79.061641,420.65,3.1,321.55,1.43,synthetic_srtm
7537,Mine_07537,11.61025,76.51288,645.14,23.39,172.63,9.27,synthetic_srtm
7538,Mine_07538,12.949436,79.164207,441.1,1.39,31.58,4.58,synthetic_srtm
7539,Mine_07539,9.639957,77.004426,814.2,23.81,250.83,11.07,synthetic_srtm
7540,Mine_07540,12.585591,79.916315,635.32,20.33,340.0,9.78,synthetic_srtm
7541,Mine_07541,9.528609,78.250177,265.51,7.47,50.89,3.05,synthetic_srtm
7542,Mine_07542,11.752344,77.105474,1601.34,39.47,359.05,11.92,synthetic_srtm
7543,Mine_07543,11.285455,76.018357,551.45,23.47,185.89,12.0,synthetic_srtm
7544,Mine_07544,13.128937,79.505577,777.73,21.19,239.66,7.11,synthetic_srtm
7545,Mine_07545,9.848007,77.855445,787.51,14.34,257.82,8.72,synthetic_srtm
7546,Mine_07546,10.589888,79.381903,911.41,20.17,126.68,10.64,synthetic_srtm
7547,Mine_07547,13.348483,78.386999,994.99,16.85,341.36,5.65,synthetic_srtm
7548,Mine_07548,13.079326,79.922453,602.6,6.59,215.12,3.1,synthetic_srtm
7549,Mine_07549,11.03773,79.476645,461.77,8.87,210.72,2.9,synthetic_srtm
7550,Mine_07550,12.891554,78.233734,837.34,19.03,211.0,5.9,synthetic_srtm
7551,Mine_07551,11.540147,78.292615,294.74,9.69,103.12,7.55,synthetic_srtm
7552,Mine_07552,8.30455,78.800569,934.35,6.49,26.97,4.41,synthetic_srtm
7553,Mine_07553,10.608972,77.455453,343.41,2.83,242.6,1.02,synthetic_srtm
7554,Mine_07554,8.277098,77.722296,639.65,23.66,3.96,11.52,synthetic_srtm
7555,Mine_07555,9.120093,77.090178,245.58,4.52,348.76,5.42,synthetic_srtm
7556,Mine_07556,9.698836,80.082834,586.92,19.62,38.93,10.49,synthetic_srtm
7557,Mine_07557,8.897243,77.925435,657.56,18.12,343.48,8.02,synthetic_srtm
7558,Mine_07558,11.719024,76.54513,1541.24,40.63,314.34,12.62,synthetic_srtm
7559,Mine_07559,11.561638,80.314941,822.27,18.23,17.52,7.4,synthetic_srtm
7560,Mine_07560,12.636306,76.395058,1403.58,15.74,288.49,7.95,synthetic_srtm
7561,Mine_07561,12.563761,80.243005,571.45,12.34,38.87,7.63,synthetic_srtm
7562,Mine_07562,11.977182,79.006271,887.0,24.67,104.12,9.34,synthetic_srtm
7563,Mine_07563,9.435884,78.873685,521.9,22.08,292.79,7.65,synthetic_srtm
7564,Mine_07564,8.593451,80.364691,967.12,8.87,52.09,4.28,synthetic_srtm
7565,Mine_07565,12.34765,76.545078,1247.45,25.44,73.32,12.33,synthetic_srtm
7566,Mine_07566,12.283334,76.024574,500.18,18.19,108.26,10.16,synthetic_srtm
7567,Mine_07567,11.44785,77.500549,1224.97,29.61,296.14,13.54,synthetic_srtm
7568,Mine_07568,10.549393,80.243784,253.23,3.7,61.22,4.08,synthetic_srtm
7569,Mine_07569,12.717097,80.012948,762.57,19.02,221.26,8.97,synthetic_srtm
7570,Mine_07570,10.419447,79.563567,909.9,17.06,299.49,6.24,synthetic_srtm
7571,Mine_07571,9.198484,77.747664,996.18,14.71,130.65,6.74,synthetic_srtm
7572,Mine_07572,9.928652,76.064638,1524.23,30.48,352.78,9.83,synthetic_srtm
7573,Mine_07573,12.694083,78.194748,707.47,15.97,342.4,7.85,synthetic_srtm
7574,Mine_07574,11.816597,79.600237,309.03,8.76,47.59,6.17,synthetic_srtm
7575,Mine_07575,8.150609,80.401427,794.4,6.8,130.54,4.61,synthetic_srtm
7576,Mine_07576,8.951134,79.51055,213.33,12.46,172.92,7.84,synthetic_srtm
7577,Mine_07577,8.516555,76.962357,953.51,22.54,264.47,7.23,synthetic_srtm
7578,Mine_07578,9.295397,80.145737,578.71,13.2,174.0,4.08,synthetic_srtm
7579,Mine_07579,9.640942,79.248234,702.1,17.34,198.17,5.66,synthetic_srtm
7580,Mine_07580,13.233248,76.228901,1030.32,17.64,56.22,8.29,synthetic_srtm
7581,Mine_07581,11.308562,80.302454,545.93,9.78,321.36,3.32,synthetic_srtm
7582,Mine_07582,12.249868,79.190426,422.81,12.88,343.71,4.21,synthetic_srtm
7583,Mine_07583,11.757844,76.50445,1331.78,34.22,190.56,11.65,synthetic_srtm
7584,Mine_07584,12.816374,77.777042,1089.33,38.75,233.15,13.82,synthetic_srtm
7585,Mine_07585,13.025899,78.107156,523.87,9.84,132.61,7.62,synthetic_srtm
7586,Mine_07586,12.897243,76.219843,652.71,15.57,280.31,4.84,synthetic_srtm
7587,Mine_07587,9.592159,79.989187,909.27,7.83,354.34,4.72,synthetic_srtm
7588,Mine_07588,10.264604,80.073656,258.0,12.98,334.44,6.16,synthetic_srtm
7589,Mine_07589,9.277472,77.227952,832.2,17.67,263.31,8.55,synthetic_srtm
7590,Mine_07590,10.291121,79.634065,579.18,10.66,339.39,5.59,synthetic_srtm
7591,Mine_07591,9.279901,76.908864,709.75,13.03,269.14,6.41,synthetic_srtm
7592,Mine_07592,10.833938,79.722374,607.23,18.23,23.0,9.19,synthetic_srtm
7593,Mine_07593,9.375832,80.466836,439.61,1.11,48.55,1.91,synthetic_srtm
7594,Mine_07594,10.283485,79.645387,579.15,6.63,224.98,3.99,synthetic_srtm
7595,Mine_07595,11.078449,80.292298,686.42,10.81,217.96,6.93,synthetic_srtm
7596,Mine_07596,8.446687,79.343443,277.49,7.7,306.28,2.44,synthetic_srtm
7597,Mine_07597,8.33918,78.076575,428.85,5.2,204.03,2.64,synthetic_srtm
7598,Mine_07598,10.05698,76.372793,1375.41,18.53,0.64,7.05,synthetic_srtm
7599,Mine_07599,8.285417,77.223963,692.41,24.92,215.69,11.39,synthetic_srtm
7600,Mine_07600,10.86016,77.404699,664.71,12.08,296.27,6.28,synthetic_srtm
7601,Mine_07601,12.590041,78.064737,211.25,6.87,180.18,6.94,synthetic_srtm
7602,Mine_07602,11.824098,77.765315,1143.25,34.22,11.13,10.44,synthetic_srtm
7603,Mine_07603,8.481688,76.922136,1130.07,42.93,34.57,13.19,synthetic_srtm
7604,Mine_07604,8.472269,79.790547,864.84,13.08,245.56,4.98,synthetic_srtm
7605,Mine_07605,12.631083,79.804516,287.41,3.85,225.4,5.53,synthetic_srtm
7606,Mine_07606,11.16237,76.411426,1103.8,17.22,51.5,8.1,synthetic_srtm
7607,Mine_07607,12.821083,77.702263,1592.43,26.91,200.65,11.49,synthetic_srtm
7608,Mine_07608,11.266962,76.14569,1546.31,34.88,226.47,14.53,synthetic_srtm
7609,Mine_07609,9.491516,78.99693,543.33,11.07,28.8,4.12,synthetic_srtm
7610,Mine_07610,11.052572,76.027952,1037.96,37.31,97.91,11.69,synthetic_srtm
7611,Mine_07611,11.471776,79.528828,438.81,3.02,32.49,3.52,synthetic_srtm
7612,Mine_07612,8.469996,79.317878,906.55,16.65,161.63,8.02,synthetic_srtm
7613,Mine_07613,12.660062,80.435298,891.47,21.28,112.07,6.91,synthetic_srtm
7614,Mine_07614,9.733011,78.515233,384.84,14.87,323.01,5.06,synthetic_srtm
7615,Mine_07615,10.346829,77.230406,569.74,11.85,247.21,5.08,synthetic_srtm
7616,Mine_07616,12.977987,77.471148,1465.44,36.04,21.52,11.49,synthetic_srtm
7617,Mine_07617,8.542454,80.343919,289.7,14.45,357.86,4.68,synthetic_srtm
7618,Mine_07618,10.731117,77.959151,910.54,14.58,104.14,6.25,synthetic_srtm
7619,Mine_07619,13.455379,77.908226,1669.63,19.69,349.4,9.16,synthetic_srtm
7620,Mine_07620,10.997489,76.469233,1458.33,37.16,294.14,14.39,synthetic_srtm
7621,Mine_07621,10.08886,79.632787,278.11,5.88,338.06,2.32,synthetic_srtm
7622,Mine_07622,11.201881,77.59241,1735.46,21.16,13.02,9.13,synthetic_srtm
7623,Mine_07623,12.810457,77.388832,1576.32,29.53,218.04,12.85,synthetic_srtm
7624,Mine_07624,8.049915,78.979865,695.81,9.81,112.19,4.87,synthetic_srtm
7625,Mine_07625,12.200817,77.39292,1173.95,30.84,167.6,12.57,synthetic_srtm
7626,Mine_07626,8.101996,76.685233,1179.94,25.55,232.07,10.23,synthetic_srtm
7627,Mine_07627,12.152668,77.827474,1518.63,19.33,34.12,10.07,synthetic_srtm
7628,Mine_07628,8.475912,77.087638,366.06,10.25,108.59,7.85,synthetic_srtm
7629,Mine_07629,9.485816,78.974378,627.46,16.1,327.57,7.0,synthetic_srtm
7630,Mine_07630,11.791628,79.459667,933.29,8.78,109.47,5.48,synthetic_srtm
7631,Mine_07631,13.319122,76.107182,1019.65,38.73,55.42,16.61,synthetic_srtm
7632,Mine_07632,12.428728,79.700766,956.11,6.37,59.83,3.81,synthetic_srtm
7633,Mine_07633,13.105014,77.143923,1589.45,16.14,196.86,7.35,synthetic_srtm
7634,Mine_07634,10.216462,76.499837,1481.5,28.31,215.17,10.4,synthetic_srtm
7635,Mine_07635,8.971701,77.858335,908.57,19.55,267.52,7.95,synthetic_srtm
7636,Mine_07636,10.094412,78.210101,344.93,8.94,65.43,7.35,synthetic_srtm
7637,Mine_07637,12.838904,78.166032,366.9,0.5,13.71,2.52,synthetic_srtm
7638,Mine_07638,12.163449,80.256738,681.89,15.28,304.71,8.92,synthetic_srtm
7639,Mine_07639,11.961941,78.929391,538.79,21.38,221.74,8.27,synthetic_srtm
7640,Mine_07640,10.494041,78.935456,868.41,7.43,31.81,2.97,synthetic_srtm
7641,Mine_07641,9.660711,78.097222,262.35,1.79,214.59,2.64,synthetic_srtm
7642,Mine_07642,12.965095,79.894559,810.98,20.78,162.95,8.1,synthetic_srtm
7643,Mine_07643,9.605178,77.774948,465.73,1.69,262.21,1.88,synthetic_srtm
7644,Mine_07644,11.441803,78.244782,939.24,14.35,48.09,7.94,synthetic_srtm
7645,Mine_07645,11.15031,78.129393,895.28,17.09,38.41,7.84,synthetic_srtm
7646,Mine_07646,13.255376,79.607827,575.94,17.12,35.95,5.52,synthetic_srtm
7647,Mine_07647,11.527256,79.262614,617.31,23.03,313.71,9.71,synthetic_srtm
7648,Mine_07648,9.777206,80.052322,238.75,1.61,43.36,4.14,synthetic_srtm
7649,Mine_07649,9.777572,80.458403,919.93,19.62,253.69,8.57,synthetic_srtm
7650,Mine_07650,8.797686,77.752926,915.95,13.23,253.58,7.74,synthetic_srtm
7651,Mine_07651,10.901065,78.82687,961.74,20.16,243.35,9.21,synthetic_srtm
7652,Mine_07652,9.670924,79.404553,441.95,12.62,171.15,4.93,synthetic_srtm
7653,Mine_07653,12.924661,77.370543,1212.82,16.9,72.75,6.83,synthetic_srtm
7654,Mine_07654,11.177992,78.311867,500.3,24.33,257.86,9.43,synthetic_srtm
7655,Mine_07655,9.167204,79.978019,296.07,6.63,323.17,6.14,synthetic_srtm
7656,Mine_07656,8.288937,77.214846,259.67,6.78,132.37,5.63,synthetic_srtm
7657,Mine_07657,8.503415,77.33094,970.97,16.01,272.91,8.44,synthetic_srtm
7658,Mine_07658,9.355028,79.518146,847.8,12.96,50.09,4.73,synthetic_srtm
7659,Mine_07659,8.862471,76.461384,1338.98,33.42,357.12,11.51,synthetic_srtm
7660,Mine_07660,13.210114,78.155147,880.34,10.92,174.52,4.67,synthetic_srtm
7661,Mine_07661,9.338203,76.94137,1612.37,25.23,74.11,10.02,synthetic_srtm
7662,Mine_07662,11.276965,76.044419,824.49,10.4,44.75,5.7,synthetic_srtm
7663,Mine_07663,11.556752,80.273681,710.38,11.56,190.13,6.2,synthetic_srtm
7664,Mine_07664,10.477287,78.7917,671.31,5.65,193.98,6.12,synthetic_srtm
7665,Mine_07665,12.094437,77.073808,1758.12,28.66,300.28,8.93,synthetic_srtm
7666,Mine_07666,9.106661,77.313967,242.11,5.4,84.53,1.83,synthetic_srtm
7667,Mine_07667,10.253733,78.511117,902.69,7.41,303.1,3.2,synthetic_srtm
7668,Mine_07668,13.489044,78.679494,863.62,11.08,28.73,7.4,synthetic_srtm
7669,Mine_07669,10.442635,76.883462,1304.91,29.61,100.7,11.52,synthetic_srtm
7670,Mine_07670,9.238033,77.892049,461.71,14.58,182.42,6.63,synthetic_srtm
7671,Mine_07671,12.262823,77.565171,1271.27,33.57,163.03,13.02,synthetic_srtm
7672,Mine_07672,13.049697,79.034824,454.82,11.6,142.03,4.05,synthetic_srtm
7673,Mine_07673,12.574796,79.886463,814.15,7.86,174.14,6.61,synthetic_srtm
7674,Mine_07674,8.61183,77.4747,244.0,9.93,279.36,4.98,synthetic_srtm
7675,Mine_07675,11.717388,76.436163,1477.83,27.38,55.91,8.35,synthetic_srtm
7676,Mine_07676,11.555605,76.580655,956.65,10.27,115.12,6.46,synthetic_srtm
7677,Mine_07677,13.250444,78.28892,770.93,9.59,19.16,7.53,synthetic_srtm
7678,Mine_07678,12.688557,76.607979,873.62,8.43,218.65,6.88,synthetic_srtm
7679,Mine_07679,8.827731,76.978675,1441.85,38.76,39.48,13.16,synthetic_srtm
7680,Mine_07680,12.460348,77.179288,2164.58,18.15,16.66,7.44,synthetic_srtm
7681,Mine_07681,12.89858,78.967801,268.03,13.15,179.09,5.6,synthetic_srtm
7682,Mine_07682,10.252031,76.390349,561.9,13.22,15.83,5.72,synthetic_srtm
7683,Mine_07683,8.897069,77.518658,830.39,21.51,27.51,9.99,synthetic_srtm
7684,Mine_07684,8.2888,79.502994,300.32,4.36,6.06,2.91,synthetic_srtm
7685,Mine_07685,12.803234,76.793343,1362.02,40.87,71.23,15.09,synthetic_srtm
7686,Mine_07686,9.486982,78.001208,448.02,7.29,228.18,5.59,synthetic_srtm
7687,Mine_07687,12.172209,76.596781,836.38,24.53,70.75,8.43,synthetic_srtm
7688,Mine_07688,12.537603,77.13997,1610.05,27.31,8.71,8.24,synthetic_srtm
7689,Mine_07689,11.530092,76.740232,768.63,16.75,61.53,5.64,synthetic_srtm
7690,Mine_07690,9.115098,76.672068,1281.99,28.04,309.75,9.74,synthetic_srtm
7691,Mine_07691,11.480986,78.258008,450.88,2.33,18.14,1.45,synthetic_srtm
7692,Mine_07692,11.662324,79.751249,763.23,12.72,195.37,5.76,synthetic_srtm
7693,Mine_07693,8.296163,77.253309,996.33,13.64,181.27,7.74,synthetic_srtm
7694,Mine_07694,11.358314,77.494969,2231.19,23.28,220.18,11.41,synthetic_srtm
7695,Mine_07695,10.810776,77.695173,797.57,12.65,348.62,5.37,synthetic_srtm
7696,Mine_07696,9.378883,78.004063,904.78,18.38,174.26,6.5,synthetic_srtm
7697,Mine_07697,12.91428,76.30213,1050.15,27.26,204.15,9.86,synthetic_srtm
7698,Mine_07698,10.750881,79.126973,998.51,23.18,209.4,7.81,synthetic_srtm
7699,Mine_07699,11.813711,80.123471,274.38,6.4,63.37,4.69,synthetic_srtm
7700,Mine_07700,8.872239,79.666724,742.71,13.91,70.41,6.39,synthetic_srtm
7701,Mine_07701,12.194775,76.553758,746.19,24.79,320.53,11.46,synthetic_srtm
7702,Mine_07702,13.162578,77.479809,2374.16,27.74,274.97,12.97,synthetic_srtm
7703,Mine_07703,10.368549,77.565748,342.29,12.7,42.22,4.01,synthetic_srtm
7704,Mine_07704,13.1481,78.453227,801.07,12.06,193.6,6.61,synthetic_srtm
7705,Mine_07705,12.848599,79.287753,368.49,5.76,228.76,4.52,synthetic_srtm
7706,Mine_07706,10.153515,77.737956,288.09,5.25,265.3,4.8,synthetic_srtm
7707,Mine_07707,13.127231,78.025456,760.38,5.18,339.85,3.44,synthetic_srtm
7708,Mine_07708,10.487787,76.859012,1255.46,40.35,192.88,12.53,synthetic_srtm
7709,Mine_07709,8.887251,78.189799,449.56,11.51,229.62,4.33,synthetic_srtm
7710,Mine_07710,8.742591,79.720423,533.43,9.82,45.73,5.65,synthetic_srtm
7711,Mine_07711,10.400263,77.596603,752.84,10.89,29.7,7.86,synthetic_srtm
7712,Mine_07712,12.975443,79.563092,265.68,6.27,67.87,4.3,synthetic_srtm
7713,Mine_07713,10.316442,77.997387,572.96,6.47,198.12,5.32,synthetic_srtm
7714,Mine_07714,8.189748,79.684791,532.47,21.08,288.48,7.88,synthetic_srtm
7715,Mine_07715,8.969648,79.146511,944.01,12.59,196.99,5.68,synthetic_srtm
7716,Mine_07716,12.989772,76.961846,1420.16,15.65,295.46,4.85,synthetic_srtm
7717,Mine_07717,9.031822,76.917833,1205.07,23.03,63.36,9.4,synthetic_srtm
7718,Mine_07718,8.848457,76.526396,1285.13,41.92,265.3,17.02,synthetic_srtm
7719,Mine_07719,9.178194,76.784817,1407.9,27.92,240.19,9.64,synthetic_srtm
7720,Mine_07720,8.346659,80.12396,718.12,6.71,28.3,4.84,synthetic_srtm
7721,Mine_07721,12.382965,76.213186,723.28,15.25,284.76,5.97,synthetic_srtm
7722,Mine_07722,8.832116,77.766391,544.21,16.62,11.33,5.73,synthetic_srtm
7723,Mine_07723,10.61635,77.424419,832.43,18.33,56.78,7.41,synthetic_srtm
7724,Mine_07724,11.487659,79.990252,210.7,8.65,286.48,3.24,synthetic_srtm
7725,Mine_07725,13.399725,76.265696,1380.32,34.38,7.11,15.13,synthetic_srtm
7726,Mine_07726,8.992948,78.136407,270.53,2.96,54.42,4.3,synthetic_srtm
7727,Mine_07727,13.150375,78.004035,811.02,18.7,67.94,9.08,synthetic_srtm
7728,Mine_07728,12.629576,76.826827,841.47,17.45,221.2,6.57,synthetic_srtm
7729,Mine_07729,11.535748,78.340237,481.52,12.34,315.63,5.95,synthetic_srtm
7730,Mine_07730,9.438511,76.762831,925.85,20.63,145.38,8.6,synthetic_srtm
7731,Mine_07731,12.919958,78.284314,881.67,11.07,242.85,5.69,synthetic_srtm
7732,Mine_07732,8.949301,79.547593,750.32,21.37,133.11,11.38,synthetic_srtm
7733,Mine_07733,13.186837,78.055052,790.34,24.0,50.99,9.93,synthetic_srtm
7734,Mine_07734,11.870009,76.557862,1180.7,19.28,20.15,10.09,synthetic_srtm
7735,Mine_07735,12.60667,76.2535,611.31,19.5,307.87,10.15,synthetic_srtm
7736,Mine_07736,11.585991,78.692704,812.11,21.12,336.28,11.24,synthetic_srtm
7737,Mine_07737,9.828269,78.125133,965.86,18.7,350.73,6.17,synthetic_srtm
7738,Mine_07738,9.060178,78.415518,563.22,10.7,341.14,7.37,synthetic_srtm
7739,Mine_07739,12.464793,77.262286,2105.59,43.1,151.98,14.12,synthetic_srtm
7740,Mine_07740,13.309165,78.470297,884.58,17.58,165.0,9.86,synthetic_srtm
7741,Mine_07741,10.69458,77.190814,675.47,11.2,164.79,4.37,synthetic_srtm
7742,Mine_07742,13.337913,77.920258,1750.92,20.2,172.33,9.62,synthetic_srtm
7743,Mine_07743,8.981396,76.236047,1332.36,38.43,237.51,12.31,synthetic_srtm
7744,Mine_07744,12.273006,79.797999,880.56,23.72,31.63,11.98,synthetic_srtm
7745,Mine_07745,12.192316,79.098875,311.91,2.35,103.71,1.86,synthetic_srtm
7746,Mine_07746,13.478688,77.519024,1805.83,41.53,86.12,16.38,synthetic_srtm
7747,Mine_07747,10.929813,76.431107,964.85,18.02,295.51,5.68,synthetic_srtm
7748,Mine_07748,9.179941,80.370121,973.75,18.92,110.32,9.79,synthetic_srtm
7749,Mine_07749,13.448953,76.310011,1210.48,26.84,305.4,13.04,synthetic_srtm
7750,Mine_07750,13.142674,78.654362,211.89,1.79,70.13,2.01,synthetic_srtm
7751,Mine_07751,12.556615,77.938732,1660.17,15.74,212.34,5.61,synthetic_srtm
7752,Mine_07752,10.734767,77.846811,649.07,6.89,53.77,4.41,synthetic_srtm
7753,Mine_07753,11.537842,79.713642,899.19,18.02,243.49,9.36,synthetic_srtm
7754,Mine_07754,8.239204,79.558976,617.3,7.75,31.34,6.68,synthetic_srtm
7755,Mine_07755,10.446648,80.265686,409.42,2.91,11.73,0.95,synthetic_srtm
7756,Mine_07756,9.952166,78.679136,271.75,8.8,353.72,6.16,synthetic_srtm
7757,Mine_07757,12.970328,78.326573,842.14,10.89,274.13,3.5,synthetic_srtm
7758,Mine_07758,11.186716,77.68394,1421.78,17.32,354.22,5.41,synthetic_srtm
7759,Mine_07759,12.957102,77.261688,1643.18,24.23,41.63,7.67,synthetic_srtm
7760,Mine_07760,8.385291,78.797067,219.88,8.03,48.12,4.62,synthetic_srtm
7761,Mine_07761,10.396726,78.460101,748.34,12.66,73.3,5.91,synthetic_srtm
7762,Mine_07762,12.360085,80.151504,272.34,10.57,342.46,4.38,synthetic_srtm
7763,Mine_07763,10.91008,79.90922,666.32,10.87,6.05,4.54,synthetic_srtm
7764,Mine_07764,10.08436,77.297829,256.29,13.64,325.66,7.26,synthetic_srtm
7765,Mine_07765,12.947135,76.389154,1480.75,29.58,115.78,10.56,synthetic_srtm
7766,Mine_07766,9.802201,78.233053,488.54,10.1,205.03,3.81,synthetic_srtm
7767,Mine_07767,12.670928,77.870804,1205.79,26.01,338.83,12.39,synthetic_srtm
7768,Mine_07768,8.862373,79.55607,842.58,23.48,2.62,7.35,synthetic_srtm
7769,Mine_07769,13.435255,77.681609,1566.18,29.25,340.76,8.82,synthetic_srtm
7770,Mine_07770,8.054637,78.940567,668.32,19.24,137.76,6.95,synthetic_srtm
7771,Mine_07771,9.318255,79.602089,314.78,10.75,230.95,4.16,synthetic_srtm
7772,Mine_07772,10.781557,80.040377,323.93,7.18,117.99,2.92,synthetic_srtm
7773,Mine_07773,13.092899,78.258726,868.99,18.14,158.67,7.88,synthetic_srtm
7774,Mine_07774,10.488184,76.587481,1051.14,26.85,66.36,12.71,synthetic_srtm
7775,Mine_07775,13.083796,77.213577,1135.04,38.34,102.9,11.84,synthetic_srtm
7776,Mine_07776,10.804898,77.071355,780.5,19.37,212.79,7.53,synthetic_srtm
7777,Mine_07777,10.622906,76.140571,850.56,17.01,335.79,9.16,synthetic_srtm
7778,Mine_07778,9.525328,76.74901,1514.75,32.35,0.34,12.03,synthetic_srtm
7779,Mine_07779,9.379196,77.184106,784.8,24.41,45.47,9.41,synthetic_srtm
7780,Mine_07780,8.00751,76.392122,1171.5,17.81,93.18,7.95,synthetic_srtm
7781,Mine_07781,9.658632,80.006275,372.5,13.44,330.14,8.32,synthetic_srtm
7782,Mine_07782,11.364789,76.242872,632.2,21.79,137.41,8.85,synthetic_srtm
7783,Mine_07783,12.389105,78.430174,947.93,9.38,225.35,3.45,synthetic_srtm
7784,Mine_07784,13.217643,76.703009,1376.54,31.19,109.84,13.53,synthetic_srtm
7785,Mine_07785,9.431422,76.392447,663.47,22.04,145.58,6.85,synthetic_srtm
7786,Mine_07786,9.230056,79.015559,998.59,17.27,219.08,5.86,synthetic_srtm
7787,Mine_07787,10.532536,76.162737,1149.42,41.05,177.46,15.37,synthetic_srtm
7788,Mine_07788,11.232001,78.066663,852.89,24.1,222.81,9.51,synthetic_srtm
7789,Mine_07789,8.9941,78.762907,201.4,12.12,23.34,6.63,synthetic_srtm
7790,Mine_07790,13.344492,79.474152,546.14,9.06,0.87,5.56,synthetic_srtm
7791,Mine_07791,10.269674,76.895808,965.18,19.5,233.63,9.14,synthetic_srtm
7792,Mine_07792,8.583453,78.358995,771.68,12.13,59.43,5.6,synthetic_srtm
7793,Mine_07793,11.374581,78.145221,446.57,14.37,254.17,6.09,synthetic_srtm
7794,Mine_07794,12.945523,79.262698,897.75,12.43,12.26,4.1,synthetic_srtm
7795,Mine_07795,11.315465,78.442944,238.36,10.8,120.58,4.15,synthetic_srtm
7796,Mine_07796,12.142369,76.793947,762.31,12.77,100.17,3.94,synthetic_srtm
7797,Mine_07797,13.129886,76.346614,697.28,23.49,21.31,7.38,synthetic_srtm
7798,Mine_07798,11.72492,80.488392,816.81,8.93,236.45,6.38,synthetic_srtm
7799,Mine_07799,12.179163,77.441701,1152.79,24.4,354.04,12.03,synthetic_srtm
7800,Mine_07800,8.358858,76.177782,532.48,9.01,61.55,4.29,synthetic_srtm
7801,Mine_07801,13.200732,77.767251,1274.51,34.69,357.25,13.72,synthetic_srtm
7802,Mine_07802,11.10829,76.483554,679.94,10.68,188.15,6.16,synthetic_srtm
7803,Mine_07803,12.693557,78.476028,426.31,7.85,120.79,6.29,synthetic_srtm
7804,Mine_07804,12.198502,78.294538,227.59,3.52,130.67,5.92,synthetic_srtm
7805,Mine_07805,12.797036,77.815422,1150.85,37.72,71.82,15.94,synthetic_srtm
7806,Mine_07806,8.400408,79.469094,283.6,14.51,94.04,9.26,synthetic_srtm
7807,Mine_07807,8.598082,77.447284,896.33,7.36,115.06,4.08,synthetic_srtm
7808,Mine_07808,11.331422,80.232302,929.52,13.71,37.46,4.62,synthetic_srtm
7809,Mine_07809,10.628767,77.663728,285.76,0.27,281.58,3.6,synthetic_srtm
7810,Mine_07810,13.433931,76.782396,941.03,14.28,137.63,4.54,synthetic_srtm
7811,Mine_07811,12.893855,76.491944,1409.26,24.56,267.62,12.24,synthetic_srtm
7812,Mine_07812,13.244579,77.324407,1965.68,28.95,135.33,11.78,synthetic_srtm
7813,Mine_07813,10.032835,77.22859,213.08,13.21,351.87,4.57,synthetic_srtm
7814,Mine_07814,10.413358,77.308489,679.61,21.92,218.37,7.02,synthetic_srtm
7815,Mine_07815,11.469385,80.452545,746.77,11.15,257.69,3.91,synthetic_srtm
7816,Mine_07816,9.8099,77.928206,458.25,10.58,141.46,7.75,synthetic_srtm
7817,Mine_07817,12.184916,76.695225,874.89,9.72,181.64,4.03,synthetic_srtm
7818,Mine_07818,8.36769,78.359594,231.15,13.93,323.47,5.43,synthetic_srtm
7819,Mine_07819,9.169916,76.390972,647.15,16.34,327.2,5.17,synthetic_srtm
7820,Mine_07820,12.742994,76.165168,1603.43,26.94,262.9,8.45,synthetic_srtm
7821,Mine_07821,12.674749,79.686851,806.43,9.92,183.32,6.56,synthetic_srtm
7822,Mine_07822,8.056745,76.117469,822.74,14.45,210.69,7.32,synthetic_srtm
7823,Mine_07823,8.791716,80.23509,877.66,12.91,211.09,3.92,synthetic_srtm
7824,Mine_07824,9.181013,78.582161,440.88,5.86,63.33,5.41,synthetic_srtm
7825,Mine_07825,9.104765,79.027477,923.74,17.77,339.64,7.51,synthetic_srtm
7826,Mine_07826,11.602167,78.212961,566.64,21.97,170.7,7.57,synthetic_srtm
7827,Mine_07827,13.183355,80.407453,831.18,14.13,142.78,7.76,synthetic_srtm
7828,Mine_07828,13.483097,76.39813,1202.03,29.84,270.18,11.9,synthetic_srtm
7829,Mine_07829,11.408419,77.710425,1683.18,33.79,166.32,12.08,synthetic_srtm
7830,Mine_07830,12.010242,79.169624,216.02,12.19,293.4,6.65,synthetic_srtm
7831,Mine_07831,12.759822,77.773944,2316.79,41.4,20.0,15.58,synthetic_srtm
7832,Mine_07832,8.223006,78.075018,656.66,11.34,306.47,3.76,synthetic_srtm
7833,Mine_07833,9.711182,79.978344,331.59,7.41,187.9,6.81,synthetic_srtm
7834,Mine_07834,12.186413,76.055479,1019.59,38.6,202.01,15.4,synthetic_srtm
7835,Mine_07835,10.837698,78.540589,394.42,14.78,149.51,5.59,synthetic_srtm
7836,Mine_07836,11.029027,79.193501,718.26,24.62,349.9,10.81,synthetic_srtm
7837,Mine_07837,9.834644,79.811904,470.09,4.71,102.09,3.52,synthetic_srtm
7838,Mine_07838,9.351181,78.661338,286.16,5.71,169.36,2.74,synthetic_srtm
7839,Mine_07839,9.290223,77.263622,214.77,6.6,138.88,3.15,synthetic_srtm
7840,Mine_07840,11.686803,78.790414,777.91,12.16,51.09,7.71,synthetic_srtm
7841,Mine_07841,9.12611,78.517104,827.12,21.45,92.48,11.23,synthetic_srtm
7842,Mine_07842,12.882215,78.287636,867.89,19.92,164.91,9.85,synthetic_srtm
7843,Mine_07843,10.833642,80.23821,288.63,3.51,227.32,1.71,synthetic_srtm
7844,Mine_07844,9.641606,77.674384,537.38,7.5,340.69,2.81,synthetic_srtm
7845,Mine_07845,9.79192,78.041465,577.51,7.55,197.02,6.73,synthetic_srtm
7846,Mine_07846,10.381046,79.602535,965.29,6.57,45.14,3.13,synthetic_srtm
7847,Mine_07847,12.859162,77.749341,1290.33,31.44,36.93,11.35,synthetic_srtm
7848,Mine_07848,9.341796,76.015135,1420.58,39.73,339.95,14.05,synthetic_srtm
7849,Mine_07849,10.271511,78.054195,238.77,10.55,322.4,7.73,synthetic_srtm
7850,Mine_07850,8.078518,80.062738,265.11,14.14,148.0,5.89,synthetic_srtm
7851,Mine_07851,8.476198,77.65778,903.61,23.29,324.36,7.66,synthetic_srtm
7852,Mine_07852,9.636773,79.410287,871.63,24.28,82.57,8.54,synthetic_srtm
7853,Mine_07853,13.015686,77.63991,1158.11,43.65,96.89,16.35,synthetic_srtm
7854,Mine_07854,11.888963,77.473564,1742.62,35.47,327.8,11.82,synthetic_srtm
7855,Mine_07855,10.659925,76.957423,988.38,8.96,166.24,3.77,synthetic_srtm
7856,Mine_07856,12.333639,79.841892,665.1,6.6,204.05,5.42,synthetic_srtm
7857,Mine_07857,11.941357,79.278696,731.05,5.68,85.61,2.08,synthetic_srtm
7858,Mine_07858,13.428375,78.207106,659.13,22.83,317.5,8.71,synthetic_srtm
7859,Mine_07859,10.977002,78.42962,521.99,20.43,321.08,7.02,synthetic_srtm
7860,Mine_07860,13.184255,76.912795,1020.29,31.6,299.4,14.03,synthetic_srtm
7861,Mine_07861,13.018013,78.540601,872.15,20.58,202.56,7.33,synthetic_srtm
7862,Mine_07862,10.215827,78.865416,594.94,11.8,312.74,7.74,synthetic_srtm
7863,Mine_07863,10.150804,78.87676,733.84,18.62,309.17,6.73,synthetic_srtm
7864,Mine_07864,11.815784,76.860996,1396.24,41.52,20.02,14.45,synthetic_srtm
7865,Mine_07865,13.271082,79.697956,630.75,9.84,39.54,7.13,synthetic_srtm
7866,Mine_07866,9.47424,78.348744,373.71,8.38,338.14,7.16,synthetic_srtm
7867,Mine_07867,10.648468,79.145298,213.75,11.59,109.03,7.34,synthetic_srtm
7868,Mine_07868,11.642531,78.853529,311.38,14.42,238.73,6.32,synthetic_srtm
7869,Mine_07869,8.794949,79.56296,399.04,6.88,226.56,3.84,synthetic_srtm
7870,Mine_07870,11.654747,77.253315,1073.27,22.64,153.04,10.92,synthetic_srtm
7871,Mine_07871,12.059034,78.820015,993.38,18.73,200.57,10.52,synthetic_srtm
7872,Mine_07872,12.866917,76.740234,1549.98,27.99,76.4,11.99,synthetic_srtm
7873,Mine_07873,9.126276,76.749427,1040.64,17.19,112.78,6.5,synthetic_srtm
7874,Mine_07874,10.163521,76.61236,650.59,6.76,259.86,5.35,synthetic_srtm
7875,Mine_07875,12.874273,79.918786,840.58,20.41,234.76,8.31,synthetic_srtm
7876,Mine_07876,8.992722,77.094814,686.6,18.86,65.93,7.8,synthetic_srtm
7877,Mine_07877,8.735321,76.417806,1321.29,27.49,127.91,11.02,synthetic_srtm
7878,Mine_07878,9.078554,78.161276,668.71,12.42,278.8,4.66,synthetic_srtm
7879,Mine_07879,9.98003,78.513356,685.68,6.66,147.24,6.58,synthetic_srtm
7880,Mine_07880,10.330263,77.585609,708.37,10.57,301.21,4.3,synthetic_srtm
7881,Mine_07881,9.782514,76.352838,1404.77,23.04,282.63,7.01,synthetic_srtm
7882,Mine_07882,10.702845,78.309279,366.06,8.49,44.32,2.87,synthetic_srtm
7883,Mine_07883,8.140065,79.503021,470.75,0.73,206.64,3.94,synthetic_srtm
7884,Mine_07884,11.021939,77.28508,2203.55,17.51,110.57,5.7,synthetic_srtm
7885,Mine_07885,9.478512,77.463543,552.76,14.52,273.1,6.16,synthetic_srtm
7886,Mine_07886,10.091022,76.034878,688.09,7.9,145.8,7.03,synthetic_srtm
7887,Mine_07887,11.304319,77.561253,1118.89,30.76,153.26,11.69,synthetic_srtm
7888,Mine_07888,8.432427,76.91881,1176.84,42.73,201.19,14.27,synthetic_srtm
7889,Mine_07889,8.088561,79.409322,547.99,23.58,211.65,7.78,synthetic_srtm
7890,Mine_07890,12.999129,77.294634,1070.85,41.27,33.34,13.93,synthetic_srtm
7891,Mine_07891,12.779275,77.123678,1294.64,22.14,97.56,8.62,synthetic_srtm
7892,Mine_07892,9.049689,76.657009,1120.98,39.84,42.5,12.58,synthetic_srtm
7893,Mine_07893,9.447804,78.089391,236.65,13.02,2.95,5.23,synthetic_srtm
7894,Mine_07894,9.177774,76.433217,1003.91,31.75,54.84,13.39,synthetic_srtm
7895,Mine_07895,12.121194,78.893784,990.85,13.59,317.37,4.94,synthetic_srtm
7896,Mine_07896,9.744121,79.746216,652.04,6.98,337.15,3.67,synthetic_srtm
7897,Mine_07897,12.883132,77.482814,1674.65,34.89,271.96,13.87,synthetic_srtm
7898,Mine_07898,10.612279,77.527611,861.38,10.42,274.06,4.08,synthetic_srtm
7899,Mine_07899,13.26938,78.148364,891.06,14.44,243.2,8.43,synthetic_srtm
7900,Mine_07900,9.38765,76.172949,1607.09,34.03,76.26,11.44,synthetic_srtm
7901,Mine_07901,10.419119,79.389649,803.46,18.75,226.84,9.67,synthetic_srtm
7902,Mine_07902,13.06755,76.508331,1624.72,19.45,273.59,9.7,synthetic_srtm
7903,Mine_07903,10.711947,76.817783,800.14,13.81,150.71,8.18,synthetic_srtm
7904,Mine_07904,9.725646,77.393831,369.62,8.1,79.55,5.27,synthetic_srtm
7905,Mine_07905,8.280576,77.239288,530.26,19.57,29.74,10.81,synthetic_srtm
7906,Mine_07906,9.429845,78.19299,958.56,22.43,250.34,8.52,synthetic_srtm
7907,Mine_07907,10.546069,76.654167,821.45,13.07,179.89,7.14,synthetic_srtm
7908,Mine_07908,12.175862,77.625897,1367.71,38.28,200.23,14.07,synthetic_srtm
7909,Mine_07909,10.444894,76.382835,1479.41,30.44,322.58,11.05,synthetic_srtm
7910,Mine_07910,10.058348,77.521718,560.16,9.51,148.57,6.55,synthetic_srtm
7911,Mine_07911,9.530895,78.286759,294.75,1.32,97.08,2.0,synthetic_srtm
7912,Mine_07912,11.862705,76.379579,1389.25,33.92,32.93,11.64,synthetic_srtm
7913,Mine_07913,12.25079,77.836156,2383.53,20.71,282.13,10.03,synthetic_srtm
7914,Mine_07914,13.394716,79.808731,566.96,20.05,49.41,10.27,synthetic_srtm
7915,Mine_07915,9.696991,77.519892,992.64,10.46,288.68,7.42,synthetic_srtm
7916,Mine_07916,9.12346,78.936074,269.31,6.5,192.26,4.42,synthetic_srtm
7917,Mine_07917,13.057845,76.03677,804.66,24.92,230.17,11.14,synthetic_srtm
7918,Mine_07918,11.977486,79.745141,812.79,16.61,100.5,8.97,synthetic_srtm
7919,Mine_07919,12.85158,78.594178,657.94,17.63,70.84,7.37,synthetic_srtm
7920,Mine_07920,12.4245,77.906462,1052.87,24.52,125.42,10.93,synthetic_srtm
7921,Mine_07921,11.294844,77.914089,1886.62,28.86,77.91,9.11,synthetic_srtm
7922,Mine_07922,10.066445,78.507924,804.55,13.27,329.92,8.27,synthetic_srtm
7923,Mine_07923,10.148226,78.504806,587.25,20.62,279.2,7.84,synthetic_srtm
7924,Mine_07924,11.432436,78.925502,274.22,6.06,212.67,2.21,synthetic_srtm
7925,Mine_07925,12.110752,78.727094,530.91,19.57,50.15,10.42,synthetic_srtm
7926,Mine_07926,8.610232,79.67778,938.53,14.51,355.53,4.84,synthetic_srtm
7927,Mine_07927,10.43894,77.947102,292.36,2.99,303.29,2.17,synthetic_srtm
7928,Mine_07928,11.332947,78.010839,721.56,15.5,174.81,8.07,synthetic_srtm
7929,Mine_07929,11.342086,76.450014,1407.88,21.97,107.78,8.3,synthetic_srtm
7930,Mine_07930,9.200598,79.739611,932.9,7.14,146.4,4.12,synthetic_srtm
7931,Mine_07931,12.262459,76.985334,1532.67,19.64,108.74,9.84,synthetic_srtm
7932,Mine_07932,11.617363,77.422134,1222.58,43.78,232.77,18.02,synthetic_srtm
7933,Mine_07933,10.904765,77.28452,652.26,8.54,179.96,7.45,synthetic_srtm
7934,Mine_07934,10.060841,76.964418,1254.12,44.01,43.93,16.7,synthetic_srtm
7935,Mine_07935,8.326956,80.227462,959.15,8.59,79.79,5.56,synthetic_srtm
7936,Mine_07936,10.306873,79.549163,387.32,1.03,48.87,1.08,synthetic_srtm
7937,Mine_07937,9.388696,76.851188,517.63,10.2,126.04,6.36,synthetic_srtm
7938,Mine_07938,12.420922,76.633251,1249.69,39.8,208.35,16.27,synthetic_srtm
7939,Mine_07939,8.486989,78.53358,504.81,22.4,193.29,8.48,synthetic_srtm
7940,Mine_07940,8.170619,79.076553,575.6,19.04,12.95,6.48,synthetic_srtm
7941,Mine_07941,12.241894,77.556166,2105.72,36.55,297.65,15.2,synthetic_srtm
7942,Mine_07942,13.303717,77.430221,1191.8,15.35,107.35,6.61,synthetic_srtm
7943,Mine_07943,8.514437,78.244514,215.84,5.49,118.07,2.53,synthetic_srtm
7944,Mine_07944,9.281898,77.084632,787.76,8.9,171.18,6.28,synthetic_srtm
7945,Mine_07945,10.753348,80.292651,228.81,5.35,184.57,4.3,synthetic_srtm
7946,Mine_07946,9.077457,78.962832,996.11,7.18,317.31,5.71,synthetic_srtm
7947,Mine_07947,9.164045,78.863858,827.72,12.94,328.72,4.4,synthetic_srtm
7948,Mine_07948,10.904276,78.070076,310.53,7.83,308.56,3.94,synthetic_srtm
7949,Mine_07949,12.418236,76.176829,1437.98,38.04,71.91,15.18,synthetic_srtm
7950,Mine_07950,12.524092,79.840721,250.7,1.39,354.45,3.47,synthetic_srtm
7951,Mine_07951,13.481369,77.084155,2040.97,26.98,26.18,8.26,synthetic_srtm
7952,Mine_07952,11.907134,80.361582,638.8,24.26,264.09,10.88,synthetic_srtm
7953,Mine_07953,10.996225,76.048003,1619.09,44.36,164.64,14.78,synthetic_srtm
7954,Mine_07954,9.085329,77.095592,337.56,8.71,272.3,4.29,synthetic_srtm
7955,Mine_07955,8.382642,79.419726,830.98,18.89,299.66,7.37,synthetic_srtm
7956,Mine_07956,13.488567,76.361508,1483.41,35.22,182.71,10.61,synthetic_srtm
7957,Mine_07957,8.147458,77.631996,302.55,4.71,49.93,2.1,synthetic_srtm
7958,Mine_07958,11.60457,77.19492,1003.51,20.12,66.33,8.94,synthetic_srtm
7959,Mine_07959,8.612608,79.066827,991.56,5.04,5.37,4.79,synthetic_srtm
7960,Mine_07960,13.461412,78.014295,911.84,10.47,337.4,6.57,synthetic_srtm
7961,Mine_07961,13.030148,77.482596,1750.71,21.1,173.57,9.91,synthetic_srtm
7962,Mine_07962,8.468332,79.470332,621.97,7.93,323.66,4.77,synthetic_srtm
7963,Mine_07963,13.145545,79.33978,236.42,9.22,135.9,5.49,synthetic_srtm
7964,Mine_07964,11.739247,78.737355,301.55,11.48,173.13,4.95,synthetic_srtm
7965,Mine_07965,8.368548,76.358657,1308.71,20.92,151.71,8.44,synthetic_srtm
7966,Mine_07966,12.19074,78.03748,445.93,7.92,290.09,3.58,synthetic_srtm
7967,Mine_07967,12.039197,80.385078,571.93,7.22,14.85,2.2,synthetic_srtm
7968,Mine_07968,11.342734,79.759517,415.84,10.78,288.74,4.33,synthetic_srtm
7969,Mine_07969,8.972208,78.896693,220.53,13.07,214.81,8.22,synthetic_srtm
7970,Mine_07970,11.404053,79.264169,286.01,6.96,285.87,3.44,synthetic_srtm
7971,Mine_07971,12.336674,78.909401,874.22,17.43,54.98,7.5,synthetic_srtm
7972,Mine_07972,12.53107,76.330072,948.33,16.84,130.27,6.59,synthetic_srtm
7973,Mine_07973,11.348897,76.046064,1056.94,30.09,339.85,9.16,synthetic_srtm
7974,Mine_07974,9.87689,79.134295,689.28,20.63,332.06,9.15,synthetic_srtm
7975,Mine_07975,12.237131,78.440087,736.08,7.53,259.14,6.82,synthetic_srtm
7976,Mine_07976,13.147295,79.973799,452.49,2.58,321.21,1.38,synthetic_srtm
7977,Mine_07977,12.678254,78.964687,757.08,21.2,244.89,10.4,synthetic_srtm
7978,Mine_07978,9.197042,78.133113,395.48,5.4,222.36,3.7,synthetic_srtm
7979,Mine_07979,13.220961,77.681244,1518.21,15.44,135.23,4.68,synthetic_srtm
7980,Mine_07980,9.169917,78.003506,469.52,9.05,341.81,2.86,synthetic_srtm
7981,Mine_07981,8.749992,77.708412,952.77,10.25,294.09,5.42,synthetic_srtm
7982,Mine_07982,9.689103,79.627178,961.73,20.44,357.04,6.41,synthetic_srtm
7983,Mine_07983,13.214657,77.882669,2346.53,36.09,267.05,13.95,synthetic_srtm
7984,Mine_07984,8.396738,78.490746,980.02,21.12,319.65,6.7,synthetic_srtm
7985,Mine_07985,10.576499,78.239882,534.31,5.09,322.5,5.9,synthetic_srtm
7986,Mine_07986,13.123338,77.718401,1074.97,35.38,139.26,12.79,synthetic_srtm
7987,Mine_07987,12.398971,76.576223,872.89,21.81,331.65,7.67,synthetic_srtm
7988,Mine_07988,11.04937,79.660064,938.77,16.35,79.29,5.28,synthetic_srtm
7989,Mine_07989,10.754006,76.1014,1577.03,30.28,350.4,12.42,synthetic_srtm
7990,Mine_07990,8.577452,79.005589,740.57,20.14,91.13,7.39,synthetic_srtm
7991,Mine_07991,9.752125,77.680868,213.14,1.37,283.37,3.26,synthetic_srtm
7992,Mine_07992,10.99035,78.6113,873.1,10.19,45.37,4.03,synthetic_srtm
7993,Mine_07993,10.751226,78.909057,393.17,1.54,149.35,2.74,synthetic_srtm
7994,Mine_07994,9.709302,77.823138,933.71,21.43,303.79,8.43,synthetic_srtm
7995,Mine_07995,8.680501,77.919945,495.17,7.81,233.83,2.79,synthetic_srtm
7996,Mine_07996,11.962137,78.896804,461.85,6.46,147.66,2.41,synthetic_srtm
7997,Mine_07997,8.257914,80.084255,469.02,7.87,44.05,3.76,synthetic_srtm
7998,Mine_07998,12.60354,80.108804,760.47,22.66,151.7,7.53,synthetic_srtm
7999,Mine_07999,8.486859,78.195622,914.48,7.13,66.38,4.94,synthetic_srtm
8000,Mine_08000,9.531535,77.303039,373.75,5.63,151.58,2.62,synthetic_srtm
8001,Mine_08001,12.74182,79.580061,490.38,4.8,353.01,2.88,synthetic_srtm
8002,Mine_08002,8.308387,79.366661,646.78,7.32,57.43,4.91,synthetic_srtm
8003,Mine_08003,11.422419,79.682347,409.55,10.83,332.91,7.92,synthetic_srtm
8004,Mine_08004,10.284053,79.108971,409.56,1.55,61.32,5.38,synthetic_srtm
8005,Mine_08005,13.384208,76.754405,1546.98,41.19,275.64,15.45,synthetic_srtm
8006,Mine_08006,11.466725,76.316024,835.79,14.94,65.86,4.69,synthetic_srtm
8007,Mine_08007,12.318774,76.55577,1124.67,44.99,3.37,13.97,synthetic_srtm
8008,Mine_08008,12.169218,80.409374,235.45,8.7,67.66,5.97,synthetic_srtm
8009,Mine_08009,10.639836,77.500855,451.18,6.94,253.9,5.85,synthetic_srtm
8010,Mine_08010,9.041169,79.563382,886.34,18.15,187.85,6.08,synthetic_srtm
8011,Mine_08011,9.552495,77.773621,280.38,5.17,219.23,4.7,synthetic_srtm
8012,Mine_08012,12.042752,80.132262,572.15,5.47,115.53,5.77,synthetic_srtm
8013,Mine_08013,10.144273,79.038727,805.46,18.83,128.06,9.27,synthetic_srtm
8014,Mine_08014,11.449958,78.166739,362.44,14.79,233.48,9.24,synthetic_srtm
8015,Mine_08015,13.396682,78.042574,785.41,23.14,252.24,10.55,synthetic_srtm
8016,Mine_08016,9.716091,77.911693,229.68,12.22,100.19,8.06,synthetic_srtm
8017,Mine_08017,8.254743,78.166737,588.38,17.04,310.63,8.95,synthetic_srtm
8018,Mine_08018,8.74642,77.797461,251.41,3.86,0.26,3.05,synthetic_srtm
8019,Mine_08019,8.259915,77.08501,960.44,5.42,138.73,2.78,synthetic_srtm
8020,Mine_08020,11.3876,76.826658,514.64,15.93,261.74,5.96,synthetic_srtm
8021,Mine_08021,11.925012,78.180742,296.0,5.28,349.31,5.7,synthetic_srtm
8022,Mine_08022,12.748953,76.584985,997.64,20.04,243.45,6.5,synthetic_srtm
8023,Mine_08023,11.116658,77.431678,2010.57,17.02,230.28,5.47,synthetic_srtm
8024,Mine_08024,8.238517,78.424443,588.04,22.63,135.38,9.82,synthetic_srtm
8025,Mine_08025,12.995563,80.326975,579.14,5.02,137.72,3.73,synthetic_srtm
8026,Mine_08026,13.471446,76.675278,1241.91,22.97,321.9,8.97,synthetic_srtm
8027,Mine_08027,10.41805,76.009998,1137.19,15.46,295.51,8.82,synthetic_srtm
8028,Mine_08028,8.831244,80.471075,516.21,23.13,200.14,9.4,synthetic_srtm
8029,Mine_08029,10.085838,78.446832,258.77,10.73,301.14,6.38,synthetic_srtm
8030,Mine_08030,8.690363,78.200356,939.05,22.55,39.52,7.1,synthetic_srtm
8031,Mine_08031,13.421334,76.068608,1416.14,36.44,319.58,13.46,synthetic_srtm
8032,Mine_08032,11.102506,78.35758,674.2,14.95,170.68,6.59,synthetic_srtm
8033,Mine_08033,10.81032,77.219334,916.52,17.63,309.38,10.04,synthetic_srtm
8034,Mine_08034,11.810912,79.365761,335.11,9.93,290.23,5.72,synthetic_srtm
8035,Mine_08035,9.723778,78.032875,900.92,5.59,341.43,2.95,synthetic_srtm
8036,Mine_08036,9.940401,76.880484,742.63,23.33,160.39,9.98,synthetic_srtm
8037,Mine_08037,11.338946,76.489335,1216.16,18.67,132.25,8.05,synthetic_srtm
8038,Mine_08038,11.170004,78.036769,324.68,12.79,273.21,3.88,synthetic_srtm
8039,Mine_08039,13.434657,78.070709,472.14,14.59,124.34,5.33,synthetic_srtm
8040,Mine_08040,11.93533,80.071572,548.93,9.64,253.12,3.37,synthetic_srtm
8041,Mine_08041,11.31954,79.814662,494.7,6.67,102.69,3.11,synthetic_srtm
8042,Mine_08042,11.98845,80.488895,884.06,23.45,295.83,9.18,synthetic_srtm
8043,Mine_08043,13.202921,80.352302,496.22,2.68,41.17,4.68,synthetic_srtm
8044,Mine_08044,12.566772,77.139381,1718.44,21.13,111.52,6.39,synthetic_srtm
8045,Mine_08045,9.706375,79.849422,976.68,12.0,73.49,5.51,synthetic_srtm
8046,Mine_08046,13.414904,77.788908,2138.84,17.15,190.25,8.53,synthetic_srtm
8047,Mine_08047,12.418883,77.893667,1499.11,34.9,259.91,14.63,synthetic_srtm
8048,Mine_08048,10.842539,77.693252,398.15,11.96,126.66,8.06,synthetic_srtm
8049,Mine_08049,11.994253,80.286018,304.9,8.49,317.5,3.87,synthetic_srtm
8050,Mine_08050,9.805225,78.462967,779.59,20.32,358.41,8.66,synthetic_srtm
8051,Mine_08051,9.965108,77.325407,972.6,9.47,32.41,3.98,synthetic_srtm
8052,Mine_08052,12.297182,77.361319,1551.4,39.99,46.38,15.15,synthetic_srtm
8053,Mine_08053,8.102457,76.941115,1026.26,21.81,202.38,10.14,synthetic_srtm
8054,Mine_08054,10.245428,76.953564,1696.9,17.11,145.84,9.65,synthetic_srtm
8055,Mine_08055,8.755664,77.614741,531.48,22.26,34.46,8.78,synthetic_srtm
8056,Mine_08056,9.605705,78.448909,847.87,14.24,60.32,5.36,synthetic_srtm
8057,Mine_08057,11.014925,77.564304,1847.77,27.9,198.53,12.75,synthetic_srtm
8058,Mine_08058,13.371543,78.892177,501.16,18.92,240.53,9.18,synthetic_srtm
8059,Mine_08059,13.477809,77.155781,1906.44,23.83,91.76,10.35,synthetic_srtm
8060,Mine_08060,9.40335,79.038031,719.73,16.26,217.4,6.45,synthetic_srtm
8061,Mine_08061,12.440348,77.086843,2127.29,18.55,284.73,5.76,synthetic_srtm
8062,Mine_08062,12.393516,76.483429,1632.78,29.9,325.6,12.86,synthetic_srtm
8063,Mine_08063,9.378756,76.897873,1331.03,39.1,51.83,14.44,synthetic_srtm
8064,Mine_08064,9.528092,79.097853,721.24,24.48,260.25,7.85,synthetic_srtm
8065,Mine_08065,13.181824,79.376166,450.79,9.03,143.64,7.64,synthetic_srtm
8066,Mine_08066,10.749847,77.902105,271.53,11.0,253.44,6.83,synthetic_srtm
8067,Mine_08067,11.982184,79.176776,821.61,11.44,348.62,4.0,synthetic_srtm
8068,Mine_08068,12.45547,77.336794,1944.67,27.5,100.71,9.61,synthetic_srtm
8069,Mine_08069,10.264339,77.579016,999.46,8.56,210.05,5.29,synthetic_srtm
8070,Mine_08070,12.862076,80.038197,510.13,23.52,92.79,9.26,synthetic_srtm
8071,Mine_08071,12.490456,80.018797,489.17,2.66,301.62,1.12,synthetic_srtm
8072,Mine_08072,12.551923,79.181824,270.17,11.24,318.96,4.98,synthetic_srtm
8073,Mine_08073,12.205478,79.667268,873.12,20.24,259.35,10.8,synthetic_srtm
8074,Mine_08074,12.948848,78.852083,481.41,14.7,343.19,6.73,synthetic_srtm
8075,Mine_08075,8.092973,76.045759,529.59,17.71,343.56,6.28,synthetic_srtm
8076,Mine_08076,9.336818,77.002013,576.79,19.52,203.18,10.83,synthetic_srtm
8077,Mine_08077,11.877018,79.174328,884.12,15.07,232.52,9.51,synthetic_srtm
8078,Mine_08078,10.877343,78.781707,852.55,9.97,137.85,6.62,synthetic_srtm
8079,Mine_08079,8.557466,78.904753,336.57,7.04,184.43,4.21,synthetic_srtm
8080,Mine_08080,8.389966,78.725642,653.17,13.5,210.37,4.92,synthetic_srtm
8081,Mine_08081,11.609524,79.417748,735.27,19.03,115.63,6.4,synthetic_srtm
8082,Mine_08082,8.457539,76.489647,1683.43,33.82,258.98,13.13,synthetic_srtm
8083,Mine_08083,9.861797,77.501809,859.67,13.34,169.74,8.56,synthetic_srtm
8084,Mine_08084,9.891031,76.480737,535.14,6.08,228.16,5.24,synthetic_srtm
8085,Mine_08085,10.418775,76.375708,1496.45,32.97,280.11,11.46,synthetic_srtm
8086,Mine_08086,11.773921,77.853139,1003.2,35.14,161.68,14.29,synthetic_srtm
8087,Mine_08087,13.357272,78.954492,507.05,16.29,97.8,7.13,synthetic_srtm
8088,Mine_08088,11.152642,76.684028,935.64,5.57,217.06,1.83,synthetic_srtm
8089,Mine_08089,13.097923,79.942959,758.59,23.35,168.58,11.75,synthetic_srtm
8090,Mine_08090,9.533474,79.589037,589.99,7.67,358.42,6.24,synthetic_srtm
8091,Mine_08091,12.22244,78.631623,686.99,7.74,7.13,6.37,synthetic_srtm
8092,Mine_08092,13.428447,79.806691,704.65,22.13,224.86,6.88,synthetic_srtm
8093,Mine_08093,9.322805,76.715356,819.59,11.97,216.49,8.37,synthetic_srtm
8094,Mine_08094,9.652179,78.309403,596.54,13.96,104.96,4.25,synthetic_srtm
8095,Mine_08095,11.442992,79.365921,754.69,18.15,138.03,9.99,synthetic_srtm
8096,Mine_08096,8.384184,79.740848,245.31,3.78,262.92,2.29,synthetic_srtm
8097,Mine_08097,10.01757,78.684936,999.48,19.12,244.89,6.75,synthetic_srtm
8098,Mine_08098,12.174066,77.534686,1038.5,34.43,155.71,10.82,synthetic_srtm
8099,Mine_08099,12.996433,78.536392,390.2,14.3,197.66,6.47,synthetic_srtm
8100,Mine_08100,11.839232,78.520708,346.48,0.82,45.53,0.56,synthetic_srtm
8101,Mine_08101,9.242389,78.04977,864.95,20.13,21.01,6.13,synthetic_srtm
8102,Mine_08102,11.609783,80.169078,277.77,8.92,231.78,3.55,synthetic_srtm
8103,Mine_08103,9.384397,80.442837,207.88,14.22,117.39,5.06,synthetic_srtm
8104,Mine_08104,12.251779,77.743495,1177.22,33.94,294.17,12.35,synthetic_srtm
8105,Mine_08105,9.503573,78.822413,206.15,7.62,344.73,2.64,synthetic_srtm
8106,Mine_08106,8.331199,78.036813,621.21,19.06,278.05,10.41,synthetic_srtm
8107,Mine_08107,12.540908,77.796153,2288.92,35.21,34.27,11.19,synthetic_srtm
8108,Mine_08108,10.41173,78.929829,927.49,5.8,342.22,5.94,synthetic_srtm
8109,Mine_08109,12.407204,79.679419,262.23,5.9,84.94,5.38,synthetic_srtm
8110,Mine_08110,13.379226,78.635924,947.7,21.02,31.96,7.78,synthetic_srtm
8111,Mine_08111,12.130077,77.447464,1615.82,33.85,28.08,15.01,synthetic_srtm
8112,Mine_08112,9.640072,76.597352,1429.71,23.16,234.59,10.37,synthetic_srtm
8113,Mine_08113,10.488629,78.557123,348.56,2.29,242.52,0.69,synthetic_srtm
8114,Mine_08114,11.664069,79.849076,405.79,8.39,351.3,5.27,synthetic_srtm
8115,Mine_08115,8.373668,79.834878,240.7,9.9,215.57,5.43,synthetic_srtm
8116,Mine_08116,12.965433,79.784082,853.35,15.22,67.44,5.51,synthetic_srtm
8117,Mine_08117,8.133397,77.947465,593.35,13.3,227.71,7.48,synthetic_srtm
8118,Mine_08118,11.579517,79.352436,306.9,3.46,325.58,4.68,synthetic_srtm
8119,Mine_08119,8.528113,79.642953,318.3,3.72,340.16,3.25,synthetic_srtm
8120,Mine_08120,12.025267,80.374427,806.95,10.42,346.36,6.83,synthetic_srtm
8121,Mine_08121,8.152344,78.719424,740.34,12.93,28.8,5.85,synthetic_srtm
8122,Mine_08122,11.592314,79.850932,420.04,4.15,87.36,4.65,synthetic_srtm
8123,Mine_08123,12.765856,76.204042,1131.01,18.3,330.71,5.67,synthetic_srtm
8124,Mine_08124,12.531199,77.980604,1830.66,15.17,109.09,7.34,synthetic_srtm
8125,Mine_08125,8.677564,76.337038,513.88,24.12,82.42,7.43,synthetic_srtm
8126,Mine_08126,10.826809,76.463855,838.95,14.87,1.67,4.68,synthetic_srtm
8127,Mine_08127,13.008263,76.835653,926.22,20.35,351.46,10.76,synthetic_srtm
8128,Mine_08128,8.942211,79.882882,789.31,13.71,110.02,7.39,synthetic_srtm
8129,Mine_08129,12.504666,78.977279,594.63,13.88,216.85,6.51,synthetic_srtm
8130,Mine_08130,11.042119,78.183565,662.17,13.28,16.36,4.89,synthetic_srtm
8131,Mine_08131,10.800294,76.413773,950.75,20.36,51.22,10.17,synthetic_srtm
8132,Mine_08132,13.282037,77.180879,1503.35,18.71,259.47,7.02,synthetic_srtm
8133,Mine_08133,8.158055,77.302555,754.0,22.21,232.39,7.84,synthetic_srtm
8134,Mine_08134,9.130208,79.376849,249.1,6.24,359.03,2.53,synthetic_srtm
8135,Mine_08135,13.134416,76.232364,1103.2,25.19,344.6,9.0,synthetic_srtm
8136,Mine_08136,11.581404,76.928419,965.24,14.21,253.25,8.28,synthetic_srtm
8137,Mine_08137,9.518948,77.245997,743.56,17.29,16.93,8.39,synthetic_srtm
8138,Mine_08138,11.588909,79.785361,379.44,4.37,69.9,1.39,synthetic_srtm
8139,Mine_08139,12.957824,79.172559,824.78,20.86,251.16,9.26,synthetic_srtm
8140,Mine_08140,12.873974,77.558553,2085.58,23.6,272.08,10.98,synthetic_srtm
8141,Mine_08141,12.592396,80.456209,289.25,1.9,95.3,3.6,synthetic_srtm
8142,Mine_08142,13.119451,79.232348,235.74,1.21,112.45,2.01,synthetic_srtm
8143,Mine_08143,9.945053,77.187946,675.43,22.44,149.82,10.52,synthetic_srtm
8144,Mine_08144,13.365974,77.91305,1409.19,42.06,176.3,17.44,synthetic_srtm
8145,Mine_08145,10.74051,79.784598,322.47,10.69,131.82,4.72,synthetic_srtm
8146,Mine_08146,10.306167,78.541897,830.27,11.72,188.26,3.84,synthetic_srtm
8147,Mine_08147,9.612021,78.468617,598.88,19.53,124.49,8.3,synthetic_srtm
8148,Mine_08148,9.692063,77.461789,574.33,23.07,164.61,11.67,synthetic_srtm
8149,Mine_08149,10.567664,76.315565,1671.91,44.67,6.61,18.13,synthetic_srtm
8150,Mine_08150,13.43091,78.663046,612.96,8.97,355.06,7.62,synthetic_srtm
8151,Mine_08151,10.039028,76.657637,626.74,14.45,79.13,9.27,synthetic_srtm
8152,Mine_08152,12.792686,79.846273,293.76,1.02,193.0,3.78,synthetic_srtm
8153,Mine_08153,10.19525,76.593719,1566.22,20.35,327.39,10.0,synthetic_srtm
8154,Mine_08154,11.679553,76.544882,1353.39,32.68,244.4,11.9,synthetic_srtm
8155,Mine_08155,8.997016,77.005762,731.65,14.64,304.34,9.18,synthetic_srtm
8156,Mine_08156,8.622795,79.087319,487.46,7.85,109.25,4.82,synthetic_srtm
8157,Mine_08157,13.19864,79.876494,644.87,10.6,296.66,8.18,synthetic_srtm
8158,Mine_08158,13.235651,80.381461,461.32,11.92,159.46,7.83,synthetic_srtm
8159,Mine_08159,8.977337,80.06772,876.1,7.32,3.93,6.62,synthetic_srtm
8160,Mine_08160,10.823171,79.967584,639.14,5.07,8.38,4.45,synthetic_srtm
8161,Mine_08161,13.368138,76.23782,645.78,19.1,63.98,9.69,synthetic_srtm
8162,Mine_08162,12.678534,76.292847,1520.01,15.13,163.3,5.12,synthetic_srtm
8163,Mine_08163,11.884613,76.330183,1431.64,41.29,94.57,14.9,synthetic_srtm
8164,Mine_08164,12.851184,79.965231,966.09,17.46,172.41,8.65,synthetic_srtm
8165,Mine_08165,12.212679,80.182437,335.81,12.99,302.94,5.66,synthetic_srtm
8166,Mine_08166,10.126314,77.244022,756.24,19.34,305.14,10.49,synthetic_srtm
8167,Mine_08167,9.823324,80.336606,914.76,18.7,76.8,10.35,synthetic_srtm
8168,Mine_08168,9.823183,77.280979,340.73,1.58,37.39,4.19,synthetic_srtm
8169,Mine_08169,11.034749,76.704248,1568.94,42.71,136.67,17.37,synthetic_srtm
8170,Mine_08170,9.812538,79.882955,785.35,6.98,229.83,4.27,synthetic_srtm
8171,Mine_08171,11.519635,80.322697,465.86,3.8,134.32,4.12,synthetic_srtm
8172,Mine_08172,13.442691,79.07698,824.17,17.88,341.51,8.41,synthetic_srtm
8173,Mine_08173,11.205625,77.921949,1976.14,25.13,338.04,8.1,synthetic_srtm
8174,Mine_08174,8.195027,79.290085,458.93,2.64,302.43,3.27,synthetic_srtm
8175,Mine_08175,10.064375,76.21783,744.78,11.81,347.45,7.64,synthetic_srtm
8176,Mine_08176,12.052511,80.072318,991.41,19.87,220.57,9.55,synthetic_srtm
8177,Mine_08177,8.806782,78.857661,732.39,8.62,147.84,5.72,synthetic_srtm
8178,Mine_08178,9.091028,79.989275,663.55,16.89,132.46,7.86,synthetic_srtm
8179,Mine_08179,12.467775,78.538742,493.58,11.31,72.94,7.02,synthetic_srtm
8180,Mine_08180,8.327986,77.249613,709.03,15.69,135.42,7.68,synthetic_srtm
8181,Mine_08181,12.899703,79.302424,757.04,5.69,123.38,3.71,synthetic_srtm
8182,Mine_08182,11.011716,78.060728,827.44,23.03,123.37,8.97,synthetic_srtm
8183,Mine_08183,8.693994,78.671091,830.64,5.84,328.04,6.11,synthetic_srtm
8184,Mine_08184,8.191681,78.31917,691.47,17.27,75.63,5.45,synthetic_srtm
8185,Mine_08185,13.474139,79.007338,371.91,0.82,200.81,3.37,synthetic_srtm
8186,Mine_08186,10.206601,76.556602,993.54,6.37,284.03,5.66,synthetic_srtm
8187,Mine_08187,8.898928,78.785168,799.78,9.97,326.91,6.97,synthetic_srtm
8188,Mine_08188,9.475645,80.238193,883.02,7.47,339.55,2.36,synthetic_srtm
8189,Mine_08189,12.245963,76.231393,681.69,24.08,190.21,7.94,synthetic_srtm
8190,Mine_08190,12.815153,76.639955,1381.95,45.0,162.49,14.74,synthetic_srtm
8191,Mine_08191,8.701504,79.116291,744.26,10.29,180.14,6.53,synthetic_srtm
8192,Mine_08192,10.084367,79.599286,527.18,21.76,112.87,11.34,synthetic_srtm
8193,Mine_08193,9.951491,77.951795,605.45,19.7,140.88,10.6,synthetic_srtm
8194,Mine_08194,11.384411,79.45998,465.18,6.82,154.96,5.39,synthetic_srtm
8195,Mine_08195,13.081978,79.811035,963.89,15.04,356.78,6.44,synthetic_srtm
8196,Mine_08196,12.01732,78.325113,507.71,9.57,85.25,6.38,synthetic_srtm
8197,Mine_08197,12.605749,79.570246,994.76,5.3,131.86,5.02,synthetic_srtm
8198,Mine_08198,12.654228,80.205828,991.86,11.63,289.07,7.42,synthetic_srtm
8199,Mine_08199,9.245157,77.833609,260.99,9.13,267.21,5.08,synthetic_srtm
8200,Mine_08200,12.826439,79.0154,691.16,9.64,252.58,4.09,synthetic_srtm
8201,Mine_08201,10.270906,80.139112,263.53,1.19,168.04,0.88,synthetic_srtm
8202,Mine_08202,10.165968,79.868376,498.13,0.51,316.93,3.41,synthetic_srtm
8203,Mine_08203,12.249361,76.9213,908.8,16.02,143.91,6.91,synthetic_srtm
8204,Mine_08204,10.294793,79.289592,294.55,0.76,101.02,4.83,synthetic_srtm
8205,Mine_08205,10.619716,80.255242,307.58,6.94,124.24,2.45,synthetic_srtm
8206,Mine_08206,13.117162,78.190558,656.05,8.2,313.48,4.75,synthetic_srtm
8207,Mine_08207,8.269816,76.69028,1342.46,18.84,141.38,7.34,synthetic_srtm
8208,Mine_08208,9.2612,78.469111,631.46,13.72,87.26,4.83,synthetic_srtm
8209,Mine_08209,8.856106,77.748058,714.19,10.84,291.33,3.91,synthetic_srtm
8210,Mine_08210,11.21217,78.449126,218.83,8.75,169.4,3.04,synthetic_srtm
8211,Mine_08211,10.068713,77.034135,360.32,0.82,358.35,1.27,synthetic_srtm
8212,Mine_08212,8.104393,78.03205,305.93,9.69,71.07,4.78,synthetic_srtm
8213,Mine_08213,8.708051,78.401685,485.63,8.37,249.74,6.76,synthetic_srtm
8214,Mine_08214,8.363502,76.866721,577.99,9.68,148.94,6.15,synthetic_srtm
8215,Mine_08215,9.527798,76.834235,958.14,6.7,256.34,3.23,synthetic_srtm
8216,Mine_08216,10.396459,78.05366,992.5,16.94,260.09,9.82,synthetic_srtm
8217,Mine_08217,10.512319,78.389795,214.22,7.89,34.56,6.57,synthetic_srtm
8218,Mine_08218,11.041064,80.070826,606.36,14.73,210.23,7.48,synthetic_srtm
8219,Mine_08219,10.297442,76.510044,1442.36,41.75,340.19,14.48,synthetic_srtm
8220,Mine_08220,10.488342,79.427936,335.8,0.44,194.21,2.86,synthetic_srtm
8221,Mine_08221,10.486302,77.136694,334.09,0.76,53.35,1.35,synthetic_srtm
8222,Mine_08222,11.467605,78.584453,280.26,9.84,2.07,6.46,synthetic_srtm
8223,Mine_08223,12.151953,76.355685,668.65,19.95,100.19,6.1,synthetic_srtm
8224,Mine_08224,12.765676,76.837591,1536.87,25.07,50.53,12.51,synthetic_srtm
8225,Mine_08225,13.427033,76.724623,608.06,18.4,121.63,9.85,synthetic_srtm
8226,Mine_08226,13.196896,80.369911,203.67,9.77,312.19,4.86,synthetic_srtm
8227,Mine_08227,10.151956,78.763862,999.81,22.94,235.61,10.59,synthetic_srtm
8228,Mine_08228,9.151661,77.822239,458.76,8.19,139.39,3.69,synthetic_srtm
8229,Mine_08229,8.196133,77.495647,585.27,12.69,61.05,5.32,synthetic_srtm
8230,Mine_08230,11.16473,77.35687,1940.66,24.96,340.47,10.64,synthetic_srtm
8231,Mine_08231,8.941426,79.89361,419.1,10.15,50.44,5.46,synthetic_srtm
8232,Mine_08232,12.690116,76.46544,1561.83,44.81,214.02,18.44,synthetic_srtm
8233,Mine_08233,8.602405,80.008595,925.05,11.76,17.17,5.39,synthetic_srtm
8234,Mine_08234,9.143957,77.058067,404.77,13.26,42.9,5.63,synthetic_srtm
8235,Mine_08235,10.414413,76.39092,1500.15,31.71,212.35,11.25,synthetic_srtm
8236,Mine_08236,10.535358,78.567635,933.11,8.61,302.48,6.92,synthetic_srtm
8237,Mine_08237,12.121406,78.605571,341.8,14.48,223.9,7.61,synthetic_srtm
8238,Mine_08238,8.928905,77.000674,485.02,0.03,171.81,3.64,synthetic_srtm
8239,Mine_08239,13.241295,76.532356,644.02,24.84,243.78,10.78,synthetic_srtm
8240,Mine_08240,9.644338,77.508835,638.92,21.22,296.19,6.65,synthetic_srtm
8241,Mine_08241,8.97437,79.674809,862.08,17.22,218.42,8.59,synthetic_srtm
8242,Mine_08242,12.68864,76.409504,931.34,23.8,35.93,9.04,synthetic_srtm
8243,Mine_08243,11.365467,76.009533,913.52,13.36,186.42,8.64,synthetic_srtm
8244,Mine_08244,9.595894,76.729957,1134.13,30.03,176.64,11.52,synthetic_srtm
8245,Mine_08245,10.640712,80.09414,281.14,13.53,237.71,5.21,synthetic_srtm
8246,Mine_08246,10.911409,79.668214,502.51,18.62,92.81,8.07,synthetic_srtm
8247,Mine_08247,8.71842,77.035493,874.03,16.44,61.21,9.13,synthetic_srtm
8248,Mine_08248,12.507779,78.689217,429.51,6.39,135.16,6.36,synthetic_srtm
8249,Mine_08249,13.235695,80.070222,398.09,1.88,195.54,0.67,synthetic_srtm
8250,Mine_08250,13.21463,76.369957,1181.58,29.02,314.66,10.88,synthetic_srtm
8251,Mine_08251,12.046831,76.00042,1415.95,25.15,355.57,8.05,synthetic_srtm
8252,Mine_08252,8.03236,77.735656,581.83,13.05,289.48,5.01,synthetic_srtm
8253,Mine_08253,12.096767,77.182373,1222.48,38.19,3.87,11.73,synthetic_srtm
8254,Mine_08254,11.146794,79.4338,710.94,11.38,163.24,5.78,synthetic_srtm
8255,Mine_08255,13.007416,79.988198,814.31,15.24,262.6,4.84,synthetic_srtm
8256,Mine_08256,12.505098,78.284799,983.13,19.23,163.63,9.83,synthetic_srtm
8257,Mine_08257,11.430894,79.390713,747.06,19.63,117.74,9.95,synthetic_srtm
8258,Mine_08258,10.646941,76.925762,1142.31,36.9,245.0,16.01,synthetic_srtm
8259,Mine_08259,8.009724,77.141403,508.17,17.24,116.58,7.8,synthetic_srtm
8260,Mine_08260,10.08544,78.901515,789.09,10.29,52.89,6.36,synthetic_srtm
8261,Mine_08261,9.358451,80.011868,832.19,17.83,235.33,8.29,synthetic_srtm
8262,Mine_08262,11.197421,78.240383,986.56,8.15,163.09,2.74,synthetic_srtm
8263,Mine_08263,11.758516,79.840731,964.71,24.53,310.6,7.66,synthetic_srtm
8264,Mine_08264,10.118586,76.624872,877.97,18.82,201.39,8.86,synthetic_srtm
8265,Mine_08265,10.45524,77.466218,785.97,24.06,37.34,11.49,synthetic_srtm
8266,Mine_08266,11.78868,77.259857,1022.68,29.53,296.1,10.51,synthetic_srtm
8267,Mine_08267,10.301198,79.364017,893.11,13.22,152.18,7.17,synthetic_srtm
8268,Mine_08268,10.688489,79.697577,538.78,9.42,100.55,4.53,synthetic_srtm
8269,Mine_08269,8.502273,79.937402,415.07,5.1,7.96,2.03,synthetic_srtm
8270,Mine_08270,10.091441,79.855746,774.16,19.12,268.68,9.94,synthetic_srtm
8271,Mine_08271,12.993559,76.380462,999.47,13.07,11.48,3.93,synthetic_srtm
8272,Mine_08272,10.97987,79.585371,916.89,7.37,259.76,4.99,synthetic_srtm
8273,Mine_08273,13.4607,78.380103,566.38,5.62,266.76,2.13,synthetic_srtm
8274,Mine_08274,11.056255,77.705885,1773.06,19.0,89.74,7.38,synthetic_srtm
8275,Mine_08275,13.41904,76.295832,1606.98,35.88,17.15,11.94,synthetic_srtm
8276,Mine_08276,11.813537,76.198595,657.8,24.13,161.94,11.59,synthetic_srtm
8277,Mine_08277,10.541449,80.119672,700.75,13.41,44.33,8.18,synthetic_srtm
8278,Mine_08278,13.123689,79.264004,593.93,9.46,121.42,7.51,synthetic_srtm
8279,Mine_08279,8.85223,80.492611,625.08,22.56,101.45,8.98,synthetic_srtm
8280,Mine_08280,10.16453,78.870902,944.62,8.98,74.89,6.32,synthetic_srtm
8281,Mine_08281,10.547068,76.522692,1053.78,32.06,251.38,10.93,synthetic_srtm
8282,Mine_08282,12.711416,76.867534,1311.56,19.11,137.95,7.04,synthetic_srtm
8283,Mine_08283,12.160808,79.860178,535.06,9.08,203.92,4.03,synthetic_srtm
8284,Mine_08284,8.237513,79.286596,328.7,14.45,19.61,4.64,synthetic_srtm
8285,Mine_08285,12.078301,78.514979,982.12,19.05,72.99,8.94,synthetic_srtm
8286,Mine_08286,9.32442,80.080562,774.18,5.99,21.74,2.74,synthetic_srtm
8287,Mine_08287,11.428954,79.627883,623.73,7.91,224.86,6.53,synthetic_srtm
8288,Mine_08288,8.658636,78.44605,321.74,6.8,177.28,6.69,synthetic_srtm
8289,Mine_08289,13.201029,80.49404,637.51,9.72,199.66,2.97,synthetic_srtm
8290,Mine_08290,12.097968,78.106076,665.34,12.97,275.02,7.18,synthetic_srtm
8291,Mine_08291,10.006901,77.569651,379.99,12.71,306.68,8.29,synthetic_srtm
8292,Mine_08292,8.881889,78.242615,798.55,23.99,265.77,10.12,synthetic_srtm
8293,Mine_08293,12.902248,78.818938,631.67,21.56,101.4,9.58,synthetic_srtm
8294,Mine_08294,12.720933,78.331007,501.96,10.83,127.12,6.17,synthetic_srtm
8295,Mine_08295,11.524667,76.69656,881.54,12.81,95.03,4.56,synthetic_srtm
8296,Mine_08296,10.097343,77.470285,979.96,7.74,79.85,3.38,synthetic_srtm
8297,Mine_08297,10.155442,77.69811,502.18,5.5,137.44,1.88,synthetic_srtm
8298,Mine_08298,13.120749,78.126654,219.2,12.15,180.35,7.07,synthetic_srtm
8299,Mine_08299,12.996718,79.004727,598.75,8.52,90.06,4.45,synthetic_srtm
8300,Mine_08300,11.654185,78.667612,378.99,0.64,79.43,0.23,synthetic_srtm
8301,Mine_08301,11.078229,79.820777,761.17,14.41,224.37,6.79,synthetic_srtm
8302,Mine_08302,10.477097,76.954954,1118.25,29.1,346.93,9.18,synthetic_srtm
8303,Mine_08303,12.209588,76.089973,1049.84,33.0,326.87,14.48,synthetic_srtm
8304,Mine_08304,12.185659,77.87855,2188.92,34.17,65.45,11.95,synthetic_srtm
8305,Mine_08305,9.831822,77.056932,704.74,7.6,244.71,6.98,synthetic_srtm
8306,Mine_08306,10.33744,77.762382,576.7,20.9,160.79,6.72,synthetic_srtm
8307,Mine_08307,8.997744,77.235304,759.34,9.25,166.41,7.48,synthetic_srtm
8308,Mine_08308,11.636482,77.977493,1123.03,21.62,147.26,7.88,synthetic_srtm
8309,Mine_08309,11.613748,78.018768,862.15,6.55,61.12,2.03,synthetic_srtm
8310,Mine_08310,9.90097,76.32735,1204.16,34.37,358.62,12.26,synthetic_srtm
8311,Mine_08311,8.405976,78.173996,841.14,21.2,131.38,7.07,synthetic_srtm
8312,Mine_08312,11.719553,76.280518,788.61,13.63,17.33,4.56,synthetic_srtm
8313,Mine_08313,12.572145,79.853068,210.71,10.8,222.67,5.51,synthetic_srtm
8314,Mine_08314,10.378826,77.236755,717.53,6.16,251.16,5.95,synthetic_srtm
8315,Mine_08315,11.38819,76.753669,819.45,16.1,25.74,9.18,synthetic_srtm
8316,Mine_08316,9.343715,80.241616,626.75,10.2,328.81,4.35,synthetic_srtm
8317,Mine_08317,12.612028,79.544683,807.58,15.28,339.61,6.13,synthetic_srtm
8318,Mine_08318,10.168567,79.100466,533.12,17.5,159.13,9.45,synthetic_srtm
8319,Mine_08319,12.104007,79.133433,282.2,5.7,336.53,2.34,synthetic_srtm
8320,Mine_08320,8.56072,80.297554,332.99,10.9,216.74,5.16,synthetic_srtm
8321,Mine_08321,10.191719,76.901213,952.1,10.64,37.08,3.94,synthetic_srtm
8322,Mine_08322,9.12757,76.04289,1145.75,18.21,243.46,8.98,synthetic_srtm
8323,Mine_08323,9.953823,77.126425,976.41,16.75,20.02,8.1,synthetic_srtm
8324,Mine_08324,12.691541,76.760017,1577.8,30.53,294.75,12.46,synthetic_srtm
8325,Mine_08325,9.191821,79.958433,815.25,20.26,132.82,7.09,synthetic_srtm
8326,Mine_08326,10.807041,78.12155,555.06,16.57,191.95,9.04,synthetic_srtm
8327,Mine_08327,12.034631,80.13044,236.7,7.44,117.85,3.26,synthetic_srtm
8328,Mine_08328,9.328095,80.115722,847.11,11.7,62.42,4.71,synthetic_srtm
8329,Mine_08329,10.834822,77.683025,568.61,16.75,227.24,5.64,synthetic_srtm
8330,Mine_08330,12.810846,78.944567,491.4,11.74,19.61,5.56,synthetic_srtm
8331,Mine_08331,10.490553,78.045208,878.93,23.28,29.81,8.34,synthetic_srtm
8332,Mine_08332,10.962088,79.981843,284.94,1.06,286.11,1.43,synthetic_srtm
8333,Mine_08333,9.404313,77.786157,326.81,12.12,317.9,7.24,synthetic_srtm
8334,Mine_08334,12.945806,77.327951,2205.81,40.32,245.99,13.53,synthetic_srtm
8335,Mine_08335,8.302717,77.524035,869.87,22.97,140.51,10.18,synthetic_srtm
8336,Mine_08336,12.865005,78.651641,595.21,5.85,50.94,2.15,synthetic_srtm
8337,Mine_08337,11.399136,77.768264,1010.09,40.15,197.28,15.94,synthetic_srtm
8338,Mine_08338,11.412149,77.424416,2379.2,44.43,9.62,14.08,synthetic_srtm
8339,Mine_08339,10.213015,76.674482,1288.36,16.88,337.74,6.93,synthetic_srtm
8340,Mine_08340,12.531055,78.243622,405.98,0.4,323.95,0.69,synthetic_srtm
8341,Mine_08341,11.007135,78.156179,494.06,6.65,51.21,3.15,synthetic_srtm
8342,Mine_08342,8.370185,76.212781,1517.83,34.31,138.36,10.62,synthetic_srtm
8343,Mine_08343,11.720738,79.493562,342.57,14.06,51.34,8.58,synthetic_srtm
8344,Mine_08344,11.327863,78.73699,895.68,21.76,51.46,7.28,synthetic_srtm
8345,Mine_08345,9.702906,76.339647,840.63,18.14,117.8,5.51,synthetic_srtm
8346,Mine_08346,8.377019,79.981373,819.58,16.22,169.41,6.2,synthetic_srtm
8347,Mine_08347,9.088547,77.073967,708.5,15.76,246.12,5.13,synthetic_srtm
8348,Mine_08348,9.369395,76.46058,1471.95,44.95,20.39,15.67,synthetic_srtm
8349,Mine_08349,10.90391,78.297641,246.38,7.25,282.1,6.7,synthetic_srtm
8350,Mine_08350,10.686858,79.690662,593.63,7.88,45.67,3.28,synthetic_srtm
8351,Mine_08351,13.111155,79.100658,519.42,12.12,288.3,5.38,synthetic_srtm
8352,Mine_08352,12.41233,79.620109,394.69,13.59,129.73,5.59,synthetic_srtm
8353,Mine_08353,8.970742,78.774421,887.74,20.96,60.18,8.96,synthetic_srtm
8354,Mine_08354,9.848935,76.337498,969.16,17.16,145.48,9.69,synthetic_srtm
8355,Mine_08355,11.380943,78.56089,724.73,5.82,152.54,2.39,synthetic_srtm
8356,Mine_08356,10.687122,80.140442,856.62,20.27,28.75,10.9,synthetic_srtm
8357,Mine_08357,10.142945,79.190325,375.99,13.76,266.02,9.05,synthetic_srtm
8358,Mine_08358,10.517611,76.073619,861.23,22.7,92.08,10.07,synthetic_srtm
8359,Mine_08359,9.168284,78.170251,561.19,11.44,43.16,7.65,synthetic_srtm
8360,Mine_08360,12.190448,76.814832,846.42,5.47,330.47,6.59,synthetic_srtm
8361,Mine_08361,8.166235,78.668542,303.72,5.46,66.14,5.65,synthetic_srtm
8362,Mine_08362,9.767882,79.458997,431.61,6.63,48.42,6.28,synthetic_srtm
8363,Mine_08363,9.194696,78.446378,740.3,19.65,349.78,8.64,synthetic_srtm
8364,Mine_08364,10.717551,78.362623,296.67,0.64,59.06,2.74,synthetic_srtm
8365,Mine_08365,11.880786,77.79701,1863.33,19.05,215.92,10.63,synthetic_srtm
8366,Mine_08366,8.817488,79.682646,496.5,7.39,90.56,4.8,synthetic_srtm
8367,Mine_08367,8.324713,77.066328,719.72,23.38,352.53,8.85,synthetic_srtm
8368,Mine_08368,13.001329,77.392465,1856.42,39.39,190.43,13.76,synthetic_srtm
8369,Mine_08369,12.545235,79.836985,605.99,13.16,238.33,8.82,synthetic_srtm
8370,Mine_08370,10.509608,77.657779,553.71,23.29,93.38,8.14,synthetic_srtm
8371,Mine_08371,8.705825,76.769516,688.4,6.25,261.31,3.36,synthetic_srtm
8372,Mine_08372,8.331125,76.67331,1403.53,22.63,343.35,6.94,synthetic_srtm
8373,Mine_08373,9.212089,76.431027,692.75,22.86,2.07,10.33,synthetic_srtm
8374,Mine_08374,11.067442,79.925671,545.39,14.04,232.84,7.39,synthetic_srtm
8375,Mine_08375,11.587443,76.801038,718.7,7.43,353.91,4.5,synthetic_srtm
8376,Mine_08376,8.638372,80.446989,694.95,13.44,91.44,8.39,synthetic_srtm
8377,Mine_08377,12.751275,78.053655,666.68,7.6,153.2,5.5,synthetic_srtm
8378,Mine_08378,9.477728,79.021822,991.82,5.46,333.51,3.77,synthetic_srtm
8379,Mine_08379,12.344373,76.692144,1673.61,41.31,195.13,13.37,synthetic_srtm
8380,Mine_08380,9.589689,77.78272,713.93,20.11,211.25,6.75,synthetic_srtm
8381,Mine_08381,10.711217,77.388462,799.35,11.71,120.82,5.47,synthetic_srtm
8382,Mine_08382,8.881868,78.989226,949.96,21.31,75.87,10.48,synthetic_srtm
8383,Mine_08383,9.590613,78.977179,233.9,11.82,7.43,4.58,synthetic_srtm
8384,Mine_08384,11.094591,76.77555,1058.78,27.61,100.2,12.44,synthetic_srtm
8385,Mine_08385,11.952709,76.770064,531.37,22.75,2.03,9.87,synthetic_srtm
8386,Mine_08386,9.369571,77.901594,889.57,9.6,87.46,6.03,synthetic_srtm
8387,Mine_08387,9.942828,78.506179,248.44,9.68,283.47,4.43,synthetic_srtm
8388,Mine_08388,12.538865,78.87154,804.84,16.36,27.76,6.97,synthetic_srtm
8389,Mine_08389,9.567523,76.620283,668.85,23.48,18.65,10.46,synthetic_srtm
8390,Mine_08390,8.834977,79.973851,696.32,8.96,292.83,4.25,synthetic_srtm
8391,Mine_08391,11.103307,76.938015,718.83,12.45,62.42,5.71,synthetic_srtm
8392,Mine_08392,10.359624,76.877128,1566.74,40.95,262.24,16.33,synthetic_srtm
8393,Mine_08393,11.613744,80.21163,215.45,8.85,202.82,6.11,synthetic_srtm
8394,Mine_08394,9.7939,77.182101,892.06,9.7,32.98,4.08,synthetic_srtm
8395,Mine_08395,11.930346,78.791376,401.09,0.85,338.58,1.66,synthetic_srtm
8396,Mine_08396,13.046517,80.417625,453.63,5.06,184.59,3.38,synthetic_srtm
8397,Mine_08397,8.97962,79.134232,516.34,11.3,34.53,4.7,synthetic_srtm
8398,Mine_08398,10.64408,77.075361,929.0,11.16,125.38,4.42,synthetic_srtm
8399,Mine_08399,8.902493,79.229001,596.59,10.76,195.17,6.65,synthetic_srtm
8400,Mine_08400,12.660949,76.458416,696.93,12.62,157.06,7.96,synthetic_srtm
8401,Mine_08401,9.95909,79.17137,486.03,1.72,248.14,1.32,synthetic_srtm
8402,Mine_08402,8.510021,79.157121,723.04,13.24,11.65,5.54,synthetic_srtm
8403,Mine_08403,8.782905,76.417065,1196.01,40.9,337.66,15.29,synthetic_srtm
8404,Mine_08404,11.039955,78.524069,839.32,16.94,312.35,9.1,synthetic_srtm
8405,Mine_08405,12.570715,79.352455,793.44,16.1,118.98,6.6,synthetic_srtm
8406,Mine_08406,8.434486,78.962227,821.49,18.97,140.0,9.34,synthetic_srtm
8407,Mine_08407,11.338343,78.150902,502.63,24.39,330.65,8.68,synthetic_srtm
8408,Mine_08408,8.307036,79.230915,514.3,9.75,190.46,4.54,synthetic_srtm
8409,Mine_08409,12.556208,76.847478,1140.85,30.7,53.35,12.6,synthetic_srtm
8410,Mine_08410,12.58471,77.158002,1007.89,22.77,130.48,9.46,synthetic_srtm
8411,Mine_08411,12.63987,79.891909,867.5,24.78,16.85,9.1,synthetic_srtm
8412,Mine_08412,11.131625,80.343779,773.22,18.12,104.41,6.59,synthetic_srtm
8413,Mine_08413,9.944083,77.542032,932.76,5.9,189.62,3.96,synthetic_srtm
8414,Mine_08414,12.901873,80.028486,530.36,12.77,70.18,5.83,synthetic_srtm
8415,Mine_08415,13.148003,79.295104,926.38,24.43,51.9,10.51,synthetic_srtm
8416,Mine_08416,12.518795,78.953215,731.94,22.49,271.17,9.13,synthetic_srtm
8417,Mine_08417,12.453021,76.970612,848.12,18.2,290.49,10.08,synthetic_srtm
8418,Mine_08418,13.391133,78.053132,810.96,11.9,134.8,4.18,synthetic_srtm
8419,Mine_08419,9.380825,78.256904,200.03,4.18,348.1,6.21,synthetic_srtm
8420,Mine_08420,11.202143,77.703407,1107.25,18.09,355.95,5.72,synthetic_srtm
8421,Mine_08421,13.039638,77.528882,2243.34,18.64,46.24,9.43,synthetic_srtm
8422,Mine_08422,11.249722,80.282807,756.87,6.08,46.82,3.66,synthetic_srtm
8423,Mine_08423,12.820748,80.356399,578.12,23.71,34.29,10.93,synthetic_srtm
8424,Mine_08424,10.706241,79.752192,723.03,9.46,219.67,3.52,synthetic_srtm
8425,Mine_08425,13.108093,78.003793,903.61,14.22,288.94,6.09,synthetic_srtm
8426,Mine_08426,13.159883,80.42734,954.82,6.69,220.59,4.09,synthetic_srtm
8427,Mine_08427,12.764471,80.051361,725.77,21.82,114.62,10.65,synthetic_srtm
8428,Mine_08428,9.008506,76.99036,1665.78,29.61,250.31,12.23,synthetic_srtm
8429,Mine_08429,12.311421,78.512366,279.32,5.83,260.59,2.12,synthetic_srtm
8430,Mine_08430,9.224667,78.327009,203.02,9.05,172.38,6.71,synthetic_srtm
8431,Mine_08431,11.81691,76.96268,1556.1,19.11,268.63,8.59,synthetic_srtm
8432,Mine_08432,11.931145,79.718199,511.46,22.25,136.78,10.47,synthetic_srtm
8433,Mine_08433,10.127148,76.808751,1406.54,24.41,314.59,8.12,synthetic_srtm
8434,Mine_08434,13.479243,79.130182,850.76,22.76,69.98,10.98,synthetic_srtm
8435,Mine_08435,13.045649,79.105675,954.15,5.01,95.92,3.02,synthetic_srtm
8436,Mine_08436,10.79624,79.250552,443.37,4.91,107.28,6.41,synthetic_srtm
8437,Mine_08437,12.702922,80.241085,281.82,9.38,122.36,4.59,synthetic_srtm
8438,Mine_08438,9.201906,77.029748,891.6,14.96,44.25,8.14,synthetic_srtm
8439,Mine_08439,8.177388,78.682504,508.43,14.56,54.74,6.96,synthetic_srtm
8440,Mine_08440,9.443302,76.480078,912.94,6.07,245.19,4.13,synthetic_srtm
8441,Mine_08441,12.233251,77.864134,1961.1,29.08,264.83,13.71,synthetic_srtm
8442,Mine_08442,12.421054,76.963683,1209.66,25.21,178.77,10.23,synthetic_srtm
8443,Mine_08443,8.88587,79.599042,948.11,15.42,358.7,8.8,synthetic_srtm
8444,Mine_08444,12.09159,79.908399,309.84,10.02,317.24,4.81,synthetic_srtm
8445,Mine_08445,10.504532,76.600248,774.13,20.92,126.52,9.66,synthetic_srtm
8446,Mine_08446,11.675216,79.565574,692.37,18.59,249.07,8.24,synthetic_srtm
8447,Mine_08447,8.519196,76.384544,1059.81,32.87,106.04,12.33,synthetic_srtm
8448,Mine_08448,8.643771,79.233034,518.83,10.15,130.54,3.98,synthetic_srtm
8449,Mine_08449,9.699064,78.946285,302.07,2.76,198.12,4.41,synthetic_srtm
8450,Mine_08450,12.875797,76.996063,1393.68,27.14,160.23,10.63,synthetic_srtm
8451,Mine_08451,12.010748,77.584237,1002.61,26.93,46.0,10.47,synthetic_srtm
8452,Mine_08452,9.538272,80.225802,872.07,13.84,88.56,4.79,synthetic_srtm
8453,Mine_08453,9.163894,77.100217,777.97,22.0,305.68,8.2,synthetic_srtm
8454,Mine_08454,8.063331,78.781327,353.78,14.94,174.42,8.79,synthetic_srtm
8455,Mine_08455,9.254726,76.586458,857.68,16.07,340.54,7.6,synthetic_srtm
8456,Mine_08456,10.980187,77.851564,331.1,8.94,81.2,5.87,synthetic_srtm
8457,Mine_08457,9.976516,79.827535,538.92,9.02,189.98,4.46,synthetic_srtm
8458,Mine_08458,11.959632,80.013637,779.39,8.92,232.44,6.09,synthetic_srtm
8459,Mine_08459,12.16773,78.433344,782.34,20.51,178.82,9.38,synthetic_srtm
8460,Mine_08460,10.626526,76.2602,995.07,14.01,278.74,7.24,synthetic_srtm
8461,Mine_08461,13.327022,80.232693,927.47,20.1,214.55,7.7,synthetic_srtm
8462,Mine_08462,13.199602,78.568916,658.41,22.09,278.31,7.81,synthetic_srtm
8463,Mine_08463,11.867795,77.320988,1949.04,34.38,332.25,13.33,synthetic_srtm
8464,Mine_08464,11.678305,76.502648,1167.53,32.07,11.9,12.26,synthetic_srtm
8465,Mine_08465,12.394006,80.208143,924.1,10.82,315.71,4.12,synthetic_srtm
8466,Mine_08466,12.999109,77.196409,1818.45,15.95,40.42,5.66,synthetic_srtm
8467,Mine_08467,12.342816,79.073912,751.71,23.85,160.36,11.22,synthetic_srtm
8468,Mine_08468,9.741246,79.095069,602.94,19.47,219.91,6.24,synthetic_srtm
8469,Mine_08469,12.785359,77.480731,2325.11,35.72,244.57,11.65,synthetic_srtm
8470,Mine_08470,9.19707,79.455959,519.4,8.82,2.17,6.75,synthetic_srtm
8471,Mine_08471,12.256216,79.527461,657.5,10.93,83.57,3.71,synthetic_srtm
8472,Mine_08472,9.595933,79.487939,626.62,7.75,39.35,4.57,synthetic_srtm
8473,Mine_08473,9.671247,77.78592,602.94,23.56,140.27,8.35,synthetic_srtm
8474,Mine_08474,9.045318,77.579028,945.07,12.85,148.53,4.36,synthetic_srtm
8475,Mine_08475,10.449929,76.54854,1647.11,38.46,29.75,14.09,synthetic_srtm
8476,Mine_08476,13.121846,78.777162,747.44,18.22,249.63,9.09,synthetic_srtm
8477,Mine_08477,12.981961,78.061098,535.37,23.06,72.23,10.7,synthetic_srtm
8478,Mine_08478,10.971957,76.258331,1141.74,34.36,185.38,14.85,synthetic_srtm
8479,Mine_08479,9.99446,79.465568,937.92,8.98,16.75,3.84,synthetic_srtm
8480,Mine_08480,10.023905,76.142578,1433.95,32.57,237.12,14.76,synthetic_srtm
8481,Mine_08481,10.779106,76.77924,701.89,18.87,67.82,9.82,synthetic_srtm
8482,Mine_08482,11.435812,77.673506,1296.34,43.05,355.79,16.74,synthetic_srtm
8483,Mine_08483,8.405375,80.205867,447.53,14.9,346.85,4.85,synthetic_srtm
8484,Mine_08484,10.000175,76.014982,609.6,19.22,54.03,9.01,synthetic_srtm
8485,Mine_08485,10.955025,78.576646,521.8,14.91,28.23,6.24,synthetic_srtm
8486,Mine_08486,10.523076,77.223519,562.09,13.56,232.17,8.19,synthetic_srtm
8487,Mine_08487,10.939593,76.525325,1689.1,29.07,146.11,13.52,synthetic_srtm
8488,Mine_08488,8.163479,77.580172,753.84,8.37,126.63,6.99,synthetic_srtm
8489,Mine_08489,11.301972,76.008385,1436.4,42.95,338.88,17.47,synthetic_srtm
8490,Mine_08490,12.764368,77.277519,1164.73,27.75,264.17,8.63,synthetic_srtm
8491,Mine_08491,11.702276,77.179353,1275.48,34.3,15.59,11.8,synthetic_srtm
8492,Mine_08492,13.229359,77.817633,1026.65,36.81,158.91,12.46,synthetic_srtm
8493,Mine_08493,9.896202,78.903014,362.19,6.31,16.7,6.14,synthetic_srtm
8494,Mine_08494,12.252216,77.439919,1142.19,26.55,17.1,9.44,synthetic_srtm
8495,Mine_08495,8.880058,78.342243,399.3,10.64,199.6,6.7,synthetic_srtm
8496,Mine_08496,8.699116,80.089289,680.52,14.01,294.88,5.71,synthetic_srtm
8497,Mine_08497,9.91932,80.096354,289.15,10.04,87.61,4.34,synthetic_srtm
8498,Mine_08498,8.82105,77.252965,649.53,8.1,151.65,5.21,synthetic_srtm
8499,Mine_08499,12.255167,79.425541,400.56,11.63,245.81,8.36,synthetic_srtm
8500,Mine_08500,13.489267,79.075048,356.05,4.98,113.7,2.44,synthetic_srtm
8501,Mine_08501,8.851944,77.028038,871.64,10.85,120.29,4.19,synthetic_srtm
8502,Mine_08502,11.502471,76.67201,902.45,21.03,80.44,7.97,synthetic_srtm
8503,Mine_08503,10.446517,78.196125,220.99,1.74,318.48,4.07,synthetic_srtm
8504,Mine_08504,11.92804,79.983804,423.09,13.43,49.5,5.58,synthetic_srtm
8505,Mine_08505,10.67324,78.419286,414.66,1.36,315.56,0.6,synthetic_srtm
8506,Mine_08506,11.768184,77.162249,2163.31,25.36,76.6,12.2,synthetic_srtm
8507,Mine_08507,10.493295,76.767583,572.87,9.66,6.2,7.54,synthetic_srtm
8508,Mine_08508,8.740328,79.64204,330.8,10.82,330.43,5.8,synthetic_srtm
8509,Mine_08509,12.929495,79.767221,356.17,3.27,233.75,3.26,synthetic_srtm
8510,Mine_08510,8.59342,78.725212,236.13,7.26,243.74,5.37,synthetic_srtm
8511,Mine_08511,12.568737,79.114792,607.7,13.59,353.04,8.41,synthetic_srtm
8512,Mine_08512,12.175512,77.305332,1370.46,28.42,342.02,9.05,synthetic_srtm
8513,Mine_08513,12.53686,76.950206,686.71,18.24,91.38,9.54,synthetic_srtm
8514,Mine_08514,9.516379,76.682791,1397.56,34.73,324.21,12.86,synthetic_srtm
8515,Mine_08515,9.05973,79.471218,876.06,5.2,282.44,5.51,synthetic_srtm
8516,Mine_08516,13.466363,76.309843,724.94,5.46,349.77,2.21,synthetic_srtm
8517,Mine_08517,12.016521,79.861239,380.28,9.89,279.31,5.79,synthetic_srtm
8518,Mine_08518,8.758603,79.946405,570.06,7.95,27.83,3.32,synthetic_srtm
8519,Mine_08519,11.624071,77.486094,1377.91,36.9,52.86,14.45,synthetic_srtm
8520,Mine_08520,10.506877,76.132323,1191.37,17.48,205.07,7.35,synthetic_srtm
8521,Mine_08521,10.395429,77.411557,788.76,16.8,205.72,8.15,synthetic_srtm
8522,Mine_08522,8.167739,78.164292,644.34,14.44,327.96,6.87,synthetic_srtm
8523,Mine_08523,12.298624,78.137806,798.15,5.87,327.85,4.12,synthetic_srtm
8524,Mine_08524,11.792964,79.128309,484.07,2.72,37.51,3.96,synthetic_srtm
8525,Mine_08525,10.293702,80.097144,521.29,9.11,288.36,7.41,synthetic_srtm
8526,Mine_08526,11.408188,77.378845,2195.18,42.55,264.88,17.42,synthetic_srtm
8527,Mine_08527,13.184393,76.82359,909.65,16.75,322.09,8.59,synthetic_srtm
8528,Mine_08528,10.062913,79.92998,357.22,5.14,125.95,5.53,synthetic_srtm
8529,Mine_08529,10.748159,79.944646,437.0,7.66,209.28,6.92,synthetic_srtm
8530,Mine_08530,11.783322,78.782478,386.76,9.98,298.77,3.65,synthetic_srtm
8531,Mine_08531,10.133591,78.567781,640.7,11.08,83.52,6.44,synthetic_srtm
8532,Mine_08532,8.944984,76.622528,537.94,6.03,298.07,6.6,synthetic_srtm
8533,Mine_08533,8.335092,79.692002,243.89,12.19,252.88,8.48,synthetic_srtm
8534,Mine_08534,8.847122,77.292837,504.79,5.12,163.14,4.23,synthetic_srtm
8535,Mine_08535,13.479587,76.431538,1081.71,20.28,198.12,7.95,synthetic_srtm
8536,Mine_08536,13.314051,76.42307,1331.02,31.32,74.9,12.77,synthetic_srtm
8537,Mine_08537,8.965967,79.900338,330.24,4.95,172.4,4.0,synthetic_srtm
8538,Mine_08538,10.123222,76.039225,1669.88,43.12,329.45,16.45,synthetic_srtm
8539,Mine_08539,11.13662,77.580702,1885.37,17.0,300.54,8.65,synthetic_srtm
8540,Mine_08540,13.342414,77.106259,1041.61,21.54,340.68,9.47,synthetic_srtm
8541,Mine_08541,10.209371,79.164669,993.67,21.49,185.57,11.04,synthetic_srtm
8542,Mine_08542,11.06435,76.851175,905.92,8.52,248.73,4.69,synthetic_srtm
8543,Mine_08543,12.983163,77.862728,1891.58,21.61,331.91,7.33,synthetic_srtm
8544,Mine_08544,12.794018,77.924384,1716.59,44.63,234.1,17.8,synthetic_srtm
8545,Mine_08545,11.150203,76.036339,1051.47,25.68,216.13,8.28,synthetic_srtm
8546,Mine_08546,8.694684,79.797111,918.91,19.65,55.58,7.54,synthetic_srtm
8547,Mine_08547,13.4224,79.177662,695.77,24.06,256.88,10.11,synthetic_srtm
8548,Mine_08548,10.881301,79.517885,914.73,10.42,190.24,5.58,synthetic_srtm
8549,Mine_08549,10.913349,76.237267,693.76,20.69,187.25,7.0,synthetic_srtm
8550,Mine_08550,12.213615,80.399197,272.8,12.58,192.36,5.06,synthetic_srtm
8551,Mine_08551,8.0684,78.108719,561.46,15.38,48.8,7.14,synthetic_srtm
8552,Mine_08552,9.391734,76.274662,582.33,24.12,18.87,11.47,synthetic_srtm
8553,Mine_08553,13.402159,76.922731,1173.41,26.54,283.18,8.21,synthetic_srtm
8554,Mine_08554,12.260338,80.151997,364.31,12.38,96.32,5.11,synthetic_srtm
8555,Mine_08555,9.301243,78.745245,704.9,21.58,166.32,8.09,synthetic_srtm
8556,Mine_08556,9.188067,77.168852,544.25,18.67,213.22,5.64,synthetic_srtm
8557,Mine_08557,8.115176,79.695384,878.3,6.36,107.1,4.71,synthetic_srtm
8558,Mine_08558,12.481675,79.744126,790.59,12.29,144.38,5.05,synthetic_srtm
8559,Mine_08559,8.401755,76.872483,640.77,5.98,283.8,6.41,synthetic_srtm
8560,Mine_08560,12.877419,78.454312,284.64,8.55,355.25,2.98,synthetic_srtm
8561,Mine_08561,11.240621,78.550146,858.53,12.57,69.14,6.09,synthetic_srtm
8562,Mine_08562,9.451955,79.093382,958.4,23.73,20.15,12.01,synthetic_srtm
8563,Mine_08563,13.466893,76.725319,1520.28,38.74,255.31,16.13,synthetic_srtm
8564,Mine_08564,8.956731,79.65168,908.99,9.5,213.44,5.3,synthetic_srtm
8565,Mine_08565,12.968304,76.158109,1252.33,43.87,353.6,16.23,synthetic_srtm
8566,Mine_08566,10.276942,76.070539,1574.55,35.54,91.87,11.17,synthetic_srtm
8567,Mine_08567,10.428896,76.731677,576.43,6.35,108.72,2.27,synthetic_srtm
8568,Mine_08568,9.74933,76.628797,550.43,11.65,93.59,4.92,synthetic_srtm
8569,Mine_08569,11.142817,77.110048,2209.02,19.51,252.68,7.08,synthetic_srtm
8570,Mine_08570,9.392216,79.103207,573.87,13.35,176.56,5.55,synthetic_srtm
8571,Mine_08571,8.026446,76.968384,1258.4,39.68,284.67,15.7,synthetic_srtm
8572,Mine_08572,12.977124,76.092359,998.59,23.59,252.9,11.78,synthetic_srtm
8573,Mine_08573,9.236683,79.702281,565.95,7.82,145.98,2.99,synthetic_srtm
8574,Mine_08574,8.817379,80.045174,600.42,7.18,99.29,5.04,synthetic_srtm
8575,Mine_08575,12.608354,77.290743,1691.23,30.33,78.79,13.89,synthetic_srtm
8576,Mine_08576,8.292623,80.372156,257.24,2.52,4.49,3.02,synthetic_srtm
8577,Mine_08577,8.855259,76.480915,1613.18,33.36,262.18,14.32,synthetic_srtm
8578,Mine_08578,9.491156,78.243799,369.68,2.31,325.0,0.96,synthetic_srtm
8579,Mine_08579,9.270288,76.606169,683.27,14.02,289.69,8.19,synthetic_srtm
8580,Mine_08580,13.171867,79.252729,361.4,3.27,311.53,4.48,synthetic_srtm
8581,Mine_08581,8.619014,77.507217,260.9,2.02,51.61,1.62,synthetic_srtm
8582,Mine_08582,8.997957,77.603041,357.17,2.28,197.18,4.63,synthetic_srtm
8583,Mine_08583,10.2977,78.386035,666.71,8.6,284.18,6.85,synthetic_srtm
8584,Mine_08584,9.227436,76.364713,1105.31,27.97,99.81,12.91,synthetic_srtm
8585,Mine_08585,8.747172,78.308304,786.76,5.81,314.57,3.18,synthetic_srtm
8586,Mine_08586,13.381302,79.303714,828.79,13.69,27.44,8.86,synthetic_srtm
8587,Mine_08587,11.79333,77.83182,2368.72,22.04,73.17,7.59,synthetic_srtm
8588,Mine_08588,12.763336,77.812731,1451.72,16.88,19.72,5.44,synthetic_srtm
8589,Mine_08589,12.275627,76.908131,502.62,5.25,93.55,5.19,synthetic_srtm
8590,Mine_08590,9.227444,77.007506,456.67,1.97,215.69,0.77,synthetic_srtm
8591,Mine_08591,8.166613,79.113569,309.17,2.05,162.11,2.87,synthetic_srtm
8592,Mine_08592,11.877713,77.263613,1935.98,22.73,268.28,8.07,synthetic_srtm
8593,Mine_08593,9.345804,78.897758,984.25,8.27,93.58,5.17,synthetic_srtm
8594,Mine_08594,9.162938,77.135865,573.65,18.99,342.68,6.37,synthetic_srtm
8595,Mine_08595,8.057099,79.046244,791.91,5.22,144.53,4.42,synthetic_srtm
8596,Mine_08596,10.848736,76.189698,1377.88,22.96,212.05,8.57,synthetic_srtm
8597,Mine_08597,10.138523,76.502677,911.3,7.21,176.9,6.88,synthetic_srtm
8598,Mine_08598,11.111129,76.722042,709.01,23.09,229.03,10.58,synthetic_srtm
8599,Mine_08599,10.620327,79.762012,845.61,7.44,197.44,5.53,synthetic_srtm
8600,Mine_08600,8.316066,76.27003,1236.86,28.93,245.6,9.34,synthetic_srtm
8601,Mine_08601,11.387743,76.070278,1689.77,39.59,83.23,16.09,synthetic_srtm
8602,Mine_08602,11.446274,77.125238,2215.14,37.79,121.53,14.4,synthetic_srtm
8603,Mine_08603,11.295291,78.314827,364.35,1.82,243.05,3.92,synthetic_srtm
8604,Mine_08604,10.32163,76.279732,1513.95,34.9,296.89,12.46,synthetic_srtm
8605,Mine_08605,12.745905,79.386736,797.48,7.3,77.94,3.15,synthetic_srtm
8606,Mine_08606,12.671161,76.569777,1548.16,30.61,43.12,11.73,synthetic_srtm
8607,Mine_08607,13.018882,78.423932,252.18,13.04,152.91,5.59,synthetic_srtm
8608,Mine_08608,10.398184,77.134894,532.89,18.47,161.43,9.43,synthetic_srtm
8609,Mine_08609,9.978502,76.119238,1105.7,22.33,154.45,11.02,synthetic_srtm
8610,Mine_08610,12.063255,76.822662,1571.85,29.27,350.1,9.66,synthetic_srtm
8611,Mine_08611,9.996693,77.187852,893.12,5.62,272.59,3.38,synthetic_srtm
8612,Mine_08612,8.5859,77.221309,298.04,7.95,302.78,5.89,synthetic_srtm
8613,Mine_08613,13.08463,78.77937,880.99,6.33,74.89,5.08,synthetic_srtm
8614,Mine_08614,11.195302,77.390755,1309.12,21.17,319.75,7.06,synthetic_srtm
8615,Mine_08615,12.369926,79.941501,395.29,11.85,48.36,5.93,synthetic_srtm
8616,Mine_08616,12.291976,77.139937,1989.44,36.2,140.22,15.24,synthetic_srtm
8617,Mine_08617,13.398505,77.352141,2392.8,38.18,210.74,12.59,synthetic_srtm
8618,Mine_08618,12.831135,77.775299,2241.13,17.1,110.17,6.5,synthetic_srtm
8619,Mine_08619,9.284798,78.246393,922.43,24.94,286.45,10.79,synthetic_srtm
8620,Mine_08620,9.15747,79.344555,385.12,14.88,38.95,6.1,synthetic_srtm
8621,Mine_08621,8.092549,80.349931,758.74,20.35,351.21,9.21,synthetic_srtm
8622,Mine_08622,11.650949,78.156945,507.31,11.18,176.27,3.42,synthetic_srtm
8623,Mine_08623,12.507453,78.206824,941.24,24.69,354.04,9.59,synthetic_srtm
8624,Mine_08624,11.212111,77.80726,2187.45,37.11,53.11,12.33,synthetic_srtm
8625,Mine_08625,10.340706,78.637857,773.94,10.63,25.62,4.31,synthetic_srtm
8626,Mine_08626,10.065466,79.216229,651.58,24.61,278.49,11.37,synthetic_srtm
8627,Mine_08627,9.848402,76.609035,654.85,7.49,149.43,6.79,synthetic_srtm
8628,Mine_08628,11.487911,77.834843,2057.11,34.97,294.26,14.87,synthetic_srtm
8629,Mine_08629,12.871214,76.613358,1300.66,35.12,161.61,12.16,synthetic_srtm
8630,Mine_08630,8.816406,78.408257,834.83,13.99,68.44,6.58,synthetic_srtm
8631,Mine_08631,11.522266,77.277716,1963.0,22.9,26.42,9.8,synthetic_srtm
8632,Mine_08632,13.184053,76.191087,953.61,10.66,79.22,5.06,synthetic_srtm
8633,Mine_08633,13.054236,79.144749,237.6,13.06,298.56,6.64,synthetic_srtm
8634,Mine_08634,10.692905,77.78429,806.54,14.99,109.38,6.14,synthetic_srtm
8635,Mine_08635,11.508319,76.450553,1435.38,38.47,357.13,15.04,synthetic_srtm
8636,Mine_08636,9.028509,76.148881,1094.03,31.11,159.89,10.15,synthetic_srtm
8637,Mine_08637,9.778373,77.001039,456.03,2.8,37.76,1.21,synthetic_srtm
8638,Mine_08638,9.688871,77.53366,577.24,21.89,347.76,8.53,synthetic_srtm
8639,Mine_08639,12.068637,79.173917,883.96,24.35,285.8,11.74,synthetic_srtm
8640,Mine_08640,10.031423,76.36931,666.99,22.96,327.29,8.88,synthetic_srtm
8641,Mine_08641,12.377661,79.997856,205.87,11.68,81.17,7.93,synthetic_srtm
8642,Mine_08642,10.044411,77.910052,736.14,15.35,55.39,7.44,synthetic_srtm
8643,Mine_08643,11.125114,78.693181,944.6,20.25,36.42,11.01,synthetic_srtm
8644,Mine_08644,12.667766,77.854001,1274.6,44.46,282.31,16.07,synthetic_srtm
8645,Mine_08645,9.148893,79.419491,365.18,1.27,52.51,1.07,synthetic_srtm
8646,Mine_08646,11.423191,76.911951,1644.99,19.87,67.18,8.61,synthetic_srtm
8647,Mine_08647,9.2509,79.825496,963.12,11.76,106.04,4.3,synthetic_srtm
8648,Mine_08648,13.124105,77.758144,1582.61,31.05,55.08,10.05,synthetic_srtm
8649,Mine_08649,8.565561,76.408477,593.96,11.74,261.13,7.84,synthetic_srtm
8650,Mine_08650,8.867203,78.03987,633.66,14.63,282.15,6.36,synthetic_srtm
8651,Mine_08651,10.965551,80.101082,569.73,22.0,95.01,10.81,synthetic_srtm
8652,Mine_08652,11.462279,76.339465,569.84,23.84,249.11,10.07,synthetic_srtm
8653,Mine_08653,11.125376,77.162216,1891.94,40.38,110.36,12.43,synthetic_srtm
8654,Mine_08654,13.405303,78.780608,300.47,11.96,141.17,6.32,synthetic_srtm
8655,Mine_08655,11.601314,76.02968,1515.2,38.86,213.95,16.65,synthetic_srtm
8656,Mine_08656,9.252803,79.818139,737.57,6.16,59.51,4.74,synthetic_srtm
8657,Mine_08657,9.861898,76.284212,1048.12,33.33,227.69,10.66,synthetic_srtm
8658,Mine_08658,12.203841,79.008928,716.78,6.46,73.55,4.93,synthetic_srtm
8659,Mine_08659,12.454491,76.364759,773.19,18.93,41.29,8.27,synthetic_srtm
8660,Mine_08660,10.638352,77.22071,295.36,10.57,158.75,3.25,synthetic_srtm
8661,Mine_08661,9.79023,77.504762,968.81,7.84,303.11,6.83,synthetic_srtm
8662,Mine_08662,12.405972,76.75994,1390.34,17.38,237.99,5.54,synthetic_srtm
8663,Mine_08663,9.335159,79.194117,333.94,3.0,341.83,2.23,synthetic_srtm
8664,Mine_08664,10.825137,79.205466,632.11,11.18,245.48,3.42,synthetic_srtm
8665,Mine_08665,11.393285,76.084007,830.91,6.11,302.64,5.41,synthetic_srtm
8666,Mine_08666,8.628157,80.366058,923.84,16.39,92.6,8.54,synthetic_srtm
8667,Mine_08667,9.837216,77.940512,523.18,12.97,150.87,8.47,synthetic_srtm
8668,Mine_08668,13.1111,77.707805,1680.22,43.06,149.18,16.02,synthetic_srtm
8669,Mine_08669,10.114254,79.455101,244.86,2.93,13.16,1.5,synthetic_srtm
8670,Mine_08670,13.486259,77.032847,1589.91,31.57,98.07,12.42,synthetic_srtm
8671,Mine_08671,10.140509,76.219695,563.76,21.59,55.47,6.65,synthetic_srtm
8672,Mine_08672,10.193763,76.38732,637.3,6.74,351.18,5.16,synthetic_srtm
8673,Mine_08673,11.576318,77.028403,1418.53,27.58,160.49,13.16,synthetic_srtm
8674,Mine_08674,8.942359,78.267875,571.07,16.76,281.87,5.27,synthetic_srtm
8675,Mine_08675,12.649093,80.418113,310.05,3.02,347.49,5.78,synthetic_srtm
8676,Mine_08676,10.929627,77.732309,628.26,13.36,71.44,7.1,synthetic_srtm
8677,Mine_08677,13.260644,79.350329,552.89,22.51,40.46,7.98,synthetic_srtm
8678,Mine_08678,8.733699,79.640056,525.63,21.11,205.11,8.07,synthetic_srtm
8679,Mine_08679,9.571209,80.145687,886.94,6.06,81.08,2.54,synthetic_srtm
8680,Mine_08680,9.537886,76.717976,741.21,5.22,203.83,1.91,synthetic_srtm
8681,Mine_08681,8.254959,78.472244,875.55,16.25,146.82,5.86,synthetic_srtm
8682,Mine_08682,11.542826,76.745832,745.68,12.16,210.1,6.15,synthetic_srtm
8683,Mine_08683,11.405925,78.873885,892.13,5.86,56.85,5.54,synthetic_srtm
8684,Mine_08684,8.463538,78.83655,710.27,13.77,65.19,6.16,synthetic_srtm
8685,Mine_08685,12.001381,77.708465,1291.82,34.72,293.84,12.57,synthetic_srtm
8686,Mine_08686,11.028228,79.071023,528.14,9.01,67.84,7.31,synthetic_srtm
8687,Mine_08687,8.816279,77.897771,253.45,4.27,335.4,5.88,synthetic_srtm
8688,Mine_08688,10.131437,76.510237,1653.0,17.97,201.15,6.93,synthetic_srtm
8689,Mine_08689,10.146293,77.828114,837.07,11.15,39.09,7.22,synthetic_srtm
8690,Mine_08690,8.256128,77.458034,890.93,20.88,292.51,7.96,synthetic_srtm
8691,Mine_08691,10.883449,78.845148,945.69,12.38,51.45,8.4,synthetic_srtm
8692,Mine_08692,13.169433,79.78304,800.37,18.44,277.23,7.61,synthetic_srtm
8693,Mine_08693,10.683509,77.267299,804.75,10.07,234.43,6.19,synthetic_srtm
8694,Mine_08694,8.137129,77.060325,843.79,9.59,244.87,3.44,synthetic_srtm
8695,Mine_08695,12.899265,76.559612,1138.53,21.1,323.35,7.56,synthetic_srtm
8696,Mine_08696,13.490491,77.017193,1855.8,22.75,49.67,11.02,synthetic_srtm
8697,Mine_08697,13.403775,79.156362,840.64,19.15,252.09,6.55,synthetic_srtm
8698,Mine_08698,8.918685,76.2968,627.69,24.75,57.73,10.65,synthetic_srtm
8699,Mine_08699,11.965947,80.02875,333.53,3.3,315.75,5.76,synthetic_srtm
8700,Mine_08700,9.621977,76.916657,1374.63,22.44,99.84,9.11,synthetic_srtm
8701,Mine_08701,10.261892,77.625628,292.54,3.73,342.87,4.12,synthetic_srtm
8702,Mine_08702,11.580943,76.010862,1371.35,15.24,250.68,6.3,synthetic_srtm
8703,Mine_08703,10.799088,78.628757,761.11,17.41,233.55,8.91,synthetic_srtm
8704,Mine_08704,10.135719,78.659368,807.81,22.95,103.95,10.58,synthetic_srtm
8705,Mine_08705,12.651596,78.319263,413.15,1.98,121.63,5.44,synthetic_srtm
8706,Mine_08706,13.072707,76.125025,528.52,18.5,94.58,8.11,synthetic_srtm
8707,Mine_08707,8.197855,76.431462,1276.49,27.46,315.04,9.44,synthetic_srtm
8708,Mine_08708,9.485383,76.141719,723.53,11.07,227.05,3.69,synthetic_srtm
8709,Mine_08709,11.066059,77.834588,1469.38,38.27,273.97,16.14,synthetic_srtm
8710,Mine_08710,11.184968,77.695568,1613.18,41.12,202.0,13.64,synthetic_srtm
8711,Mine_08711,13.401732,77.113472,1611.59,18.68,235.03,6.91,synthetic_srtm
8712,Mine_08712,11.955067,76.615029,948.85,13.22,3.86,8.69,synthetic_srtm
8713,Mine_08713,10.951466,77.9597,862.05,18.45,218.28,8.81,synthetic_srtm
8714,Mine_08714,11.825266,76.370579,903.04,15.32,231.21,7.21,synthetic_srtm
8715,Mine_08715,13.299177,80.326322,318.76,10.87,102.5,4.29,synthetic_srtm
8716,Mine_08716,8.97532,78.25205,994.18,16.11,270.85,8.59,synthetic_srtm
8717,Mine_08717,9.43817,79.247742,840.06,23.67,341.9,9.96,synthetic_srtm
8718,Mine_08718,12.068859,77.904994,2333.56,33.67,349.99,13.61,synthetic_srtm
8719,Mine_08719,11.248863,77.130246,1648.58,18.36,47.91,6.69,synthetic_srtm
8720,Mine_08720,10.563042,80.495177,702.01,23.91,186.29,8.21,synthetic_srtm
8721,Mine_08721,9.352761,79.398613,448.35,10.92,128.06,5.03,synthetic_srtm
8722,Mine_08722,11.688757,78.007265,389.69,10.78,336.85,4.72,synthetic_srtm
8723,Mine_08723,8.124852,76.128056,1573.15,42.11,338.42,13.4,synthetic_srtm
8724,Mine_08724,11.995906,79.707704,571.45,12.33,320.97,8.1,synthetic_srtm
8725,Mine_08725,13.162138,77.988283,1333.81,34.51,197.86,13.97,synthetic_srtm
8726,Mine_08726,8.045256,76.484739,898.19,23.93,153.21,7.64,synthetic_srtm
8727,Mine_08727,11.01673,76.8296,1163.94,26.77,307.15,11.16,synthetic_srtm
8728,Mine_08728,11.773404,76.878183,1426.72,21.19,199.1,8.6,synthetic_srtm
8729,Mine_08729,11.948492,76.508099,613.42,21.38,331.09,6.5,synthetic_srtm
8730,Mine_08730,12.801766,79.891827,749.31,19.9,300.99,9.77,synthetic_srtm
8731,Mine_08731,12.504302,77.870355,1481.5,40.16,178.58,16.97,synthetic_srtm
8732,Mine_08732,9.44732,77.275963,836.32,15.87,171.46,7.53,synthetic_srtm
8733,Mine_08733,9.676781,79.565117,534.22,14.97,15.89,9.21,synthetic_srtm
8734,Mine_08734,12.477747,78.809235,555.44,12.53,29.93,7.13,synthetic_srtm
8735,Mine_08735,8.621589,76.969873,1577.35,42.18,122.38,14.9,synthetic_srtm
8736,Mine_08736,9.817081,79.361046,689.01,14.53,20.08,8.38,synthetic_srtm
8737,Mine_08737,11.207805,78.73401,435.1,14.01,326.01,7.45,synthetic_srtm
8738,Mine_08738,13.152914,78.540847,623.69,22.74,301.02,10.41,synthetic_srtm
8739,Mine_08739,10.548626,76.636942,1552.21,30.34,198.42,11.64,synthetic_srtm
8740,Mine_08740,13.378266,78.128629,304.69,5.71,290.49,4.76,synthetic_srtm
8741,Mine_08741,13.067082,77.458966,1412.96,17.57,293.79,8.15,synthetic_srtm
8742,Mine_08742,10.074458,78.322028,655.46,19.17,357.06,8.26,synthetic_srtm
8743,Mine_08743,11.087748,77.14745,1681.17,17.67,69.49,9.68,synthetic_srtm
8744,Mine_08744,9.810051,78.869373,939.94,24.05,103.04,9.96,synthetic_srtm
8745,Mine_08745,12.228437,80.299397,555.61,22.78,249.24,11.66,synthetic_srtm
8746,Mine_08746,11.409855,76.850331,1252.55,22.85,335.34,11.76,synthetic_srtm
8747,Mine_08747,10.883378,76.518174,1597.31,22.74,122.3,9.97,synthetic_srtm
8748,Mine_08748,12.25837,80.344455,635.98,18.18,110.24,8.55,synthetic_srtm
8749,Mine_08749,8.731195,79.660848,233.2,7.19,288.5,4.84,synthetic_srtm
8750,Mine_08750,12.854755,76.747213,1125.77,38.51,257.07,14.92,synthetic_srtm
8751,Mine_08751,12.0168,80.308629,990.76,22.32,167.46,8.28,synthetic_srtm
8752,Mine_08752,8.380129,78.242758,865.66,18.91,125.48,5.75,synthetic_srtm
8753,Mine_08753,9.926577,77.507361,438.29,0.18,280.02,4.24,synthetic_srtm
8754,Mine_08754,8.318172,78.042592,455.02,4.64,316.88,4.75,synthetic_srtm
8755,Mine_08755,8.58328,76.475107,1686.58,37.77,95.51,15.49,synthetic_srtm
8756,Mine_08756,12.299654,76.222968,509.53,17.94,123.58,6.17,synthetic_srtm
8757,Mine_08757,10.333876,78.492321,414.11,10.18,164.19,5.18,synthetic_srtm
8758,Mine_08758,9.190941,77.499327,281.36,14.49,346.66,9.0,synthetic_srtm
8759,Mine_08759,10.278653,76.346955,1649.3,15.72,63.52,6.3,synthetic_srtm
8760,Mine_08760,9.160464,77.326916,879.37,9.01,4.5,7.41,synthetic_srtm
8761,Mine_08761,8.642601,78.525383,312.79,10.42,354.98,4.04,synthetic_srtm
8762,Mine_08762,11.379366,79.651094,237.03,8.97,110.32,3.41,synthetic_srtm
8763,Mine_08763,10.380232,77.691196,876.94,9.25,132.51,7.48,synthetic_srtm
8764,Mine_08764,12.786468,80.216748,890.24,10.48,250.46,6.2,synthetic_srtm
8765,Mine_08765,8.635695,77.553038,333.71,14.06,317.39,7.13,synthetic_srtm
8766,Mine_08766,12.019773,78.100444,347.33,4.62,96.5,1.62,synthetic_srtm
8767,Mine_08767,10.852544,79.340527,406.27,13.52,222.8,4.41,synthetic_srtm
8768,Mine_08768,8.035439,78.803454,414.31,11.29,165.64,6.69,synthetic_srtm
8769,Mine_08769,9.538464,79.887561,617.48,5.84,237.25,3.77,synthetic_srtm
8770,Mine_08770,12.996847,76.802806,1204.1,31.39,45.22,11.3,synthetic_srtm
8771,Mine_08771,9.355573,79.01903,312.72,0.75,160.05,1.48,synthetic_srtm
8772,Mine_08772,10.805214,79.852354,291.03,5.45,357.68,6.27,synthetic_srtm
8773,Mine_08773,11.927952,79.500455,417.15,6.31,55.26,2.91,synthetic_srtm
8774,Mine_08774,8.710162,80.288928,258.82,6.22,145.48,4.12,synthetic_srtm
8775,Mine_08775,9.486228,79.755437,915.82,20.25,62.81,9.27,synthetic_srtm
8776,Mine_08776,11.19462,78.227637,560.97,12.03,221.49,6.55,synthetic_srtm
8777,Mine_08777,11.094292,77.99131,1068.54,30.85,306.5,13.34,synthetic_srtm
8778,Mine_08778,9.849236,76.197405,1311.61,20.03,96.58,10.35,synthetic_srtm
8779,Mine_08779,12.208187,79.270315,883.95,20.95,300.68,10.97,synthetic_srtm
8780,Mine_08780,11.977841,79.207123,728.88,22.32,273.14,8.76,synthetic_srtm
8781,Mine_08781,10.207648,77.294025,218.22,1.34,334.65,3.79,synthetic_srtm
8782,Mine_08782,10.507506,79.262529,768.76,10.61,331.74,6.19,synthetic_srtm
8783,Mine_08783,10.717721,76.766746,1148.27,15.16,133.91,4.61,synthetic_srtm
8784,Mine_08784,10.998039,77.187282,272.38,7.76,101.77,5.26,synthetic_srtm
8785,Mine_08785,8.2369,76.052018,910.03,6.5,293.92,6.01,synthetic_srtm
8786,Mine_08786,12.819027,76.587547,1091.11,22.69,83.45,11.7,synthetic_srtm
8787,Mine_08787,10.228076,78.911808,219.83,3.3,308.65,4.41,synthetic_srtm
8788,Mine_08788,10.818399,78.288319,218.66,2.25,60.69,4.79,synthetic_srtm
8789,Mine_08789,9.462149,78.609587,679.4,11.73,317.31,6.75,synthetic_srtm
8790,Mine_08790,8.4885,76.964162,1549.92,26.55,63.14,11.25,synthetic_srtm
8791,Mine_08791,9.382942,77.194472,244.49,0.09,85.95,4.45,synthetic_srtm
8792,Mine_08792,13.169095,79.871196,534.92,5.59,323.53,2.17,synthetic_srtm
8793,Mine_08793,8.604357,80.11433,993.74,17.29,175.65,7.08,synthetic_srtm
8794,Mine_08794,9.554781,79.436721,980.4,6.42,154.6,2.51,synthetic_srtm
8795,Mine_08795,13.217589,76.760363,1500.84,22.65,308.4,7.12,synthetic_srtm
8796,Mine_08796,12.339203,79.225724,213.96,11.99,316.67,8.49,synthetic_srtm
8797,Mine_08797,9.188639,80.1152,457.81,12.06,146.38,8.34,synthetic_srtm
8798,Mine_08798,10.639343,79.149419,716.21,7.66,19.4,4.61,synthetic_srtm
8799,Mine_08799,8.903253,78.745614,238.79,11.1,111.81,3.76,synthetic_srtm
8800,Mine_08800,9.212068,79.508662,432.21,9.25,257.98,5.53,synthetic_srtm
8801,Mine_08801,8.665944,76.674359,574.63,12.7,307.26,6.34,synthetic_srtm
8802,Mine_08802,10.262711,78.918485,749.16,18.46,263.49,7.99,synthetic_srtm
8803,Mine_08803,10.883917,79.321417,703.8,9.84,217.6,6.6,synthetic_srtm
8804,Mine_08804,12.968795,76.293394,1403.85,19.29,141.55,10.6,synthetic_srtm
8805,Mine_08805,8.025488,78.036467,955.93,15.22,5.33,5.54,synthetic_srtm
8806,Mine_08806,12.96066,76.287313,1121.99,44.48,193.48,14.26,synthetic_srtm
8807,Mine_08807,12.483174,77.076817,1414.78,33.42,325.76,11.16,synthetic_srtm
8808,Mine_08808,13.117789,76.302538,1152.9,20.95,224.88,7.12,synthetic_srtm
8809,Mine_08809,10.976923,78.946882,891.98,20.14,257.02,8.58,synthetic_srtm
8810,Mine_08810,12.394444,79.204749,253.18,12.99,320.35,8.07,synthetic_srtm
8811,Mine_08811,10.084711,78.655829,990.81,7.67,5.43,3.51,synthetic_srtm
8812,Mine_08812,12.072694,78.396865,993.12,6.2,257.72,5.88,synthetic_srtm
8813,Mine_08813,9.866814,78.317816,775.87,24.11,320.89,9.63,synthetic_srtm
8814,Mine_08814,9.602803,79.775754,402.06,6.03,21.21,6.63,synthetic_srtm
8815,Mine_08815,10.395807,80.161462,238.94,12.53,44.05,8.6,synthetic_srtm
8816,Mine_08816,9.441866,79.948962,753.56,13.51,340.72,4.11,synthetic_srtm
8817,Mine_08817,13.339747,76.35593,1551.4,34.49,171.07,14.53,synthetic_srtm
8818,Mine_08818,9.478923,77.546584,399.14,14.37,217.18,5.62,synthetic_srtm
8819,Mine_08819,13.036162,79.568096,451.33,13.98,144.08,8.18,synthetic_srtm
8820,Mine_08820,8.635256,77.608676,371.08,0.76,226.5,0.6,synthetic_srtm
8821,Mine_08821,8.804689,79.926597,611.28,24.35,338.56,7.64,synthetic_srtm
8822,Mine_08822,12.895705,76.578144,922.31,18.43,306.44,9.96,synthetic_srtm
8823,Mine_08823,10.674251,77.421106,387.69,4.42,142.04,2.88,synthetic_srtm
8824,Mine_08824,11.702789,78.380571,447.61,0.4,334.48,0.9,synthetic_srtm
8825,Mine_08825,13.161112,78.715554,852.59,14.3,309.11,8.5,synthetic_srtm
8826,Mine_08826,11.51894,77.935872,2024.38,34.46,128.12,12.01,synthetic_srtm
8827,Mine_08827,11.434107,80.220693,569.36,23.0,256.3,8.27,synthetic_srtm
8828,Mine_08828,13.439504,78.903595,446.54,6.61,248.95,6.91,synthetic_srtm
8829,Mine_08829,11.279285,77.292501,1367.52,24.23,321.8,11.64,synthetic_srtm
8830,Mine_08830,12.886349,79.46401,755.47,8.27,261.41,3.55,synthetic_srtm
8831,Mine_08831,13.485922,76.835922,1072.54,42.0,147.2,14.68,synthetic_srtm
8832,Mine_08832,13.315514,77.452391,1382.44,15.18,292.13,6.55,synthetic_srtm
8833,Mine_08833,12.494158,78.651562,682.24,5.97,304.19,5.31,synthetic_srtm
8834,Mine_08834,11.950862,76.6629,1514.25,32.61,183.86,10.71,synthetic_srtm
8835,Mine_08835,9.614427,79.036173,994.67,13.33,54.15,5.38,synthetic_srtm
8836,Mine_08836,12.328621,77.323483,2212.66,43.65,1.37,15.58,synthetic_srtm
8837,Mine_08837,8.552994,79.024454,574.84,6.71,290.58,5.8,synthetic_srtm
8838,Mine_08838,8.282501,79.000961,496.12,5.7,229.21,2.53,synthetic_srtm
8839,Mine_08839,9.965739,76.785915,1577.66,16.11,283.83,8.75,synthetic_srtm
8840,Mine_08840,12.2787,76.592835,763.08,9.47,50.31,4.07,synthetic_srtm
8841,Mine_08841,13.472432,79.704109,985.36,21.68,179.3,7.06,synthetic_srtm
8842,Mine_08842,10.378662,79.983001,812.17,23.07,314.73,11.47,synthetic_srtm
8843,Mine_08843,12.190728,78.920077,955.73,13.22,350.01,4.46,synthetic_srtm
8844,Mine_08844,10.026476,76.373804,938.0,23.78,148.98,10.46,synthetic_srtm
8845,Mine_08845,11.798454,79.527613,961.14,9.37,133.01,4.0,synthetic_srtm
8846,Mine_08846,8.644361,76.413973,1469.15,27.1,181.06,8.45,synthetic_srtm
8847,Mine_08847,11.436635,79.464125,868.32,5.87,79.77,6.07,synthetic_srtm
8848,Mine_08848,10.411599,76.357692,671.38,10.11,272.44,7.06,synthetic_srtm
8849,Mine_08849,13.063609,77.038543,1215.12,15.92,156.3,5.29,synthetic_srtm
8850,Mine_08850,8.116974,77.364427,476.14,3.23,168.78,1.15,synthetic_srtm
8851,Mine_08851,9.880628,80.332173,537.24,24.62,347.2,8.95,synthetic_srtm
8852,Mine_08852,12.945748,79.456085,592.57,16.91,237.77,5.47,synthetic_srtm
8853,Mine_08853,11.586685,76.30653,1348.57,20.39,242.63,6.19,synthetic_srtm
8854,Mine_08854,10.378458,80.018739,343.96,14.64,60.65,8.23,synthetic_srtm
8855,Mine_08855,12.906715,78.79507,707.2,17.96,54.11,9.56,synthetic_srtm
8856,Mine_08856,10.481348,77.402244,803.67,14.15,201.87,7.64,synthetic_srtm
8857,Mine_08857,12.404744,79.282713,653.08,22.13,219.0,6.91,synthetic_srtm
8858,Mine_08858,10.577292,79.873952,901.26,17.27,164.5,10.04,synthetic_srtm
8859,Mine_08859,9.593408,79.512983,703.28,17.27,324.74,5.77,synthetic_srtm
8860,Mine_08860,11.715553,77.487055,2235.18,21.2,210.27,7.71,synthetic_srtm
8861,Mine_08861,11.953143,77.184597,1759.05,43.47,277.27,16.55,synthetic_srtm
8862,Mine_08862,12.665784,76.323501,1439.87,23.75,45.21,11.86,synthetic_srtm
8863,Mine_08863,12.309707,76.5163,1611.91,35.68,98.23,12.75,synthetic_srtm
8864,Mine_08864,9.894501,76.823046,768.07,18.6,310.47,7.95,synthetic_srtm
8865,Mine_08865,11.781163,78.313484,493.61,3.43,292.53,3.42,synthetic_srtm
8866,Mine_08866,13.089436,78.667318,499.2,4.06,70.88,3.24,synthetic_srtm
8867,Mine_08867,8.416927,78.582965,433.81,1.78,313.6,2.01,synthetic_srtm
8868,Mine_08868,10.17698,79.989363,643.35,18.41,141.43,5.98,synthetic_srtm
8869,Mine_08869,10.535178,80.181548,461.1,12.69,313.0,5.26,synthetic_srtm
8870,Mine_08870,9.706996,78.288197,247.41,1.77,117.77,1.76,synthetic_srtm
8871,Mine_08871,10.914893,76.108583,1548.62,35.59,304.67,12.94,synthetic_srtm
8872,Mine_08872,13.130183,79.098194,617.36,5.06,52.91,2.31,synthetic_srtm
8873,Mine_08873,9.460256,78.152263,888.71,14.42,85.07,7.2,synthetic_srtm
8874,Mine_08874,11.123517,80.054132,520.17,9.7,255.36,4.33,synthetic_srtm
8875,Mine_08875,8.54596,79.155719,685.92,19.53,258.62,6.97,synthetic_srtm
8876,Mine_08876,8.295484,80.209631,675.25,11.06,118.41,6.38,synthetic_srtm
8877,Mine_08877,12.739252,76.922417,635.15,12.72,206.87,6.81,synthetic_srtm
8878,Mine_08878,10.831979,77.482521,701.6,20.23,9.4,8.36,synthetic_srtm
8879,Mine_08879,8.460389,80.176098,596.75,16.27,47.8,7.29,synthetic_srtm
8880,Mine_08880,13.095791,76.15214,591.59,5.35,356.59,2.8,synthetic_srtm
8881,Mine_08881,8.884797,76.434676,1392.62,42.03,9.2,12.94,synthetic_srtm
8882,Mine_08882,11.336352,77.776019,2202.56,42.78,42.36,13.69,synthetic_srtm
8883,Mine_08883,12.695578,79.211932,969.53,5.38,74.23,6.01,synthetic_srtm
8884,Mine_08884,9.457837,77.108489,419.14,2.35,67.92,5.53,synthetic_srtm
8885,Mine_08885,11.718888,77.174737,1541.89,26.05,11.64,10.88,synthetic_srtm
8886,Mine_08886,11.958425,77.202409,1751.0,33.45,332.21,11.2,synthetic_srtm
8887,Mine_08887,9.90561,78.520595,671.55,22.02,233.04,8.25,synthetic_srtm
8888,Mine_08888,9.03167,77.555042,944.02,15.26,93.08,5.04,synthetic_srtm
8889,Mine_08889,11.822615,77.534102,1004.7,31.05,65.9,13.49,synthetic_srtm
8890,Mine_08890,13.197784,78.20757,540.94,17.33,256.4,7.49,synthetic_srtm
8891,Mine_08891,12.568013,76.311898,1112.1,24.68,104.05,9.18,synthetic_srtm
8892,Mine_08892,8.532801,76.687155,1425.31,35.14,47.77,15.38,synthetic_srtm
8893,Mine_08893,12.475824,78.199031,678.87,12.03,58.75,8.37,synthetic_srtm
8894,Mine_08894,10.829985,79.490457,846.97,24.04,115.96,11.16,synthetic_srtm
8895,Mine_08895,8.581135,76.513225,1558.32,41.07,266.26,16.86,synthetic_srtm
8896,Mine_08896,9.09392,78.037552,351.48,12.77,44.47,5.23,synthetic_srtm
8897,Mine_08897,10.588236,76.718106,1664.44,42.72,160.94,16.64,synthetic_srtm
8898,Mine_08898,11.862408,76.311888,798.34,5.63,348.9,2.38,synthetic_srtm
8899,Mine_08899,11.435674,76.433505,971.98,24.79,34.84,9.76,synthetic_srtm
8900,Mine_08900,8.586306,80.009017,892.57,23.13,341.08,7.54,synthetic_srtm
8901,Mine_08901,9.412649,78.110912,914.81,22.96,124.07,6.92,synthetic_srtm
8902,Mine_08902,8.446277,78.689757,476.74,11.53,325.22,4.9,synthetic_srtm
8903,Mine_08903,11.780246,76.815984,1308.57,15.71,75.12,9.13,synthetic_srtm
8904,Mine_08904,11.837498,77.883867,1835.42,28.97,6.39,10.1,synthetic_srtm
8905,Mine_08905,9.670887,76.527452,513.28,23.99,235.35,9.78,synthetic_srtm
8906,Mine_08906,9.308296,80.335598,611.13,21.04,82.69,10.35,synthetic_srtm
8907,Mine_08907,12.518122,77.717644,1726.81,40.41,234.85,13.79,synthetic_srtm
8908,Mine_08908,8.22743,79.283686,941.52,14.99,166.15,9.26,synthetic_srtm
8909,Mine_08909,9.763992,79.334629,674.33,8.03,259.18,6.32,synthetic_srtm
8910,Mine_08910,12.168693,77.13298,1437.21,29.54,320.66,8.87,synthetic_srtm
8911,Mine_08911,12.812991,78.400577,643.14,13.3,71.11,8.77,synthetic_srtm
8912,Mine_08912,12.159815,76.331497,806.22,9.23,205.3,4.11,synthetic_srtm
8913,Mine_08913,9.722387,78.297886,316.53,3.68,342.26,5.63,synthetic_srtm
8914,Mine_08914,13.383338,77.110951,2172.29,16.03,195.54,8.51,synthetic_srtm
8915,Mine_08915,8.019964,77.782977,860.39,24.34,257.49,10.48,synthetic_srtm
8916,Mine_08916,8.633631,79.080308,450.16,5.39,96.55,3.46,synthetic_srtm
8917,Mine_08917,10.916963,78.631859,520.16,13.31,170.81,5.39,synthetic_srtm
8918,Mine_08918,10.609448,79.365596,507.09,15.59,141.85,8.82,synthetic_srtm
8919,Mine_08919,12.278201,79.373209,741.04,12.86,211.81,5.02,synthetic_srtm
8920,Mine_08920,11.462181,78.386573,236.03,13.77,267.39,6.96,synthetic_srtm
8921,Mine_08921,8.064513,77.758552,227.34,11.64,57.39,4.12,synthetic_srtm
8922,Mine_08922,12.784494,80.217122,726.3,6.45,237.96,2.75,synthetic_srtm
8923,Mine_08923,12.0427,77.60024,1561.69,42.24,36.82,15.94,synthetic_srtm
8924,Mine_08924,8.673525,78.473814,912.83,5.06,276.38,5.22,synthetic_srtm
8925,Mine_08925,12.968162,76.528372,923.32,14.75,176.27,8.37,synthetic_srtm
8926,Mine_08926,8.459512,76.086285,1373.55,20.94,209.58,8.52,synthetic_srtm
8927,Mine_08927,12.597653,79.505726,345.73,0.29,257.67,3.37,synthetic_srtm
8928,Mine_08928,8.810571,79.394044,550.83,10.09,292.43,4.36,synthetic_srtm
8929,Mine_08929,9.51958,78.466358,856.46,16.16,169.67,5.11,synthetic_srtm
8930,Mine_08930,10.632602,76.70483,882.18,9.78,33.4,4.11,synthetic_srtm
8931,Mine_08931,12.311504,76.953146,1485.82,37.31,324.03,11.89,synthetic_srtm
8932,Mine_08932,8.118643,79.872159,435.14,8.76,151.02,6.93,synthetic_srtm
8933,Mine_08933,10.396193,79.067367,565.06,22.25,93.09,8.33,synthetic_srtm
8934,Mine_08934,12.772785,78.144183,818.11,12.67,216.71,6.26,synthetic_srtm
8935,Mine_08935,11.087564,77.10337,1758.22,27.66,130.93,9.21,synthetic_srtm
8936,Mine_08936,12.032712,79.746287,928.05,11.61,336.64,4.97,synthetic_srtm
8937,Mine_08937,12.713014,78.982987,427.88,3.35,110.48,4.77,synthetic_srtm
8938,Mine_08938,13.430077,77.484582,1859.13,39.65,251.64,14.33,synthetic_srtm
8939,Mine_08939,8.680128,79.980751,534.2,17.48,19.32,9.81,synthetic_srtm
8940,Mine_08940,10.623282,76.337628,786.43,5.08,69.22,4.05,synthetic_srtm
8941,Mine_08941,9.646752,76.574607,567.1,21.48,245.65,11.11,synthetic_srtm
8942,Mine_08942,8.74466,79.092842,340.39,2.89,282.91,1.2,synthetic_srtm
8943,Mine_08943,13.094475,77.568959,1303.78,37.64,153.56,11.89,synthetic_srtm
8944,Mine_08944,8.532654,77.011992,353.34,3.24,328.41,4.6,synthetic_srtm
8945,Mine_08945,10.320512,77.309143,878.83,11.53,24.86,5.92,synthetic_srtm
8946,Mine_08946,11.56217,76.450364,1099.07,35.93,30.47,13.56,synthetic_srtm
8947,Mine_08947,11.663152,76.139047,1694.14,39.21,211.65,15.55,synthetic_srtm
8948,Mine_08948,12.470694,78.629051,821.38,22.17,19.91,6.9,synthetic_srtm
8949,Mine_08949,10.180247,80.093964,417.76,4.43,358.79,5.91,synthetic_srtm
8950,Mine_08950,12.260034,76.398628,1271.33,22.09,149.67,7.03,synthetic_srtm
8951,Mine_08951,12.493175,76.862375,1156.43,31.63,205.15,13.83,synthetic_srtm
8952,Mine_08952,8.108585,80.20402,937.2,19.97,150.05,10.14,synthetic_srtm
8953,Mine_08953,8.60661,77.615198,506.7,8.11,153.29,6.52,synthetic_srtm
8954,Mine_08954,10.665021,76.92582,1022.76,43.37,278.71,16.93,synthetic_srtm
8955,Mine_08955,8.919431,78.694229,714.67,8.05,64.59,6.05,synthetic_srtm
8956,Mine_08956,10.018791,76.345612,1699.22,19.19,262.02,6.53,synthetic_srtm
8957,Mine_08957,8.49218,79.983783,606.0,8.56,234.26,3.38,synthetic_srtm
8958,Mine_08958,8.061595,78.603295,327.97,4.82,193.42,5.46,synthetic_srtm
8959,Mine_08959,10.058716,78.616646,572.03,5.81,203.85,2.06,synthetic_srtm
8960,Mine_08960,8.703277,80.030438,986.91,18.13,219.14,9.55,synthetic_srtm
8961,Mine_08961,12.853465,78.205465,472.45,11.13,327.34,6.86,synthetic_srtm
8962,Mine_08962,8.126628,78.614455,622.8,13.22,79.97,7.92,synthetic_srtm
8963,Mine_08963,9.73732,78.708336,400.11,1.65,191.16,2.84,synthetic_srtm
8964,Mine_08964,8.749421,77.261258,902.18,18.3,86.59,9.59,synthetic_srtm
8965,Mine_08965,9.262296,78.911433,261.46,5.1,344.96,4.13,synthetic_srtm
8966,Mine_08966,9.113203,79.301992,959.5,22.28,209.08,9.64,synthetic_srtm
8967,Mine_08967,8.111048,76.429204,1299.26,20.08,165.28,7.06,synthetic_srtm
8968,Mine_08968,8.235154,80.269324,696.49,20.86,270.08,7.38,synthetic_srtm
8969,Mine_08969,10.684698,77.959397,495.94,7.32,76.4,6.81,synthetic_srtm
8970,Mine_08970,8.498836,77.590557,301.84,12.14,173.45,4.09,synthetic_srtm
8971,Mine_08971,10.683647,79.683348,525.41,16.09,81.51,5.35,synthetic_srtm
8972,Mine_08972,8.082899,78.679754,574.13,14.84,37.06,6.32,synthetic_srtm
8973,Mine_08973,11.330382,79.103678,886.4,10.74,93.7,6.56,synthetic_srtm
8974,Mine_08974,10.409087,78.946042,825.26,5.69,277.2,5.73,synthetic_srtm
8975,Mine_08975,10.500591,76.447539,1559.93,31.68,91.21,10.01,synthetic_srtm
8976,Mine_08976,11.527906,78.375349,924.01,7.79,65.56,6.5,synthetic_srtm
8977,Mine_08977,9.406292,79.577322,831.02,10.92,236.26,7.25,synthetic_srtm
8978,Mine_08978,8.658623,77.139074,590.8,24.95,108.42,10.25,synthetic_srtm
8979,Mine_08979,8.878578,76.824875,827.05,22.03,346.49,8.2,synthetic_srtm
8980,Mine_08980,11.522907,79.150769,515.77,19.93,306.99,8.03,synthetic_srtm
8981,Mine_08981,12.938816,77.102353,1638.33,26.03,179.99,8.47,synthetic_srtm
8982,Mine_08982,13.246742,76.727185,688.89,19.81,310.9,9.48,synthetic_srtm
8983,Mine_08983,8.259456,76.922553,947.63,19.74,35.28,9.81,synthetic_srtm
8984,Mine_08984,8.165773,76.686206,625.55,21.82,62.65,10.94,synthetic_srtm
8985,Mine_08985,9.085883,77.634408,844.88,20.85,350.82,8.37,synthetic_srtm
8986,Mine_08986,9.248794,78.365516,902.06,8.76,298.34,5.53,synthetic_srtm
8987,Mine_08987,9.929782,76.940579,897.38,23.21,68.18,7.84,synthetic_srtm
8988,Mine_08988,9.079942,76.513715,1278.74,33.06,352.18,13.99,synthetic_srtm
8989,Mine_08989,9.401825,80.318982,881.85,11.1,205.94,6.4,synthetic_srtm
8990,Mine_08990,8.250518,79.826119,382.86,7.39,264.52,4.2,synthetic_srtm
8991,Mine_08991,11.868482,78.248083,597.93,13.42,322.56,6.46,synthetic_srtm
8992,Mine_08992,11.091354,76.75064,1176.01,25.37,344.05,10.83,synthetic_srtm
8993,Mine_08993,12.890707,79.175604,892.74,14.32,349.01,6.62,synthetic_srtm
8994,Mine_08994,10.027456,76.366399,1075.14,36.21,41.86,13.89,synthetic_srtm
8995,Mine_08995,8.761897,77.681184,554.22,11.86,195.5,6.41,synthetic_srtm
8996,Mine_08996,8.49715,78.850752,469.45,12.67,275.81,5.76,synthetic_srtm
8997,Mine_08997,9.653358,77.11774,834.24,22.1,52.74,9.69,synthetic_srtm
8998,Mine_08998,9.920533,76.975048,1632.95,34.19,241.37,13.01,synthetic_srtm
8999,Mine_08999,12.126163,79.510234,233.23,14.74,47.01,9.34,synthetic_srtm
9000,Mine_09000,9.458629,79.824072,932.05,18.77,63.71,10.5,synthetic_srtm
9001,Mine_09001,8.590553,79.448818,384.0,1.13,182.02,2.58,synthetic_srtm
9002,Mine_09002,9.812606,79.813426,881.36,13.46,48.83,7.2,synthetic_srtm
9003,Mine_09003,13.201156,77.776192,1002.7,40.02,194.37,13.67,synthetic_srtm
9004,Mine_09004,12.778721,79.807817,449.87,11.02,238.8,6.9,synthetic_srtm
9005,Mine_09005,11.863093,78.89452,717.02,8.39,215.04,3.74,synthetic_srtm
9006,Mine_09006,12.465837,79.035716,422.13,13.78,151.54,6.13,synthetic_srtm
9007,Mine_09007,12.991327,76.970785,1403.96,16.08,115.65,8.01,synthetic_srtm
9008,Mine_09008,8.500528,79.834878,893.82,13.06,165.48,5.78,synthetic_srtm
9009,Mine_09009,8.303709,78.611907,686.66,17.61,108.32,6.54,synthetic_srtm
9010,Mine_09010,13.099714,79.378464,692.47,14.41,148.84,6.6,synthetic_srtm
9011,Mine_09011,11.694382,79.801653,720.39,7.89,122.65,2.92,synthetic_srtm
9012,Mine_09012,12.962113,80.331671,249.7,4.13,91.84,3.44,synthetic_srtm
9013,Mine_09013,10.216662,78.19955,312.9,5.68,7.09,5.89,synthetic_srtm
9014,Mine_09014,12.161795,78.16903,383.57,13.05,76.24,5.97,synthetic_srtm
9015,Mine_09015,8.51566,77.556339,635.3,20.87,276.36,7.12,synthetic_srtm
9016,Mine_09016,10.151266,78.202892,359.31,7.82,35.8,4.01,synthetic_srtm
9017,Mine_09017,11.829157,78.029423,267.62,1.13,299.81,4.84,synthetic_srtm
9018,Mine_09018,8.846902,80.290163,693.62,5.22,344.58,1.82,synthetic_srtm
9019,Mine_09019,12.631981,78.826264,808.76,22.72,261.88,8.28,synthetic_srtm
9020,Mine_09020,12.830607,79.880248,386.04,5.52,328.93,6.1,synthetic_srtm
9021,Mine_09021,13.218761,76.582035,1170.0,32.55,121.36,11.18,synthetic_srtm
9022,Mine_09022,12.696367,79.76248,333.77,9.26,219.62,3.49,synthetic_srtm
9023,Mine_09023,10.99006,77.086701,970.86,11.65,297.41,6.33,synthetic_srtm
9024,Mine_09024,9.898216,77.576431,416.65,12.97,24.31,7.38,synthetic_srtm
9025,Mine_09025,11.195575,79.854746,234.75,12.95,13.7,6.63,synthetic_srtm
9026,Mine_09026,10.313771,76.082317,1585.25,24.49,259.67,9.14,synthetic_srtm
9027,Mine_09027,12.471277,79.044189,603.36,12.61,257.02,8.35,synthetic_srtm
9028,Mine_09028,10.009013,78.179693,634.82,20.56,112.01,11.02,synthetic_srtm
9029,Mine_09029,8.64219,77.127295,662.11,13.97,40.52,4.96,synthetic_srtm
9030,Mine_09030,11.563267,78.211903,305.51,9.19,123.46,7.73,synthetic_srtm
9031,Mine_09031,9.453042,80.128218,533.28,18.36,359.69,10.5,synthetic_srtm
9032,Mine_09032,8.129478,78.158178,625.37,15.85,231.91,8.75,synthetic_srtm
9033,Mine_09033,8.626177,76.425403,527.26,20.68,127.0,6.59,synthetic_srtm
9034,Mine_09034,8.913003,77.976461,912.56,14.11,281.23,8.88,synthetic_srtm
9035,Mine_09035,12.426562,78.21542,851.51,21.47,291.81,11.15,synthetic_srtm
9036,Mine_09036,12.300418,76.041973,661.04,20.71,247.56,7.08,synthetic_srtm
9037,Mine_09037,10.348435,78.894828,440.73,1.98,233.37,3.32,synthetic_srtm
9038,Mine_09038,11.287534,77.589175,1615.75,21.76,251.36,9.58,synthetic_srtm
9039,Mine_09039,13.411073,79.536898,848.3,8.36,21.91,3.8,synthetic_srtm
9040,Mine_09040,10.049693,77.019116,612.23,16.02,320.52,5.01,synthetic_srtm
9041,Mine_09041,13.335768,76.069469,1090.36,25.77,300.06,8.19,synthetic_srtm
9042,Mine_09042,9.842238,78.287536,764.45,10.2,164.81,7.79,synthetic_srtm
9043,Mine_09043,9.784256,78.98265,466.6,7.26,293.01,5.13,synthetic_srtm
9044,Mine_09044,12.920779,79.073752,447.0,6.4,46.09,2.68,synthetic_srtm
9045,Mine_09045,9.940876,76.317548,1195.58,27.66,327.05,8.72,synthetic_srtm
9046,Mine_09046,10.635436,79.228636,828.29,21.36,166.36,8.22,synthetic_srtm
9047,Mine_09047,8.30209,79.137708,425.97,5.26,240.48,5.64,synthetic_srtm
9048,Mine_09048,8.999363,77.047526,911.43,11.78,215.43,6.69,synthetic_srtm
9049,Mine_09049,12.926455,79.983042,461.0,12.43,75.78,5.17,synthetic_srtm
9050,Mine_09050,8.339837,76.478896,1095.17,26.31,305.52,11.64,synthetic_srtm
9051,Mine_09051,8.908764,76.504584,1149.9,28.11,181.6,12.36,synthetic_srtm
9052,Mine_09052,10.42895,76.70847,1030.0,26.54,62.3,9.4,synthetic_srtm
9053,Mine_09053,12.450733,77.034571,1622.92,15.29,53.93,8.39,synthetic_srtm
9054,Mine_09054,13.364391,80.173146,698.67,7.3,154.87,3.86,synthetic_srtm
9055,Mine_09055,11.238896,79.140232,952.89,19.49,2.93,9.32,synthetic_srtm
9056,Mine_09056,10.520964,78.965846,609.65,22.38,341.8,9.45,synthetic_srtm
9057,Mine_09057,8.007858,76.328083,957.67,20.7,213.23,7.5,synthetic_srtm
9058,Mine_09058,11.848132,80.316174,303.01,11.43,146.11,6.71,synthetic_srtm
9059,Mine_09059,13.124209,77.585423,1395.66,22.44,200.19,9.73,synthetic_srtm
9060,Mine_09060,10.530286,77.535042,885.84,12.25,303.93,7.43,synthetic_srtm
9061,Mine_09061,8.558015,79.580185,451.89,10.46,342.6,4.84,synthetic_srtm
9062,Mine_09062,11.980976,76.541139,1135.98,21.66,204.97,8.08,synthetic_srtm
9063,Mine_09063,10.657923,76.79926,518.95,8.32,323.91,4.07,synthetic_srtm
9064,Mine_09064,13.069156,77.736665,1090.08,26.23,72.07,9.32,synthetic_srtm
9065,Mine_09065,13.468051,79.310587,960.97,9.29,139.45,4.29,synthetic_srtm
9066,Mine_09066,11.667791,76.141443,790.35,10.62,256.1,7.53,synthetic_srtm
9067,Mine_09067,8.988676,79.316785,532.09,22.55,58.01,7.72,synthetic_srtm
9068,Mine_09068,11.954015,78.42192,748.84,9.62,286.23,3.14,synthetic_srtm
9069,Mine_09069,11.232289,78.407725,830.81,15.38,15.03,6.55,synthetic_srtm
9070,Mine_09070,12.795297,77.001371,2259.99,36.46,206.9,13.43,synthetic_srtm
9071,Mine_09071,10.933203,78.434346,329.42,10.17,232.26,4.87,synthetic_srtm
9072,Mine_09072,12.86636,79.049292,555.93,23.64,192.72,9.8,synthetic_srtm
9073,Mine_09073,10.285846,76.597696,999.74,15.69,117.58,7.99,synthetic_srtm
9074,Mine_09074,9.232114,79.134455,597.19,7.89,180.01,3.3,synthetic_srtm
9075,Mine_09075,8.884924,77.548669,910.05,21.42,99.52,10.87,synthetic_srtm
9076,Mine_09076,13.018962,78.963813,260.46,7.7,19.51,2.54,synthetic_srtm
9077,Mine_09077,13.096536,77.004892,1462.82,38.09,301.04,14.66,synthetic_srtm
9078,Mine_09078,8.911033,78.415119,797.93,12.54,44.14,8.16,synthetic_srtm
9079,Mine_09079,10.20862,77.084274,890.58,24.23,147.02,11.52,synthetic_srtm
9080,Mine_09080,11.834265,77.420932,2065.07,32.59,247.26,13.42,synthetic_srtm
9081,Mine_09081,8.373838,78.746432,715.04,8.41,32.87,6.28,synthetic_srtm
9082,Mine_09082,8.960298,78.925381,276.58,12.14,85.86,4.34,synthetic_srtm
9083,Mine_09083,12.852686,79.176009,985.29,12.8,89.91,4.51,synthetic_srtm
9084,Mine_09084,12.866911,76.124634,1260.76,35.07,16.93,11.3,synthetic_srtm
9085,Mine_09085,9.951701,76.874819,662.75,5.57,29.17,1.83,synthetic_srtm
9086,Mine_09086,9.000794,77.676346,473.12,14.09,109.02,5.47,synthetic_srtm
9087,Mine_09087,11.927799,76.785244,1465.97,22.02,42.05,7.97,synthetic_srtm
9088,Mine_09088,12.395686,76.866789,567.93,17.48,348.03,7.18,synthetic_srtm
9089,Mine_09089,8.659891,80.345664,424.12,10.28,32.57,5.88,synthetic_srtm
9090,Mine_09090,12.612425,78.919773,869.8,23.81,43.47,8.86,synthetic_srtm
9091,Mine_09091,13.361361,78.827642,349.92,1.29,217.51,0.4,synthetic_srtm
9092,Mine_09092,8.389265,80.435364,897.83,24.49,330.23,10.07,synthetic_srtm
9093,Mine_09093,10.292524,77.934734,512.98,23.38,197.44,9.6,synthetic_srtm
9094,Mine_09094,12.762603,79.161341,705.73,20.08,11.75,7.06,synthetic_srtm
9095,Mine_09095,12.910418,79.361524,283.59,12.32,315.27,5.92,synthetic_srtm
9096,Mine_09096,8.405206,76.143366,862.75,16.07,171.5,8.38,synthetic_srtm
9097,Mine_09097,9.881746,77.63548,522.91,9.28,187.83,5.77,synthetic_srtm
9098,Mine_09098,11.925077,80.093299,819.95,19.45,20.7,6.12,synthetic_srtm
9099,Mine_09099,10.426275,76.570639,763.82,18.36,319.79,7.45,synthetic_srtm
9100,Mine_09100,10.879483,79.122932,650.13,5.03,201.4,4.17,synthetic_srtm
9101,Mine_09101,9.733299,78.248138,852.94,5.37,116.36,4.63,synthetic_srtm
9102,Mine_09102,12.751866,77.610063,1547.87,23.35,78.97,10.26,synthetic_srtm
9103,Mine_09103,9.947252,79.810737,675.98,18.42,251.18,5.96,synthetic_srtm
9104,Mine_09104,8.342103,79.319092,556.44,10.48,261.53,5.07,synthetic_srtm
9105,Mine_09105,13.427786,76.771794,1096.01,33.79,168.24,11.82,synthetic_srtm
9106,Mine_09106,11.883799,78.679324,414.94,12.63,36.58,6.47,synthetic_srtm
9107,Mine_09107,8.048927,77.879098,438.89,7.01,317.73,6.65,synthetic_srtm
9108,Mine_09108,9.745192,79.82519,471.76,12.58,271.46,8.7,synthetic_srtm
9109,Mine_09109,11.822284,80.34191,746.02,18.79,105.46,7.81,synthetic_srtm
9110,Mine_09110,10.165958,79.628138,401.22,12.32,125.2,4.29,synthetic_srtm
9111,Mine_09111,10.052533,79.008393,287.42,0.34,51.08,4.12,synthetic_srtm
9112,Mine_09112,8.484204,80.30439,999.85,16.52,349.38,6.05,synthetic_srtm
9113,Mine_09113,10.139478,77.410251,599.86,7.18,294.37,2.97,synthetic_srtm
9114,Mine_09114,8.422525,79.029818,478.7,0.08,355.69,1.28,synthetic_srtm
9115,Mine_09115,12.695808,80.151313,375.24,13.44,237.43,6.34,synthetic_srtm
9116,Mine_09116,8.604355,78.352398,995.82,21.36,258.51,11.37,synthetic_srtm
9117,Mine_09117,12.865729,78.925043,556.97,23.23,215.03,10.79,synthetic_srtm
9118,Mine_09118,10.67117,79.746465,961.78,20.39,291.48,6.46,synthetic_srtm
9119,Mine_09119,9.604016,77.04805,845.55,5.39,303.89,2.12,synthetic_srtm
9120,Mine_09120,10.130872,78.396382,773.01,24.95,263.14,9.49,synthetic_srtm
9121,Mine_09121,11.310771,80.379748,510.29,24.77,278.72,12.11,synthetic_srtm
9122,Mine_09122,8.998927,78.618611,569.81,20.42,268.18,10.19,synthetic_srtm
9123,Mine_09123,9.455087,77.858142,515.07,15.85,148.89,7.01,synthetic_srtm
9124,Mine_09124,9.353703,80.275896,884.83,10.46,257.28,7.92,synthetic_srtm
9125,Mine_09125,8.422247,79.382437,969.58,19.31,251.46,7.94,synthetic_srtm
9126,Mine_09126,9.306352,78.332636,893.1,19.2,207.13,9.75,synthetic_srtm
9127,Mine_09127,9.742402,79.971202,289.03,9.81,128.66,6.41,synthetic_srtm
9128,Mine_09128,9.682322,78.102825,748.18,17.72,188.94,7.5,synthetic_srtm
9129,Mine_09129,11.854379,79.031202,876.47,14.15,193.76,6.68,synthetic_srtm
9130,Mine_09130,9.967448,77.816018,204.99,9.41,72.59,3.73,synthetic_srtm
9131,Mine_09131,9.877083,78.408304,662.16,17.8,58.77,6.79,synthetic_srtm
9132,Mine_09132,12.037437,77.900115,2235.0,32.31,157.07,11.28,synthetic_srtm
9133,Mine_09133,12.338658,76.947455,1251.09,28.99,77.09,10.85,synthetic_srtm
9134,Mine_09134,8.09584,76.639984,1203.09,19.01,26.09,9.63,synthetic_srtm
9135,Mine_09135,9.715333,77.075819,304.99,14.42,135.79,8.94,synthetic_srtm
9136,Mine_09136,13.117227,79.553167,283.82,9.66,162.28,3.49,synthetic_srtm
9137,Mine_09137,11.372726,79.65733,688.8,21.23,199.49,11.03,synthetic_srtm
9138,Mine_09138,11.015907,78.101279,675.65,16.79,269.28,7.94,synthetic_srtm
9139,Mine_09139,12.680966,78.639383,719.06,19.36,321.29,10.58,synthetic_srtm
9140,Mine_09140,9.554557,79.575083,596.34,15.46,55.29,5.21,synthetic_srtm
9141,Mine_09141,13.227007,79.306319,510.98,14.78,34.55,5.64,synthetic_srtm
9142,Mine_09142,10.776729,77.305512,749.4,17.85,286.53,8.19,synthetic_srtm
9143,Mine_09143,10.185282,77.280875,330.38,0.55,331.94,4.2,synthetic_srtm
9144,Mine_09144,8.449597,78.431436,975.93,15.71,168.93,9.19,synthetic_srtm
9145,Mine_09145,9.675596,77.170876,851.19,17.77,336.52,6.87,synthetic_srtm
9146,Mine_09146,13.285394,76.110507,1130.32,21.74,165.94,6.82,synthetic_srtm
9147,Mine_09147,12.207757,78.807902,899.61,15.86,79.99,5.23,synthetic_srtm
9148,Mine_09148,8.6454,79.92497,453.85,14.81,303.72,5.09,synthetic_srtm
9149,Mine_09149,12.596749,79.234324,644.19,24.09,143.0,7.85,synthetic_srtm
9150,Mine_09150,12.782154,79.446553,979.09,19.23,226.5,10.4,synthetic_srtm
9151,Mine_09151,11.062974,80.252555,331.11,12.71,56.75,6.23,synthetic_srtm
9152,Mine_09152,11.703047,76.24727,793.67,18.87,164.71,6.93,synthetic_srtm
9153,Mine_09153,13.367426,76.763935,630.82,21.58,141.39,9.98,synthetic_srtm
9154,Mine_09154,8.748069,80.281274,337.83,5.9,219.38,5.18,synthetic_srtm
9155,Mine_09155,11.668044,79.633345,858.53,21.92,52.71,11.08,synthetic_srtm
9156,Mine_09156,9.737277,78.206392,726.67,16.81,187.79,7.02,synthetic_srtm
9157,Mine_09157,10.557149,78.144229,959.85,24.65,270.24,8.0,synthetic_srtm
9158,Mine_09158,10.830402,77.525373,216.33,13.23,134.93,4.97,synthetic_srtm
9159,Mine_09159,8.082137,76.572882,897.34,13.16,258.06,5.25,synthetic_srtm
9160,Mine_09160,10.481498,80.156399,983.76,14.28,138.76,7.07,synthetic_srtm
9161,Mine_09161,10.83027,78.693633,759.88,16.84,278.89,7.88,synthetic_srtm
9162,Mine_09162,11.657765,79.883135,549.59,18.58,139.96,6.79,synthetic_srtm
9163,Mine_09163,8.885364,76.039427,1263.36,25.44,247.99,10.49,synthetic_srtm
9164,Mine_09164,8.814814,77.704732,652.44,11.01,296.91,6.04,synthetic_srtm
9165,Mine_09165,13.051981,78.311755,759.06,11.44,14.35,4.33,synthetic_srtm
9166,Mine_09166,9.412994,77.127437,998.62,20.4,194.72,7.43,synthetic_srtm
9167,Mine_09167,13.288125,77.372204,2238.23,30.1,29.17,11.99,synthetic_srtm
9168,Mine_09168,12.563379,76.111232,749.69,15.62,309.88,5.91,synthetic_srtm
9169,Mine_09169,10.985849,80.248449,401.07,6.86,159.52,4.48,synthetic_srtm
9170,Mine_09170,8.376194,79.871579,367.52,14.35,164.39,5.71,synthetic_srtm
9171,Mine_09171,9.227124,77.112347,279.92,3.17,38.68,3.93,synthetic_srtm
9172,Mine_09172,10.474248,76.81855,1564.78,35.17,263.01,11.54,synthetic_srtm
9173,Mine_09173,9.648461,79.769195,484.28,2.09,281.99,1.05,synthetic_srtm
9174,Mine_09174,11.516421,80.447133,201.36,6.49,74.66,6.35,synthetic_srtm
9175,Mine_09175,12.468708,76.681878,764.81,10.36,135.23,6.58,synthetic_srtm
9176,Mine_09176,8.289204,76.720383,937.05,23.3,91.29,8.41,synthetic_srtm
9177,Mine_09177,10.130579,77.522104,250.1,13.66,70.6,6.66,synthetic_srtm
9178,Mine_09178,8.595421,78.749709,949.55,23.25,40.17,9.31,synthetic_srtm
9179,Mine_09179,13.014871,77.506105,1562.18,43.95,246.87,15.74,synthetic_srtm
9180,Mine_09180,9.97266,77.685705,700.01,16.18,61.44,9.5,synthetic_srtm
9181,Mine_09181,13.146408,76.962939,873.28,20.48,276.83,10.27,synthetic_srtm
9182,Mine_09182,10.550352,76.490224,1002.55,41.87,256.1,17.33,synthetic_srtm
9183,Mine_09183,10.459418,76.2513,1011.02,37.36,219.13,13.9,synthetic_srtm
9184,Mine_09184,13.106336,77.593453,1184.24,27.9,175.32,13.35,synthetic_srtm
9185,Mine_09185,12.350617,77.446659,2010.62,41.28,220.5,15.88,synthetic_srtm
9186,Mine_09186,12.327753,78.781966,234.17,4.96,213.39,4.31,synthetic_srtm
9187,Mine_09187,8.867479,78.045553,216.02,10.74,71.02,4.18,synthetic_srtm
9188,Mine_09188,11.264291,78.259429,728.9,14.49,93.37,5.13,synthetic_srtm
9189,Mine_09189,10.781125,78.914197,634.06,5.73,287.41,5.71,synthetic_srtm
9190,Mine_09190,10.11456,76.898546,1261.0,26.26,79.6,8.49,synthetic_srtm
9191,Mine_09191,12.666663,79.164184,859.99,7.71,238.23,3.05,synthetic_srtm
9192,Mine_09192,11.479164,78.810815,694.41,20.09,257.93,8.33,synthetic_srtm
9193,Mine_09193,11.936532,80.44373,416.9,8.87,77.33,2.84,synthetic_srtm
9194,Mine_09194,8.525712,79.269729,531.85,11.04,234.77,4.15,synthetic_srtm
9195,Mine_09195,12.976315,78.188121,200.89,14.52,67.39,8.58,synthetic_srtm
9196,Mine_09196,10.851386,79.872825,912.42,21.49,173.54,10.61,synthetic_srtm
9197,Mine_09197,9.106933,77.255135,741.11,10.02,42.35,7.56,synthetic_srtm
9198,Mine_09198,8.898578,78.487847,253.16,2.64,289.73,2.15,synthetic_srtm
9199,Mine_09199,13.055833,80.209517,666.8,20.88,22.45,8.48,synthetic_srtm
9200,Mine_09200,8.256101,80.3101,749.73,16.08,323.26,9.02,synthetic_srtm
9201,Mine_09201,12.652093,79.919066,812.72,7.0,67.74,2.53,synthetic_srtm
9202,Mine_09202,12.212861,78.428882,732.12,5.73,118.33,4.09,synthetic_srtm
9203,Mine_09203,10.049326,78.917559,579.69,22.27,291.9,10.88,synthetic_srtm
9204,Mine_09204,13.156513,79.510938,979.28,9.23,276.46,5.92,synthetic_srtm
9205,Mine_09205,10.424772,79.504617,561.01,9.25,329.44,6.68,synthetic_srtm
9206,Mine_09206,12.128397,77.236189,1453.45,38.99,124.62,16.57,synthetic_srtm
9207,Mine_09207,13.068029,80.08094,368.89,3.52,40.18,1.97,synthetic_srtm
9208,Mine_09208,11.727608,79.833626,806.9,7.12,141.21,2.2,synthetic_srtm
9209,Mine_09209,8.380933,78.749176,236.13,7.68,203.17,3.08,synthetic_srtm
9210,Mine_09210,9.811152,78.637174,893.07,23.09,283.68,7.72,synthetic_srtm
9211,Mine_09211,11.476135,79.288802,779.82,15.52,127.83,8.28,synthetic_srtm
9212,Mine_09212,11.257017,76.4776,1061.24,42.15,167.59,16.66,synthetic_srtm
9213,Mine_09213,13.369973,78.827492,582.06,10.34,117.41,6.17,synthetic_srtm
9214,Mine_09214,8.213104,76.450945,528.99,11.88,210.32,7.15,synthetic_srtm
9215,Mine_09215,11.284727,77.884107,1072.57,27.1,18.9,9.98,synthetic_srtm
9216,Mine_09216,12.388272,76.380834,872.08,22.69,111.23,9.69,synthetic_srtm
9217,Mine_09217,8.237578,79.870193,214.7,7.01,234.95,2.79,synthetic_srtm
9218,Mine_09218,9.414994,79.930819,443.82,3.05,114.25,4.88,synthetic_srtm
9219,Mine_09219,10.336725,78.282,818.15,18.26,117.29,10.32,synthetic_srtm
9220,Mine_09220,8.538324,78.399833,849.4,5.23,177.63,6.0,synthetic_srtm
9221,Mine_09221,10.194481,79.16826,381.39,11.58,170.91,4.76,synthetic_srtm
9222,Mine_09222,10.101049,80.46561,598.42,24.99,159.32,10.82,synthetic_srtm
9223,Mine_09223,11.774792,78.6046,551.61,14.84,353.85,5.6,synthetic_srtm
9224,Mine_09224,10.800237,78.655859,614.61,9.98,186.69,6.33,synthetic_srtm
9225,Mine_09225,10.227506,76.919491,1260.38,37.03,79.26,12.93,synthetic_srtm
9226,Mine_09226,9.22002,76.934906,577.81,17.27,273.07,9.05,synthetic_srtm
9227,Mine_09227,9.3004,79.439163,395.36,0.78,0.99,2.14,synthetic_srtm
9228,Mine_09228,11.326073,80.086298,324.36,9.32,72.93,3.98,synthetic_srtm
9229,Mine_09229,9.944393,80.439351,983.81,11.87,193.48,5.59,synthetic_srtm
9230,Mine_09230,8.430121,79.851559,745.13,19.92,197.91,6.67,synthetic_srtm
9231,Mine_09231,9.855048,80.134065,239.06,5.33,130.81,3.89,synthetic_srtm
9232,Mine_09232,12.41835,78.426014,279.54,11.92,295.05,7.56,synthetic_srtm
9233,Mine_09233,12.15865,78.331029,725.39,22.27,115.7,9.75,synthetic_srtm
9234,Mine_09234,12.686229,78.618394,939.55,13.25,99.0,7.69,synthetic_srtm
9235,Mine_09235,12.214415,80.045926,638.23,12.7,4.66,6.66,synthetic_srtm
9236,Mine_09236,8.431549,79.070039,985.43,20.08,283.28,8.41,synthetic_srtm
9237,Mine_09237,9.578054,79.046806,373.95,2.75,141.12,2.87,synthetic_srtm
9238,Mine_09238,11.925395,79.393091,660.81,13.51,59.51,6.46,synthetic_srtm
9239,Mine_09239,9.288358,78.33389,974.9,7.28,277.28,4.62,synthetic_srtm
9240,Mine_09240,8.005385,77.634655,446.03,13.94,307.84,8.27,synthetic_srtm
9241,Mine_09241,13.420042,77.178169,2041.49,39.92,260.2,13.12,synthetic_srtm
9242,Mine_09242,10.797426,78.984244,690.54,18.58,147.29,8.21,synthetic_srtm
9243,Mine_09243,9.904137,80.149369,484.35,6.87,274.09,3.33,synthetic_srtm
9244,Mine_09244,10.248955,76.018892,580.35,23.58,132.38,7.11,synthetic_srtm
9245,Mine_09245,10.600882,79.819929,245.32,14.36,247.98,4.63,synthetic_srtm
9246,Mine_09246,12.417509,78.384021,921.68,8.61,112.31,4.85,synthetic_srtm
9247,Mine_09247,11.592998,80.25325,396.1,1.7,193.2,2.28,synthetic_srtm
9248,Mine_09248,9.402009,77.457345,516.35,8.23,351.35,7.42,synthetic_srtm
9249,Mine_09249,11.171923,76.491192,1291.47,32.1,285.8,13.37,synthetic_srtm
9250,Mine_09250,8.345813,79.900141,927.91,15.73,141.64,9.02,synthetic_srtm
9251,Mine_09251,8.999335,79.614679,301.08,9.77,158.71,5.54,synthetic_srtm
9252,Mine_09252,9.587008,76.654527,1594.53,30.33,106.8,12.54,synthetic_srtm
9253,Mine_09253,12.521837,79.821525,839.94,7.15,59.59,2.34,synthetic_srtm
9254,Mine_09254,10.456469,79.956701,341.67,12.48,310.14,4.5,synthetic_srtm
9255,Mine_09255,9.072057,76.939892,861.42,21.48,60.96,11.11,synthetic_srtm
9256,Mine_09256,13.268844,79.276136,936.49,15.1,109.5,8.2,synthetic_srtm
9257,Mine_09257,8.924096,77.198327,995.28,13.36,55.32,8.73,synthetic_srtm
9258,Mine_09258,13.081215,78.460815,460.96,13.01,155.63,6.71,synthetic_srtm
9259,Mine_09259,10.499653,76.071836,1544.41,38.26,266.91,14.85,synthetic_srtm
9260,Mine_09260,12.053199,78.800537,590.35,20.75,254.74,7.73,synthetic_srtm
9261,Mine_09261,10.38902,77.994466,870.37,13.62,64.75,7.16,synthetic_srtm
9262,Mine_09262,8.474833,77.833433,837.87,24.51,5.68,9.52,synthetic_srtm
9263,Mine_09263,12.242501,78.071177,771.75,7.81,207.15,2.6,synthetic_srtm
9264,Mine_09264,12.787417,78.165158,333.6,9.29,2.37,5.95,synthetic_srtm
9265,Mine_09265,8.005567,77.801846,222.81,11.6,109.35,4.43,synthetic_srtm
9266,Mine_09266,9.114011,76.556974,962.85,23.44,46.51,11.93,synthetic_srtm
9267,Mine_09267,12.891155,76.895138,1104.06,16.23,83.56,9.12,synthetic_srtm
9268,Mine_09268,9.394692,79.633286,733.79,7.17,72.48,3.91,synthetic_srtm
9269,Mine_09269,12.822462,78.57396,671.15,13.38,96.5,7.87,synthetic_srtm
9270,Mine_09270,12.629299,78.546674,934.73,22.5,210.93,9.59,synthetic_srtm
9271,Mine_09271,12.123317,79.728104,747.47,11.66,176.75,6.56,synthetic_srtm
9272,Mine_09272,9.737653,79.732562,528.73,19.08,246.46,7.76,synthetic_srtm
9273,Mine_09273,11.744965,76.790424,813.42,17.16,122.98,6.1,synthetic_srtm
9274,Mine_09274,11.873665,76.51272,962.85,23.02,87.17,10.5,synthetic_srtm
9275,Mine_09275,8.087956,78.696674,600.99,6.92,172.41,5.85,synthetic_srtm
9276,Mine_09276,10.66103,76.519841,880.42,7.08,114.65,3.13,synthetic_srtm
9277,Mine_09277,13.096669,77.969752,2377.01,37.03,304.94,11.52,synthetic_srtm
9278,Mine_09278,10.921847,79.555835,745.45,6.44,267.05,5.74,synthetic_srtm
9279,Mine_09279,13.03787,76.553544,963.45,15.05,249.24,7.6,synthetic_srtm
9280,Mine_09280,8.377453,78.319262,758.15,22.02,189.74,7.86,synthetic_srtm
9281,Mine_09281,10.13613,77.325123,532.7,15.79,321.07,5.23,synthetic_srtm
9282,Mine_09282,12.261314,77.899189,1515.77,28.52,39.5,8.97,synthetic_srtm
9283,Mine_09283,8.042748,80.028865,233.89,11.52,206.72,5.56,synthetic_srtm
9284,Mine_09284,12.779238,76.168794,1099.27,37.98,88.38,14.59,synthetic_srtm
9285,Mine_09285,9.907368,78.97383,726.45,23.33,295.86,11.89,synthetic_srtm
9286,Mine_09286,12.788753,78.840949,780.34,11.5,91.11,6.53,synthetic_srtm
9287,Mine_09287,11.069003,77.829235,1884.88,20.88,111.7,9.06,synthetic_srtm
9288,Mine_09288,9.216922,77.580716,867.0,7.67,157.54,4.56,synthetic_srtm
9289,Mine_09289,13.210689,77.178817,2265.72,24.6,128.87,9.03,synthetic_srtm
9290,Mine_09290,10.529718,78.560985,619.79,17.5,64.22,5.43,synthetic_srtm
9291,Mine_09291,12.218967,77.069002,1751.25,40.76,81.46,14.29,synthetic_srtm
9292,Mine_09292,8.006351,79.536709,665.3,7.47,214.79,4.13,synthetic_srtm
9293,Mine_09293,13.103491,78.259487,967.21,15.83,311.75,9.3,synthetic_srtm
9294,Mine_09294,9.314651,77.862809,892.1,23.2,230.05,7.24,synthetic_srtm
9295,Mine_09295,9.430739,77.889055,843.89,8.92,318.75,6.87,synthetic_srtm
9296,Mine_09296,10.019622,79.835905,824.63,13.88,84.0,5.43,synthetic_srtm
9297,Mine_09297,10.536982,79.356278,781.34,12.91,19.24,8.18,synthetic_srtm
9298,Mine_09298,10.691759,77.288368,314.1,5.68,143.2,2.21,synthetic_srtm
9299,Mine_09299,11.836235,79.992825,903.8,20.43,107.77,6.34,synthetic_srtm
9300,Mine_09300,8.804298,77.533933,823.68,9.72,35.53,4.17,synthetic_srtm
9301,Mine_09301,11.899995,77.598897,2167.73,27.06,222.28,8.98,synthetic_srtm
9302,Mine_09302,8.650126,76.588438,1143.41,24.65,143.89,8.95,synthetic_srtm
9303,Mine_09303,10.496392,79.281841,944.31,18.35,10.95,6.94,synthetic_srtm
9304,Mine_09304,9.719209,77.549909,426.73,13.67,138.21,6.0,synthetic_srtm
9305,Mine_09305,13.23555,78.100942,562.45,20.49,13.22,8.97,synthetic_srtm
9306,Mine_09306,9.579064,79.523453,612.4,11.81,95.47,7.32,synthetic_srtm
9307,Mine_09307,11.205834,78.318781,339.1,0.69,217.46,0.42,synthetic_srtm
9308,Mine_09308,8.736474,76.968364,532.8,7.14,38.84,3.79,synthetic_srtm
9309,Mine_09309,13.300592,76.777873,1131.92,28.6,125.94,11.87,synthetic_srtm
9310,Mine_09310,9.134717,77.760818,481.06,11.98,30.44,6.31,synthetic_srtm
9311,Mine_09311,12.225041,78.375393,453.99,12.88,191.69,4.33,synthetic_srtm
9312,Mine_09312,12.448299,77.843086,1818.96,20.62,339.41,6.37,synthetic_srtm
9313,Mine_09313,8.670757,78.065188,794.67,24.12,214.33,8.28,synthetic_srtm
9314,Mine_09314,11.944937,78.530135,529.04,24.54,43.49,11.75,synthetic_srtm
9315,Mine_09315,9.059234,79.04221,763.07,5.22,341.86,2.49,synthetic_srtm
9316,Mine_09316,11.538135,76.876091,767.16,17.83,134.23,5.74,synthetic_srtm
9317,Mine_09317,13.1284,78.186103,471.73,1.23,63.54,5.22,synthetic_srtm
9318,Mine_09318,12.279742,78.114678,302.72,0.78,19.36,3.91,synthetic_srtm
9319,Mine_09319,13.441579,76.674158,1016.36,21.42,153.08,10.79,synthetic_srtm
9320,Mine_09320,8.254055,76.458042,1378.39,30.85,321.21,12.53,synthetic_srtm
9321,Mine_09321,10.652948,78.815847,267.2,8.91,25.64,4.78,synthetic_srtm
9322,Mine_09322,11.332095,78.277191,502.1,19.21,81.44,8.63,synthetic_srtm
9323,Mine_09323,8.888001,77.767121,777.42,17.4,279.06,6.23,synthetic_srtm
9324,Mine_09324,11.946066,77.937377,1183.1,34.51,136.75,12.97,synthetic_srtm
9325,Mine_09325,12.920609,79.183173,327.1,6.26,210.93,6.23,synthetic_srtm
9326,Mine_09326,9.72423,76.56493,799.54,22.29,235.67,8.37,synthetic_srtm
9327,Mine_09327,10.416086,77.822495,286.37,7.21,339.19,5.65,synthetic_srtm
9328,Mine_09328,8.486226,79.295974,832.0,17.76,3.1,9.83,synthetic_srtm
9329,Mine_09329,10.209331,79.079497,922.42,15.11,6.94,8.08,synthetic_srtm
9330,Mine_09330,12.82723,77.913657,1973.86,33.04,132.58,12.93,synthetic_srtm
9331,Mine_09331,10.066607,78.787878,208.14,10.55,249.7,5.66,synthetic_srtm
9332,Mine_09332,8.824276,79.510455,422.7,7.68,221.5,7.26,synthetic_srtm
9333,Mine_09333,12.692703,78.514718,404.39,0.23,159.11,3.62,synthetic_srtm
9334,Mine_09334,9.736783,79.441399,996.92,23.86,70.6,12.16,synthetic_srtm
9335,Mine_09335,11.654854,77.544621,1556.43,17.41,49.36,7.98,synthetic_srtm
9336,Mine_09336,9.7087,80.212246,863.09,10.27,123.7,5.44,synthetic_srtm
9337,Mine_09337,8.308806,78.922786,821.31,12.17,125.19,7.51,synthetic_srtm
9338,Mine_09338,8.987445,78.805096,506.05,6.04,307.78,3.33,synthetic_srtm
9339,Mine_09339,11.822246,80.012285,782.48,18.93,63.71,9.54,synthetic_srtm
9340,Mine_09340,11.941892,79.987682,256.88,6.62,330.3,3.21,synthetic_srtm
9341,Mine_09341,8.691795,76.769083,840.17,22.98,84.07,10.37,synthetic_srtm
9342,Mine_09342,13.340546,77.614712,1254.35,19.27,156.58,7.86,synthetic_srtm
9343,Mine_09343,10.185943,76.825642,1071.17,20.04,213.81,6.98,synthetic_srtm
9344,Mine_09344,12.088832,76.981766,853.61,11.38,122.59,5.26,synthetic_srtm
9345,Mine_09345,12.70488,77.936904,1182.12,18.41,260.56,10.02,synthetic_srtm
9346,Mine_09346,9.12755,77.137464,582.16,13.43,193.02,4.71,synthetic_srtm
9347,Mine_09347,9.935507,79.557329,813.2,6.67,110.98,3.08,synthetic_srtm
9348,Mine_09348,13.06577,78.307396,261.55,4.91,18.64,1.5,synthetic_srtm
9349,Mine_09349,9.875717,79.647855,542.19,10.31,151.49,3.52,synthetic_srtm
9350,Mine_09350,11.560059,79.954703,414.53,1.05,166.98,3.78,synthetic_srtm
9351,Mine_09351,10.750857,77.812914,953.49,24.96,268.02,10.12,synthetic_srtm
9352,Mine_09352,10.015361,77.548323,965.19,19.62,80.48,7.19,synthetic_srtm
9353,Mine_09353,10.46102,76.863344,1084.82,40.71,192.98,13.05,synthetic_srtm
9354,Mine_09354,12.286201,80.14419,607.95,16.62,145.65,5.64,synthetic_srtm
9355,Mine_09355,12.329904,76.6735,766.3,7.0,324.17,3.04,synthetic_srtm
9356,Mine_09356,9.591172,78.507642,567.57,19.84,281.32,8.26,synthetic_srtm
9357,Mine_09357,9.568005,76.262091,852.28,10.89,293.4,5.19,synthetic_srtm
9358,Mine_09358,10.628046,79.858291,690.96,8.11,60.56,6.21,synthetic_srtm
9359,Mine_09359,10.147517,78.345841,737.39,8.44,218.34,6.06,synthetic_srtm
9360,Mine_09360,8.079933,77.530843,845.97,13.75,328.5,6.99,synthetic_srtm
9361,Mine_09361,12.504418,76.060169,717.88,9.82,125.0,5.44,synthetic_srtm
9362,Mine_09362,11.462474,80.332333,875.1,16.92,292.31,9.99,synthetic_srtm
9363,Mine_09363,10.60003,76.899424,963.63,14.43,54.64,5.36,synthetic_srtm
9364,Mine_09364,9.799381,76.628269,1210.23,18.06,253.51,7.57,synthetic_srtm
9365,Mine_09365,11.249541,80.176239,983.16,9.94,330.31,6.93,synthetic_srtm
9366,Mine_09366,8.961136,79.760374,670.05,24.89,206.16,10.06,synthetic_srtm
9367,Mine_09367,9.784794,77.84537,359.28,2.74,144.79,4.03,synthetic_srtm
9368,Mine_09368,9.942537,76.457599,649.05,6.76,178.13,5.1,synthetic_srtm
9369,Mine_09369,13.062986,76.475856,1150.34,20.67,88.2,6.74,synthetic_srtm
9370,Mine_09370,10.913559,76.978473,1046.2,16.43,178.78,5.36,synthetic_srtm
9371,Mine_09371,11.787541,76.813602,1678.75,32.43,282.11,14.61,synthetic_srtm
9372,Mine_09372,8.397389,78.763232,618.62,21.2,316.47,7.34,synthetic_srtm
9373,Mine_09373,9.423931,80.229146,820.61,15.2,150.55,9.23,synthetic_srtm
9374,Mine_09374,10.043031,76.475,1558.17,25.49,140.27,8.99,synthetic_srtm
9375,Mine_09375,11.659442,79.165415,728.91,20.26,46.97,6.91,synthetic_srtm
9376,Mine_09376,10.672946,80.027962,898.93,15.21,318.24,7.53,synthetic_srtm
9377,Mine_09377,12.010114,77.326348,2122.98,44.18,189.51,18.25,synthetic_srtm
9378,Mine_09378,10.611074,79.118704,690.81,19.08,345.65,7.13,synthetic_srtm
9379,Mine_09379,13.103681,77.880624,2384.95,33.87,80.42,10.64,synthetic_srtm
9380,Mine_09380,12.361127,79.85185,981.54,23.77,324.78,8.35,synthetic_srtm
9381,Mine_09381,11.948467,80.427132,673.86,16.63,287.94,7.4,synthetic_srtm
9382,Mine_09382,9.246589,76.417754,1376.21,25.71,109.24,11.37,synthetic_srtm
9383,Mine_09383,10.221504,79.944775,860.17,7.56,124.0,4.6,synthetic_srtm
9384,Mine_09384,8.17797,78.19129,501.48,13.92,109.67,7.47,synthetic_srtm
9385,Mine_09385,12.887369,80.211796,956.06,20.2,23.84,8.65,synthetic_srtm
9386,Mine_09386,8.43601,77.498361,951.61,16.0,40.07,6.51,synthetic_srtm
9387,Mine_09387,9.632853,77.911479,851.98,13.69,52.32,4.93,synthetic_srtm
9388,Mine_09388,10.103505,77.198563,259.3,3.59,205.3,4.99,synthetic_srtm
9389,Mine_09389,8.555038,77.868484,521.54,18.36,161.73,8.39,synthetic_srtm
9390,Mine_09390,11.589885,77.668562,2025.07,24.83,147.87,7.49,synthetic_srtm
9391,Mine_09391,9.840966,78.197859,845.02,8.99,128.81,4.86,synthetic_srtm
9392,Mine_09392,10.712174,78.143449,838.5,12.0,351.4,5.44,synthetic_srtm
9393,Mine_09393,8.572789,77.722841,399.3,6.5,297.63,5.49,synthetic_srtm
9394,Mine_09394,12.74399,79.950618,871.31,17.99,217.25,5.82,synthetic_srtm
9395,Mine_09395,12.497576,76.571433,963.49,5.64,308.88,3.3,synthetic_srtm
9396,Mine_09396,10.087441,78.392381,446.96,2.65,203.52,2.5,synthetic_srtm
9397,Mine_09397,11.813632,76.507464,1401.89,22.04,270.4,10.96,synthetic_srtm
9398,Mine_09398,11.117956,80.325713,242.2,6.01,313.36,1.93,synthetic_srtm
9399,Mine_09399,12.061384,77.485501,1318.01,29.38,49.29,10.48,synthetic_srtm
9400,Mine_09400,12.359013,80.396558,798.71,12.49,310.46,4.69,synthetic_srtm
9401,Mine_09401,13.10134,78.403946,348.69,13.29,233.9,8.46,synthetic_srtm
9402,Mine_09402,12.064803,80.20718,691.04,7.21,115.46,3.7,synthetic_srtm
9403,Mine_09403,12.482715,78.687682,339.82,0.61,15.91,3.9,synthetic_srtm
9404,Mine_09404,10.89873,79.331332,724.11,9.39,267.38,4.15,synthetic_srtm
9405,Mine_09405,13.168858,76.673455,1560.83,37.9,209.34,13.31,synthetic_srtm
9406,Mine_09406,10.184667,76.738896,1084.34,44.72,329.42,13.83,synthetic_srtm
9407,Mine_09407,9.621281,76.320483,504.98,19.59,304.96,6.06,synthetic_srtm
9408,Mine_09408,9.130948,76.818303,614.76,8.75,155.96,5.01,synthetic_srtm
9409,Mine_09409,9.686995,79.141486,820.57,20.88,68.83,7.45,synthetic_srtm
9410,Mine_09410,12.804169,78.923976,352.38,12.31,68.93,4.65,synthetic_srtm
9411,Mine_09411,10.244998,78.588457,735.65,8.56,16.19,6.27,synthetic_srtm
9412,Mine_09412,11.895824,78.997335,284.39,0.99,26.01,1.23,synthetic_srtm
9413,Mine_09413,13.399071,76.802884,722.81,17.51,197.22,8.37,synthetic_srtm
9414,Mine_09414,11.07661,78.679671,910.17,7.77,73.82,3.47,synthetic_srtm
9415,Mine_09415,9.970095,80.210532,857.55,9.7,47.98,6.76,synthetic_srtm
9416,Mine_09416,10.625453,77.801371,371.48,0.71,266.05,4.75,synthetic_srtm
9417,Mine_09417,9.334938,78.72238,659.23,18.22,120.84,7.99,synthetic_srtm
9418,Mine_09418,9.10374,77.196132,885.43,10.25,55.05,6.64,synthetic_srtm
9419,Mine_09419,8.216801,79.302936,980.75,18.99,250.2,7.98,synthetic_srtm
9420,Mine_09420,9.412017,80.131085,741.67,18.57,216.83,7.61,synthetic_srtm
9421,Mine_09421,12.776021,79.628211,840.11,12.91,6.41,7.18,synthetic_srtm
9422,Mine_09422,9.151666,80.458969,670.25,14.26,266.51,6.77,synthetic_srtm
9423,Mine_09423,10.408549,76.134532,576.52,6.03,172.8,1.93,synthetic_srtm
9424,Mine_09424,11.471712,79.505808,357.92,9.2,189.11,6.0,synthetic_srtm
9425,Mine_09425,8.973999,79.071569,415.38,13.41,50.79,5.54,synthetic_srtm
9426,Mine_09426,8.092508,77.027974,965.13,22.53,25.12,7.01,synthetic_srtm
9427,Mine_09427,9.394898,79.393592,275.91,6.84,165.01,5.54,synthetic_srtm
9428,Mine_09428,12.090667,76.838098,1476.95,23.06,264.55,9.22,synthetic_srtm
9429,Mine_09429,8.495178,79.580579,336.41,3.93,125.52,5.52,synthetic_srtm
9430,Mine_09430,9.112281,78.640842,853.64,22.37,166.01,11.24,synthetic_srtm
9431,Mine_09431,11.633825,76.054688,1017.44,42.43,263.22,16.33,synthetic_srtm
9432,Mine_09432,11.990695,78.752266,264.75,3.27,41.09,3.5,synthetic_srtm
9433,Mine_09433,10.479107,79.064687,638.93,21.86,116.42,11.13,synthetic_srtm
9434,Mine_09434,9.337354,78.574724,654.94,11.04,337.83,8.0,synthetic_srtm
9435,Mine_09435,12.326266,78.937161,305.96,1.01,42.08,2.71,synthetic_srtm
9436,Mine_09436,10.921072,76.70245,774.61,23.04,347.62,10.57,synthetic_srtm
9437,Mine_09437,9.358495,78.142281,329.81,1.68,113.58,2.75,synthetic_srtm
9438,Mine_09438,10.218824,77.544829,838.08,11.17,182.61,7.38,synthetic_srtm
9439,Mine_09439,9.987383,78.710959,638.35,20.72,323.94,7.59,synthetic_srtm
9440,Mine_09440,8.428651,78.435706,614.68,18.38,335.79,7.42,synthetic_srtm
9441,Mine_09441,11.225367,77.068844,1364.34,40.2,272.84,15.3,synthetic_srtm
9442,Mine_09442,9.377815,79.074507,508.11,17.97,217.52,7.32,synthetic_srtm
9443,Mine_09443,12.810999,78.41609,878.55,16.97,345.7,8.22,synthetic_srtm
9444,Mine_09444,12.594435,78.431831,459.09,1.01,178.55,3.78,synthetic_srtm
9445,Mine_09445,11.729211,78.824774,551.3,6.4,239.14,1.93,synthetic_srtm
9446,Mine_09446,12.394168,78.734384,456.25,11.25,169.87,6.19,synthetic_srtm
9447,Mine_09447,9.019367,77.599688,839.36,18.54,147.26,9.9,synthetic_srtm
9448,Mine_09448,10.757151,79.820117,471.77,13.51,284.82,6.32,synthetic_srtm
9449,Mine_09449,11.716825,79.278115,445.71,5.94,242.31,5.57,synthetic_srtm
9450,Mine_09450,10.927695,77.936374,335.99,5.75,123.56,5.83,synthetic_srtm
9451,Mine_09451,10.697366,78.412036,377.07,1.83,162.39,5.12,synthetic_srtm
9452,Mine_09452,13.1558,76.590051,1023.85,19.47,194.64,7.79,synthetic_srtm
9453,Mine_09453,11.565077,80.332304,402.46,5.36,242.86,4.3,synthetic_srtm
9454,Mine_09454,13.016352,78.378482,759.32,22.44,338.09,8.35,synthetic_srtm
9455,Mine_09455,10.589642,78.930247,268.39,1.62,152.25,1.93,synthetic_srtm
9456,Mine_09456,12.761613,78.205865,853.88,11.51,232.45,4.12,synthetic_srtm
9457,Mine_09457,8.444054,76.727775,820.51,11.26,343.25,4.27,synthetic_srtm
9458,Mine_09458,13.316603,76.471648,947.76,11.21,295.43,4.87,synthetic_srtm
9459,Mine_09459,8.038394,77.562131,468.16,0.39,93.42,0.18,synthetic_srtm
9460,Mine_09460,8.502994,79.839455,363.46,4.21,183.51,2.04,synthetic_srtm
9461,Mine_09461,9.513418,77.032599,618.52,14.82,119.41,6.31,synthetic_srtm
9462,Mine_09462,10.493956,78.987683,637.14,22.33,38.61,10.01,synthetic_srtm
9463,Mine_09463,12.850912,79.200694,923.32,6.04,302.82,2.35,synthetic_srtm
9464,Mine_09464,10.807462,77.611381,647.49,8.05,349.42,6.92,synthetic_srtm
9465,Mine_09465,10.017897,76.06471,1608.77,22.42,3.75,7.9,synthetic_srtm
9466,Mine_09466,11.456078,78.458496,317.83,14.3,205.73,4.48,synthetic_srtm
9467,Mine_09467,8.741768,76.385543,1043.23,15.69,353.46,9.42,synthetic_srtm
9468,Mine_09468,9.161866,76.313374,637.18,20.72,51.02,7.71,synthetic_srtm
9469,Mine_09469,10.625554,77.818231,525.18,9.77,171.04,4.19,synthetic_srtm
9470,Mine_09470,9.231071,77.17671,352.7,12.95,70.21,5.61,synthetic_srtm
9471,Mine_09471,10.170157,79.991662,730.9,22.16,195.5,9.35,synthetic_srtm
9472,Mine_09472,9.720587,76.066449,969.98,16.1,65.81,8.59,synthetic_srtm
9473,Mine_09473,10.332069,79.330302,731.12,17.6,239.81,8.67,synthetic_srtm
9474,Mine_09474,9.057784,79.017492,828.69,16.48,175.16,5.24,synthetic_srtm
9475,Mine_09475,13.21133,77.927045,1035.1,19.25,347.17,10.1,synthetic_srtm
9476,Mine_09476,10.144238,77.588772,792.38,24.97,269.23,8.65,synthetic_srtm
9477,Mine_09477,9.750088,78.022558,756.93,22.89,66.12,7.66,synthetic_srtm
9478,Mine_09478,11.231858,77.327051,1236.83,21.29,36.79,6.7,synthetic_srtm
9479,Mine_09479,10.963151,76.646869,1415.53,24.69,5.2,10.05,synthetic_srtm
9480,Mine_09480,9.434392,76.006675,672.6,7.1,222.86,3.74,synthetic_srtm
9481,Mine_09481,9.832545,76.576258,1529.62,16.35,116.49,7.26,synthetic_srtm
9482,Mine_09482,13.493979,78.735703,543.88,22.57,19.34,8.88,synthetic_srtm
9483,Mine_09483,8.592548,79.853087,973.68,13.87,3.57,9.05,synthetic_srtm
9484,Mine_09484,9.96319,77.353436,565.47,15.89,349.45,7.63,synthetic_srtm
9485,Mine_09485,9.777815,77.10946,309.6,11.97,67.52,4.9,synthetic_srtm
9486,Mine_09486,11.014482,78.143674,689.42,11.23,352.43,5.98,synthetic_srtm
9487,Mine_09487,11.253385,79.397355,362.77,9.87,43.34,5.94,synthetic_srtm
9488,Mine_09488,11.280895,79.223045,629.94,5.96,242.73,2.78,synthetic_srtm
9489,Mine_09489,11.513205,79.085427,581.18,5.77,136.69,4.4,synthetic_srtm
9490,Mine_09490,8.382619,77.683231,836.89,22.91,83.06,8.41,synthetic_srtm
9491,Mine_09491,10.688432,78.491975,571.03,7.75,157.68,3.67,synthetic_srtm
9492,Mine_09492,11.116846,79.752839,722.91,5.96,236.39,4.89,synthetic_srtm
9493,Mine_09493,12.134598,80.295354,889.23,9.22,89.72,5.79,synthetic_srtm
9494,Mine_09494,9.29667,80.332368,638.27,24.51,231.54,7.65,synthetic_srtm
9495,Mine_09495,10.367855,79.104932,957.2,7.76,21.82,5.66,synthetic_srtm
9496,Mine_09496,13.104089,78.198871,207.54,3.23,116.78,2.59,synthetic_srtm
9497,Mine_09497,9.267142,79.096107,217.01,10.86,173.69,4.4,synthetic_srtm
9498,Mine_09498,10.607791,77.552363,761.61,11.24,266.68,6.68,synthetic_srtm
9499,Mine_09499,11.901742,77.566945,1850.82,39.59,127.58,12.93,synthetic_srtm
9500,Mine_09500,12.761718,78.254249,285.12,6.85,13.8,3.39,synthetic_srtm
9501,Mine_09501,13.162375,77.379941,1946.76,17.95,265.86,9.6,synthetic_srtm
9502,Mine_09502,8.303541,77.842844,421.22,3.13,225.45,2.38,synthetic_srtm
9503,Mine_09503,9.244675,77.888919,307.79,14.43,272.24,4.55,synthetic_srtm
9504,Mine_09504,9.851736,76.059331,802.41,19.27,74.17,9.46,synthetic_srtm
9505,Mine_09505,10.580681,78.623883,567.66,9.12,160.43,3.8,synthetic_srtm
9506,Mine_09506,10.906031,80.151089,420.26,0.81,14.69,2.24,synthetic_srtm
9507,Mine_09507,9.836923,79.264559,277.7,6.54,252.88,5.88,synthetic_srtm
9508,Mine_09508,12.321242,78.573981,435.77,2.24,224.96,1.28,synthetic_srtm
9509,Mine_09509,9.799215,78.72877,863.44,20.34,157.77,11.01,synthetic_srtm
9510,Mine_09510,10.347372,79.479072,603.41,17.8,139.25,6.25,synthetic_srtm
9511,Mine_09511,10.159904,80.376307,960.46,23.36,146.25,8.28,synthetic_srtm
9512,Mine_09512,10.298606,79.729186,392.68,4.59,181.58,2.96,synthetic_srtm
9513,Mine_09513,8.888384,79.377594,930.34,21.88,9.83,7.1,synthetic_srtm
9514,Mine_09514,12.144463,78.704365,809.53,8.55,43.22,3.16,synthetic_srtm
9515,Mine_09515,13.466538,78.666081,266.21,5.42,317.99,6.21,synthetic_srtm
9516,Mine_09516,13.015738,79.839949,794.75,8.27,244.08,3.27,synthetic_srtm
9517,Mine_09517,9.565707,79.994281,729.39,14.35,93.79,7.38,synthetic_srtm
9518,Mine_09518,9.724954,77.119886,622.98,11.14,76.77,6.58,synthetic_srtm
9519,Mine_09519,11.370236,76.437636,1257.3,21.23,268.44,6.67,synthetic_srtm
9520,Mine_09520,9.786268,76.118652,834.96,8.03,261.81,6.57,synthetic_srtm
9521,Mine_09521,9.770194,76.034262,526.22,5.81,252.66,3.94,synthetic_srtm
9522,Mine_09522,11.365967,77.349578,2130.62,23.95,353.16,7.64,synthetic_srtm
9523,Mine_09523,10.506224,78.093047,946.87,21.07,317.55,9.95,synthetic_srtm
9524,Mine_09524,13.08116,77.322726,1998.34,30.61,27.93,13.5,synthetic_srtm
9525,Mine_09525,12.87305,76.758308,1301.76,41.72,9.17,15.42,synthetic_srtm
9526,Mine_09526,12.582854,76.963136,973.87,15.7,105.59,6.74,synthetic_srtm
9527,Mine_09527,11.461498,79.279187,437.71,9.87,262.39,3.0,synthetic_srtm
9528,Mine_09528,13.484562,80.315806,815.27,6.24,54.2,5.98,synthetic_srtm
9529,Mine_09529,12.87344,76.23827,1224.33,36.77,247.07,11.62,synthetic_srtm
9530,Mine_09530,13.21792,76.922464,712.14,24.06,97.79,11.04,synthetic_srtm
9531,Mine_09531,11.511457,80.492427,788.25,11.06,21.25,4.16,synthetic_srtm
9532,Mine_09532,11.830775,79.014117,404.66,4.37,225.62,2.38,synthetic_srtm
9533,Mine_09533,11.143873,78.025667,952.91,14.29,69.54,7.59,synthetic_srtm
9534,Mine_09534,8.689845,77.915954,462.01,0.15,152.25,1.83,synthetic_srtm
9535,Mine_09535,11.971039,77.413907,2001.56,25.66,22.13,9.53,synthetic_srtm
9536,Mine_09536,8.055629,76.043392,1636.86,44.63,331.02,14.54,synthetic_srtm
9537,Mine_09537,9.002414,78.145581,962.62,20.22,312.18,6.93,synthetic_srtm
9538,Mine_09538,12.051745,76.107212,1244.43,18.34,91.97,9.22,synthetic_srtm
9539,Mine_09539,8.303296,77.155,538.83,11.98,205.86,7.73,synthetic_srtm
9540,Mine_09540,9.138971,76.169908,923.26,21.67,283.16,10.82,synthetic_srtm
9541,Mine_09541,11.245193,77.478361,2322.7,22.16,187.71,7.68,synthetic_srtm
9542,Mine_09542,9.519401,79.921075,351.91,0.8,281.71,1.03,synthetic_srtm
9543,Mine_09543,9.594904,77.919988,599.93,20.1,20.64,8.88,synthetic_srtm
9544,Mine_09544,11.558935,76.658837,1277.81,21.77,335.48,10.03,synthetic_srtm
9545,Mine_09545,9.290488,78.045818,768.07,8.24,99.43,5.73,synthetic_srtm
9546,Mine_09546,12.350396,78.130201,960.12,9.5,296.89,6.96,synthetic_srtm
9547,Mine_09547,9.368453,80.228854,449.11,12.96,208.92,4.7,synthetic_srtm
9548,Mine_09548,12.208469,79.862807,654.46,17.25,59.71,9.79,synthetic_srtm
9549,Mine_09549,10.255326,76.113231,1293.35,26.23,282.83,10.85,synthetic_srtm
9550,Mine_09550,13.159582,80.093091,301.64,6.91,190.25,2.17,synthetic_srtm
9551,Mine_09551,10.000522,80.080853,660.28,24.9,7.45,12.33,synthetic_srtm
9552,Mine_09552,11.052074,80.038757,720.93,14.71,213.83,7.79,synthetic_srtm
9553,Mine_09553,9.617824,76.763667,1152.4,42.63,119.52,14.71,synthetic_srtm
9554,Mine_09554,12.973922,78.384177,783.72,15.84,280.2,9.19,synthetic_srtm
9555,Mine_09555,11.567815,76.972819,985.25,13.89,230.84,5.84,synthetic_srtm
9556,Mine_09556,11.678673,79.120077,608.19,11.93,266.98,3.78,synthetic_srtm
9557,Mine_09557,9.29623,79.490234,402.01,7.66,319.13,4.72,synthetic_srtm
9558,Mine_09558,9.792291,79.764259,630.98,5.5,268.12,3.27,synthetic_srtm
9559,Mine_09559,12.485451,77.355586,1921.64,20.07,279.12,9.8,synthetic_srtm
9560,Mine_09560,10.985138,80.433278,591.69,18.42,293.95,5.8,synthetic_srtm
9561,Mine_09561,9.591162,76.242619,1451.96,18.6,194.66,6.19,synthetic_srtm
9562,Mine_09562,12.687441,77.429712,1790.62,39.44,161.48,14.96,synthetic_srtm
9563,Mine_09563,10.390089,76.145947,1640.55,17.6,9.02,5.52,synthetic_srtm
9564,Mine_09564,13.404852,80.080704,298.58,4.15,59.66,3.39,synthetic_srtm
9565,Mine_09565,9.156638,79.594205,883.92,24.3,266.03,10.18,synthetic_srtm
9566,Mine_09566,12.021046,77.125312,1030.76,39.21,337.98,14.63,synthetic_srtm
9567,Mine_09567,8.41043,79.929093,627.63,22.54,6.48,9.53,synthetic_srtm
9568,Mine_09568,12.200588,76.807894,606.99,24.03,300.11,9.57,synthetic_srtm
9569,Mine_09569,12.513929,79.399961,263.77,2.68,90.87,3.98,synthetic_srtm
9570,Mine_09570,11.575569,76.266406,1418.67,35.98,281.0,15.37,synthetic_srtm
9571,Mine_09571,11.750527,78.856809,954.15,23.03,142.58,11.52,synthetic_srtm
9572,Mine_09572,10.061547,77.11144,782.47,13.94,179.31,6.59,synthetic_srtm
9573,Mine_09573,8.260785,79.770295,231.49,14.84,352.48,7.7,synthetic_srtm
9574,Mine_09574,8.152365,77.730548,403.0,8.08,74.8,5.99,synthetic_srtm
9575,Mine_09575,9.773916,77.728976,697.78,5.09,32.1,2.7,synthetic_srtm
9576,Mine_09576,12.005893,78.339641,733.94,14.35,25.35,8.1,synthetic_srtm
9577,Mine_09577,12.291682,79.749557,903.01,12.47,263.76,4.47,synthetic_srtm
9578,Mine_09578,8.110856,77.329524,845.69,14.43,217.07,5.76,synthetic_srtm
9579,Mine_09579,8.219421,77.165979,907.94,6.53,285.25,4.83,synthetic_srtm
9580,Mine_09580,8.938716,78.839035,661.25,5.02,117.41,3.21,synthetic_srtm
9581,Mine_09581,13.231244,79.380075,648.43,21.67,20.75,10.14,synthetic_srtm
9582,Mine_09582,8.53217,77.219522,671.9,9.64,19.6,5.02,synthetic_srtm
9583,Mine_09583,11.288917,79.674234,493.06,14.99,2.8,4.98,synthetic_srtm
9584,Mine_09584,10.969745,80.357673,459.41,5.89,318.73,5.26,synthetic_srtm
9585,Mine_09585,13.143177,79.345771,512.58,10.83,213.24,7.47,synthetic_srtm
9586,Mine_09586,8.579047,78.421109,655.5,22.66,330.26,8.93,synthetic_srtm
9587,Mine_09587,9.420776,79.819876,643.03,22.34,305.36,8.33,synthetic_srtm
9588,Mine_09588,13.279325,78.419804,810.48,5.52,69.3,5.22,synthetic_srtm
9589,Mine_09589,11.48217,77.804083,1064.3,44.66,350.71,16.76,synthetic_srtm
9590,Mine_09590,9.096024,79.146368,274.28,12.85,200.7,4.92,synthetic_srtm
9591,Mine_09591,8.47551,78.167244,448.75,2.51,87.54,3.17,synthetic_srtm
9592,Mine_09592,11.81871,78.152173,442.98,10.37,154.79,3.54,synthetic_srtm
9593,Mine_09593,11.904523,76.550487,606.65,20.66,249.47,7.97,synthetic_srtm
9594,Mine_09594,9.778127,78.849374,497.53,12.53,57.12,4.18,synthetic_srtm
9595,Mine_09595,11.698242,76.704625,1153.49,30.34,186.83,12.19,synthetic_srtm
9596,Mine_09596,12.657576,79.594205,243.56,6.05,14.84,2.27,synthetic_srtm
9597,Mine_09597,8.098366,80.343556,240.52,13.99,103.02,5.53,synthetic_srtm
9598,Mine_09598,13.152667,77.117031,1671.52,44.67,131.49,16.11,synthetic_srtm
9599,Mine_09599,13.211247,78.570234,394.83,9.47,230.3,6.36,synthetic_srtm
9600,Mine_09600,12.645421,76.002801,1674.42,17.19,182.82,5.66,synthetic_srtm
9601,Mine_09601,10.389689,79.777601,945.26,20.45,46.5,11.12,synthetic_srtm
9602,Mine_09602,11.939346,78.385563,873.08,24.36,351.62,9.46,synthetic_srtm
9603,Mine_09603,8.395167,78.936416,562.37,8.93,5.97,4.06,synthetic_srtm
9604,Mine_09604,12.278611,76.986664,609.47,23.94,276.72,11.31,synthetic_srtm
9605,Mine_09605,11.841337,79.108109,586.96,12.11,290.51,5.57,synthetic_srtm
9606,Mine_09606,12.427762,77.779383,1366.98,34.53,155.47,12.92,synthetic_srtm
9607,Mine_09607,8.816162,77.189764,837.17,6.86,191.57,5.12,synthetic_srtm
9608,Mine_09608,10.05824,77.372924,260.36,3.42,18.69,3.49,synthetic_srtm
9609,Mine_09609,8.207392,77.150401,354.66,6.5,108.09,2.88,synthetic_srtm
9610,Mine_09610,11.765238,79.684394,647.49,12.38,17.06,8.47,synthetic_srtm
9611,Mine_09611,11.778228,77.545975,1235.27,19.21,107.57,6.88,synthetic_srtm
9612,Mine_09612,9.219156,77.32764,673.98,5.1,151.28,5.12,synthetic_srtm
9613,Mine_09613,13.169986,76.409204,616.39,6.69,147.95,4.45,synthetic_srtm
9614,Mine_09614,11.735444,79.255616,499.75,12.31,147.27,6.92,synthetic_srtm
9615,Mine_09615,9.953049,77.708576,309.31,14.81,21.51,5.52,synthetic_srtm
9616,Mine_09616,8.741369,80.470042,913.22,5.52,191.51,6.43,synthetic_srtm
9617,Mine_09617,12.856985,77.906047,1327.0,23.58,151.21,10.08,synthetic_srtm
9618,Mine_09618,8.194584,77.953737,945.83,23.97,192.57,9.61,synthetic_srtm
9619,Mine_09619,8.952941,79.986074,959.94,20.65,280.64,6.55,synthetic_srtm
9620,Mine_09620,11.844189,78.029571,597.73,6.22,288.83,4.08,synthetic_srtm
9621,Mine_09621,8.775197,76.358504,503.24,16.19,193.94,7.26,synthetic_srtm
9622,Mine_09622,8.898203,77.909623,745.61,18.47,241.37,7.27,synthetic_srtm
9623,Mine_09623,10.349035,77.816797,504.35,14.24,72.7,5.24,synthetic_srtm
9624,Mine_09624,10.30002,77.772138,256.0,4.13,135.29,4.92,synthetic_srtm
9625,Mine_09625,11.953372,79.111263,233.48,5.47,305.09,5.69,synthetic_srtm
9626,Mine_09626,8.422039,76.412782,518.17,17.8,349.64,8.18,synthetic_srtm
9627,Mine_09627,9.177774,78.625776,914.86,6.54,221.42,5.12,synthetic_srtm
9628,Mine_09628,10.547402,77.95438,628.16,17.17,94.61,7.65,synthetic_srtm
9629,Mine_09629,12.462422,79.669496,658.97,6.89,268.07,2.98,synthetic_srtm
9630,Mine_09630,10.586179,80.162351,237.07,5.03,179.3,2.14,synthetic_srtm
9631,Mine_09631,12.250366,79.052124,753.08,13.23,204.26,7.5,synthetic_srtm
9632,Mine_09632,9.621891,76.04973,1524.51,44.15,78.45,16.22,synthetic_srtm
9633,Mine_09633,12.639373,77.425915,1022.0,42.07,136.45,14.19,synthetic_srtm
9634,Mine_09634,12.054174,76.239829,696.0,6.55,96.29,3.69,synthetic_srtm
9635,Mine_09635,10.344235,80.474696,648.98,14.24,167.61,5.01,synthetic_srtm
9636,Mine_09636,10.416418,80.173409,697.88,15.27,324.29,5.72,synthetic_srtm
9637,Mine_09637,13.138486,77.657174,2346.51,41.86,68.85,16.1,synthetic_srtm
9638,Mine_09638,9.298137,78.456024,276.66,12.29,47.04,4.77,synthetic_srtm
9639,Mine_09639,8.164673,80.052526,209.19,3.0,27.15,2.16,synthetic_srtm
9640,Mine_09640,11.78212,77.281251,2153.71,28.85,248.81,9.08,synthetic_srtm
9641,Mine_09641,11.309123,76.578518,1629.41,44.45,254.15,17.96,synthetic_srtm
9642,Mine_09642,11.386125,80.253532,249.16,11.31,110.77,4.38,synthetic_srtm
9643,Mine_09643,9.853091,80.300072,890.09,7.51,221.97,5.36,synthetic_srtm
9644,Mine_09644,9.315186,78.925094,456.49,7.99,154.18,5.69,synthetic_srtm
9645,Mine_09645,12.189921,77.170303,2119.53,30.73,308.67,9.53,synthetic_srtm
9646,Mine_09646,8.181482,78.218132,964.25,8.62,279.15,3.71,synthetic_srtm
9647,Mine_09647,8.129702,78.381615,335.66,7.53,140.34,2.77,synthetic_srtm
9648,Mine_09648,11.499638,79.62713,396.18,14.05,266.02,8.07,synthetic_srtm
9649,Mine_09649,10.506895,79.9809,384.76,3.71,106.88,3.65,synthetic_srtm
9650,Mine_09650,10.535341,79.153326,551.28,23.71,48.6,8.84,synthetic_srtm
9651,Mine_09651,11.565664,79.672395,957.41,24.82,33.09,11.31,synthetic_srtm
9652,Mine_09652,12.910343,79.22613,379.66,12.48,280.83,6.63,synthetic_srtm
9653,Mine_09653,10.538872,77.149643,673.57,6.86,106.33,2.07,synthetic_srtm
9654,Mine_09654,12.6527,76.452875,602.22,8.76,32.32,4.02,synthetic_srtm
9655,Mine_09655,10.697498,77.118209,963.96,10.76,15.57,6.02,synthetic_srtm
9656,Mine_09656,10.180959,78.485303,955.15,16.49,278.48,7.75,synthetic_srtm
9657,Mine_09657,12.956608,76.939361,659.02,8.72,274.73,5.8,synthetic_srtm
9658,Mine_09658,13.038861,77.75245,2161.33,28.93,315.79,8.82,synthetic_srtm
9659,Mine_09659,13.121755,78.829489,622.55,19.88,271.69,10.53,synthetic_srtm
9660,Mine_09660,11.017528,78.637694,330.23,6.65,115.24,3.65,synthetic_srtm
9661,Mine_09661,8.311381,76.137986,1238.78,22.68,230.4,7.33,synthetic_srtm
9662,Mine_09662,12.855813,77.602391,1684.56,34.84,336.43,12.94,synthetic_srtm
9663,Mine_09663,8.911578,80.277558,509.09,9.75,250.45,4.74,synthetic_srtm
9664,Mine_09664,11.015406,76.414367,999.54,12.01,251.18,5.96,synthetic_srtm
9665,Mine_09665,8.152955,80.105994,381.45,5.21,107.93,4.37,synthetic_srtm
9666,Mine_09666,8.071399,78.354841,858.02,17.16,129.21,5.96,synthetic_srtm
9667,Mine_09667,10.541183,80.291002,641.93,24.92,300.72,8.53,synthetic_srtm
9668,Mine_09668,8.90083,76.491806,1343.66,22.56,138.04,7.27,synthetic_srtm
9669,Mine_09669,9.676117,77.835077,367.51,9.91,229.88,4.49,synthetic_srtm
9670,Mine_09670,11.626674,79.272186,749.92,12.49,25.91,5.88,synthetic_srtm
9671,Mine_09671,10.936912,77.638925,712.14,21.24,304.61,6.74,synthetic_srtm
9672,Mine_09672,12.334447,78.582498,651.99,5.59,121.64,6.01,synthetic_srtm
9673,Mine_09673,8.088506,79.744267,476.42,14.52,225.01,4.58,synthetic_srtm
9674,Mine_09674,10.000517,76.32976,1676.53,40.27,90.15,16.99,synthetic_srtm
9675,Mine_09675,12.378697,77.609552,2102.46,25.81,177.15,12.26,synthetic_srtm
9676,Mine_09676,10.88179,78.925025,276.03,8.35,123.95,3.16,synthetic_srtm
9677,Mine_09677,12.235872,76.699469,924.34,5.39,71.85,4.83,synthetic_srtm
9678,Mine_09678,13.284107,76.935024,1335.51,36.6,102.49,14.47,synthetic_srtm
9679,Mine_09679,9.151888,76.973971,1534.86,40.49,349.86,16.9,synthetic_srtm
9680,Mine_09680,11.194624,79.498881,569.18,12.69,153.1,3.92,synthetic_srtm
9681,Mine_09681,11.27319,79.045525,264.02,6.06,121.84,4.17,synthetic_srtm
9682,Mine_09682,13.296453,76.444023,1384.86,29.54,46.14,12.97,synthetic_srtm
9683,Mine_09683,8.534618,76.018137,1612.28,30.27,208.86,12.71,synthetic_srtm
9684,Mine_09684,10.973425,77.071315,319.45,1.61,294.65,2.43,synthetic_srtm
9685,Mine_09685,12.263298,80.007863,663.31,9.64,111.58,4.76,synthetic_srtm
9686,Mine_09686,12.528575,79.473936,987.2,20.32,57.58,10.35,synthetic_srtm
9687,Mine_09687,8.156036,77.114059,950.0,9.92,51.91,6.21,synthetic_srtm
9688,Mine_09688,10.998289,79.742139,955.91,8.99,329.32,7.35,synthetic_srtm
9689,Mine_09689,11.875756,76.796742,690.58,13.23,63.05,6.44,synthetic_srtm
9690,Mine_09690,10.467188,79.121532,724.1,20.85,338.21,8.52,synthetic_srtm
9691,Mine_09691,11.284124,77.688257,1868.13,21.24,292.11,8.81,synthetic_srtm
9692,Mine_09692,9.725731,79.210836,664.26,15.27,194.04,5.47,synthetic_srtm
9693,Mine_09693,8.051811,78.519559,260.31,13.37,112.48,5.99,synthetic_srtm
9694,Mine_09694,8.215933,78.324015,425.11,4.82,229.4,3.02,synthetic_srtm
9695,Mine_09695,13.228635,80.038795,750.28,13.0,351.8,4.8,synthetic_srtm
9696,Mine_09696,8.039373,76.485248,1197.31,24.82,239.02,10.63,synthetic_srtm
9697,Mine_09697,11.190095,77.581345,1321.33,18.48,35.25,10.25,synthetic_srtm
9698,Mine_09698,9.562961,79.771119,636.83,13.48,77.84,6.73,synthetic_srtm
9699,Mine_09699,12.76422,77.724333,1921.7,40.13,59.97,14.71,synthetic_srtm
9700,Mine_09700,11.716442,77.11856,1556.82,34.77,23.42,13.32,synthetic_srtm
9701,Mine_09701,12.698624,79.4064,602.29,10.04,323.54,3.2,synthetic_srtm
9702,Mine_09702,11.065341,79.927749,966.11,5.16,341.11,6.34,synthetic_srtm
9703,Mine_09703,10.559485,78.715585,815.73,23.52,289.14,9.94,synthetic_srtm
9704,Mine_09704,8.262747,79.159823,314.39,3.21,26.39,1.08,synthetic_srtm
9705,Mine_09705,10.360962,80.052364,416.04,0.05,121.46,3.17,synthetic_srtm
9706,Mine_09706,13.161066,79.450553,565.65,6.48,187.23,2.52,synthetic_srtm
9707,Mine_09707,11.491261,79.924345,303.32,13.01,150.93,5.73,synthetic_srtm
9708,Mine_09708,13.166237,78.453668,392.28,13.8,304.05,6.76,synthetic_srtm
9709,Mine_09709,9.505377,79.993341,497.62,4.66,310.16,5.22,synthetic_srtm
9710,Mine_09710,10.518212,80.137961,927.66,20.17,143.12,9.24,synthetic_srtm
9711,Mine_09711,13.401717,78.831472,612.78,22.05,307.84,6.66,synthetic_srtm
9712,Mine_09712,11.974039,79.015514,671.81,8.24,302.74,7.41,synthetic_srtm
9713,Mine_09713,12.533661,80.153293,703.31,11.99,11.3,8.31,synthetic_srtm
9714,Mine_09714,12.317897,79.314706,352.98,14.95,138.41,5.66,synthetic_srtm
9715,Mine_09715,8.618875,77.398394,572.65,13.04,42.6,6.44,synthetic_srtm
9716,Mine_09716,11.897872,76.476148,1699.73,30.8,196.91,9.3,synthetic_srtm
9717,Mine_09717,12.733045,78.164072,576.08,22.18,25.92,11.11,synthetic_srtm
9718,Mine_09718,11.426741,80.043309,701.9,7.83,141.96,5.78,synthetic_srtm
9719,Mine_09719,10.057219,77.942985,515.3,7.38,61.92,6.9,synthetic_srtm
9720,Mine_09720,11.563592,78.42696,679.55,23.87,357.81,11.07,synthetic_srtm
9721,Mine_09721,8.788886,77.278405,971.74,19.56,175.96,9.96,synthetic_srtm
9722,Mine_09722,13.399758,79.875207,706.79,18.27,300.94,8.82,synthetic_srtm
9723,Mine_09723,12.987233,77.75135,2052.14,29.34,116.7,12.09,synthetic_srtm
9724,Mine_09724,12.461835,79.239286,775.86,16.14,169.36,5.07,synthetic_srtm
9725,Mine_09725,12.587919,76.744866,1161.77,34.57,37.75,12.03,synthetic_srtm
9726,Mine_09726,11.156903,78.712335,795.1,10.75,56.32,4.94,synthetic_srtm
9727,Mine_09727,9.29498,77.411659,565.44,6.18,202.86,3.34,synthetic_srtm
9728,Mine_09728,8.087142,76.971565,561.86,12.8,266.89,5.81,synthetic_srtm
9729,Mine_09729,12.859861,78.282731,924.05,8.73,113.33,6.86,synthetic_srtm
9730,Mine_09730,10.788113,79.335751,488.28,10.82,62.32,4.48,synthetic_srtm
9731,Mine_09731,10.882629,76.26056,1099.26,41.61,24.24,17.12,synthetic_srtm
9732,Mine_09732,13.185903,80.16565,425.68,3.51,25.87,1.4,synthetic_srtm
9733,Mine_09733,12.592814,76.495354,759.18,5.47,150.23,3.8,synthetic_srtm
9734,Mine_09734,10.986315,79.2312,990.8,22.84,347.33,9.33,synthetic_srtm
9735,Mine_09735,10.187767,76.144087,863.08,11.59,207.34,5.32,synthetic_srtm
9736,Mine_09736,12.883691,79.194691,526.52,7.62,259.29,4.19,synthetic_srtm
9737,Mine_09737,13.221641,79.734442,278.91,0.87,310.95,1.69,synthetic_srtm
9738,Mine_09738,11.92368,76.886541,1088.07,34.63,65.52,11.29,synthetic_srtm
9739,Mine_09739,8.507544,79.116613,339.57,6.43,355.87,3.25,synthetic_srtm
9740,Mine_09740,9.782064,79.845621,952.55,17.85,154.88,9.74,synthetic_srtm
9741,Mine_09741,10.493863,79.936963,605.74,5.18,268.65,3.71,synthetic_srtm
9742,Mine_09742,8.219241,77.278681,346.73,3.25,354.09,1.9,synthetic_srtm
9743,Mine_09743,8.985328,80.467447,659.65,16.01,280.89,5.4,synthetic_srtm
9744,Mine_09744,10.983428,76.413834,1537.82,17.99,104.4,7.23,synthetic_srtm
9745,Mine_09745,9.314723,79.612709,995.27,25.0,2.28,8.46,synthetic_srtm
9746,Mine_09746,12.985825,77.047933,1051.35,35.89,124.81,11.59,synthetic_srtm
9747,Mine_09747,10.047505,79.446088,362.28,1.03,252.28,2.62,synthetic_srtm
9748,Mine_09748,10.03338,76.489383,1411.22,19.48,17.37,10.78,synthetic_srtm
9749,Mine_09749,10.491336,78.358806,789.91,5.25,333.31,5.8,synthetic_srtm
9750,Mine_09750,8.371245,76.744785,601.24,24.33,257.87,11.9,synthetic_srtm
9751,Mine_09751,12.994029,77.117774,2394.03,31.27,253.37,9.71,synthetic_srtm
9752,Mine_09752,11.978504,80.363704,932.35,16.06,323.01,5.3,synthetic_srtm
9753,Mine_09753,12.261356,76.045588,933.18,10.49,84.64,5.71,synthetic_srtm
9754,Mine_09754,8.998533,80.046509,541.17,21.12,288.6,7.24,synthetic_srtm
9755,Mine_09755,11.301237,77.391468,1685.59,25.46,214.26,12.01,synthetic_srtm
9756,Mine_09756,11.466577,79.837059,205.36,8.46,204.04,6.0,synthetic_srtm
9757,Mine_09757,12.243331,78.97085,493.02,13.79,244.25,4.25,synthetic_srtm
9758,Mine_09758,9.09668,76.211227,1455.56,18.57,331.86,9.31,synthetic_srtm
9759,Mine_09759,11.8915,78.20108,510.96,16.69,213.65,7.47,synthetic_srtm
9760,Mine_09760,11.798623,76.437889,1611.61,21.64,265.46,8.36,synthetic_srtm
9761,Mine_09761,10.492894,78.564123,379.79,5.34,221.38,2.31,synthetic_srtm
9762,Mine_09762,12.867676,76.727575,945.73,12.5,196.2,6.29,synthetic_srtm
9763,Mine_09763,11.278552,78.932057,950.75,15.35,326.59,5.19,synthetic_srtm
9764,Mine_09764,11.00879,76.165444,1523.74,36.59,162.7,14.49,synthetic_srtm
9765,Mine_09765,12.972272,78.861659,688.04,20.88,33.14,8.19,synthetic_srtm
9766,Mine_09766,10.884106,79.713842,322.13,11.82,201.42,5.43,synthetic_srtm
9767,Mine_09767,11.117968,78.195573,960.44,5.96,309.17,2.88,synthetic_srtm
9768,Mine_09768,12.533719,80.491145,220.39,14.85,177.86,8.51,synthetic_srtm
9769,Mine_09769,9.299193,77.363443,642.22,23.25,76.61,7.93,synthetic_srtm
9770,Mine_09770,8.712219,76.073657,1499.49,35.97,94.66,11.09,synthetic_srtm
9771,Mine_09771,8.073681,76.257052,1466.5,21.87,160.97,7.58,synthetic_srtm
9772,Mine_09772,8.902549,80.050733,391.65,8.71,177.26,7.15,synthetic_srtm
9773,Mine_09773,10.311323,77.50182,380.11,11.51,101.44,6.6,synthetic_srtm
9774,Mine_09774,13.011876,79.473544,237.45,5.01,290.45,6.23,synthetic_srtm
9775,Mine_09775,9.604344,78.387803,667.21,6.69,153.04,4.56,synthetic_srtm
9776,Mine_09776,9.913417,79.499875,649.96,13.37,31.03,8.83,synthetic_srtm
9777,Mine_09777,12.266551,80.309666,383.79,13.32,6.99,8.64,synthetic_srtm
9778,Mine_09778,11.351161,79.949547,215.08,14.19,60.04,8.29,synthetic_srtm
9779,Mine_09779,11.775689,77.427411,2109.22,32.36,270.24,11.11,synthetic_srtm
9780,Mine_09780,12.435082,76.136472,818.63,22.63,65.67,6.88,synthetic_srtm
9781,Mine_09781,11.685496,79.579545,372.94,8.0,333.0,4.47,synthetic_srtm
9782,Mine_09782,13.0798,77.358105,1724.95,18.33,292.03,8.09,synthetic_srtm
9783,Mine_09783,11.776804,78.31802,608.07,15.87,130.75,5.98,synthetic_srtm
9784,Mine_09784,12.582989,76.257823,833.91,18.23,49.51,9.78,synthetic_srtm
9785,Mine_09785,12.195856,80.145362,258.93,12.23,83.01,3.7,synthetic_srtm
9786,Mine_09786,9.579862,79.537439,556.42,23.67,331.18,7.46,synthetic_srtm
9787,Mine_09787,12.725357,79.970974,374.26,6.2,195.19,4.0,synthetic_srtm
9788,Mine_09788,11.35373,77.597403,1710.52,30.92,300.52,9.98,synthetic_srtm
9789,Mine_09789,13.354778,79.322221,565.53,12.93,282.39,4.02,synthetic_srtm
9790,Mine_09790,12.127578,79.269824,868.51,5.95,28.22,2.66,synthetic_srtm
9791,Mine_09791,13.469442,78.784328,458.34,5.95,289.36,3.66,synthetic_srtm
9792,Mine_09792,9.917477,76.094706,823.91,7.48,156.74,5.81,synthetic_srtm
9793,Mine_09793,13.287654,77.063896,1847.57,16.44,123.15,6.72,synthetic_srtm
9794,Mine_09794,11.985444,77.867288,1473.18,42.82,204.15,16.71,synthetic_srtm
9795,Mine_09795,8.72594,76.914687,932.56,16.26,163.4,5.48,synthetic_srtm
9796,Mine_09796,9.886206,76.237303,1693.63,29.46,298.1,10.3,synthetic_srtm
9797,Mine_09797,10.087136,79.474568,890.83,22.28,77.34,7.81,synthetic_srtm
9798,Mine_09798,11.283581,76.351606,1130.1,33.73,247.94,12.73,synthetic_srtm
9799,Mine_09799,10.333062,76.674639,617.76,10.7,307.12,6.12,synthetic_srtm
9800,Mine_09800,10.414502,77.964911,702.48,8.86,50.59,6.06,synthetic_srtm
9801,Mine_09801,9.106849,79.157938,865.58,11.97,33.05,4.56,synthetic_srtm
9802,Mine_09802,10.059007,78.418862,413.87,4.45,315.4,2.6,synthetic_srtm
9803,Mine_09803,12.9672,77.002619,1125.8,18.75,61.76,9.99,synthetic_srtm
9804,Mine_09804,10.162157,76.933349,1122.49,25.69,308.97,11.3,synthetic_srtm
9805,Mine_09805,12.332598,76.586652,1277.2,33.57,81.45,11.43,synthetic_srtm
9806,Mine_09806,9.54524,79.870903,452.77,10.54,215.13,4.82,synthetic_srtm
9807,Mine_09807,8.77102,76.613851,1316.17,43.42,255.75,15.05,synthetic_srtm
9808,Mine_09808,10.551519,80.011262,682.28,22.45,68.89,10.04,synthetic_srtm
9809,Mine_09809,13.007257,78.219195,631.72,23.52,248.21,11.13,synthetic_srtm
9810,Mine_09810,12.468046,76.541512,1375.49,28.86,241.49,12.33,synthetic_srtm
9811,Mine_09811,10.477597,78.44088,458.78,12.24,284.52,6.34,synthetic_srtm
9812,Mine_09812,8.630757,77.058585,334.76,12.71,138.42,6.04,synthetic_srtm
9813,Mine_09813,8.481495,77.873665,909.14,9.06,115.13,6.44,synthetic_srtm
9814,Mine_09814,13.413697,76.536728,863.64,7.72,171.75,5.63,synthetic_srtm
9815,Mine_09815,12.561957,77.726768,2305.09,15.78,139.09,9.37,synthetic_srtm
9816,Mine_09816,11.620446,77.847052,1052.34,23.13,267.15,11.55,synthetic_srtm
9817,Mine_09817,10.83026,76.24244,813.1,19.52,10.38,8.98,synthetic_srtm
9818,Mine_09818,12.885182,78.041702,329.81,11.43,85.67,5.64,synthetic_srtm
9819,Mine_09819,9.95694,76.349633,1258.78,31.36,92.5,10.66,synthetic_srtm
9820,Mine_09820,12.611906,76.636657,784.1,6.16,101.3,2.01,synthetic_srtm
9821,Mine_09821,9.50694,76.396525,658.27,20.43,30.79,8.48,synthetic_srtm
9822,Mine_09822,9.811148,76.138894,1116.66,21.6,169.81,10.52,synthetic_srtm
9823,Mine_09823,8.384926,76.704633,1504.41,30.42,128.61,11.06,synthetic_srtm
9824,Mine_09824,11.16701,77.901273,2082.4,24.84,263.9,10.43,synthetic_srtm
9825,Mine_09825,10.927722,78.032428,511.58,5.65,147.0,4.64,synthetic_srtm
9826,Mine_09826,13.148866,79.833989,906.25,24.01,20.59,8.41,synthetic_srtm
9827,Mine_09827,11.906238,80.089533,585.36,7.76,146.11,2.92,synthetic_srtm
9828,Mine_09828,8.448926,80.297798,332.81,14.29,333.4,8.75,synthetic_srtm
9829,Mine_09829,8.979179,78.850464,380.41,9.84,276.61,7.41,synthetic_srtm
9830,Mine_09830,10.108154,78.71146,669.97,9.06,353.76,3.75,synthetic_srtm
9831,Mine_09831,9.692784,77.889011,857.99,22.22,353.18,7.4,synthetic_srtm
9832,Mine_09832,10.624817,78.498536,786.38,14.65,16.67,9.21,synthetic_srtm
9833,Mine_09833,12.077613,76.49916,531.04,5.39,290.43,5.45,synthetic_srtm
9834,Mine_09834,12.569615,78.916761,288.82,0.13,316.02,4.42,synthetic_srtm
9835,Mine_09835,12.088924,78.285635,894.91,23.14,73.55,7.75,synthetic_srtm
9836,Mine_09836,11.678206,79.248027,264.01,13.39,144.2,4.71,synthetic_srtm
9837,Mine_09837,11.318157,77.317856,2349.26,33.69,20.18,13.56,synthetic_srtm
9838,Mine_09838,9.971389,79.232162,634.26,16.69,325.51,5.16,synthetic_srtm
9839,Mine_09839,8.36571,76.262881,1622.29,20.84,270.17,6.74,synthetic_srtm
9840,Mine_09840,10.993624,79.196334,943.48,11.37,38.79,7.97,synthetic_srtm
9841,Mine_09841,9.750257,79.107273,491.51,11.42,339.26,4.17,synthetic_srtm
9842,Mine_09842,9.710016,79.641616,285.9,6.2,146.46,4.42,synthetic_srtm
9843,Mine_09843,12.670712,76.040128,789.12,14.1,8.22,5.27,synthetic_srtm
9844,Mine_09844,10.350938,77.099636,327.01,10.22,306.27,4.81,synthetic_srtm
9845,Mine_09845,13.023679,76.530488,515.68,8.9,219.23,5.32,synthetic_srtm
9846,Mine_09846,8.911187,77.679386,856.6,8.12,40.01,3.44,synthetic_srtm
9847,Mine_09847,12.883958,76.19893,1214.85,20.33,122.19,7.46,synthetic_srtm
9848,Mine_09848,10.073289,76.418642,889.93,22.91,119.7,9.16,synthetic_srtm
9849,Mine_09849,12.764559,76.958761,939.0,12.32,276.7,7.24,synthetic_srtm
9850,Mine_09850,11.22953,78.637335,236.54,4.34,97.18,1.83,synthetic_srtm
9851,Mine_09851,9.84915,78.69409,435.9,8.52,64.35,4.07,synthetic_srtm
9852,Mine_09852,8.82522,77.440565,655.51,10.11,125.13,3.28,synthetic_srtm
9853,Mine_09853,8.906307,78.130677,458.09,11.8,241.36,6.84,synthetic_srtm
9854,Mine_09854,12.29062,77.250363,1282.81,31.35,195.01,10.68,synthetic_srtm
9855,Mine_09855,10.186803,78.992231,620.95,16.72,100.04,9.92,synthetic_srtm
9856,Mine_09856,10.559593,76.510555,1052.7,19.53,74.27,9.73,synthetic_srtm
9857,Mine_09857,9.574397,77.602274,298.83,11.8,20.43,5.05,synthetic_srtm
9858,Mine_09858,11.522217,77.624946,1625.12,24.9,129.55,11.49,synthetic_srtm
9859,Mine_09859,11.288654,77.058512,1986.66,44.58,6.2,15.11,synthetic_srtm
9860,Mine_09860,12.93948,79.936762,947.43,17.32,189.99,5.86,synthetic_srtm
9861,Mine_09861,9.605221,77.731411,413.49,10.81,97.63,4.34,synthetic_srtm
9862,Mine_09862,12.854943,79.379336,804.73,24.05,302.17,9.87,synthetic_srtm
9863,Mine_09863,10.233176,78.9504,993.36,6.99,92.34,6.66,synthetic_srtm
9864,Mine_09864,12.497645,78.788642,452.07,11.5,285.28,6.07,synthetic_srtm
9865,Mine_09865,11.392794,78.993191,359.49,3.0,309.14,4.69,synthetic_srtm
9866,Mine_09866,11.135655,79.808276,869.45,8.61,226.67,6.2,synthetic_srtm
9867,Mine_09867,8.024464,77.241073,596.74,11.4,2.33,3.68,synthetic_srtm
9868,Mine_09868,10.790599,76.682557,1320.9,41.06,193.65,12.66,synthetic_srtm
9869,Mine_09869,11.005108,77.610309,2081.67,15.15,300.72,7.12,synthetic_srtm
9870,Mine_09870,11.021177,78.06413,443.6,6.8,294.86,5.87,synthetic_srtm
9871,Mine_09871,12.904904,80.470753,330.64,2.09,278.83,0.84,synthetic_srtm
9872,Mine_09872,8.781545,78.308091,610.64,18.78,35.41,7.44,synthetic_srtm
9873,Mine_09873,11.009742,77.438837,1106.66,16.76,216.21,8.0,synthetic_srtm
9874,Mine_09874,8.76272,77.793853,545.76,8.69,61.0,4.07,synthetic_srtm
9875,Mine_09875,10.814594,76.169078,1584.12,37.67,141.77,11.63,synthetic_srtm
9876,Mine_09876,10.948658,79.692322,339.91,1.94,0.22,2.01,synthetic_srtm
9877,Mine_09877,11.927367,80.022909,914.1,21.34,18.09,7.1,synthetic_srtm
9878,Mine_09878,12.152029,76.475379,515.94,12.44,110.37,6.48,synthetic_srtm
9879,Mine_09879,9.81241,79.461309,386.69,9.91,343.38,6.29,synthetic_srtm
9880,Mine_09880,8.583818,78.589333,503.29,17.14,168.41,7.56,synthetic_srtm
9881,Mine_09881,13.429855,79.711201,578.43,13.49,131.35,6.31,synthetic_srtm
9882,Mine_09882,8.383188,79.177244,423.3,9.83,131.63,3.86,synthetic_srtm
9883,Mine_09883,8.439285,77.897987,615.52,19.7,224.39,8.79,synthetic_srtm
9884,Mine_09884,12.922903,78.170096,499.83,4.31,35.79,5.0,synthetic_srtm
9885,Mine_09885,12.143239,76.234217,925.81,18.1,2.48,9.67,synthetic_srtm
9886,Mine_09886,9.176965,78.593047,555.31,14.46,315.64,5.22,synthetic_srtm
9887,Mine_09887,9.001031,78.163594,853.69,24.55,169.29,11.06,synthetic_srtm
9888,Mine_09888,10.387323,79.579081,507.37,17.61,321.18,10.22,synthetic_srtm
9889,Mine_09889,9.207551,77.975429,885.86,7.17,340.4,5.49,synthetic_srtm
9890,Mine_09890,13.280483,78.663601,893.0,20.17,342.1,9.83,synthetic_srtm
9891,Mine_09891,8.891352,77.308788,457.7,1.49,348.15,1.29,synthetic_srtm
9892,Mine_09892,8.350838,76.712943,1160.88,21.68,275.46,7.29,synthetic_srtm
9893,Mine_09893,9.591119,80.420748,631.78,12.37,186.14,7.2,synthetic_srtm
9894,Mine_09894,11.932353,77.143935,2084.05,23.76,251.46,7.28,synthetic_srtm
9895,Mine_09895,8.541119,77.922165,979.49,12.75,219.36,5.41,synthetic_srtm
9896,Mine_09896,9.640774,77.633338,395.58,3.16,347.3,4.29,synthetic_srtm
9897,Mine_09897,13.347086,78.774073,447.1,11.07,49.93,6.19,synthetic_srtm
9898,Mine_09898,11.818837,77.656463,2246.31,16.24,176.38,6.16,synthetic_srtm
9899,Mine_09899,12.994501,79.707339,894.74,6.94,317.58,3.19,synthetic_srtm
9900,Mine_09900,10.868889,79.436046,239.37,2.31,280.82,3.11,synthetic_srtm
9901,Mine_09901,10.670867,77.771252,464.05,7.75,342.64,4.9,synthetic_srtm
9902,Mine_09902,12.025551,76.224788,1634.33,25.49,71.29,9.04,synthetic_srtm
9903,Mine_09903,12.282578,79.763611,551.21,19.45,310.86,9.26,synthetic_srtm
9904,Mine_09904,12.728196,76.556324,1341.68,24.17,182.42,10.33,synthetic_srtm
9905,Mine_09905,11.901207,77.258756,1228.36,34.89,43.3,12.83,synthetic_srtm
9906,Mine_09906,11.217055,76.877134,587.77,11.6,159.39,3.97,synthetic_srtm
9907,Mine_09907,8.331312,80.305715,829.51,21.39,276.14,8.86,synthetic_srtm
9908,Mine_09908,11.4337,76.812828,810.88,14.68,24.53,6.83,synthetic_srtm
9909,Mine_09909,8.15104,80.113499,386.18,8.27,229.06,7.45,synthetic_srtm
9910,Mine_09910,10.738829,78.358064,443.1,13.81,171.74,8.5,synthetic_srtm
9911,Mine_09911,8.364083,76.855615,1356.85,24.2,139.03,11.12,synthetic_srtm
9912,Mine_09912,11.228521,78.59589,341.26,1.93,308.45,2.34,synthetic_srtm
9913,Mine_09913,10.107981,76.652949,1130.62,19.75,222.34,9.52,synthetic_srtm
9914,Mine_09914,8.537307,77.96242,715.3,5.75,232.82,2.27,synthetic_srtm
9915,Mine_09915,8.075213,76.118599,763.82,20.0,91.59,8.93,synthetic_srtm
9916,Mine_09916,13.395976,77.889628,2351.44,19.01,148.26,7.99,synthetic_srtm
9917,Mine_09917,8.160471,78.606029,876.69,19.57,21.31,10.15,synthetic_srtm
9918,Mine_09918,12.721823,76.214079,596.57,5.27,344.17,1.94,synthetic_srtm
9919,Mine_09919,12.002158,79.386799,628.56,9.89,339.21,6.82,synthetic_srtm
9920,Mine_09920,11.674529,78.718013,485.91,10.02,159.97,3.27,synthetic_srtm
9921,Mine_09921,10.580952,77.79155,434.4,12.81,90.15,4.77,synthetic_srtm
9922,Mine_09922,11.471601,79.781892,634.1,14.55,342.92,5.78,synthetic_srtm
9923,Mine_09923,9.37008,78.68484,414.71,12.63,209.02,7.98,synthetic_srtm
9924,Mine_09924,11.736449,76.79774,838.16,11.78,347.7,4.49,synthetic_srtm
9925,Mine_09925,11.881821,76.307159,575.91,6.02,5.11,5.3,synthetic_srtm
9926,Mine_09926,13.353491,79.471175,300.24,13.18,329.13,8.39,synthetic_srtm
9927,Mine_09927,8.017759,79.566635,201.84,11.74,280.94,8.48,synthetic_srtm
9928,Mine_09928,12.199541,77.195838,1665.98,18.34,192.34,8.79,synthetic_srtm
9929,Mine_09929,13.255633,77.185285,1402.52,27.79,72.78,11.74,synthetic_srtm
9930,Mine_09930,13.231419,79.022247,469.71,14.78,164.37,6.21,synthetic_srtm
9931,Mine_09931,13.173028,78.361605,637.16,21.89,293.95,7.94,synthetic_srtm
9932,Mine_09932,12.976741,76.747935,724.54,8.41,243.08,7.02,synthetic_srtm
9933,Mine_09933,11.469076,77.57768,2309.68,16.83,174.65,9.16,synthetic_srtm
9934,Mine_09934,8.545608,77.202451,913.55,18.91,254.63,5.73,synthetic_srtm
9935,Mine_09935,8.607679,79.838913,823.61,22.84,350.96,10.19,synthetic_srtm
9936,Mine_09936,9.825064,78.152627,277.24,4.1,230.05,3.93,synthetic_srtm
9937,Mine_09937,13.40379,79.507641,823.73,10.4,342.03,4.21,synthetic_srtm
9938,Mine_09938,11.901963,79.031834,513.93,24.71,74.26,7.68,synthetic_srtm
9939,Mine_09939,9.849646,77.405787,799.89,15.63,301.42,6.7,synthetic_srtm
9940,Mine_09940,11.886502,77.25966,1469.7,23.0,265.93,7.73,synthetic_srtm
9941,Mine_09941,9.491399,76.256697,1545.6,31.42,306.05,11.77,synthetic_srtm
9942,Mine_09942,8.004206,78.877132,721.43,13.28,224.25,6.72,synthetic_srtm
9943,Mine_09943,12.866644,76.662664,810.54,19.88,343.38,6.53,synthetic_srtm
9944,Mine_09944,12.673281,76.473349,920.42,17.79,148.22,6.16,synthetic_srtm
9945,Mine_09945,9.412044,78.067308,855.88,9.89,108.97,7.26,synthetic_srtm
9946,Mine_09946,10.37329,77.897291,712.48,22.64,316.67,8.22,synthetic_srtm
9947,Mine_09947,12.146251,79.837238,607.37,19.4,316.2,8.48,synthetic_srtm
9948,Mine_09948,12.168617,80.428688,941.02,18.24,116.21,10.31,synthetic_srtm
9949,Mine_09949,12.511845,78.974203,428.68,9.68,39.98,7.0,synthetic_srtm
9950,Mine_09950,10.584494,77.196095,845.42,23.52,180.37,9.93,synthetic_srtm
9951,Mine_09951,12.305577,78.613011,352.69,9.4,78.67,5.74,synthetic_srtm
9952,Mine_09952,11.258823,79.521541,571.81,18.57,235.57,10.02,synthetic_srtm
9953,Mine_09953,10.512857,76.984634,1388.74,15.36,292.49,4.63,synthetic_srtm
9954,Mine_09954,11.040963,76.589977,1337.63,21.12,81.74,6.69,synthetic_srtm
9955,Mine_09955,10.473207,77.566326,409.32,13.82,163.66,6.76,synthetic_srtm
9956,Mine_09956,9.767924,78.310501,228.38,14.76,246.05,9.41,synthetic_srtm
9957,Mine_09957,9.673901,79.416051,638.33,20.91,105.18,6.42,synthetic_srtm
9958,Mine_09958,9.374666,77.073903,966.38,9.75,147.14,3.21,synthetic_srtm
9959,Mine_09959,12.123356,77.554435,2060.48,20.87,284.05,10.67,synthetic_srtm
9960,Mine_09960,11.912136,78.370158,628.71,21.26,74.95,7.78,synthetic_srtm
9961,Mine_09961,8.524269,79.521664,633.13,18.27,293.12,8.07,synthetic_srtm
9962,Mine_09962,9.21785,79.717415,989.07,19.63,194.07,8.32,synthetic_srtm
9963,Mine_09963,11.218418,76.312779,982.84,20.0,299.2,9.59,synthetic_srtm
9964,Mine_09964,9.738133,76.522693,847.23,17.83,61.97,6.99,synthetic_srtm
9965,Mine_09965,9.953696,79.138658,863.51,24.67,89.43,10.71,synthetic_srtm
9966,Mine_09966,12.24778,80.143293,999.52,16.05,331.58,5.52,synthetic_srtm
9967,Mine_09967,8.196517,76.96067,1045.85,37.15,143.97,11.16,synthetic_srtm
9968,Mine_09968,12.177425,78.814619,454.92,13.52,44.98,4.42,synthetic_srtm
9969,Mine_09969,9.208504,76.277851,1253.41,36.2,129.09,12.24,synthetic_srtm
9970,Mine_09970,8.05392,76.697875,1699.61,35.83,259.82,11.01,synthetic_srtm
9971,Mine_09971,11.950606,79.008168,717.24,20.99,275.45,7.17,synthetic_srtm
9972,Mine_09972,12.181921,78.537487,427.59,5.81,189.69,2.28,synthetic_srtm
9973,Mine_09973,12.030002,76.139874,1140.78,36.0,92.52,11.59,synthetic_srtm
9974,Mine_09974,10.257097,80.044551,554.2,5.24,77.54,2.51,synthetic_srtm
9975,Mine_09975,9.29993,79.468187,523.2,11.24,64.69,5.24,synthetic_srtm
9976,Mine_09976,8.545655,76.565533,1582.02,36.5,10.55,13.48,synthetic_srtm
9977,Mine_09977,10.365287,78.487599,601.51,13.44,11.01,6.98,synthetic_srtm
9978,Mine_09978,11.408311,76.928203,1527.77,24.25,319.03,8.93,synthetic_srtm
9979,Mine_09979,11.047878,78.031684,891.36,18.94,18.17,9.56,synthetic_srtm
9980,Mine_09980,10.128094,77.009135,949.42,21.12,306.73,7.51,synthetic_srtm
9981,Mine_09981,8.928559,80.272281,726.74,7.52,331.35,6.73,synthetic_srtm
9982,Mine_09982,12.003192,78.568939,486.14,0.69,214.32,0.89,synthetic_srtm
9983,Mine_09983,11.583422,79.702931,252.34,14.2,214.95,8.57,synthetic_srtm
9984,Mine_09984,9.937189,76.59353,1526.86,16.9,49.03,8.83,synthetic_srtm
9985,Mine_09985,10.721767,77.787604,330.83,4.49,122.05,2.22,synthetic_srtm
9986,Mine_09986,10.30412,77.757079,910.72,10.53,107.93,6.61,synthetic_srtm
9987,Mine_09987,8.120153,77.158188,218.47,8.71,260.8,4.4,synthetic_srtm
9988,Mine_09988,8.195587,78.418691,496.54,2.18,87.02,2.88,synthetic_srtm
9989,Mine_09989,11.312303,79.553526,861.09,24.94,172.24,9.63,synthetic_srtm
9990,Mine_09990,13.424031,78.354937,678.08,23.78,265.63,8.85,synthetic_srtm
9991,Mine_09991,10.888912,78.62165,937.79,20.4,273.27,8.62,synthetic_srtm
9992,Mine_09992,10.760996,78.982209,278.26,14.66,182.04,9.34,synthetic_srtm
9993,Mine_09993,11.947621,76.486942,730.26,6.59,113.92,5.63,synthetic_srtm
9994,Mine_09994,11.802283,78.243261,950.3,15.72,250.5,5.43,synthetic_srtm
9995,Mine_09995,11.211964,78.438109,252.83,14.25,323.03,8.3,synthetic_srtm
9996,Mine_09996,10.626449,77.151692,560.35,5.41,285.44,3.46,synthetic_srtm
9997,Mine_09997,13.433314,78.504468,537.65,20.44,295.46,6.6,synthetic_srtm
9998,Mine_09998,13.041175,79.340621,550.03,23.22,64.76,11.95,synthetic_srtm
9999,Mine_09999,9.386394,78.266789,983.12,21.36,250.95,7.22,synthetic_srtm
10000,Mine_10000,10.983701,77.057094,890.23,23.76,45.07,7.87,synthetic_srtm
