mine_id,mine_name,mineral_type,rock_stability_index,fracture_density,weathering_index,joint_spacing_m,ucs_mpa,data_source
1,Mine_00001,Marble,0.734,0.343,0.452,2.68,62.19,synthetic_geological_survey
2,Mine_00002,Sand,0.258,0.687,0.477,4.8,77.91,synthetic_geological_survey
3,Mine_00003,Salt,0.892,0.198,0.718,1.5,25.75,synthetic_geological_survey
4,Mine_00004,Limestone,0.671,0.559,0.438,2.74,71.95,synthetic_geological_survey
5,Mine_00005,Salt,0.788,0.175,0.33,1.72,159.98,synthetic_geological_survey
6,Mine_00006,Marble,0.696,0.325,0.551,2.59,40.07,synthetic_geological_survey
7,Mine_00007,Sand,0.246,0.655,0.396,3.22,164.96,synthetic_geological_survey
8,Mine_00008,Marble,0.885,0.413,0.29,3.82,32.53,synthetic_geological_survey
9,Mine_00009,Silica Sand,0.346,0.606,0.242,3.15,45.57,synthetic_geological_survey
10,Mine_00010,Marble,0.824,0.384,0.417,4.39,64.75,synthetic_geological_survey
11,Mine_00011,Silica Sand,0.457,0.8,0.267,0.99,38.07,synthetic_geological_survey
12,Mine_00012,Sandstone,0.573,0.687,0.494,4.52,163.78,synthetic_geological_survey
13,Mine_00013,Granite,0.735,0.276,0.334,1.96,96.28,synthetic_geological_survey
14,Mine_00014,Marble,0.755,0.352,0.664,1.78,141.96,synthetic_geological_survey
15,Mine_00015,Granite,0.865,0.324,0.559,3.66,46.42,synthetic_geological_survey
16,Mine_00016,Salt,1.068,0.237,0.472,2.34,37.32,synthetic_geological_survey
17,Mine_00017,Iron Ore,0.757,0.432,0.574,0.85,150.75,synthetic_geological_survey
18,Mine_00018,Silica Sand,0.378,0.662,0.571,3.57,198.06,synthetic_geological_survey
19,Mine_00019,Sand,0.327,0.871,0.581,4.4,125.47,synthetic_geological_survey
20,Mine_00020,Granite,0.746,0.28,0.237,2.11,186.59,synthetic_geological_survey
21,Mine_00021,Sand,0.331,0.883,0.698,4.01,127.67,synthetic_geological_survey
22,Mine_00022,Limestone,0.525,0.437,0.328,4.72,180.92,synthetic_geological_survey
23,Mine_00023,Marble,0.772,0.36,0.346,1.52,128.68,synthetic_geological_survey
24,Mine_00024,Silica Sand,0.325,0.568,0.232,2.08,35.98,synthetic_geological_survey
25,Mine_00025,Iron Ore,0.686,0.392,0.464,0.86,135.38,synthetic_geological_survey
26,Mine_00026,Limestone,0.654,0.545,0.694,3.18,130.73,synthetic_geological_survey
27,Mine_00027,Marble,0.858,0.4,0.31,2.7,149.14,synthetic_geological_survey
28,Mine_00028,Iron Ore,0.61,0.349,0.741,2.83,177.12,synthetic_geological_survey
29,Mine_00029,Marble,0.77,0.359,0.556,1.23,131.73,synthetic_geological_survey
30,Mine_00030,Sandstone,0.438,0.525,0.72,1.85,173.01,synthetic_geological_survey
31,Mine_00031,Salt,0.924,0.205,0.793,3.35,187.29,synthetic_geological_survey
32,Mine_00032,Silica Sand,0.43,0.753,0.332,3.09,132.05,synthetic_geological_survey
33,Mine_00033,Salt,0.823,0.183,0.653,3.43,132.18,synthetic_geological_survey
34,Mine_00034,Sand,0.347,0.924,0.651,4.27,73.41,synthetic_geological_survey
35,Mine_00035,Limestone,0.595,0.496,0.699,3.35,139.62,synthetic_geological_survey
36,Mine_00036,Iron Ore,0.709,0.405,0.46,4.03,140.71,synthetic_geological_survey
37,Mine_00037,Limestone,0.485,0.404,0.235,1.66,157.01,synthetic_geological_survey
38,Mine_00038,Granite,0.878,0.329,0.516,0.85,95.39,synthetic_geological_survey
39,Mine_00039,Salt,0.943,0.21,0.733,3.15,77.69,synthetic_geological_survey
40,Mine_00040,Salt,0.763,0.17,0.21,2.95,190.07,synthetic_geological_survey
41,Mine_00041,Limestone,0.57,0.475,0.212,2.45,79.12,synthetic_geological_survey
42,Mine_00042,Silica Sand,0.351,0.614,0.254,3.58,32.06,synthetic_geological_survey
43,Mine_00043,Salt,0.907,0.202,0.216,3.99,91.61,synthetic_geological_survey
44,Mine_00044,Silica Sand,0.324,0.568,0.338,2.46,109.84,synthetic_geological_survey
45,Mine_00045,Sandstone,0.417,0.501,0.358,3.76,37.81,synthetic_geological_survey
46,Mine_00046,Iron Ore,0.65,0.372,0.542,1.69,111.94,synthetic_geological_survey
47,Mine_00047,Sandstone,0.446,0.535,0.431,3.38,93.54,synthetic_geological_survey
48,Mine_00048,Sandstone,0.493,0.592,0.642,3.46,178.19,synthetic_geological_survey
49,Mine_00049,Salt,0.954,0.212,0.653,1.12,151.14,synthetic_geological_survey
50,Mine_00050,Salt,0.74,0.164,0.635,2.52,38.16,synthetic_geological_survey
51,Mine_00051,Limestone,0.535,0.446,0.772,2.67,71.55,synthetic_geological_survey
52,Mine_00052,Sandstone,0.465,0.558,0.262,0.99,161.12,synthetic_geological_survey
53,Mine_00053,Granite,0.859,0.322,0.643,4.45,106.88,synthetic_geological_survey
54,Mine_00054,Marble,0.802,0.374,0.668,0.76,27.09,synthetic_geological_survey
55,Mine_00055,Granite,0.764,0.287,0.656,0.69,74.14,synthetic_geological_survey
56,Mine_00056,Marble,0.652,0.304,0.348,1.32,55.97,synthetic_geological_survey
57,Mine_00057,Sandstone,0.572,0.686,0.432,2.77,196.35,synthetic_geological_survey
58,Mine_00058,Silica Sand,0.332,0.581,0.528,2.82,167.23,synthetic_geological_survey
59,Mine_00059,Silica Sand,0.348,0.609,0.255,3.46,52.28,synthetic_geological_survey
60,Mine_00060,Limestone,0.712,0.593,0.706,4.46,123.05,synthetic_geological_survey
61,Mine_00061,Sand,0.276,0.736,0.672,3.1,85.7,synthetic_geological_survey
62,Mine_00062,Salt,0.931,0.207,0.676,1.18,38.69,synthetic_geological_survey
63,Mine_00063,Marble,0.608,0.284,0.545,0.67,178.99,synthetic_geological_survey
64,Mine_00064,Sand,0.297,0.791,0.326,2.48,100.58,synthetic_geological_survey
65,Mine_00065,Sandstone,0.557,0.669,0.582,3.98,123.1,synthetic_geological_survey
66,Mine_00066,Silica Sand,0.404,0.708,0.667,4.59,101.11,synthetic_geological_survey
67,Mine_00067,Salt,0.749,0.166,0.585,0.53,22.15,synthetic_geological_survey
68,Mine_00068,Marble,0.825,0.385,0.281,4.64,109.29,synthetic_geological_survey
69,Mine_00069,Granite,0.831,0.312,0.489,1.81,40.84,synthetic_geological_survey
70,Mine_00070,Limestone,0.653,0.544,0.272,2.94,111.95,synthetic_geological_survey
71,Mine_00071,Limestone,0.652,0.543,0.599,2.77,173.23,synthetic_geological_survey
72,Mine_00072,Iron Ore,0.703,0.402,0.291,2.1,69.43,synthetic_geological_survey
73,Mine_00073,Granite,0.777,0.291,0.767,0.88,199.44,synthetic_geological_survey
74,Mine_00074,Granite,0.949,0.356,0.31,1.24,74.36,synthetic_geological_survey
75,Mine_00075,Marble,0.728,0.34,0.771,3.49,173.05,synthetic_geological_survey
76,Mine_00076,Granite,0.856,0.321,0.454,3.82,156.85,synthetic_geological_survey
77,Mine_00077,Marble,0.789,0.368,0.782,2.42,32.57,synthetic_geological_survey
78,Mine_00078,Sand,0.298,0.796,0.597,3.89,179.93,synthetic_geological_survey
79,Mine_00079,Marble,0.816,0.381,0.653,5.0,193.37,synthetic_geological_survey
80,Mine_00080,Sandstone,0.546,0.655,0.652,0.55,67.71,synthetic_geological_survey
81,Mine_00081,Sand,0.276,0.737,0.693,3.34,145.55,synthetic_geological_survey
82,Mine_00082,Granite,0.807,0.303,0.635,4.34,23.42,synthetic_geological_survey
83,Mine_00083,Iron Ore,0.781,0.446,0.717,0.57,117.93,synthetic_geological_survey
84,Mine_00084,Sandstone,0.503,0.604,0.372,3.51,112.01,synthetic_geological_survey
85,Mine_00085,Marble,0.709,0.331,0.699,2.7,58.14,synthetic_geological_survey
86,Mine_00086,Limestone,0.559,0.466,0.477,3.5,131.16,synthetic_geological_survey
87,Mine_00087,Marble,0.735,0.343,0.349,0.93,108.28,synthetic_geological_survey
88,Mine_00088,Granite,0.656,0.246,0.421,3.57,42.17,synthetic_geological_survey
89,Mine_00089,Sandstone,0.425,0.51,0.627,4.67,94.33,synthetic_geological_survey
90,Mine_00090,Iron Ore,0.625,0.357,0.269,1.12,93.97,synthetic_geological_survey
91,Mine_00091,Sand,0.355,0.947,0.618,0.88,188.23,synthetic_geological_survey
92,Mine_00092,Marble,0.803,0.375,0.609,1.25,26.1,synthetic_geological_survey
93,Mine_00093,Limestone,0.554,0.462,0.434,3.42,140.98,synthetic_geological_survey
94,Mine_00094,Granite,0.86,0.323,0.742,0.89,126.91,synthetic_geological_survey
95,Mine_00095,Sandstone,0.432,0.519,0.465,4.1,163.73,synthetic_geological_survey
96,Mine_00096,Iron Ore,0.772,0.441,0.567,0.55,35.24,synthetic_geological_survey
97,Mine_00097,Iron Ore,0.68,0.388,0.232,3.24,47.32,synthetic_geological_survey
98,Mine_00098,Granite,0.656,0.246,0.791,0.93,106.73,synthetic_geological_survey
99,Mine_00099,Sandstone,0.435,0.522,0.286,4.64,65.62,synthetic_geological_survey
100,Mine_00100,Marble,0.869,0.406,0.635,3.89,25.76,synthetic_geological_survey
101,Mine_00101,Sandstone,0.47,0.564,0.467,1.73,184.74,synthetic_geological_survey
102,Mine_00102,Granite,0.873,0.327,0.224,0.54,182.89,synthetic_geological_survey
103,Mine_00103,Marble,0.777,0.363,0.678,3.05,58.43,synthetic_geological_survey
104,Mine_00104,Iron Ore,0.748,0.427,0.547,2.01,104.35,synthetic_geological_survey
105,Mine_00105,Salt,0.823,0.183,0.569,3.85,169.99,synthetic_geological_survey
106,Mine_00106,Iron Ore,0.6,0.343,0.648,2.22,64.71,synthetic_geological_survey
107,Mine_00107,Silica Sand,0.356,0.624,0.605,4.87,171.48,synthetic_geological_survey
108,Mine_00108,Salt,0.949,0.211,0.558,4.64,61.57,synthetic_geological_survey
109,Mine_00109,Limestone,0.483,0.402,0.307,3.6,86.12,synthetic_geological_survey
110,Mine_00110,Silica Sand,0.446,0.78,0.692,4.82,157.62,synthetic_geological_survey
111,Mine_00111,Sand,0.32,0.854,0.762,3.75,145.08,synthetic_geological_survey
112,Mine_00112,Marble,0.824,0.385,0.461,4.02,41.91,synthetic_geological_survey
113,Mine_00113,Sandstone,0.577,0.692,0.799,4.93,196.69,synthetic_geological_survey
114,Mine_00114,Granite,0.744,0.279,0.606,2.17,29.61,synthetic_geological_survey
115,Mine_00115,Iron Ore,0.687,0.393,0.687,0.71,60.88,synthetic_geological_survey
116,Mine_00116,Sand,0.335,0.894,0.626,1.03,192.97,synthetic_geological_survey
117,Mine_00117,Sandstone,0.451,0.541,0.747,0.79,63.34,synthetic_geological_survey
118,Mine_00118,Salt,1.07,0.238,0.547,3.8,184.27,synthetic_geological_survey
119,Mine_00119,Sand,0.265,0.705,0.562,4.24,76.65,synthetic_geological_survey
120,Mine_00120,Iron Ore,0.766,0.438,0.469,1.18,101.92,synthetic_geological_survey
121,Mine_00121,Granite,0.697,0.261,0.614,1.31,155.72,synthetic_geological_survey
122,Mine_00122,Marble,0.683,0.319,0.57,2.56,32.54,synthetic_geological_survey
123,Mine_00123,Sand,0.286,0.762,0.205,1.1,161.13,synthetic_geological_survey
124,Mine_00124,Granite,0.866,0.325,0.78,2.51,60.74,synthetic_geological_survey
125,Mine_00125,Silica Sand,0.388,0.678,0.236,4.6,78.41,synthetic_geological_survey
126,Mine_00126,Marble,0.814,0.38,0.734,2.2,155.58,synthetic_geological_survey
127,Mine_00127,Sand,0.339,0.905,0.475,4.73,55.39,synthetic_geological_survey
128,Mine_00128,Limestone,0.56,0.467,0.505,1.05,169.87,synthetic_geological_survey
129,Mine_00129,Iron Ore,0.574,0.328,0.398,1.45,34.28,synthetic_geological_survey
130,Mine_00130,Marble,0.898,0.419,0.676,2.28,53.41,synthetic_geological_survey
131,Mine_00131,Granite,0.803,0.301,0.754,4.03,92.24,synthetic_geological_survey
132,Mine_00132,Sand,0.336,0.896,0.251,2.76,115.48,synthetic_geological_survey
133,Mine_00133,Sandstone,0.496,0.595,0.459,1.98,157.65,synthetic_geological_survey
134,Mine_00134,Sand,0.319,0.852,0.724,4.17,85.59,synthetic_geological_survey
135,Mine_00135,Silica Sand,0.431,0.754,0.393,3.23,150.31,synthetic_geological_survey
136,Mine_00136,Granite,0.857,0.321,0.414,2.79,87.96,synthetic_geological_survey
137,Mine_00137,Iron Ore,0.783,0.447,0.729,1.03,143.84,synthetic_geological_survey
138,Mine_00138,Iron Ore,0.775,0.443,0.751,3.98,156.81,synthetic_geological_survey
139,Mine_00139,Salt,0.934,0.208,0.347,1.0,37.85,synthetic_geological_survey
140,Mine_00140,Sand,0.262,0.698,0.694,1.94,147.66,synthetic_geological_survey
141,Mine_00141,Silica Sand,0.382,0.669,0.76,3.01,186.97,synthetic_geological_survey
142,Mine_00142,Sand,0.289,0.77,0.756,0.63,91.26,synthetic_geological_survey
143,Mine_00143,Marble,0.862,0.402,0.749,3.68,39.88,synthetic_geological_survey
144,Mine_00144,Iron Ore,0.793,0.453,0.276,4.97,147.29,synthetic_geological_survey
145,Mine_00145,Granite,0.935,0.351,0.276,3.51,198.08,synthetic_geological_survey
146,Mine_00146,Salt,0.941,0.209,0.34,3.95,143.37,synthetic_geological_survey
147,Mine_00147,Limestone,0.693,0.577,0.222,4.54,109.01,synthetic_geological_survey
148,Mine_00148,Marble,0.787,0.367,0.336,3.76,68.33,synthetic_geological_survey
149,Mine_00149,Limestone,0.693,0.577,0.381,3.47,36.49,synthetic_geological_survey
150,Mine_00150,Sand,0.285,0.761,0.351,2.51,177.94,synthetic_geological_survey
151,Mine_00151,Salt,0.817,0.182,0.694,4.48,71.99,synthetic_geological_survey
152,Mine_00152,Silica Sand,0.334,0.584,0.299,1.84,90.78,synthetic_geological_survey
153,Mine_00153,Silica Sand,0.388,0.679,0.725,0.59,81.77,synthetic_geological_survey
154,Mine_00154,Sand,0.268,0.714,0.257,4.93,57.94,synthetic_geological_survey
155,Mine_00155,Limestone,0.674,0.562,0.602,3.14,45.7,synthetic_geological_survey
156,Mine_00156,Silica Sand,0.363,0.636,0.386,2.06,30.35,synthetic_geological_survey
157,Mine_00157,Iron Ore,0.649,0.371,0.685,1.13,183.5,synthetic_geological_survey
158,Mine_00158,Sandstone,0.418,0.502,0.435,4.25,36.37,synthetic_geological_survey
159,Mine_00159,Sandstone,0.467,0.56,0.674,4.49,175.29,synthetic_geological_survey
160,Mine_00160,Granite,0.959,0.36,0.409,2.56,47.16,synthetic_geological_survey
161,Mine_00161,Silica Sand,0.441,0.772,0.346,1.1,134.8,synthetic_geological_survey
162,Mine_00162,Iron Ore,0.566,0.324,0.391,1.41,30.34,synthetic_geological_survey
163,Mine_00163,Limestone,0.586,0.488,0.287,2.59,197.28,synthetic_geological_survey
164,Mine_00164,Iron Ore,0.615,0.351,0.342,2.99,84.95,synthetic_geological_survey
165,Mine_00165,Sand,0.352,0.939,0.498,0.54,24.48,synthetic_geological_survey
166,Mine_00166,Silica Sand,0.427,0.746,0.4,1.59,29.67,synthetic_geological_survey
167,Mine_00167,Limestone,0.608,0.507,0.209,3.7,174.79,synthetic_geological_survey
168,Mine_00168,Marble,0.759,0.354,0.637,1.62,22.79,synthetic_geological_survey
169,Mine_00169,Sand,0.333,0.887,0.688,2.31,28.74,synthetic_geological_survey
170,Mine_00170,Marble,0.746,0.348,0.519,0.52,96.74,synthetic_geological_survey
171,Mine_00171,Limestone,0.702,0.585,0.591,2.4,170.38,synthetic_geological_survey
172,Mine_00172,Silica Sand,0.42,0.734,0.377,1.71,25.94,synthetic_geological_survey
173,Mine_00173,Salt,1.024,0.227,0.286,4.13,36.38,synthetic_geological_survey
174,Mine_00174,Limestone,0.601,0.501,0.327,3.92,160.79,synthetic_geological_survey
175,Mine_00175,Granite,0.937,0.351,0.479,2.0,92.83,synthetic_geological_survey
176,Mine_00176,Limestone,0.591,0.493,0.475,4.51,84.13,synthetic_geological_survey
177,Mine_00177,Granite,0.949,0.356,0.385,3.38,30.04,synthetic_geological_survey
178,Mine_00178,Silica Sand,0.423,0.74,0.457,3.01,123.52,synthetic_geological_survey
179,Mine_00179,Sandstone,0.403,0.484,0.202,3.96,176.3,synthetic_geological_survey
180,Mine_00180,Salt,1.073,0.238,0.464,2.32,28.89,synthetic_geological_survey
181,Mine_00181,Limestone,0.573,0.477,0.542,4.54,128.93,synthetic_geological_survey
182,Mine_00182,Salt,1.051,0.234,0.781,1.11,174.59,synthetic_geological_survey
183,Mine_00183,Salt,0.993,0.221,0.467,2.97,78.93,synthetic_geological_survey
184,Mine_00184,Granite,0.901,0.338,0.389,3.58,146.85,synthetic_geological_survey
185,Mine_00185,Granite,0.892,0.335,0.726,4.94,179.88,synthetic_geological_survey
186,Mine_00186,Iron Ore,0.758,0.433,0.782,0.77,102.49,synthetic_geological_survey
187,Mine_00187,Marble,0.776,0.362,0.674,2.83,35.48,synthetic_geological_survey
188,Mine_00188,Granite,0.72,0.27,0.272,4.12,176.21,synthetic_geological_survey
189,Mine_00189,Sand,0.284,0.757,0.658,3.76,190.62,synthetic_geological_survey
190,Mine_00190,Granite,0.882,0.331,0.327,1.99,168.44,synthetic_geological_survey
191,Mine_00191,Salt,0.968,0.215,0.638,2.55,140.5,synthetic_geological_survey
192,Mine_00192,Sand,0.35,0.933,0.248,2.73,76.35,synthetic_geological_survey
193,Mine_00193,Sand,0.254,0.677,0.775,1.37,172.31,synthetic_geological_survey
194,Mine_00194,Silica Sand,0.37,0.648,0.652,4.2,76.95,synthetic_geological_survey
195,Mine_00195,Iron Ore,0.835,0.477,0.453,1.51,149.01,synthetic_geological_survey
196,Mine_00196,Marble,0.634,0.296,0.352,3.72,74.26,synthetic_geological_survey
197,Mine_00197,Marble,0.9,0.42,0.212,4.23,191.77,synthetic_geological_survey
198,Mine_00198,Sandstone,0.438,0.526,0.66,2.66,96.33,synthetic_geological_survey
199,Mine_00199,Sandstone,0.519,0.623,0.298,3.29,121.52,synthetic_geological_survey
200,Mine_00200,Silica Sand,0.474,0.83,0.768,2.13,155.6,synthetic_geological_survey
201,Mine_00201,Sandstone,0.427,0.513,0.437,1.2,181.04,synthetic_geological_survey
202,Mine_00202,Granite,0.84,0.315,0.746,2.55,82.06,synthetic_geological_survey
203,Mine_00203,Marble,0.722,0.337,0.459,1.1,74.03,synthetic_geological_survey
204,Mine_00204,Salt,0.802,0.178,0.314,1.04,32.08,synthetic_geological_survey
205,Mine_00205,Marble,0.81,0.378,0.692,1.11,127.0,synthetic_geological_survey
206,Mine_00206,Sandstone,0.477,0.572,0.24,2.21,49.35,synthetic_geological_survey
207,Mine_00207,Salt,0.829,0.184,0.371,2.14,132.16,synthetic_geological_survey
208,Mine_00208,Marble,0.738,0.345,0.557,1.33,42.39,synthetic_geological_survey
209,Mine_00209,Salt,0.854,0.19,0.241,3.22,59.9,synthetic_geological_survey
210,Mine_00210,Marble,0.878,0.41,0.651,2.87,122.3,synthetic_geological_survey
211,Mine_00211,Iron Ore,0.824,0.471,0.378,4.22,35.38,synthetic_geological_survey
212,Mine_00212,Iron Ore,0.587,0.335,0.593,2.25,91.07,synthetic_geological_survey
213,Mine_00213,Salt,0.992,0.221,0.791,0.64,35.55,synthetic_geological_survey
214,Mine_00214,Sandstone,0.562,0.675,0.437,4.78,101.37,synthetic_geological_survey
215,Mine_00215,Salt,1.064,0.236,0.789,0.76,71.11,synthetic_geological_survey
216,Mine_00216,Salt,0.753,0.167,0.276,3.5,92.16,synthetic_geological_survey
217,Mine_00217,Sandstone,0.512,0.615,0.338,1.6,66.57,synthetic_geological_survey
218,Mine_00218,Sandstone,0.482,0.579,0.415,2.76,28.92,synthetic_geological_survey
219,Mine_00219,Salt,1.05,0.233,0.772,4.16,120.05,synthetic_geological_survey
220,Mine_00220,Sandstone,0.453,0.544,0.246,1.76,45.71,synthetic_geological_survey
221,Mine_00221,Granite,0.939,0.352,0.723,2.65,54.94,synthetic_geological_survey
222,Mine_00222,Salt,1.072,0.238,0.25,3.5,164.37,synthetic_geological_survey
223,Mine_00223,Silica Sand,0.388,0.679,0.203,3.6,186.39,synthetic_geological_survey
224,Mine_00224,Iron Ore,0.759,0.434,0.504,1.27,80.18,synthetic_geological_survey
225,Mine_00225,Limestone,0.686,0.572,0.638,3.96,149.52,synthetic_geological_survey
226,Mine_00226,Sandstone,0.485,0.582,0.372,2.24,74.46,synthetic_geological_survey
227,Mine_00227,Iron Ore,0.647,0.37,0.499,1.1,73.04,synthetic_geological_survey
228,Mine_00228,Iron Ore,0.813,0.464,0.8,2.82,196.46,synthetic_geological_survey
229,Mine_00229,Salt,0.935,0.208,0.305,1.23,56.95,synthetic_geological_survey
230,Mine_00230,Silica Sand,0.476,0.832,0.314,2.36,85.28,synthetic_geological_survey
231,Mine_00231,Silica Sand,0.35,0.612,0.722,3.94,136.64,synthetic_geological_survey
232,Mine_00232,Sand,0.318,0.849,0.24,2.11,23.03,synthetic_geological_survey
233,Mine_00233,Sand,0.337,0.9,0.734,2.23,129.41,synthetic_geological_survey
234,Mine_00234,Sand,0.351,0.936,0.617,0.76,32.55,synthetic_geological_survey
235,Mine_00235,Sandstone,0.542,0.651,0.768,2.99,33.94,synthetic_geological_survey
236,Mine_00236,Sand,0.326,0.869,0.665,4.59,42.39,synthetic_geological_survey
237,Mine_00237,Salt,0.868,0.193,0.508,4.47,96.25,synthetic_geological_survey
238,Mine_00238,Silica Sand,0.332,0.581,0.56,3.01,21.61,synthetic_geological_survey
239,Mine_00239,Granite,0.955,0.358,0.322,2.97,101.27,synthetic_geological_survey
240,Mine_00240,Salt,0.743,0.165,0.635,1.75,137.59,synthetic_geological_survey
241,Mine_00241,Salt,1.035,0.23,0.21,1.8,76.04,synthetic_geological_survey
242,Mine_00242,Sandstone,0.528,0.633,0.264,3.84,140.01,synthetic_geological_survey
243,Mine_00243,Limestone,0.625,0.521,0.315,0.67,138.92,synthetic_geological_survey
244,Mine_00244,Sandstone,0.428,0.513,0.71,5.0,188.43,synthetic_geological_survey
245,Mine_00245,Limestone,0.565,0.471,0.339,2.32,184.81,synthetic_geological_survey
246,Mine_00246,Iron Ore,0.769,0.439,0.331,2.9,199.78,synthetic_geological_survey
247,Mine_00247,Sand,0.356,0.949,0.683,3.51,185.67,synthetic_geological_survey
248,Mine_00248,Sandstone,0.552,0.662,0.531,4.4,98.54,synthetic_geological_survey
249,Mine_00249,Salt,0.887,0.197,0.656,0.63,188.01,synthetic_geological_survey
250,Mine_00250,Limestone,0.603,0.502,0.719,1.58,46.51,synthetic_geological_survey
251,Mine_00251,Iron Ore,0.783,0.447,0.637,2.97,113.32,synthetic_geological_survey
252,Mine_00252,Granite,0.849,0.318,0.317,4.79,179.52,synthetic_geological_survey
253,Mine_00253,Marble,0.616,0.288,0.353,1.84,46.89,synthetic_geological_survey
254,Mine_00254,Marble,0.635,0.296,0.268,3.63,149.05,synthetic_geological_survey
255,Mine_00255,Silica Sand,0.38,0.665,0.544,3.98,128.54,synthetic_geological_survey
256,Mine_00256,Sandstone,0.572,0.687,0.425,2.28,50.95,synthetic_geological_survey
257,Mine_00257,Salt,0.939,0.209,0.352,1.15,188.57,synthetic_geological_survey
258,Mine_00258,Sandstone,0.469,0.562,0.521,1.16,36.16,synthetic_geological_survey
259,Mine_00259,Salt,0.836,0.186,0.657,0.85,172.88,synthetic_geological_survey
260,Mine_00260,Iron Ore,0.687,0.393,0.438,3.85,188.39,synthetic_geological_survey
261,Mine_00261,Sand,0.262,0.699,0.545,4.5,176.18,synthetic_geological_survey
262,Mine_00262,Sandstone,0.415,0.498,0.333,2.2,192.53,synthetic_geological_survey
263,Mine_00263,Marble,0.649,0.303,0.46,4.8,101.34,synthetic_geological_survey
264,Mine_00264,Sand,0.35,0.932,0.209,1.08,134.64,synthetic_geological_survey
265,Mine_00265,Sand,0.272,0.725,0.335,1.42,124.51,synthetic_geological_survey
266,Mine_00266,Sand,0.345,0.921,0.535,4.76,166.46,synthetic_geological_survey
267,Mine_00267,Sandstone,0.534,0.64,0.274,1.29,21.22,synthetic_geological_survey
268,Mine_00268,Sandstone,0.481,0.577,0.273,1.88,113.45,synthetic_geological_survey
269,Mine_00269,Sand,0.27,0.72,0.711,3.41,124.8,synthetic_geological_survey
270,Mine_00270,Marble,0.784,0.366,0.772,0.56,131.7,synthetic_geological_survey
271,Mine_00271,Sand,0.306,0.815,0.663,1.75,199.01,synthetic_geological_survey
272,Mine_00272,Granite,0.892,0.334,0.644,2.0,45.83,synthetic_geological_survey
273,Mine_00273,Limestone,0.696,0.58,0.577,3.94,191.68,synthetic_geological_survey
274,Mine_00274,Marble,0.627,0.293,0.581,4.63,38.26,synthetic_geological_survey
275,Mine_00275,Granite,0.648,0.243,0.618,1.52,52.35,synthetic_geological_survey
276,Mine_00276,Granite,0.93,0.349,0.345,4.56,63.18,synthetic_geological_survey
277,Mine_00277,Iron Ore,0.573,0.327,0.321,0.76,87.71,synthetic_geological_survey
278,Mine_00278,Limestone,0.505,0.421,0.585,1.1,158.14,synthetic_geological_survey
279,Mine_00279,Granite,0.695,0.261,0.334,2.64,195.15,synthetic_geological_survey
280,Mine_00280,Marble,0.721,0.337,0.716,0.98,181.31,synthetic_geological_survey
281,Mine_00281,Limestone,0.621,0.517,0.778,4.53,173.38,synthetic_geological_survey
282,Mine_00282,Iron Ore,0.714,0.408,0.663,1.11,86.05,synthetic_geological_survey
283,Mine_00283,Sandstone,0.514,0.617,0.56,3.54,175.95,synthetic_geological_survey
284,Mine_00284,Sand,0.28,0.748,0.207,3.97,119.16,synthetic_geological_survey
285,Mine_00285,Sand,0.35,0.932,0.737,4.83,135.43,synthetic_geological_survey
286,Mine_00286,Sand,0.321,0.857,0.71,2.56,160.85,synthetic_geological_survey
287,Mine_00287,Salt,0.723,0.161,0.21,2.95,28.31,synthetic_geological_survey
288,Mine_00288,Salt,0.929,0.206,0.584,4.87,84.07,synthetic_geological_survey
289,Mine_00289,Sand,0.329,0.877,0.475,2.67,158.15,synthetic_geological_survey
290,Mine_00290,Limestone,0.506,0.422,0.525,3.9,60.46,synthetic_geological_survey
291,Mine_00291,Marble,0.864,0.403,0.405,4.28,146.3,synthetic_geological_survey
292,Mine_00292,Limestone,0.494,0.412,0.686,0.75,121.27,synthetic_geological_survey
293,Mine_00293,Salt,0.723,0.161,0.554,1.49,169.3,synthetic_geological_survey
294,Mine_00294,Marble,0.884,0.412,0.75,4.65,119.16,synthetic_geological_survey
295,Mine_00295,Sand,0.298,0.795,0.417,1.45,21.81,synthetic_geological_survey
296,Mine_00296,Silica Sand,0.371,0.65,0.712,1.6,55.94,synthetic_geological_survey
297,Mine_00297,Granite,0.955,0.358,0.309,4.91,130.99,synthetic_geological_survey
298,Mine_00298,Sand,0.313,0.835,0.309,3.25,67.37,synthetic_geological_survey
299,Mine_00299,Iron Ore,0.619,0.354,0.481,2.11,152.53,synthetic_geological_survey
300,Mine_00300,Salt,0.86,0.191,0.591,1.54,149.73,synthetic_geological_survey
301,Mine_00301,Granite,0.958,0.359,0.492,4.63,35.67,synthetic_geological_survey
302,Mine_00302,Marble,0.88,0.41,0.343,2.21,71.28,synthetic_geological_survey
303,Mine_00303,Salt,0.772,0.172,0.295,0.85,93.66,synthetic_geological_survey
304,Mine_00304,Limestone,0.687,0.572,0.792,2.72,86.88,synthetic_geological_survey
305,Mine_00305,Salt,0.774,0.172,0.554,2.21,85.7,synthetic_geological_survey
306,Mine_00306,Granite,0.776,0.291,0.751,1.05,168.87,synthetic_geological_survey
307,Mine_00307,Granite,0.91,0.341,0.617,1.78,103.29,synthetic_geological_survey
308,Mine_00308,Salt,0.748,0.166,0.544,1.87,51.48,synthetic_geological_survey
309,Mine_00309,Silica Sand,0.466,0.816,0.282,4.36,80.41,synthetic_geological_survey
310,Mine_00310,Silica Sand,0.453,0.793,0.674,3.3,179.84,synthetic_geological_survey
311,Mine_00311,Limestone,0.673,0.561,0.329,1.18,132.89,synthetic_geological_survey
312,Mine_00312,Marble,0.773,0.361,0.251,1.89,116.01,synthetic_geological_survey
313,Mine_00313,Sand,0.3,0.799,0.467,1.75,175.63,synthetic_geological_survey
314,Mine_00314,Silica Sand,0.342,0.598,0.774,4.95,48.49,synthetic_geological_survey
315,Mine_00315,Iron Ore,0.579,0.331,0.392,2.78,72.95,synthetic_geological_survey
316,Mine_00316,Iron Ore,0.779,0.445,0.603,4.87,134.24,synthetic_geological_survey
317,Mine_00317,Granite,0.684,0.256,0.645,2.32,42.59,synthetic_geological_survey
318,Mine_00318,Silica Sand,0.463,0.81,0.707,3.58,87.83,synthetic_geological_survey
319,Mine_00319,Sandstone,0.493,0.592,0.205,4.57,131.18,synthetic_geological_survey
320,Mine_00320,Marble,0.605,0.282,0.36,4.44,169.26,synthetic_geological_survey
321,Mine_00321,Limestone,0.52,0.433,0.464,2.51,189.35,synthetic_geological_survey
322,Mine_00322,Marble,0.805,0.376,0.325,4.97,189.29,synthetic_geological_survey
323,Mine_00323,Silica Sand,0.409,0.717,0.506,4.1,150.2,synthetic_geological_survey
324,Mine_00324,Granite,0.758,0.284,0.283,3.95,66.9,synthetic_geological_survey
325,Mine_00325,Salt,1.005,0.223,0.28,3.12,103.68,synthetic_geological_survey
326,Mine_00326,Marble,0.842,0.393,0.207,2.8,71.27,synthetic_geological_survey
327,Mine_00327,Marble,0.635,0.296,0.665,4.91,44.14,synthetic_geological_survey
328,Mine_00328,Sand,0.259,0.69,0.646,3.7,87.84,synthetic_geological_survey
329,Mine_00329,Sand,0.315,0.84,0.614,1.8,46.12,synthetic_geological_survey
330,Mine_00330,Sandstone,0.5,0.6,0.722,4.49,72.75,synthetic_geological_survey
331,Mine_00331,Granite,0.913,0.342,0.54,2.83,34.83,synthetic_geological_survey
332,Mine_00332,Limestone,0.516,0.43,0.698,2.03,180.47,synthetic_geological_survey
333,Mine_00333,Sandstone,0.549,0.659,0.747,3.38,69.37,synthetic_geological_survey
334,Mine_00334,Salt,0.974,0.217,0.47,1.51,142.93,synthetic_geological_survey
335,Mine_00335,Limestone,0.58,0.483,0.44,2.99,27.51,synthetic_geological_survey
336,Mine_00336,Salt,1.022,0.227,0.631,3.57,106.46,synthetic_geological_survey
337,Mine_00337,Iron Ore,0.719,0.411,0.685,0.73,39.96,synthetic_geological_survey
338,Mine_00338,Granite,0.699,0.262,0.463,1.41,111.71,synthetic_geological_survey
339,Mine_00339,Sandstone,0.5,0.601,0.503,4.36,23.5,synthetic_geological_survey
340,Mine_00340,Sand,0.337,0.9,0.379,1.91,196.8,synthetic_geological_survey
341,Mine_00341,Silica Sand,0.455,0.797,0.512,4.98,124.81,synthetic_geological_survey
342,Mine_00342,Marble,0.659,0.308,0.293,2.7,49.21,synthetic_geological_survey
343,Mine_00343,Limestone,0.504,0.42,0.601,2.81,153.91,synthetic_geological_survey
344,Mine_00344,Limestone,0.531,0.442,0.604,0.85,85.25,synthetic_geological_survey
345,Mine_00345,Salt,1.064,0.236,0.585,2.3,77.81,synthetic_geological_survey
346,Mine_00346,Sand,0.329,0.878,0.415,2.9,98.3,synthetic_geological_survey
347,Mine_00347,Silica Sand,0.402,0.704,0.324,3.71,61.25,synthetic_geological_survey
348,Mine_00348,Salt,0.932,0.207,0.228,3.87,55.97,synthetic_geological_survey
349,Mine_00349,Granite,0.693,0.26,0.572,4.63,198.04,synthetic_geological_survey
350,Mine_00350,Salt,1.045,0.232,0.352,1.5,194.92,synthetic_geological_survey
351,Mine_00351,Granite,0.897,0.336,0.479,2.33,66.25,synthetic_geological_survey
352,Mine_00352,Marble,0.854,0.398,0.724,2.34,135.33,synthetic_geological_survey
353,Mine_00353,Silica Sand,0.473,0.829,0.432,3.76,187.46,synthetic_geological_survey
354,Mine_00354,Sand,0.327,0.872,0.563,0.52,121.56,synthetic_geological_survey
355,Mine_00355,Salt,0.799,0.178,0.515,0.78,101.18,synthetic_geological_survey
356,Mine_00356,Marble,0.658,0.307,0.551,2.23,48.19,synthetic_geological_survey
357,Mine_00357,Sandstone,0.509,0.611,0.492,3.5,131.93,synthetic_geological_survey
358,Mine_00358,Granite,0.924,0.347,0.403,3.87,172.63,synthetic_geological_survey
359,Mine_00359,Silica Sand,0.403,0.705,0.443,0.73,151.63,synthetic_geological_survey
360,Mine_00360,Sand,0.27,0.721,0.69,3.77,142.57,synthetic_geological_survey
361,Mine_00361,Marble,0.863,0.403,0.64,4.03,83.89,synthetic_geological_survey
362,Mine_00362,Sand,0.309,0.825,0.628,2.98,149.05,synthetic_geological_survey
363,Mine_00363,Granite,0.872,0.327,0.362,3.3,174.28,synthetic_geological_survey
364,Mine_00364,Limestone,0.67,0.558,0.78,3.07,71.74,synthetic_geological_survey
365,Mine_00365,Iron Ore,0.589,0.336,0.313,0.56,96.53,synthetic_geological_survey
366,Mine_00366,Marble,0.793,0.37,0.276,3.35,62.11,synthetic_geological_survey
367,Mine_00367,Sandstone,0.563,0.676,0.283,4.54,29.96,synthetic_geological_survey
368,Mine_00368,Granite,0.805,0.302,0.471,3.19,148.04,synthetic_geological_survey
369,Mine_00369,Granite,0.831,0.312,0.688,4.82,104.44,synthetic_geological_survey
370,Mine_00370,Sand,0.322,0.858,0.34,4.86,102.13,synthetic_geological_survey
371,Mine_00371,Sandstone,0.42,0.504,0.605,2.45,29.73,synthetic_geological_survey
372,Mine_00372,Silica Sand,0.384,0.673,0.586,1.08,62.49,synthetic_geological_survey
373,Mine_00373,Limestone,0.675,0.562,0.554,1.22,125.43,synthetic_geological_survey
374,Mine_00374,Salt,0.822,0.183,0.357,1.02,112.1,synthetic_geological_survey
375,Mine_00375,Iron Ore,0.6,0.343,0.286,2.64,136.4,synthetic_geological_survey
376,Mine_00376,Marble,0.608,0.284,0.641,3.24,157.05,synthetic_geological_survey
377,Mine_00377,Limestone,0.576,0.48,0.439,3.65,167.58,synthetic_geological_survey
378,Mine_00378,Salt,0.982,0.218,0.414,4.06,109.28,synthetic_geological_survey
379,Mine_00379,Sandstone,0.458,0.55,0.432,2.96,25.17,synthetic_geological_survey
380,Mine_00380,Limestone,0.585,0.488,0.699,3.12,60.99,synthetic_geological_survey
381,Mine_00381,Marble,0.722,0.337,0.728,1.5,48.7,synthetic_geological_survey
382,Mine_00382,Granite,0.799,0.3,0.683,2.09,109.47,synthetic_geological_survey
383,Mine_00383,Salt,0.902,0.201,0.785,1.3,123.94,synthetic_geological_survey
384,Mine_00384,Granite,0.645,0.242,0.459,1.26,130.74,synthetic_geological_survey
385,Mine_00385,Granite,0.724,0.271,0.638,4.36,26.63,synthetic_geological_survey
386,Mine_00386,Silica Sand,0.403,0.706,0.522,4.23,84.13,synthetic_geological_survey
387,Mine_00387,Sandstone,0.425,0.51,0.33,1.97,54.44,synthetic_geological_survey
388,Mine_00388,Salt,1.038,0.231,0.623,2.09,175.07,synthetic_geological_survey
389,Mine_00389,Marble,0.798,0.373,0.205,0.66,190.57,synthetic_geological_survey
390,Mine_00390,Sandstone,0.474,0.569,0.588,3.04,144.45,synthetic_geological_survey
391,Mine_00391,Sandstone,0.461,0.553,0.582,2.73,39.82,synthetic_geological_survey
392,Mine_00392,Limestone,0.551,0.459,0.267,4.92,76.65,synthetic_geological_survey
393,Mine_00393,Salt,0.934,0.208,0.604,4.85,80.28,synthetic_geological_survey
394,Mine_00394,Iron Ore,0.669,0.382,0.575,3.86,170.46,synthetic_geological_survey
395,Mine_00395,Marble,0.697,0.325,0.578,3.62,66.57,synthetic_geological_survey
396,Mine_00396,Salt,1.069,0.238,0.443,1.49,188.91,synthetic_geological_survey
397,Mine_00397,Iron Ore,0.688,0.393,0.755,4.52,116.0,synthetic_geological_survey
398,Mine_00398,Sand,0.349,0.93,0.638,1.26,128.93,synthetic_geological_survey
399,Mine_00399,Silica Sand,0.33,0.578,0.587,2.12,50.68,synthetic_geological_survey
400,Mine_00400,Sand,0.291,0.776,0.354,4.49,54.29,synthetic_geological_survey
401,Mine_00401,Limestone,0.682,0.568,0.314,3.61,100.65,synthetic_geological_survey
402,Mine_00402,Granite,0.772,0.29,0.341,4.46,188.17,synthetic_geological_survey
403,Mine_00403,Iron Ore,0.562,0.321,0.619,3.77,26.97,synthetic_geological_survey
404,Mine_00404,Marble,0.897,0.419,0.794,1.73,168.35,synthetic_geological_survey
405,Mine_00405,Silica Sand,0.408,0.715,0.39,4.74,104.18,synthetic_geological_survey
406,Mine_00406,Sandstone,0.578,0.694,0.257,3.41,158.12,synthetic_geological_survey
407,Mine_00407,Granite,0.719,0.269,0.59,1.32,174.75,synthetic_geological_survey
408,Mine_00408,Iron Ore,0.689,0.394,0.492,4.09,35.7,synthetic_geological_survey
409,Mine_00409,Salt,0.975,0.217,0.61,2.6,140.82,synthetic_geological_survey
410,Mine_00410,Sand,0.309,0.825,0.237,4.04,95.04,synthetic_geological_survey
411,Mine_00411,Sand,0.259,0.69,0.414,4.9,76.52,synthetic_geological_survey
412,Mine_00412,Marble,0.649,0.303,0.452,0.72,97.34,synthetic_geological_survey
413,Mine_00413,Iron Ore,0.586,0.335,0.464,1.58,104.96,synthetic_geological_survey
414,Mine_00414,Silica Sand,0.415,0.726,0.58,0.79,25.96,synthetic_geological_survey
415,Mine_00415,Iron Ore,0.832,0.475,0.641,4.11,190.98,synthetic_geological_survey
416,Mine_00416,Granite,0.95,0.356,0.345,1.6,30.19,synthetic_geological_survey
417,Mine_00417,Sandstone,0.507,0.609,0.26,4.88,143.32,synthetic_geological_survey
418,Mine_00418,Sand,0.249,0.664,0.333,2.25,103.47,synthetic_geological_survey
419,Mine_00419,Silica Sand,0.374,0.655,0.629,4.71,158.76,synthetic_geological_survey
420,Mine_00420,Granite,0.778,0.292,0.437,1.71,106.25,synthetic_geological_survey
421,Mine_00421,Limestone,0.633,0.527,0.697,4.36,48.44,synthetic_geological_survey
422,Mine_00422,Sandstone,0.521,0.626,0.412,1.79,143.04,synthetic_geological_survey
423,Mine_00423,Limestone,0.649,0.541,0.266,1.33,36.2,synthetic_geological_survey
424,Mine_00424,Granite,0.679,0.255,0.417,4.66,49.47,synthetic_geological_survey
425,Mine_00425,Salt,1.039,0.231,0.459,2.36,39.44,synthetic_geological_survey
426,Mine_00426,Silica Sand,0.342,0.599,0.61,2.5,123.75,synthetic_geological_survey
427,Mine_00427,Sandstone,0.549,0.659,0.627,2.23,162.05,synthetic_geological_survey
428,Mine_00428,Marble,0.891,0.416,0.41,2.33,110.12,synthetic_geological_survey
429,Mine_00429,Salt,1.047,0.233,0.449,4.46,134.09,synthetic_geological_survey
430,Mine_00430,Silica Sand,0.366,0.641,0.79,2.83,48.81,synthetic_geological_survey
431,Mine_00431,Iron Ore,0.695,0.397,0.243,3.3,182.29,synthetic_geological_survey
432,Mine_00432,Silica Sand,0.377,0.659,0.738,2.32,56.73,synthetic_geological_survey
433,Mine_00433,Granite,0.912,0.342,0.552,1.73,114.43,synthetic_geological_survey
434,Mine_00434,Sandstone,0.489,0.587,0.306,2.66,183.09,synthetic_geological_survey
435,Mine_00435,Granite,0.808,0.303,0.737,0.95,194.04,synthetic_geological_survey
436,Mine_00436,Sand,0.342,0.912,0.625,3.97,171.33,synthetic_geological_survey
437,Mine_00437,Sand,0.348,0.928,0.264,4.23,97.14,synthetic_geological_survey
438,Mine_00438,Sandstone,0.485,0.582,0.642,4.75,162.47,synthetic_geological_survey
439,Mine_00439,Marble,0.653,0.305,0.789,4.87,58.67,synthetic_geological_survey
440,Mine_00440,Sand,0.306,0.815,0.499,0.51,181.38,synthetic_geological_survey
441,Mine_00441,Sand,0.243,0.649,0.748,3.09,29.49,synthetic_geological_survey
442,Mine_00442,Granite,0.647,0.243,0.748,2.31,99.92,synthetic_geological_survey
443,Mine_00443,Limestone,0.69,0.575,0.516,1.78,186.6,synthetic_geological_survey
444,Mine_00444,Granite,0.784,0.294,0.706,3.12,103.76,synthetic_geological_survey
445,Mine_00445,Iron Ore,0.777,0.444,0.788,4.64,108.36,synthetic_geological_survey
446,Mine_00446,Iron Ore,0.706,0.404,0.622,1.4,138.78,synthetic_geological_survey
447,Mine_00447,Sand,0.359,0.957,0.548,1.62,74.36,synthetic_geological_survey
448,Mine_00448,Limestone,0.631,0.526,0.388,4.33,50.43,synthetic_geological_survey
449,Mine_00449,Limestone,0.597,0.497,0.415,1.22,161.49,synthetic_geological_survey
450,Mine_00450,Iron Ore,0.719,0.411,0.789,3.74,105.06,synthetic_geological_survey
451,Mine_00451,Salt,0.753,0.167,0.778,2.05,105.36,synthetic_geological_survey
452,Mine_00452,Granite,0.829,0.311,0.3,0.94,134.18,synthetic_geological_survey
453,Mine_00453,Iron Ore,0.646,0.369,0.623,1.38,177.21,synthetic_geological_survey
454,Mine_00454,Salt,0.784,0.174,0.698,3.54,159.03,synthetic_geological_survey
455,Mine_00455,Granite,0.938,0.352,0.794,4.84,82.91,synthetic_geological_survey
456,Mine_00456,Sandstone,0.555,0.666,0.491,3.48,159.78,synthetic_geological_survey
457,Mine_00457,Iron Ore,0.631,0.36,0.576,0.56,101.25,synthetic_geological_survey
458,Mine_00458,Limestone,0.56,0.467,0.385,2.36,162.94,synthetic_geological_survey
459,Mine_00459,Limestone,0.613,0.511,0.446,4.14,74.9,synthetic_geological_survey
460,Mine_00460,Granite,0.641,0.241,0.377,2.8,190.46,synthetic_geological_survey
461,Mine_00461,Sandstone,0.439,0.526,0.304,2.6,105.04,synthetic_geological_survey
462,Mine_00462,Limestone,0.578,0.482,0.29,2.83,54.17,synthetic_geological_survey
463,Mine_00463,Sandstone,0.511,0.614,0.64,2.25,146.76,synthetic_geological_survey
464,Mine_00464,Sandstone,0.508,0.609,0.767,3.95,166.68,synthetic_geological_survey
465,Mine_00465,Salt,0.888,0.197,0.668,0.52,28.72,synthetic_geological_survey
466,Mine_00466,Marble,0.894,0.417,0.343,2.54,129.38,synthetic_geological_survey
467,Mine_00467,Iron Ore,0.792,0.452,0.306,2.92,175.59,synthetic_geological_survey
468,Mine_00468,Marble,0.73,0.341,0.79,3.64,125.54,synthetic_geological_survey
469,Mine_00469,Granite,0.733,0.275,0.546,2.66,115.3,synthetic_geological_survey
470,Mine_00470,Sand,0.295,0.786,0.783,3.49,170.38,synthetic_geological_survey
471,Mine_00471,Iron Ore,0.591,0.338,0.582,2.36,97.73,synthetic_geological_survey
472,Mine_00472,Iron Ore,0.673,0.385,0.353,1.83,100.95,synthetic_geological_survey
473,Mine_00473,Iron Ore,0.724,0.414,0.582,3.1,168.41,synthetic_geological_survey
474,Mine_00474,Granite,0.707,0.265,0.334,3.2,149.73,synthetic_geological_survey
475,Mine_00475,Sand,0.242,0.646,0.474,2.52,142.59,synthetic_geological_survey
476,Mine_00476,Iron Ore,0.671,0.383,0.681,2.35,131.69,synthetic_geological_survey
477,Mine_00477,Granite,0.866,0.325,0.554,2.75,148.07,synthetic_geological_survey
478,Mine_00478,Limestone,0.719,0.599,0.64,4.95,106.88,synthetic_geological_survey
479,Mine_00479,Marble,0.622,0.29,0.505,2.32,135.66,synthetic_geological_survey
480,Mine_00480,Marble,0.815,0.38,0.335,1.98,164.27,synthetic_geological_survey
481,Mine_00481,Sand,0.296,0.789,0.614,2.06,77.5,synthetic_geological_survey
482,Mine_00482,Iron Ore,0.588,0.336,0.44,4.32,83.39,synthetic_geological_survey
483,Mine_00483,Sandstone,0.549,0.658,0.642,4.83,33.57,synthetic_geological_survey
484,Mine_00484,Limestone,0.587,0.489,0.436,3.9,156.1,synthetic_geological_survey
485,Mine_00485,Sand,0.339,0.905,0.569,2.12,95.08,synthetic_geological_survey
486,Mine_00486,Sandstone,0.494,0.593,0.396,2.98,22.31,synthetic_geological_survey
487,Mine_00487,Sandstone,0.597,0.716,0.26,2.84,92.64,synthetic_geological_survey
488,Mine_00488,Limestone,0.576,0.48,0.425,1.7,171.19,synthetic_geological_survey
489,Mine_00489,Marble,0.668,0.312,0.392,3.66,161.13,synthetic_geological_survey
490,Mine_00490,Sandstone,0.533,0.64,0.53,1.81,198.75,synthetic_geological_survey
491,Mine_00491,Limestone,0.705,0.588,0.248,2.31,191.77,synthetic_geological_survey
492,Mine_00492,Limestone,0.698,0.582,0.258,4.93,42.57,synthetic_geological_survey
493,Mine_00493,Salt,0.739,0.164,0.203,3.24,162.93,synthetic_geological_survey
494,Mine_00494,Granite,0.803,0.301,0.334,2.63,96.49,synthetic_geological_survey
495,Mine_00495,Limestone,0.679,0.566,0.615,0.84,118.48,synthetic_geological_survey
496,Mine_00496,Iron Ore,0.652,0.373,0.222,2.15,179.47,synthetic_geological_survey
497,Mine_00497,Sand,0.331,0.884,0.459,4.08,92.52,synthetic_geological_survey
498,Mine_00498,Iron Ore,0.65,0.372,0.719,4.11,191.18,synthetic_geological_survey
499,Mine_00499,Iron Ore,0.609,0.348,0.765,4.96,28.81,synthetic_geological_survey
500,Mine_00500,Iron Ore,0.58,0.332,0.566,4.15,119.45,synthetic_geological_survey
501,Mine_00501,Granite,0.951,0.357,0.502,4.8,123.52,synthetic_geological_survey
502,Mine_00502,Granite,0.908,0.34,0.404,4.15,169.53,synthetic_geological_survey
503,Mine_00503,Sandstone,0.445,0.534,0.454,3.1,174.03,synthetic_geological_survey
504,Mine_00504,Marble,0.879,0.41,0.427,3.25,76.84,synthetic_geological_survey
505,Mine_00505,Iron Ore,0.561,0.321,0.225,2.93,22.7,synthetic_geological_survey
506,Mine_00506,Sandstone,0.517,0.62,0.798,4.94,150.24,synthetic_geological_survey
507,Mine_00507,Marble,0.788,0.368,0.732,3.95,199.89,synthetic_geological_survey
508,Mine_00508,Silica Sand,0.404,0.707,0.575,4.25,145.7,synthetic_geological_survey
509,Mine_00509,Granite,0.865,0.324,0.311,4.76,108.35,synthetic_geological_survey
510,Mine_00510,Iron Ore,0.663,0.379,0.638,4.31,165.7,synthetic_geological_survey
511,Mine_00511,Silica Sand,0.458,0.802,0.631,3.36,146.8,synthetic_geological_survey
512,Mine_00512,Marble,0.81,0.378,0.262,1.0,78.2,synthetic_geological_survey
513,Mine_00513,Sand,0.31,0.827,0.697,4.67,198.96,synthetic_geological_survey
514,Mine_00514,Sandstone,0.494,0.593,0.744,3.54,108.49,synthetic_geological_survey
515,Mine_00515,Limestone,0.655,0.546,0.411,3.12,156.37,synthetic_geological_survey
516,Mine_00516,Granite,0.802,0.301,0.332,1.2,31.13,synthetic_geological_survey
517,Mine_00517,Granite,0.879,0.33,0.441,1.35,136.93,synthetic_geological_survey
518,Mine_00518,Iron Ore,0.806,0.46,0.463,1.46,149.61,synthetic_geological_survey
519,Mine_00519,Sand,0.257,0.685,0.302,1.18,165.16,synthetic_geological_survey
520,Mine_00520,Sand,0.284,0.757,0.54,4.87,46.52,synthetic_geological_survey
521,Mine_00521,Granite,0.838,0.314,0.707,1.16,160.25,synthetic_geological_survey
522,Mine_00522,Salt,0.851,0.189,0.775,2.82,157.27,synthetic_geological_survey
523,Mine_00523,Silica Sand,0.414,0.725,0.796,0.9,156.45,synthetic_geological_survey
524,Mine_00524,Marble,0.828,0.387,0.338,2.19,75.12,synthetic_geological_survey
525,Mine_00525,Iron Ore,0.564,0.322,0.604,0.6,26.22,synthetic_geological_survey
526,Mine_00526,Salt,1.006,0.223,0.628,3.18,126.36,synthetic_geological_survey
527,Mine_00527,Iron Ore,0.65,0.371,0.383,3.44,125.25,synthetic_geological_survey
528,Mine_00528,Iron Ore,0.616,0.352,0.676,2.0,26.69,synthetic_geological_survey
529,Mine_00529,Limestone,0.65,0.542,0.356,4.52,37.24,synthetic_geological_survey
530,Mine_00530,Sand,0.296,0.789,0.313,4.88,133.46,synthetic_geological_survey
531,Mine_00531,Silica Sand,0.432,0.757,0.497,2.75,151.76,synthetic_geological_survey
532,Mine_00532,Sand,0.321,0.855,0.289,4.14,68.73,synthetic_geological_survey
533,Mine_00533,Salt,0.914,0.203,0.355,3.48,170.48,synthetic_geological_survey
534,Mine_00534,Sandstone,0.564,0.676,0.313,3.85,99.26,synthetic_geological_survey
535,Mine_00535,Granite,0.796,0.298,0.255,3.51,86.59,synthetic_geological_survey
536,Mine_00536,Iron Ore,0.835,0.477,0.328,3.29,109.58,synthetic_geological_survey
537,Mine_00537,Sandstone,0.496,0.596,0.453,0.92,50.69,synthetic_geological_survey
538,Mine_00538,Marble,0.742,0.346,0.402,2.24,182.34,synthetic_geological_survey
539,Mine_00539,Granite,0.667,0.25,0.338,4.89,69.63,synthetic_geological_survey
540,Mine_00540,Salt,1.004,0.223,0.587,4.88,46.74,synthetic_geological_survey
541,Mine_00541,Sand,0.327,0.871,0.302,0.51,74.36,synthetic_geological_survey
542,Mine_00542,Marble,0.785,0.366,0.463,4.24,22.45,synthetic_geological_survey
543,Mine_00543,Salt,0.873,0.194,0.551,3.58,121.31,synthetic_geological_survey
544,Mine_00544,Iron Ore,0.606,0.347,0.649,4.89,163.86,synthetic_geological_survey
545,Mine_00545,Limestone,0.536,0.447,0.789,1.31,52.46,synthetic_geological_survey
546,Mine_00546,Sand,0.304,0.81,0.502,1.13,136.63,synthetic_geological_survey
547,Mine_00547,Granite,0.928,0.348,0.586,3.68,177.74,synthetic_geological_survey
548,Mine_00548,Sand,0.347,0.924,0.627,1.9,187.38,synthetic_geological_survey
549,Mine_00549,Marble,0.682,0.318,0.745,4.85,154.82,synthetic_geological_survey
550,Mine_00550,Sandstone,0.465,0.558,0.768,3.64,182.03,synthetic_geological_survey
551,Mine_00551,Silica Sand,0.383,0.67,0.571,0.95,147.36,synthetic_geological_survey
552,Mine_00552,Salt,0.82,0.182,0.271,3.02,30.88,synthetic_geological_survey
553,Mine_00553,Limestone,0.707,0.589,0.379,4.57,87.14,synthetic_geological_survey
554,Mine_00554,Silica Sand,0.473,0.828,0.576,3.95,185.76,synthetic_geological_survey
555,Mine_00555,Silica Sand,0.374,0.655,0.433,3.64,198.28,synthetic_geological_survey
556,Mine_00556,Salt,0.859,0.191,0.354,0.81,29.61,synthetic_geological_survey
557,Mine_00557,Sandstone,0.475,0.57,0.337,3.85,53.69,synthetic_geological_survey
558,Mine_00558,Silica Sand,0.345,0.604,0.237,4.98,164.48,synthetic_geological_survey
559,Mine_00559,Salt,0.814,0.181,0.321,2.81,160.25,synthetic_geological_survey
560,Mine_00560,Marble,0.672,0.314,0.375,1.27,64.41,synthetic_geological_survey
561,Mine_00561,Iron Ore,0.752,0.43,0.323,1.3,85.34,synthetic_geological_survey
562,Mine_00562,Salt,0.818,0.182,0.36,1.78,183.0,synthetic_geological_survey
563,Mine_00563,Sandstone,0.497,0.597,0.35,3.75,189.82,synthetic_geological_survey
564,Mine_00564,Iron Ore,0.813,0.465,0.571,2.28,140.69,synthetic_geological_survey
565,Mine_00565,Marble,0.775,0.362,0.392,2.83,116.4,synthetic_geological_survey
566,Mine_00566,Silica Sand,0.438,0.766,0.224,0.75,170.32,synthetic_geological_survey
567,Mine_00567,Marble,0.749,0.349,0.426,1.85,86.99,synthetic_geological_survey
568,Mine_00568,Sandstone,0.518,0.621,0.297,4.69,62.53,synthetic_geological_survey
569,Mine_00569,Sandstone,0.465,0.558,0.243,3.98,145.63,synthetic_geological_survey
570,Mine_00570,Silica Sand,0.438,0.766,0.304,1.95,77.73,synthetic_geological_survey
571,Mine_00571,Marble,0.782,0.365,0.396,3.02,181.44,synthetic_geological_survey
572,Mine_00572,Sandstone,0.565,0.678,0.348,3.81,65.0,synthetic_geological_survey
573,Mine_00573,Granite,0.743,0.278,0.563,2.93,110.7,synthetic_geological_survey
574,Mine_00574,Limestone,0.549,0.457,0.621,0.71,185.41,synthetic_geological_survey
575,Mine_00575,Limestone,0.659,0.549,0.66,1.38,43.64,synthetic_geological_survey
576,Mine_00576,Silica Sand,0.356,0.623,0.643,1.81,125.79,synthetic_geological_survey
577,Mine_00577,Iron Ore,0.809,0.462,0.214,3.61,105.66,synthetic_geological_survey
578,Mine_00578,Silica Sand,0.396,0.694,0.423,4.11,99.78,synthetic_geological_survey
579,Mine_00579,Granite,0.904,0.339,0.222,3.91,146.86,synthetic_geological_survey
580,Mine_00580,Sandstone,0.593,0.712,0.415,4.12,173.21,synthetic_geological_survey
581,Mine_00581,Salt,0.73,0.162,0.711,2.61,33.13,synthetic_geological_survey
582,Mine_00582,Marble,0.784,0.366,0.35,1.96,131.93,synthetic_geological_survey
583,Mine_00583,Granite,0.663,0.249,0.32,1.86,150.83,synthetic_geological_survey
584,Mine_00584,Salt,0.749,0.166,0.583,2.57,122.36,synthetic_geological_survey
585,Mine_00585,Iron Ore,0.729,0.417,0.742,4.82,30.75,synthetic_geological_survey
586,Mine_00586,Iron Ore,0.588,0.336,0.577,1.22,69.55,synthetic_geological_survey
587,Mine_00587,Limestone,0.645,0.537,0.233,4.49,127.37,synthetic_geological_survey
588,Mine_00588,Sand,0.269,0.717,0.471,3.6,38.84,synthetic_geological_survey
589,Mine_00589,Salt,0.927,0.206,0.746,2.38,148.89,synthetic_geological_survey
590,Mine_00590,Limestone,0.539,0.449,0.355,1.47,62.85,synthetic_geological_survey
591,Mine_00591,Iron Ore,0.769,0.44,0.666,2.99,195.23,synthetic_geological_survey
592,Mine_00592,Salt,1.01,0.225,0.312,1.99,170.1,synthetic_geological_survey
593,Mine_00593,Granite,0.742,0.278,0.587,3.86,78.71,synthetic_geological_survey
594,Mine_00594,Sandstone,0.49,0.588,0.21,1.53,64.18,synthetic_geological_survey
595,Mine_00595,Marble,0.707,0.33,0.383,4.96,160.19,synthetic_geological_survey
596,Mine_00596,Limestone,0.526,0.438,0.706,0.5,73.22,synthetic_geological_survey
597,Mine_00597,Marble,0.841,0.392,0.691,4.55,95.5,synthetic_geological_survey
598,Mine_00598,Silica Sand,0.352,0.616,0.341,2.61,188.36,synthetic_geological_survey
599,Mine_00599,Sand,0.36,0.959,0.234,0.94,156.74,synthetic_geological_survey
600,Mine_00600,Marble,0.875,0.409,0.689,1.59,143.47,synthetic_geological_survey
601,Mine_00601,Salt,0.897,0.199,0.621,2.88,142.51,synthetic_geological_survey
602,Mine_00602,Silica Sand,0.353,0.617,0.586,4.06,164.71,synthetic_geological_survey
603,Mine_00603,Silica Sand,0.337,0.59,0.587,3.63,144.92,synthetic_geological_survey
604,Mine_00604,Sand,0.301,0.804,0.255,1.1,98.81,synthetic_geological_survey
605,Mine_00605,Sandstone,0.507,0.608,0.404,4.66,56.08,synthetic_geological_survey
606,Mine_00606,Sand,0.321,0.856,0.782,3.0,24.93,synthetic_geological_survey
607,Mine_00607,Limestone,0.603,0.502,0.626,2.65,56.12,synthetic_geological_survey
608,Mine_00608,Iron Ore,0.707,0.404,0.485,1.61,22.02,synthetic_geological_survey
609,Mine_00609,Limestone,0.561,0.467,0.275,4.91,188.87,synthetic_geological_survey
610,Mine_00610,Silica Sand,0.423,0.74,0.372,3.42,36.53,synthetic_geological_survey
611,Mine_00611,Granite,0.881,0.33,0.76,1.6,37.81,synthetic_geological_survey
612,Mine_00612,Sandstone,0.6,0.719,0.702,1.12,129.87,synthetic_geological_survey
613,Mine_00613,Sand,0.262,0.699,0.51,0.98,42.56,synthetic_geological_survey
614,Mine_00614,Sand,0.33,0.88,0.489,3.62,109.58,synthetic_geological_survey
615,Mine_00615,Sandstone,0.464,0.557,0.624,1.7,114.41,synthetic_geological_survey
616,Mine_00616,Sand,0.272,0.725,0.606,4.41,127.79,synthetic_geological_survey
617,Mine_00617,Salt,1.076,0.239,0.637,0.97,157.99,synthetic_geological_survey
618,Mine_00618,Iron Ore,0.792,0.453,0.786,3.77,66.83,synthetic_geological_survey
619,Mine_00619,Sandstone,0.572,0.687,0.663,0.9,85.42,synthetic_geological_survey
620,Mine_00620,Iron Ore,0.661,0.378,0.711,4.45,27.82,synthetic_geological_survey
621,Mine_00621,Granite,0.77,0.289,0.464,3.7,55.54,synthetic_geological_survey
622,Mine_00622,Limestone,0.497,0.414,0.386,4.75,180.18,synthetic_geological_survey
623,Mine_00623,Sandstone,0.568,0.682,0.25,2.16,79.72,synthetic_geological_survey
624,Mine_00624,Iron Ore,0.624,0.357,0.224,1.13,143.11,synthetic_geological_survey
625,Mine_00625,Limestone,0.675,0.562,0.45,1.54,158.78,synthetic_geological_survey
626,Mine_00626,Salt,0.928,0.206,0.33,4.65,117.35,synthetic_geological_survey
627,Mine_00627,Silica Sand,0.418,0.731,0.503,4.19,98.05,synthetic_geological_survey
628,Mine_00628,Sandstone,0.564,0.677,0.273,3.44,177.51,synthetic_geological_survey
629,Mine_00629,Salt,0.792,0.176,0.356,3.61,88.49,synthetic_geological_survey
630,Mine_00630,Sandstone,0.531,0.637,0.426,3.08,154.89,synthetic_geological_survey
631,Mine_00631,Salt,0.935,0.208,0.69,3.67,27.76,synthetic_geological_survey
632,Mine_00632,Limestone,0.612,0.51,0.574,4.84,20.5,synthetic_geological_survey
633,Mine_00633,Iron Ore,0.716,0.409,0.781,4.57,116.53,synthetic_geological_survey
634,Mine_00634,Granite,0.959,0.36,0.761,3.07,104.66,synthetic_geological_survey
635,Mine_00635,Salt,0.877,0.195,0.57,3.7,127.67,synthetic_geological_survey
636,Mine_00636,Sand,0.284,0.758,0.647,1.55,109.13,synthetic_geological_survey
637,Mine_00637,Limestone,0.669,0.558,0.734,1.16,91.55,synthetic_geological_survey
638,Mine_00638,Sandstone,0.575,0.69,0.254,2.12,190.67,synthetic_geological_survey
639,Mine_00639,Salt,0.95,0.211,0.536,1.67,93.4,synthetic_geological_survey
640,Mine_00640,Salt,0.764,0.17,0.312,0.83,154.65,synthetic_geological_survey
641,Mine_00641,Salt,0.827,0.184,0.228,1.67,121.31,synthetic_geological_survey
642,Mine_00642,Iron Ore,0.701,0.401,0.384,2.73,94.94,synthetic_geological_survey
643,Mine_00643,Iron Ore,0.706,0.403,0.429,1.42,80.85,synthetic_geological_survey
644,Mine_00644,Sandstone,0.52,0.624,0.65,2.23,145.33,synthetic_geological_survey
645,Mine_00645,Salt,1.073,0.238,0.642,1.42,93.28,synthetic_geological_survey
646,Mine_00646,Sandstone,0.494,0.593,0.7,3.47,29.91,synthetic_geological_survey
647,Mine_00647,Iron Ore,0.833,0.476,0.504,3.99,55.72,synthetic_geological_survey
648,Mine_00648,Silica Sand,0.429,0.751,0.469,3.53,197.27,synthetic_geological_survey
649,Mine_00649,Limestone,0.532,0.443,0.598,3.1,102.41,synthetic_geological_survey
650,Mine_00650,Salt,0.722,0.161,0.233,2.91,166.03,synthetic_geological_survey
651,Mine_00651,Sandstone,0.582,0.698,0.478,1.68,110.51,synthetic_geological_survey
652,Mine_00652,Silica Sand,0.375,0.656,0.231,4.73,87.0,synthetic_geological_survey
653,Mine_00653,Silica Sand,0.435,0.761,0.676,4.7,96.99,synthetic_geological_survey
654,Mine_00654,Limestone,0.578,0.482,0.525,4.35,170.66,synthetic_geological_survey
655,Mine_00655,Silica Sand,0.335,0.586,0.445,3.54,179.77,synthetic_geological_survey
656,Mine_00656,Sandstone,0.411,0.493,0.455,1.43,182.21,synthetic_geological_survey
657,Mine_00657,Salt,1.037,0.231,0.627,3.16,61.86,synthetic_geological_survey
658,Mine_00658,Salt,0.725,0.161,0.213,3.15,62.44,synthetic_geological_survey
659,Mine_00659,Sandstone,0.514,0.617,0.681,3.35,42.49,synthetic_geological_survey
660,Mine_00660,Iron Ore,0.588,0.336,0.702,4.88,176.77,synthetic_geological_survey
661,Mine_00661,Sand,0.29,0.774,0.72,4.42,124.01,synthetic_geological_survey
662,Mine_00662,Granite,0.879,0.33,0.548,4.87,185.49,synthetic_geological_survey
663,Mine_00663,Limestone,0.558,0.465,0.561,3.93,150.73,synthetic_geological_survey
664,Mine_00664,Salt,0.762,0.169,0.287,4.85,91.44,synthetic_geological_survey
665,Mine_00665,Salt,0.779,0.173,0.215,0.62,196.04,synthetic_geological_survey
666,Mine_00666,Sandstone,0.402,0.482,0.222,2.34,88.99,synthetic_geological_survey
667,Mine_00667,Salt,0.933,0.207,0.69,1.47,117.84,synthetic_geological_survey
668,Mine_00668,Sand,0.301,0.803,0.599,1.12,108.84,synthetic_geological_survey
669,Mine_00669,Marble,0.755,0.352,0.435,2.3,22.83,synthetic_geological_survey
670,Mine_00670,Salt,0.829,0.184,0.761,0.7,58.49,synthetic_geological_survey
671,Mine_00671,Granite,0.764,0.286,0.582,3.67,62.3,synthetic_geological_survey
672,Mine_00672,Limestone,0.609,0.508,0.426,1.1,107.43,synthetic_geological_survey
673,Mine_00673,Sandstone,0.586,0.704,0.506,3.78,126.3,synthetic_geological_survey
674,Mine_00674,Sandstone,0.522,0.626,0.608,2.02,81.64,synthetic_geological_survey
675,Mine_00675,Granite,0.711,0.267,0.651,1.16,183.36,synthetic_geological_survey
676,Mine_00676,Sandstone,0.596,0.715,0.475,1.6,116.25,synthetic_geological_survey
677,Mine_00677,Sand,0.278,0.743,0.667,2.73,143.62,synthetic_geological_survey
678,Mine_00678,Sand,0.334,0.891,0.564,1.24,30.81,synthetic_geological_survey
679,Mine_00679,Silica Sand,0.473,0.828,0.477,0.64,91.99,synthetic_geological_survey
680,Mine_00680,Silica Sand,0.416,0.729,0.462,4.31,37.28,synthetic_geological_survey
681,Mine_00681,Granite,0.815,0.306,0.395,1.96,168.65,synthetic_geological_survey
682,Mine_00682,Sand,0.299,0.797,0.621,3.27,59.73,synthetic_geological_survey
683,Mine_00683,Sandstone,0.404,0.484,0.279,3.4,29.93,synthetic_geological_survey
684,Mine_00684,Granite,0.653,0.245,0.362,1.51,62.94,synthetic_geological_survey
685,Mine_00685,Sand,0.356,0.949,0.745,2.29,155.68,synthetic_geological_survey
686,Mine_00686,Sandstone,0.434,0.52,0.241,3.1,131.68,synthetic_geological_survey
687,Mine_00687,Sand,0.344,0.916,0.372,3.71,166.5,synthetic_geological_survey
688,Mine_00688,Sandstone,0.524,0.629,0.742,3.44,174.4,synthetic_geological_survey
689,Mine_00689,Marble,0.829,0.387,0.696,4.72,189.95,synthetic_geological_survey
690,Mine_00690,Silica Sand,0.333,0.583,0.713,4.42,71.24,synthetic_geological_survey
691,Mine_00691,Iron Ore,0.784,0.448,0.331,3.02,120.02,synthetic_geological_survey
692,Mine_00692,Granite,0.922,0.346,0.374,1.18,185.69,synthetic_geological_survey
693,Mine_00693,Limestone,0.709,0.591,0.542,4.57,60.01,synthetic_geological_survey
694,Mine_00694,Sand,0.303,0.809,0.721,1.7,132.39,synthetic_geological_survey
695,Mine_00695,Silica Sand,0.445,0.779,0.626,1.8,136.72,synthetic_geological_survey
696,Mine_00696,Limestone,0.551,0.459,0.659,1.96,181.29,synthetic_geological_survey
697,Mine_00697,Salt,0.747,0.166,0.741,0.85,184.06,synthetic_geological_survey
698,Mine_00698,Silica Sand,0.365,0.638,0.776,2.08,188.86,synthetic_geological_survey
699,Mine_00699,Granite,0.833,0.312,0.621,1.75,85.29,synthetic_geological_survey
700,Mine_00700,Salt,0.96,0.213,0.212,3.92,64.63,synthetic_geological_survey
701,Mine_00701,Sand,0.315,0.841,0.795,4.03,128.92,synthetic_geological_survey
702,Mine_00702,Sand,0.26,0.694,0.295,3.15,176.29,synthetic_geological_survey
703,Mine_00703,Iron Ore,0.837,0.478,0.39,4.49,113.9,synthetic_geological_survey
704,Mine_00704,Limestone,0.696,0.58,0.219,0.54,22.01,synthetic_geological_survey
705,Mine_00705,Sand,0.338,0.902,0.721,1.4,44.82,synthetic_geological_survey
706,Mine_00706,Marble,0.625,0.292,0.699,2.77,158.03,synthetic_geological_survey
707,Mine_00707,Silica Sand,0.412,0.722,0.207,4.87,47.79,synthetic_geological_survey
708,Mine_00708,Marble,0.861,0.402,0.462,4.98,102.35,synthetic_geological_survey
709,Mine_00709,Granite,0.876,0.329,0.208,0.6,109.57,synthetic_geological_survey
710,Mine_00710,Marble,0.644,0.301,0.514,4.83,143.46,synthetic_geological_survey
711,Mine_00711,Sand,0.251,0.669,0.511,1.8,186.01,synthetic_geological_survey
712,Mine_00712,Sand,0.244,0.65,0.607,4.48,112.18,synthetic_geological_survey
713,Mine_00713,Salt,0.778,0.173,0.315,2.53,86.26,synthetic_geological_survey
714,Mine_00714,Granite,0.79,0.296,0.338,0.76,58.86,synthetic_geological_survey
715,Mine_00715,Limestone,0.683,0.569,0.464,3.8,186.45,synthetic_geological_survey
716,Mine_00716,Sand,0.28,0.746,0.224,4.64,105.49,synthetic_geological_survey
717,Mine_00717,Granite,0.737,0.276,0.414,2.0,160.04,synthetic_geological_survey
718,Mine_00718,Granite,0.821,0.308,0.329,2.65,111.47,synthetic_geological_survey
719,Mine_00719,Iron Ore,0.641,0.366,0.342,3.59,24.58,synthetic_geological_survey
720,Mine_00720,Granite,0.681,0.255,0.554,2.3,26.31,synthetic_geological_survey
721,Mine_00721,Sand,0.269,0.717,0.511,4.34,38.21,synthetic_geological_survey
722,Mine_00722,Marble,0.707,0.33,0.799,3.29,52.88,synthetic_geological_survey
723,Mine_00723,Sandstone,0.402,0.482,0.725,1.66,66.32,synthetic_geological_survey
724,Mine_00724,Granite,0.89,0.334,0.677,3.96,37.06,synthetic_geological_survey
725,Mine_00725,Iron Ore,0.612,0.35,0.701,4.61,105.92,synthetic_geological_survey
726,Mine_00726,Marble,0.83,0.387,0.749,0.75,181.15,synthetic_geological_survey
727,Mine_00727,Sand,0.27,0.721,0.211,1.6,110.45,synthetic_geological_survey
728,Mine_00728,Sandstone,0.435,0.523,0.678,0.98,187.47,synthetic_geological_survey
729,Mine_00729,Silica Sand,0.461,0.807,0.784,2.33,159.39,synthetic_geological_survey
730,Mine_00730,Silica Sand,0.331,0.58,0.609,1.44,23.55,synthetic_geological_survey
731,Mine_00731,Salt,0.866,0.192,0.314,4.53,20.71,synthetic_geological_survey
732,Mine_00732,Iron Ore,0.837,0.479,0.788,3.46,59.74,synthetic_geological_survey
733,Mine_00733,Marble,0.603,0.281,0.618,2.66,123.25,synthetic_geological_survey
734,Mine_00734,Marble,0.685,0.32,0.584,1.72,162.4,synthetic_geological_survey
735,Mine_00735,Limestone,0.63,0.525,0.27,1.95,180.53,synthetic_geological_survey
736,Mine_00736,Limestone,0.486,0.405,0.261,3.72,114.02,synthetic_geological_survey
737,Mine_00737,Iron Ore,0.776,0.443,0.505,2.96,183.18,synthetic_geological_survey
738,Mine_00738,Silica Sand,0.336,0.588,0.219,0.51,151.21,synthetic_geological_survey
739,Mine_00739,Sand,0.287,0.765,0.768,3.3,150.14,synthetic_geological_survey
740,Mine_00740,Iron Ore,0.582,0.333,0.589,1.88,91.65,synthetic_geological_survey
741,Mine_00741,Sandstone,0.56,0.672,0.436,4.14,75.68,synthetic_geological_survey
742,Mine_00742,Limestone,0.523,0.436,0.246,0.82,147.93,synthetic_geological_survey
743,Mine_00743,Limestone,0.603,0.503,0.286,4.98,181.36,synthetic_geological_survey
744,Mine_00744,Sand,0.241,0.644,0.778,1.69,145.58,synthetic_geological_survey
745,Mine_00745,Silica Sand,0.445,0.778,0.426,4.1,46.11,synthetic_geological_survey
746,Mine_00746,Silica Sand,0.366,0.64,0.393,1.49,52.0,synthetic_geological_survey
747,Mine_00747,Marble,0.624,0.291,0.774,1.62,134.25,synthetic_geological_survey
748,Mine_00748,Sand,0.297,0.791,0.367,3.51,30.95,synthetic_geological_survey
749,Mine_00749,Silica Sand,0.374,0.654,0.516,0.74,151.42,synthetic_geological_survey
750,Mine_00750,Sandstone,0.492,0.59,0.475,4.74,185.09,synthetic_geological_survey
751,Mine_00751,Silica Sand,0.465,0.815,0.247,4.52,71.1,synthetic_geological_survey
752,Mine_00752,Sandstone,0.568,0.682,0.328,3.61,110.8,synthetic_geological_survey
753,Mine_00753,Sandstone,0.436,0.523,0.482,4.24,105.12,synthetic_geological_survey
754,Mine_00754,Sand,0.36,0.959,0.295,3.99,162.98,synthetic_geological_survey
755,Mine_00755,Silica Sand,0.345,0.604,0.765,4.54,174.98,synthetic_geological_survey
756,Mine_00756,Silica Sand,0.456,0.797,0.272,2.48,118.68,synthetic_geological_survey
757,Mine_00757,Silica Sand,0.376,0.658,0.72,2.36,147.19,synthetic_geological_survey
758,Mine_00758,Limestone,0.707,0.589,0.518,1.37,195.96,synthetic_geological_survey
759,Mine_00759,Sandstone,0.421,0.505,0.489,2.1,37.69,synthetic_geological_survey
760,Mine_00760,Iron Ore,0.837,0.478,0.56,2.92,85.83,synthetic_geological_survey
761,Mine_00761,Sand,0.345,0.921,0.225,4.61,74.0,synthetic_geological_survey
762,Mine_00762,Salt,0.752,0.167,0.414,1.31,190.22,synthetic_geological_survey
763,Mine_00763,Iron Ore,0.798,0.456,0.602,3.35,74.59,synthetic_geological_survey
764,Mine_00764,Granite,0.673,0.252,0.322,4.75,42.56,synthetic_geological_survey
765,Mine_00765,Limestone,0.707,0.589,0.478,2.24,154.72,synthetic_geological_survey
766,Mine_00766,Iron Ore,0.686,0.392,0.401,4.24,67.52,synthetic_geological_survey
767,Mine_00767,Granite,0.747,0.28,0.206,2.35,179.71,synthetic_geological_survey
768,Mine_00768,Marble,0.845,0.394,0.78,3.56,116.87,synthetic_geological_survey
769,Mine_00769,Sandstone,0.413,0.496,0.592,3.96,175.64,synthetic_geological_survey
770,Mine_00770,Salt,0.913,0.203,0.581,1.41,23.84,synthetic_geological_survey
771,Mine_00771,Limestone,0.535,0.446,0.216,1.6,86.06,synthetic_geological_survey
772,Mine_00772,Granite,0.836,0.314,0.798,2.57,170.38,synthetic_geological_survey
773,Mine_00773,Limestone,0.538,0.448,0.614,1.94,54.55,synthetic_geological_survey
774,Mine_00774,Silica Sand,0.359,0.628,0.537,2.18,34.46,synthetic_geological_survey
775,Mine_00775,Silica Sand,0.446,0.781,0.465,0.9,57.76,synthetic_geological_survey
776,Mine_00776,Sandstone,0.442,0.53,0.514,0.51,80.73,synthetic_geological_survey
777,Mine_00777,Silica Sand,0.475,0.831,0.662,2.39,117.8,synthetic_geological_survey
778,Mine_00778,Sandstone,0.503,0.604,0.361,4.24,148.07,synthetic_geological_survey
779,Mine_00779,Granite,0.788,0.295,0.222,1.13,140.02,synthetic_geological_survey
780,Mine_00780,Granite,0.7,0.263,0.409,3.31,57.74,synthetic_geological_survey
781,Mine_00781,Sand,0.349,0.931,0.301,4.16,105.32,synthetic_geological_survey
782,Mine_00782,Granite,0.646,0.242,0.791,2.9,153.88,synthetic_geological_survey
783,Mine_00783,Iron Ore,0.807,0.461,0.462,1.2,88.8,synthetic_geological_survey
784,Mine_00784,Sandstone,0.478,0.574,0.795,4.76,22.36,synthetic_geological_survey
785,Mine_00785,Sand,0.346,0.924,0.507,0.93,66.24,synthetic_geological_survey
786,Mine_00786,Iron Ore,0.808,0.462,0.391,2.47,61.1,synthetic_geological_survey
787,Mine_00787,Granite,0.936,0.351,0.736,1.34,152.73,synthetic_geological_survey
788,Mine_00788,Iron Ore,0.715,0.409,0.634,1.91,98.64,synthetic_geological_survey
789,Mine_00789,Granite,0.762,0.286,0.745,3.13,132.5,synthetic_geological_survey
790,Mine_00790,Sandstone,0.529,0.635,0.296,1.9,107.88,synthetic_geological_survey
791,Mine_00791,Silica Sand,0.368,0.644,0.216,0.63,119.07,synthetic_geological_survey
792,Mine_00792,Limestone,0.701,0.584,0.402,4.95,21.87,synthetic_geological_survey
793,Mine_00793,Sand,0.285,0.76,0.495,2.88,150.44,synthetic_geological_survey
794,Mine_00794,Iron Ore,0.811,0.463,0.478,1.23,55.84,synthetic_geological_survey
795,Mine_00795,Silica Sand,0.41,0.717,0.518,3.82,188.91,synthetic_geological_survey
796,Mine_00796,Silica Sand,0.477,0.834,0.244,1.69,25.46,synthetic_geological_survey
797,Mine_00797,Limestone,0.618,0.515,0.29,3.25,65.61,synthetic_geological_survey
798,Mine_00798,Granite,0.942,0.353,0.402,4.42,163.68,synthetic_geological_survey
799,Mine_00799,Iron Ore,0.838,0.479,0.419,2.76,43.38,synthetic_geological_survey
800,Mine_00800,Sand,0.357,0.953,0.516,4.2,64.64,synthetic_geological_survey
801,Mine_00801,Granite,0.796,0.298,0.761,4.29,126.43,synthetic_geological_survey
802,Mine_00802,Silica Sand,0.364,0.637,0.577,0.65,85.65,synthetic_geological_survey
803,Mine_00803,Silica Sand,0.439,0.769,0.659,4.72,87.22,synthetic_geological_survey
804,Mine_00804,Salt,0.723,0.161,0.547,2.46,82.54,synthetic_geological_survey
805,Mine_00805,Limestone,0.653,0.545,0.781,0.86,157.78,synthetic_geological_survey
806,Mine_00806,Granite,0.876,0.328,0.658,1.31,97.44,synthetic_geological_survey
807,Mine_00807,Silica Sand,0.394,0.689,0.53,1.43,114.96,synthetic_geological_survey
808,Mine_00808,Salt,0.804,0.179,0.616,2.92,71.77,synthetic_geological_survey
809,Mine_00809,Granite,0.852,0.319,0.655,3.96,33.01,synthetic_geological_survey
810,Mine_00810,Sandstone,0.542,0.65,0.595,3.36,172.97,synthetic_geological_survey
811,Mine_00811,Silica Sand,0.389,0.68,0.667,4.43,184.44,synthetic_geological_survey
812,Mine_00812,Limestone,0.636,0.53,0.575,1.55,182.69,synthetic_geological_survey
813,Mine_00813,Silica Sand,0.455,0.797,0.704,1.21,141.26,synthetic_geological_survey
814,Mine_00814,Silica Sand,0.476,0.834,0.438,3.19,172.29,synthetic_geological_survey
815,Mine_00815,Granite,0.921,0.345,0.609,1.36,88.88,synthetic_geological_survey
816,Mine_00816,Limestone,0.537,0.448,0.755,3.65,182.85,synthetic_geological_survey
817,Mine_00817,Limestone,0.592,0.493,0.694,1.63,103.57,synthetic_geological_survey
818,Mine_00818,Marble,0.856,0.399,0.494,2.73,116.95,synthetic_geological_survey
819,Mine_00819,Marble,0.627,0.293,0.298,2.76,143.26,synthetic_geological_survey
820,Mine_00820,Sand,0.305,0.812,0.464,2.79,144.74,synthetic_geological_survey
821,Mine_00821,Limestone,0.577,0.481,0.663,3.17,98.64,synthetic_geological_survey
822,Mine_00822,Iron Ore,0.714,0.408,0.397,3.88,178.06,synthetic_geological_survey
823,Mine_00823,Limestone,0.563,0.469,0.759,0.91,185.91,synthetic_geological_survey
824,Mine_00824,Sandstone,0.413,0.495,0.617,4.45,39.96,synthetic_geological_survey
825,Mine_00825,Iron Ore,0.626,0.358,0.73,1.48,105.4,synthetic_geological_survey
826,Mine_00826,Granite,0.74,0.278,0.22,1.9,186.16,synthetic_geological_survey
827,Mine_00827,Limestone,0.689,0.574,0.766,0.56,48.21,synthetic_geological_survey
828,Mine_00828,Salt,0.815,0.181,0.201,4.0,150.25,synthetic_geological_survey
829,Mine_00829,Marble,0.711,0.332,0.633,0.97,148.5,synthetic_geological_survey
830,Mine_00830,Silica Sand,0.42,0.735,0.359,4.36,69.36,synthetic_geological_survey
831,Mine_00831,Marble,0.849,0.396,0.502,0.62,29.31,synthetic_geological_survey
832,Mine_00832,Granite,0.667,0.25,0.243,3.97,126.35,synthetic_geological_survey
833,Mine_00833,Salt,0.96,0.213,0.267,1.66,155.76,synthetic_geological_survey
834,Mine_00834,Sandstone,0.561,0.673,0.244,3.76,26.08,synthetic_geological_survey
835,Mine_00835,Sand,0.343,0.916,0.593,4.38,177.96,synthetic_geological_survey
836,Mine_00836,Granite,0.784,0.294,0.352,0.53,26.11,synthetic_geological_survey
837,Mine_00837,Silica Sand,0.347,0.607,0.756,3.03,90.27,synthetic_geological_survey
838,Mine_00838,Limestone,0.642,0.535,0.705,4.25,43.99,synthetic_geological_survey
839,Mine_00839,Sandstone,0.46,0.552,0.607,1.5,183.07,synthetic_geological_survey
840,Mine_00840,Salt,0.747,0.166,0.568,0.85,146.56,synthetic_geological_survey
841,Mine_00841,Iron Ore,0.772,0.441,0.285,1.13,23.41,synthetic_geological_survey
842,Mine_00842,Sandstone,0.527,0.633,0.473,3.41,101.64,synthetic_geological_survey
843,Mine_00843,Iron Ore,0.586,0.335,0.54,2.16,63.39,synthetic_geological_survey
844,Mine_00844,Sandstone,0.563,0.675,0.766,0.73,178.65,synthetic_geological_survey
845,Mine_00845,Sand,0.272,0.726,0.637,3.64,94.69,synthetic_geological_survey
846,Mine_00846,Iron Ore,0.742,0.424,0.709,2.98,122.04,synthetic_geological_survey
847,Mine_00847,Sandstone,0.426,0.511,0.674,1.5,100.84,synthetic_geological_survey
848,Mine_00848,Marble,0.772,0.36,0.697,1.55,193.26,synthetic_geological_survey
849,Mine_00849,Silica Sand,0.459,0.803,0.23,0.8,56.14,synthetic_geological_survey
850,Mine_00850,Granite,0.884,0.332,0.376,0.64,186.74,synthetic_geological_survey
851,Mine_00851,Iron Ore,0.74,0.423,0.252,2.56,158.53,synthetic_geological_survey
852,Mine_00852,Limestone,0.544,0.453,0.686,3.6,143.77,synthetic_geological_survey
853,Mine_00853,Silica Sand,0.398,0.696,0.708,2.45,76.94,synthetic_geological_survey
854,Mine_00854,Salt,0.972,0.216,0.643,2.58,150.41,synthetic_geological_survey
855,Mine_00855,Salt,0.811,0.18,0.498,4.97,130.48,synthetic_geological_survey
856,Mine_00856,Limestone,0.689,0.574,0.579,1.52,78.29,synthetic_geological_survey
857,Mine_00857,Granite,0.926,0.347,0.762,3.31,123.49,synthetic_geological_survey
858,Mine_00858,Sandstone,0.598,0.718,0.321,4.12,170.61,synthetic_geological_survey
859,Mine_00859,Marble,0.639,0.298,0.381,2.93,116.87,synthetic_geological_survey
860,Mine_00860,Sand,0.317,0.846,0.573,2.04,156.66,synthetic_geological_survey
861,Mine_00861,Sandstone,0.576,0.691,0.663,1.88,83.88,synthetic_geological_survey
862,Mine_00862,Marble,0.852,0.397,0.587,2.47,198.44,synthetic_geological_survey
863,Mine_00863,Sandstone,0.424,0.508,0.455,1.32,64.47,synthetic_geological_survey
864,Mine_00864,Marble,0.896,0.418,0.327,2.14,112.51,synthetic_geological_survey
865,Mine_00865,Marble,0.863,0.403,0.213,4.78,111.95,synthetic_geological_survey
866,Mine_00866,Salt,1.021,0.227,0.788,2.85,41.72,synthetic_geological_survey
867,Mine_00867,Salt,0.919,0.204,0.559,3.03,142.5,synthetic_geological_survey
868,Mine_00868,Granite,0.956,0.358,0.262,1.65,49.46,synthetic_geological_survey
869,Mine_00869,Sand,0.274,0.73,0.259,0.83,184.45,synthetic_geological_survey
870,Mine_00870,Limestone,0.622,0.518,0.671,1.08,156.67,synthetic_geological_survey
871,Mine_00871,Granite,0.653,0.245,0.77,4.47,38.0,synthetic_geological_survey
872,Mine_00872,Silica Sand,0.348,0.608,0.3,3.06,114.4,synthetic_geological_survey
873,Mine_00873,Iron Ore,0.691,0.395,0.761,3.63,123.37,synthetic_geological_survey
874,Mine_00874,Silica Sand,0.409,0.716,0.694,1.76,144.05,synthetic_geological_survey
875,Mine_00875,Granite,0.651,0.244,0.767,0.83,159.4,synthetic_geological_survey
876,Mine_00876,Iron Ore,0.816,0.466,0.748,4.54,42.26,synthetic_geological_survey
877,Mine_00877,Silica Sand,0.383,0.671,0.614,3.78,147.19,synthetic_geological_survey
878,Mine_00878,Limestone,0.502,0.419,0.746,3.55,112.32,synthetic_geological_survey
879,Mine_00879,Sandstone,0.531,0.637,0.366,3.06,77.68,synthetic_geological_survey
880,Mine_00880,Sand,0.313,0.835,0.43,0.51,124.74,synthetic_geological_survey
881,Mine_00881,Sand,0.36,0.96,0.5,1.29,76.59,synthetic_geological_survey
882,Mine_00882,Limestone,0.628,0.524,0.496,0.61,62.24,synthetic_geological_survey
883,Mine_00883,Limestone,0.695,0.579,0.23,4.79,48.23,synthetic_geological_survey
884,Mine_00884,Sandstone,0.489,0.587,0.585,4.45,31.3,synthetic_geological_survey
885,Mine_00885,Limestone,0.7,0.583,0.243,1.04,36.19,synthetic_geological_survey
886,Mine_00886,Silica Sand,0.327,0.572,0.306,3.25,74.16,synthetic_geological_survey
887,Mine_00887,Sandstone,0.508,0.609,0.672,3.96,113.97,synthetic_geological_survey
888,Mine_00888,Iron Ore,0.836,0.477,0.385,1.77,90.15,synthetic_geological_survey
889,Mine_00889,Silica Sand,0.362,0.634,0.46,1.89,126.96,synthetic_geological_survey
890,Mine_00890,Iron Ore,0.836,0.478,0.539,2.77,96.96,synthetic_geological_survey
891,Mine_00891,Iron Ore,0.644,0.368,0.265,0.84,53.25,synthetic_geological_survey
892,Mine_00892,Iron Ore,0.797,0.456,0.52,3.99,138.09,synthetic_geological_survey
893,Mine_00893,Marble,0.797,0.372,0.789,1.38,142.77,synthetic_geological_survey
894,Mine_00894,Granite,0.741,0.278,0.384,3.02,75.49,synthetic_geological_survey
895,Mine_00895,Limestone,0.544,0.453,0.292,5.0,63.08,synthetic_geological_survey
896,Mine_00896,Sandstone,0.556,0.667,0.568,1.39,150.25,synthetic_geological_survey
897,Mine_00897,Silica Sand,0.452,0.791,0.243,1.52,175.67,synthetic_geological_survey
898,Mine_00898,Sand,0.321,0.857,0.509,2.74,121.41,synthetic_geological_survey
899,Mine_00899,Limestone,0.538,0.448,0.437,2.23,25.19,synthetic_geological_survey
900,Mine_00900,Limestone,0.592,0.493,0.371,2.09,138.77,synthetic_geological_survey
901,Mine_00901,Salt,0.821,0.182,0.615,4.38,31.43,synthetic_geological_survey
902,Mine_00902,Silica Sand,0.347,0.607,0.782,0.96,36.33,synthetic_geological_survey
903,Mine_00903,Marble,0.608,0.284,0.389,0.73,56.14,synthetic_geological_survey
904,Mine_00904,Limestone,0.695,0.579,0.305,2.31,41.05,synthetic_geological_survey
905,Mine_00905,Salt,1.032,0.229,0.67,3.76,67.0,synthetic_geological_survey
906,Mine_00906,Limestone,0.679,0.566,0.48,3.51,130.01,synthetic_geological_survey
907,Mine_00907,Granite,0.709,0.266,0.264,2.51,179.34,synthetic_geological_survey
908,Mine_00908,Limestone,0.673,0.561,0.714,2.33,28.27,synthetic_geological_survey
909,Mine_00909,Marble,0.704,0.329,0.302,4.91,91.22,synthetic_geological_survey
910,Mine_00910,Silica Sand,0.459,0.804,0.576,0.66,27.08,synthetic_geological_survey
911,Mine_00911,Sandstone,0.407,0.488,0.402,4.86,156.98,synthetic_geological_survey
912,Mine_00912,Sandstone,0.527,0.633,0.689,1.67,34.44,synthetic_geological_survey
913,Mine_00913,Sand,0.315,0.84,0.701,3.88,21.54,synthetic_geological_survey
914,Mine_00914,Sandstone,0.518,0.622,0.684,1.92,91.1,synthetic_geological_survey
915,Mine_00915,Silica Sand,0.466,0.816,0.218,0.94,111.19,synthetic_geological_survey
916,Mine_00916,Granite,0.944,0.354,0.232,0.69,154.5,synthetic_geological_survey
917,Mine_00917,Sand,0.291,0.776,0.441,3.71,113.88,synthetic_geological_survey
918,Mine_00918,Sand,0.356,0.949,0.722,4.97,195.54,synthetic_geological_survey
919,Mine_00919,Limestone,0.605,0.504,0.704,0.78,198.96,synthetic_geological_survey
920,Mine_00920,Granite,0.897,0.336,0.694,3.64,49.58,synthetic_geological_survey
921,Mine_00921,Limestone,0.481,0.401,0.691,3.04,85.99,synthetic_geological_survey
922,Mine_00922,Iron Ore,0.701,0.401,0.747,2.98,138.1,synthetic_geological_survey
923,Mine_00923,Salt,1.076,0.239,0.788,1.18,61.93,synthetic_geological_survey
924,Mine_00924,Salt,0.832,0.185,0.514,4.14,163.89,synthetic_geological_survey
925,Mine_00925,Salt,0.865,0.192,0.336,2.43,195.68,synthetic_geological_survey
926,Mine_00926,Sandstone,0.526,0.631,0.523,0.51,116.18,synthetic_geological_survey
927,Mine_00927,Granite,0.71,0.266,0.755,0.86,69.58,synthetic_geological_survey
928,Mine_00928,Iron Ore,0.77,0.44,0.597,1.78,78.16,synthetic_geological_survey
929,Mine_00929,Limestone,0.48,0.4,0.276,0.74,144.67,synthetic_geological_survey
930,Mine_00930,Salt,0.872,0.194,0.449,4.52,175.98,synthetic_geological_survey
931,Mine_00931,Marble,0.683,0.319,0.476,3.01,167.12,synthetic_geological_survey
932,Mine_00932,Salt,1.067,0.237,0.735,2.09,37.24,synthetic_geological_survey
933,Mine_00933,Salt,0.921,0.205,0.663,4.46,110.37,synthetic_geological_survey
934,Mine_00934,Salt,0.803,0.179,0.565,0.58,185.02,synthetic_geological_survey
935,Mine_00935,Sand,0.339,0.905,0.737,2.9,166.57,synthetic_geological_survey
936,Mine_00936,Marble,0.742,0.346,0.717,1.72,78.96,synthetic_geological_survey
937,Mine_00937,Marble,0.887,0.414,0.555,4.04,146.17,synthetic_geological_survey
938,Mine_00938,Marble,0.667,0.311,0.558,4.75,41.56,synthetic_geological_survey
939,Mine_00939,Sand,0.308,0.82,0.683,2.66,157.59,synthetic_geological_survey
940,Mine_00940,Marble,0.69,0.322,0.641,1.28,139.19,synthetic_geological_survey
941,Mine_00941,Silica Sand,0.377,0.659,0.442,1.51,163.54,synthetic_geological_survey
942,Mine_00942,Silica Sand,0.466,0.815,0.653,2.32,142.78,synthetic_geological_survey
943,Mine_00943,Sand,0.346,0.922,0.362,0.64,25.41,synthetic_geological_survey
944,Mine_00944,Salt,0.992,0.22,0.247,0.84,192.33,synthetic_geological_survey
945,Mine_00945,Sand,0.331,0.882,0.589,2.25,103.87,synthetic_geological_survey
946,Mine_00946,Sandstone,0.53,0.636,0.713,0.51,77.58,synthetic_geological_survey
947,Mine_00947,Sand,0.337,0.9,0.769,4.86,52.44,synthetic_geological_survey
948,Mine_00948,Limestone,0.518,0.432,0.263,3.2,73.92,synthetic_geological_survey
949,Mine_00949,Sand,0.357,0.953,0.78,2.08,142.76,synthetic_geological_survey
950,Mine_00950,Limestone,0.681,0.568,0.783,4.37,103.38,synthetic_geological_survey
951,Mine_00951,Sandstone,0.542,0.65,0.53,2.91,197.83,synthetic_geological_survey
952,Mine_00952,Limestone,0.663,0.553,0.378,2.01,101.78,synthetic_geological_survey
953,Mine_00953,Marble,0.897,0.419,0.614,0.67,42.45,synthetic_geological_survey
954,Mine_00954,Limestone,0.548,0.457,0.372,0.51,168.69,synthetic_geological_survey
955,Mine_00955,Silica Sand,0.453,0.793,0.282,4.69,124.98,synthetic_geological_survey
956,Mine_00956,Granite,0.783,0.294,0.387,3.6,129.99,synthetic_geological_survey
957,Mine_00957,Sandstone,0.589,0.707,0.302,0.51,59.21,synthetic_geological_survey
958,Mine_00958,Salt,0.754,0.168,0.318,4.6,119.98,synthetic_geological_survey
959,Mine_00959,Salt,0.972,0.216,0.306,2.12,99.56,synthetic_geological_survey
960,Mine_00960,Silica Sand,0.428,0.749,0.759,4.41,142.72,synthetic_geological_survey
961,Mine_00961,Limestone,0.693,0.578,0.77,4.55,46.45,synthetic_geological_survey
962,Mine_00962,Silica Sand,0.429,0.751,0.592,4.73,49.76,synthetic_geological_survey
963,Mine_00963,Granite,0.705,0.264,0.352,2.05,197.39,synthetic_geological_survey
964,Mine_00964,Granite,0.808,0.303,0.777,3.66,170.02,synthetic_geological_survey
965,Mine_00965,Granite,0.684,0.257,0.571,1.38,71.86,synthetic_geological_survey
966,Mine_00966,Sandstone,0.403,0.483,0.4,4.4,195.11,synthetic_geological_survey
967,Mine_00967,Iron Ore,0.671,0.383,0.776,4.92,85.56,synthetic_geological_survey
968,Mine_00968,Sandstone,0.52,0.623,0.647,4.62,49.15,synthetic_geological_survey
969,Mine_00969,Salt,0.797,0.177,0.257,0.71,54.13,synthetic_geological_survey
970,Mine_00970,Sandstone,0.494,0.592,0.69,4.56,95.25,synthetic_geological_survey
971,Mine_00971,Limestone,0.702,0.585,0.399,4.73,169.34,synthetic_geological_survey
972,Mine_00972,Salt,0.819,0.182,0.436,0.8,27.91,synthetic_geological_survey
973,Mine_00973,Sand,0.292,0.778,0.791,0.76,92.79,synthetic_geological_survey
974,Mine_00974,Sandstone,0.48,0.576,0.411,2.12,49.81,synthetic_geological_survey
975,Mine_00975,Sand,0.35,0.932,0.244,1.7,136.98,synthetic_geological_survey
976,Mine_00976,Granite,0.84,0.315,0.672,4.55,160.04,synthetic_geological_survey
977,Mine_00977,Sandstone,0.517,0.62,0.216,1.2,192.6,synthetic_geological_survey
978,Mine_00978,Iron Ore,0.726,0.415,0.521,4.11,121.67,synthetic_geological_survey
979,Mine_00979,Sandstone,0.576,0.692,0.302,3.07,193.34,synthetic_geological_survey
980,Mine_00980,Sandstone,0.443,0.532,0.503,2.53,105.32,synthetic_geological_survey
981,Mine_00981,Salt,0.72,0.16,0.491,1.98,141.13,synthetic_geological_survey
982,Mine_00982,Granite,0.682,0.256,0.486,2.15,185.81,synthetic_geological_survey
983,Mine_00983,Granite,0.875,0.328,0.334,4.71,65.68,synthetic_geological_survey
984,Mine_00984,Salt,0.931,0.207,0.56,3.27,136.24,synthetic_geological_survey
985,Mine_00985,Salt,0.902,0.201,0.405,2.3,166.09,synthetic_geological_survey
986,Mine_00986,Silica Sand,0.415,0.726,0.586,0.51,104.85,synthetic_geological_survey
987,Mine_00987,Sand,0.26,0.694,0.571,2.12,38.47,synthetic_geological_survey
988,Mine_00988,Salt,0.926,0.206,0.59,4.77,101.77,synthetic_geological_survey
989,Mine_00989,Granite,0.745,0.279,0.605,1.2,55.13,synthetic_geological_survey
990,Mine_00990,Silica Sand,0.416,0.728,0.609,2.69,149.64,synthetic_geological_survey
991,Mine_00991,Marble,0.817,0.381,0.687,1.64,56.73,synthetic_geological_survey
992,Mine_00992,Sand,0.273,0.727,0.675,3.33,138.21,synthetic_geological_survey
993,Mine_00993,Sandstone,0.525,0.629,0.792,3.47,66.1,synthetic_geological_survey
994,Mine_00994,Marble,0.658,0.307,0.733,2.8,25.17,synthetic_geological_survey
995,Mine_00995,Limestone,0.688,0.573,0.4,1.44,67.24,synthetic_geological_survey
996,Mine_00996,Limestone,0.64,0.533,0.742,1.6,50.77,synthetic_geological_survey
997,Mine_00997,Granite,0.902,0.338,0.789,4.45,152.58,synthetic_geological_survey
998,Mine_00998,Granite,0.896,0.336,0.446,4.99,131.52,synthetic_geological_survey
999,Mine_00999,Iron Ore,0.577,0.33,0.457,3.55,134.96,synthetic_geological_survey
1000,Mine_01000,Silica Sand,0.429,0.75,0.484,3.62,67.21,synthetic_geological_survey
1001,Mine_01001,Granite,0.648,0.243,0.771,4.96,33.75,synthetic_geological_survey
1002,Mine_01002,Sand,0.271,0.722,0.25,3.62,85.73,synthetic_geological_survey
1003,Mine_01003,Sand,0.266,0.71,0.701,1.84,79.75,synthetic_geological_survey
1004,Mine_01004,Limestone,0.684,0.57,0.267,4.47,140.81,synthetic_geological_survey
1005,Mine_01005,Sandstone,0.469,0.563,0.269,1.72,163.28,synthetic_geological_survey
1006,Mine_01006,Sand,0.306,0.817,0.353,3.79,103.0,synthetic_geological_survey
1007,Mine_01007,Iron Ore,0.659,0.377,0.397,2.94,44.71,synthetic_geological_survey
1008,Mine_01008,Granite,0.783,0.293,0.663,2.2,28.15,synthetic_geological_survey
1009,Mine_01009,Sandstone,0.591,0.709,0.663,2.02,104.41,synthetic_geological_survey
1010,Mine_01010,Salt,0.787,0.175,0.746,2.67,131.05,synthetic_geological_survey
1011,Mine_01011,Marble,0.699,0.326,0.234,3.48,74.53,synthetic_geological_survey
1012,Mine_01012,Limestone,0.691,0.576,0.265,2.0,92.62,synthetic_geological_survey
1013,Mine_01013,Salt,0.95,0.211,0.624,3.73,40.48,synthetic_geological_survey
1014,Mine_01014,Sandstone,0.468,0.562,0.268,0.74,98.62,synthetic_geological_survey
1015,Mine_01015,Iron Ore,0.642,0.367,0.324,4.73,51.84,synthetic_geological_survey
1016,Mine_01016,Salt,0.783,0.174,0.617,2.25,138.7,synthetic_geological_survey
1017,Mine_01017,Salt,0.794,0.176,0.541,1.07,37.55,synthetic_geological_survey
1018,Mine_01018,Iron Ore,0.694,0.396,0.25,1.15,128.45,synthetic_geological_survey
1019,Mine_01019,Limestone,0.66,0.55,0.76,0.7,37.16,synthetic_geological_survey
1020,Mine_01020,Limestone,0.712,0.594,0.399,4.14,122.6,synthetic_geological_survey
1021,Mine_01021,Sand,0.268,0.716,0.542,2.46,99.42,synthetic_geological_survey
1022,Mine_01022,Limestone,0.618,0.515,0.735,4.79,89.74,synthetic_geological_survey
1023,Mine_01023,Limestone,0.508,0.423,0.543,3.03,83.63,synthetic_geological_survey
1024,Mine_01024,Sand,0.346,0.924,0.7,4.42,75.43,synthetic_geological_survey
1025,Mine_01025,Silica Sand,0.468,0.819,0.286,1.95,192.7,synthetic_geological_survey
1026,Mine_01026,Limestone,0.565,0.471,0.37,1.36,177.13,synthetic_geological_survey
1027,Mine_01027,Iron Ore,0.771,0.441,0.22,2.18,198.63,synthetic_geological_survey
1028,Mine_01028,Marble,0.839,0.391,0.78,0.51,72.22,synthetic_geological_survey
1029,Mine_01029,Granite,0.857,0.321,0.761,4.25,64.28,synthetic_geological_survey
1030,Mine_01030,Iron Ore,0.663,0.379,0.306,3.89,44.37,synthetic_geological_survey
1031,Mine_01031,Granite,0.905,0.339,0.319,1.25,91.55,synthetic_geological_survey
1032,Mine_01032,Marble,0.618,0.288,0.518,0.54,184.78,synthetic_geological_survey
1033,Mine_01033,Limestone,0.484,0.403,0.488,2.74,25.53,synthetic_geological_survey
1034,Mine_01034,Iron Ore,0.574,0.328,0.656,2.39,118.47,synthetic_geological_survey
1035,Mine_01035,Granite,0.737,0.277,0.737,1.87,194.6,synthetic_geological_survey
1036,Mine_01036,Silica Sand,0.35,0.613,0.262,0.74,129.33,synthetic_geological_survey
1037,Mine_01037,Silica Sand,0.41,0.717,0.627,3.83,129.56,synthetic_geological_survey
1038,Mine_01038,Sand,0.354,0.944,0.48,4.45,174.88,synthetic_geological_survey
1039,Mine_01039,Granite,0.69,0.259,0.43,2.43,139.85,synthetic_geological_survey
1040,Mine_01040,Iron Ore,0.595,0.34,0.675,2.83,194.11,synthetic_geological_survey
1041,Mine_01041,Granite,0.715,0.268,0.782,2.87,21.46,synthetic_geological_survey
1042,Mine_01042,Silica Sand,0.424,0.742,0.511,1.78,47.0,synthetic_geological_survey
1043,Mine_01043,Silica Sand,0.397,0.695,0.56,3.08,51.73,synthetic_geological_survey
1044,Mine_01044,Limestone,0.662,0.551,0.793,3.04,51.04,synthetic_geological_survey
1045,Mine_01045,Silica Sand,0.321,0.561,0.271,3.96,89.81,synthetic_geological_survey
1046,Mine_01046,Sandstone,0.54,0.649,0.49,4.06,75.98,synthetic_geological_survey
1047,Mine_01047,Limestone,0.687,0.573,0.456,4.55,183.52,synthetic_geological_survey
1048,Mine_01048,Salt,1.043,0.232,0.311,0.89,126.85,synthetic_geological_survey
1049,Mine_01049,Sand,0.306,0.816,0.323,1.11,103.99,synthetic_geological_survey
1050,Mine_01050,Silica Sand,0.363,0.636,0.613,4.57,107.16,synthetic_geological_survey
1051,Mine_01051,Limestone,0.557,0.464,0.619,3.17,73.26,synthetic_geological_survey
1052,Mine_01052,Iron Ore,0.738,0.422,0.783,0.57,115.7,synthetic_geological_survey
1053,Mine_01053,Sand,0.282,0.752,0.548,1.63,164.17,synthetic_geological_survey
1054,Mine_01054,Granite,0.773,0.29,0.474,1.68,187.97,synthetic_geological_survey
1055,Mine_01055,Marble,0.879,0.41,0.663,3.27,56.4,synthetic_geological_survey
1056,Mine_01056,Sandstone,0.411,0.493,0.636,3.04,133.75,synthetic_geological_survey
1057,Mine_01057,Limestone,0.56,0.466,0.517,4.13,44.85,synthetic_geological_survey
1058,Mine_01058,Iron Ore,0.637,0.364,0.553,4.73,48.1,synthetic_geological_survey
1059,Mine_01059,Silica Sand,0.329,0.576,0.253,3.54,194.32,synthetic_geological_survey
1060,Mine_01060,Salt,0.999,0.222,0.545,3.32,115.07,synthetic_geological_survey
1061,Mine_01061,Silica Sand,0.456,0.798,0.662,1.4,24.19,synthetic_geological_survey
1062,Mine_01062,Granite,0.834,0.313,0.311,1.74,88.02,synthetic_geological_survey
1063,Mine_01063,Marble,0.701,0.327,0.436,2.72,143.64,synthetic_geological_survey
1064,Mine_01064,Sandstone,0.431,0.517,0.771,1.71,155.54,synthetic_geological_survey
1065,Mine_01065,Granite,0.728,0.273,0.297,3.75,77.5,synthetic_geological_survey
1066,Mine_01066,Granite,0.648,0.243,0.787,4.9,63.22,synthetic_geological_survey
1067,Mine_01067,Limestone,0.624,0.52,0.72,2.05,156.05,synthetic_geological_survey
1068,Mine_01068,Sand,0.276,0.736,0.76,3.21,118.07,synthetic_geological_survey
1069,Mine_01069,Sandstone,0.412,0.494,0.664,4.14,147.17,synthetic_geological_survey
1070,Mine_01070,Marble,0.693,0.323,0.791,3.05,195.43,synthetic_geological_survey
1071,Mine_01071,Sandstone,0.567,0.68,0.739,1.36,34.25,synthetic_geological_survey
1072,Mine_01072,Salt,0.932,0.207,0.721,3.03,162.12,synthetic_geological_survey
1073,Mine_01073,Iron Ore,0.625,0.357,0.381,3.05,61.17,synthetic_geological_survey
1074,Mine_01074,Silica Sand,0.344,0.603,0.45,2.13,121.29,synthetic_geological_survey
1075,Mine_01075,Marble,0.73,0.341,0.354,3.41,163.46,synthetic_geological_survey
1076,Mine_01076,Granite,0.689,0.259,0.566,2.27,184.8,synthetic_geological_survey
1077,Mine_01077,Granite,0.901,0.338,0.492,2.5,62.63,synthetic_geological_survey
1078,Mine_01078,Salt,0.728,0.162,0.399,1.97,23.99,synthetic_geological_survey
1079,Mine_01079,Marble,0.707,0.33,0.229,2.17,136.65,synthetic_geological_survey
1080,Mine_01080,Limestone,0.605,0.504,0.677,2.39,140.46,synthetic_geological_survey
1081,Mine_01081,Marble,0.894,0.417,0.763,4.31,90.5,synthetic_geological_survey
1082,Mine_01082,Limestone,0.489,0.407,0.773,3.5,44.51,synthetic_geological_survey
1083,Mine_01083,Sand,0.287,0.765,0.606,2.4,183.19,synthetic_geological_survey
1084,Mine_01084,Granite,0.901,0.338,0.632,1.09,63.63,synthetic_geological_survey
1085,Mine_01085,Iron Ore,0.648,0.37,0.586,1.96,85.02,synthetic_geological_survey
1086,Mine_01086,Iron Ore,0.754,0.431,0.362,3.77,87.25,synthetic_geological_survey
1087,Mine_01087,Silica Sand,0.329,0.576,0.445,2.05,129.67,synthetic_geological_survey
1088,Mine_01088,Iron Ore,0.712,0.407,0.283,3.82,72.44,synthetic_geological_survey
1089,Mine_01089,Limestone,0.628,0.523,0.23,2.62,20.42,synthetic_geological_survey
1090,Mine_01090,Silica Sand,0.413,0.722,0.775,1.78,72.37,synthetic_geological_survey
1091,Mine_01091,Marble,0.797,0.372,0.558,2.49,84.11,synthetic_geological_survey
1092,Mine_01092,Salt,0.783,0.174,0.5,2.56,121.28,synthetic_geological_survey
1093,Mine_01093,Granite,0.928,0.348,0.756,2.36,73.2,synthetic_geological_survey
1094,Mine_01094,Sandstone,0.583,0.7,0.629,1.89,63.12,synthetic_geological_survey
1095,Mine_01095,Granite,0.856,0.321,0.48,1.71,118.91,synthetic_geological_survey
1096,Mine_01096,Limestone,0.633,0.527,0.724,1.68,63.67,synthetic_geological_survey
1097,Mine_01097,Marble,0.778,0.363,0.587,4.77,150.99,synthetic_geological_survey
1098,Mine_01098,Limestone,0.646,0.538,0.408,2.14,134.81,synthetic_geological_survey
1099,Mine_01099,Salt,0.902,0.201,0.477,4.8,73.71,synthetic_geological_survey
1100,Mine_01100,Sand,0.282,0.752,0.681,3.45,117.0,synthetic_geological_survey
1101,Mine_01101,Sandstone,0.568,0.682,0.404,4.84,186.21,synthetic_geological_survey
1102,Mine_01102,Limestone,0.615,0.513,0.464,2.71,142.49,synthetic_geological_survey
1103,Mine_01103,Sandstone,0.59,0.708,0.27,1.97,191.65,synthetic_geological_survey
1104,Mine_01104,Iron Ore,0.668,0.382,0.728,3.63,67.37,synthetic_geological_survey
1105,Mine_01105,Iron Ore,0.616,0.352,0.764,3.39,146.59,synthetic_geological_survey
1106,Mine_01106,Iron Ore,0.679,0.388,0.76,0.89,176.32,synthetic_geological_survey
1107,Mine_01107,Limestone,0.626,0.521,0.767,4.89,42.56,synthetic_geological_survey
1108,Mine_01108,Sand,0.327,0.871,0.785,1.45,174.23,synthetic_geological_survey
1109,Mine_01109,Marble,0.723,0.337,0.746,3.27,63.8,synthetic_geological_survey
1110,Mine_01110,Iron Ore,0.821,0.469,0.365,2.35,22.93,synthetic_geological_survey
1111,Mine_01111,Sandstone,0.538,0.645,0.381,4.83,83.59,synthetic_geological_survey
1112,Mine_01112,Silica Sand,0.412,0.722,0.229,4.4,144.65,synthetic_geological_survey
1113,Mine_01113,Marble,0.606,0.283,0.223,3.24,192.76,synthetic_geological_survey
1114,Mine_01114,Limestone,0.522,0.435,0.403,3.95,101.34,synthetic_geological_survey
1115,Mine_01115,Salt,1.064,0.237,0.234,2.13,188.67,synthetic_geological_survey
1116,Mine_01116,Sand,0.349,0.932,0.236,2.07,83.26,synthetic_geological_survey
1117,Mine_01117,Silica Sand,0.47,0.823,0.661,2.49,29.46,synthetic_geological_survey
1118,Mine_01118,Iron Ore,0.713,0.407,0.683,3.23,148.3,synthetic_geological_survey
1119,Mine_01119,Granite,0.771,0.289,0.293,4.71,83.11,synthetic_geological_survey
1120,Mine_01120,Marble,0.794,0.371,0.651,1.42,116.46,synthetic_geological_survey
1121,Mine_01121,Silica Sand,0.361,0.632,0.652,2.05,185.93,synthetic_geological_survey
1122,Mine_01122,Marble,0.749,0.35,0.507,2.62,109.19,synthetic_geological_survey
1123,Mine_01123,Limestone,0.573,0.477,0.732,3.83,96.48,synthetic_geological_survey
1124,Mine_01124,Limestone,0.652,0.543,0.306,3.83,31.3,synthetic_geological_survey
1125,Mine_01125,Granite,0.675,0.253,0.392,4.04,34.01,synthetic_geological_survey
1126,Mine_01126,Sand,0.253,0.674,0.274,0.51,49.59,synthetic_geological_survey
1127,Mine_01127,Limestone,0.584,0.487,0.722,0.72,95.96,synthetic_geological_survey
1128,Mine_01128,Granite,0.843,0.316,0.715,4.61,166.49,synthetic_geological_survey
1129,Mine_01129,Sand,0.279,0.745,0.279,4.95,26.96,synthetic_geological_survey
1130,Mine_01130,Salt,0.957,0.213,0.589,2.82,199.83,synthetic_geological_survey
1131,Mine_01131,Marble,0.856,0.399,0.347,2.25,56.58,synthetic_geological_survey
1132,Mine_01132,Granite,0.915,0.343,0.469,1.29,79.5,synthetic_geological_survey
1133,Mine_01133,Granite,0.945,0.354,0.507,4.79,156.77,synthetic_geological_survey
1134,Mine_01134,Iron Ore,0.755,0.432,0.745,4.44,83.62,synthetic_geological_survey
1135,Mine_01135,Silica Sand,0.454,0.795,0.393,1.7,162.3,synthetic_geological_survey
1136,Mine_01136,Salt,0.948,0.211,0.408,2.99,162.17,synthetic_geological_survey
1137,Mine_01137,Sandstone,0.593,0.712,0.275,1.2,75.65,synthetic_geological_survey
1138,Mine_01138,Sand,0.296,0.791,0.263,0.98,89.97,synthetic_geological_survey
1139,Mine_01139,Sand,0.285,0.759,0.753,4.13,81.52,synthetic_geological_survey
1140,Mine_01140,Granite,0.728,0.273,0.542,1.89,45.64,synthetic_geological_survey
1141,Mine_01141,Salt,1.026,0.228,0.735,2.45,40.75,synthetic_geological_survey
1142,Mine_01142,Granite,0.89,0.334,0.686,3.01,37.0,synthetic_geological_survey
1143,Mine_01143,Silica Sand,0.459,0.803,0.396,1.0,64.67,synthetic_geological_survey
1144,Mine_01144,Granite,0.75,0.281,0.26,1.76,94.73,synthetic_geological_survey
1145,Mine_01145,Iron Ore,0.681,0.389,0.506,3.54,45.64,synthetic_geological_survey
1146,Mine_01146,Limestone,0.488,0.406,0.792,2.77,157.13,synthetic_geological_survey
1147,Mine_01147,Salt,0.77,0.171,0.55,4.42,113.69,synthetic_geological_survey
1148,Mine_01148,Granite,0.657,0.246,0.747,3.77,29.0,synthetic_geological_survey
1149,Mine_01149,Salt,0.92,0.204,0.585,1.63,161.6,synthetic_geological_survey
1150,Mine_01150,Iron Ore,0.631,0.361,0.422,2.43,129.38,synthetic_geological_survey
1151,Mine_01151,Limestone,0.494,0.412,0.379,2.32,83.32,synthetic_geological_survey
1152,Mine_01152,Silica Sand,0.385,0.673,0.57,1.22,181.59,synthetic_geological_survey
1153,Mine_01153,Silica Sand,0.477,0.835,0.28,2.82,97.77,synthetic_geological_survey
1154,Mine_01154,Limestone,0.531,0.442,0.612,1.01,78.33,synthetic_geological_survey
1155,Mine_01155,Marble,0.611,0.285,0.254,3.19,172.51,synthetic_geological_survey
1156,Mine_01156,Sand,0.269,0.716,0.485,4.4,155.9,synthetic_geological_survey
1157,Mine_01157,Marble,0.681,0.318,0.685,2.75,116.28,synthetic_geological_survey
1158,Mine_01158,Limestone,0.671,0.559,0.572,0.56,80.33,synthetic_geological_survey
1159,Mine_01159,Sand,0.299,0.796,0.396,0.88,97.95,synthetic_geological_survey
1160,Mine_01160,Sandstone,0.574,0.688,0.421,4.94,50.48,synthetic_geological_survey
1161,Mine_01161,Iron Ore,0.738,0.421,0.743,1.88,108.06,synthetic_geological_survey
1162,Mine_01162,Silica Sand,0.345,0.604,0.713,0.64,49.91,synthetic_geological_survey
1163,Mine_01163,Iron Ore,0.74,0.423,0.462,4.62,69.99,synthetic_geological_survey
1164,Mine_01164,Sandstone,0.594,0.713,0.373,0.78,62.76,synthetic_geological_survey
1165,Mine_01165,Sandstone,0.492,0.59,0.424,0.62,59.76,synthetic_geological_survey
1166,Mine_01166,Sand,0.286,0.763,0.592,1.45,199.78,synthetic_geological_survey
1167,Mine_01167,Limestone,0.687,0.573,0.589,1.47,168.1,synthetic_geological_survey
1168,Mine_01168,Marble,0.679,0.317,0.333,2.51,109.55,synthetic_geological_survey
1169,Mine_01169,Salt,0.756,0.168,0.69,1.84,108.34,synthetic_geological_survey
1170,Mine_01170,Silica Sand,0.443,0.775,0.526,4.05,20.75,synthetic_geological_survey
1171,Mine_01171,Marble,0.601,0.28,0.626,1.22,135.42,synthetic_geological_survey
1172,Mine_01172,Sandstone,0.59,0.708,0.735,0.53,68.64,synthetic_geological_survey
1173,Mine_01173,Limestone,0.55,0.458,0.399,1.36,31.15,synthetic_geological_survey
1174,Mine_01174,Granite,0.716,0.269,0.537,0.51,63.3,synthetic_geological_survey
1175,Mine_01175,Limestone,0.661,0.551,0.567,4.04,92.53,synthetic_geological_survey
1176,Mine_01176,Sandstone,0.494,0.593,0.403,1.8,145.97,synthetic_geological_survey
1177,Mine_01177,Silica Sand,0.349,0.611,0.359,1.85,131.16,synthetic_geological_survey
1178,Mine_01178,Iron Ore,0.719,0.411,0.344,4.5,104.77,synthetic_geological_survey
1179,Mine_01179,Silica Sand,0.397,0.695,0.59,0.69,170.47,synthetic_geological_survey
1180,Mine_01180,Salt,0.866,0.192,0.352,2.81,32.89,synthetic_geological_survey
1181,Mine_01181,Sand,0.269,0.717,0.646,2.39,199.93,synthetic_geological_survey
1182,Mine_01182,Sand,0.323,0.862,0.581,0.51,96.34,synthetic_geological_survey
1183,Mine_01183,Silica Sand,0.39,0.682,0.233,1.13,162.57,synthetic_geological_survey
1184,Mine_01184,Silica Sand,0.329,0.576,0.568,4.95,178.68,synthetic_geological_survey
1185,Mine_01185,Granite,0.822,0.308,0.484,4.99,131.4,synthetic_geological_survey
1186,Mine_01186,Sandstone,0.528,0.633,0.469,2.17,100.22,synthetic_geological_survey
1187,Mine_01187,Iron Ore,0.793,0.453,0.421,4.32,145.8,synthetic_geological_survey
1188,Mine_01188,Granite,0.907,0.34,0.319,2.68,20.79,synthetic_geological_survey
1189,Mine_01189,Limestone,0.557,0.464,0.288,2.54,54.66,synthetic_geological_survey
1190,Mine_01190,Salt,0.747,0.166,0.282,1.65,109.84,synthetic_geological_survey
1191,Mine_01191,Granite,0.705,0.264,0.564,3.7,138.16,synthetic_geological_survey
1192,Mine_01192,Salt,0.871,0.194,0.406,1.92,183.7,synthetic_geological_survey
1193,Mine_01193,Sandstone,0.557,0.669,0.391,2.75,161.65,synthetic_geological_survey
1194,Mine_01194,Limestone,0.566,0.472,0.487,1.56,119.4,synthetic_geological_survey
1195,Mine_01195,Silica Sand,0.362,0.634,0.493,4.5,170.57,synthetic_geological_survey
1196,Mine_01196,Granite,0.754,0.283,0.359,1.12,149.27,synthetic_geological_survey
1197,Mine_01197,Sand,0.258,0.689,0.573,3.15,27.47,synthetic_geological_survey
1198,Mine_01198,Salt,0.746,0.166,0.469,1.91,170.22,synthetic_geological_survey
1199,Mine_01199,Salt,0.933,0.207,0.211,2.64,95.33,synthetic_geological_survey
1200,Mine_01200,Marble,0.827,0.386,0.548,3.49,163.92,synthetic_geological_survey
1201,Mine_01201,Granite,0.855,0.321,0.725,3.82,21.29,synthetic_geological_survey
1202,Mine_01202,Granite,0.856,0.321,0.444,2.85,110.13,synthetic_geological_survey
1203,Mine_01203,Sand,0.286,0.763,0.432,0.76,73.43,synthetic_geological_survey
1204,Mine_01204,Salt,1.012,0.225,0.609,1.5,180.73,synthetic_geological_survey
1205,Mine_01205,Salt,0.752,0.167,0.668,4.37,168.89,synthetic_geological_survey
1206,Mine_01206,Iron Ore,0.716,0.409,0.702,4.36,168.78,synthetic_geological_survey
1207,Mine_01207,Sandstone,0.585,0.702,0.75,0.99,81.45,synthetic_geological_survey
1208,Mine_01208,Silica Sand,0.473,0.827,0.336,1.85,64.71,synthetic_geological_survey
1209,Mine_01209,Sand,0.25,0.666,0.447,1.89,172.02,synthetic_geological_survey
1210,Mine_01210,Marble,0.846,0.395,0.549,2.56,25.01,synthetic_geological_survey
1211,Mine_01211,Sandstone,0.599,0.719,0.694,3.5,198.35,synthetic_geological_survey
1212,Mine_01212,Sand,0.315,0.839,0.536,2.7,188.78,synthetic_geological_survey
1213,Mine_01213,Sand,0.246,0.656,0.434,1.96,105.52,synthetic_geological_survey
1214,Mine_01214,Salt,0.989,0.22,0.322,1.12,107.2,synthetic_geological_survey
1215,Mine_01215,Silica Sand,0.433,0.757,0.788,1.45,48.71,synthetic_geological_survey
1216,Mine_01216,Iron Ore,0.668,0.382,0.662,3.45,176.81,synthetic_geological_survey
1217,Mine_01217,Silica Sand,0.345,0.603,0.451,2.22,81.33,synthetic_geological_survey
1218,Mine_01218,Limestone,0.63,0.525,0.283,4.81,81.96,synthetic_geological_survey
1219,Mine_01219,Limestone,0.587,0.489,0.268,0.99,70.12,synthetic_geological_survey
1220,Mine_01220,Silica Sand,0.4,0.7,0.786,2.74,151.42,synthetic_geological_survey
1221,Mine_01221,Salt,1.078,0.24,0.543,1.88,137.98,synthetic_geological_survey
1222,Mine_01222,Sandstone,0.427,0.513,0.737,3.65,99.92,synthetic_geological_survey
1223,Mine_01223,Iron Ore,0.786,0.449,0.756,1.98,47.85,synthetic_geological_survey
1224,Mine_01224,Granite,0.914,0.343,0.581,3.21,84.67,synthetic_geological_survey
1225,Mine_01225,Sandstone,0.515,0.618,0.781,4.7,50.23,synthetic_geological_survey
1226,Mine_01226,Marble,0.654,0.305,0.532,4.37,129.13,synthetic_geological_survey
1227,Mine_01227,Sand,0.267,0.712,0.326,4.68,179.65,synthetic_geological_survey
1228,Mine_01228,Sand,0.314,0.839,0.676,3.32,94.68,synthetic_geological_survey
1229,Mine_01229,Granite,0.658,0.247,0.291,3.21,32.7,synthetic_geological_survey
1230,Mine_01230,Limestone,0.556,0.464,0.298,3.03,60.1,synthetic_geological_survey
1231,Mine_01231,Sand,0.295,0.786,0.519,4.34,101.79,synthetic_geological_survey
1232,Mine_01232,Limestone,0.539,0.449,0.361,4.99,153.28,synthetic_geological_survey
1233,Mine_01233,Sandstone,0.503,0.604,0.563,2.21,175.47,synthetic_geological_survey
1234,Mine_01234,Sandstone,0.574,0.688,0.538,1.78,117.63,synthetic_geological_survey
1235,Mine_01235,Granite,0.709,0.266,0.424,3.2,133.44,synthetic_geological_survey
1236,Mine_01236,Marble,0.647,0.302,0.612,1.52,147.24,synthetic_geological_survey
1237,Mine_01237,Granite,0.954,0.358,0.518,1.55,109.82,synthetic_geological_survey
1238,Mine_01238,Granite,0.833,0.312,0.636,3.97,38.59,synthetic_geological_survey
1239,Mine_01239,Silica Sand,0.375,0.656,0.468,4.63,186.23,synthetic_geological_survey
1240,Mine_01240,Silica Sand,0.397,0.696,0.458,1.06,79.57,synthetic_geological_survey
1241,Mine_01241,Marble,0.841,0.393,0.537,1.13,25.91,synthetic_geological_survey
1242,Mine_01242,Marble,0.84,0.392,0.761,1.87,180.45,synthetic_geological_survey
1243,Mine_01243,Salt,0.777,0.173,0.613,1.09,91.78,synthetic_geological_survey
1244,Mine_01244,Granite,0.727,0.273,0.228,0.85,194.35,synthetic_geological_survey
1245,Mine_01245,Iron Ore,0.84,0.48,0.605,3.99,126.85,synthetic_geological_survey
1246,Mine_01246,Salt,0.847,0.188,0.315,2.47,37.74,synthetic_geological_survey
1247,Mine_01247,Marble,0.676,0.315,0.653,2.86,52.61,synthetic_geological_survey
1248,Mine_01248,Salt,0.915,0.203,0.724,1.06,94.56,synthetic_geological_survey
1249,Mine_01249,Marble,0.603,0.281,0.745,1.58,167.29,synthetic_geological_survey
1250,Mine_01250,Sandstone,0.45,0.541,0.378,3.16,84.83,synthetic_geological_survey
1251,Mine_01251,Limestone,0.612,0.51,0.736,2.71,141.38,synthetic_geological_survey
1252,Mine_01252,Limestone,0.623,0.519,0.342,3.18,58.96,synthetic_geological_survey
1253,Mine_01253,Limestone,0.666,0.555,0.403,2.49,34.87,synthetic_geological_survey
1254,Mine_01254,Limestone,0.576,0.48,0.652,2.19,46.22,synthetic_geological_survey
1255,Mine_01255,Limestone,0.505,0.42,0.549,3.8,158.17,synthetic_geological_survey
1256,Mine_01256,Salt,0.803,0.178,0.668,3.07,29.09,synthetic_geological_survey
1257,Mine_01257,Granite,0.776,0.291,0.353,3.51,145.92,synthetic_geological_survey
1258,Mine_01258,Salt,0.92,0.204,0.447,4.98,152.66,synthetic_geological_survey
1259,Mine_01259,Iron Ore,0.563,0.322,0.308,3.08,167.21,synthetic_geological_survey
1260,Mine_01260,Sand,0.299,0.797,0.209,2.16,114.68,synthetic_geological_survey
1261,Mine_01261,Marble,0.632,0.295,0.382,1.63,196.09,synthetic_geological_survey
1262,Mine_01262,Salt,1.062,0.236,0.28,0.97,191.57,synthetic_geological_survey
1263,Mine_01263,Iron Ore,0.581,0.332,0.354,2.11,91.6,synthetic_geological_survey
1264,Mine_01264,Marble,0.75,0.35,0.258,4.9,178.28,synthetic_geological_survey
1265,Mine_01265,Sand,0.329,0.876,0.79,0.61,137.59,synthetic_geological_survey
1266,Mine_01266,Salt,0.849,0.189,0.372,1.03,142.75,synthetic_geological_survey
1267,Mine_01267,Marble,0.63,0.294,0.619,1.79,162.45,synthetic_geological_survey
1268,Mine_01268,Sandstone,0.466,0.559,0.754,3.46,71.57,synthetic_geological_survey
1269,Mine_01269,Marble,0.842,0.393,0.376,2.38,144.92,synthetic_geological_survey
1270,Mine_01270,Sand,0.358,0.956,0.349,3.61,158.67,synthetic_geological_survey
1271,Mine_01271,Sandstone,0.576,0.691,0.552,2.08,114.32,synthetic_geological_survey
1272,Mine_01272,Limestone,0.554,0.461,0.789,4.02,32.91,synthetic_geological_survey
1273,Mine_01273,Sandstone,0.597,0.717,0.388,2.03,199.81,synthetic_geological_survey
1274,Mine_01274,Salt,0.745,0.166,0.532,1.63,180.38,synthetic_geological_survey
1275,Mine_01275,Granite,0.829,0.311,0.782,3.68,198.16,synthetic_geological_survey
1276,Mine_01276,Granite,0.785,0.294,0.674,1.99,89.68,synthetic_geological_survey
1277,Mine_01277,Granite,0.858,0.322,0.474,1.12,125.23,synthetic_geological_survey
1278,Mine_01278,Granite,0.866,0.325,0.276,3.68,112.73,synthetic_geological_survey
1279,Mine_01279,Marble,0.838,0.391,0.303,2.77,80.41,synthetic_geological_survey
1280,Mine_01280,Silica Sand,0.334,0.585,0.682,1.98,178.81,synthetic_geological_survey
1281,Mine_01281,Sandstone,0.57,0.685,0.75,4.02,139.55,synthetic_geological_survey
1282,Mine_01282,Sand,0.31,0.827,0.213,1.67,193.54,synthetic_geological_survey
1283,Mine_01283,Salt,0.958,0.213,0.287,0.94,160.53,synthetic_geological_survey
1284,Mine_01284,Granite,0.806,0.302,0.439,4.34,80.38,synthetic_geological_survey
1285,Mine_01285,Iron Ore,0.739,0.422,0.212,2.32,181.4,synthetic_geological_survey
1286,Mine_01286,Sandstone,0.53,0.636,0.574,2.07,21.63,synthetic_geological_survey
1287,Mine_01287,Iron Ore,0.632,0.361,0.438,1.57,26.18,synthetic_geological_survey
1288,Mine_01288,Granite,0.692,0.259,0.425,1.09,49.28,synthetic_geological_survey
1289,Mine_01289,Granite,0.932,0.35,0.504,1.14,111.25,synthetic_geological_survey
1290,Mine_01290,Limestone,0.58,0.483,0.299,3.71,57.33,synthetic_geological_survey
1291,Mine_01291,Salt,0.733,0.163,0.706,2.66,52.84,synthetic_geological_survey
1292,Mine_01292,Limestone,0.637,0.531,0.663,1.74,58.78,synthetic_geological_survey
1293,Mine_01293,Sandstone,0.528,0.634,0.452,2.68,175.46,synthetic_geological_survey
1294,Mine_01294,Iron Ore,0.687,0.392,0.745,4.32,199.34,synthetic_geological_survey
1295,Mine_01295,Limestone,0.539,0.449,0.422,4.2,51.38,synthetic_geological_survey
1296,Mine_01296,Sand,0.341,0.91,0.678,3.43,26.53,synthetic_geological_survey
1297,Mine_01297,Limestone,0.571,0.476,0.604,4.66,81.11,synthetic_geological_survey
1298,Mine_01298,Sand,0.331,0.882,0.336,4.18,71.93,synthetic_geological_survey
1299,Mine_01299,Iron Ore,0.57,0.325,0.431,2.71,162.83,synthetic_geological_survey
1300,Mine_01300,Salt,0.854,0.19,0.454,3.74,56.65,synthetic_geological_survey
1301,Mine_01301,Granite,0.765,0.287,0.618,2.38,155.69,synthetic_geological_survey
1302,Mine_01302,Silica Sand,0.394,0.689,0.759,4.84,44.45,synthetic_geological_survey
1303,Mine_01303,Iron Ore,0.592,0.339,0.463,1.55,64.86,synthetic_geological_survey
1304,Mine_01304,Limestone,0.677,0.564,0.29,1.04,152.02,synthetic_geological_survey
1305,Mine_01305,Marble,0.72,0.336,0.596,2.1,168.03,synthetic_geological_survey
1306,Mine_01306,Granite,0.717,0.269,0.228,4.6,99.26,synthetic_geological_survey
1307,Mine_01307,Marble,0.654,0.305,0.227,1.01,118.48,synthetic_geological_survey
1308,Mine_01308,Salt,0.748,0.166,0.258,1.11,186.5,synthetic_geological_survey
1309,Mine_01309,Marble,0.626,0.292,0.627,3.56,173.22,synthetic_geological_survey
1310,Mine_01310,Sandstone,0.529,0.635,0.649,2.0,143.17,synthetic_geological_survey
1311,Mine_01311,Salt,0.839,0.187,0.525,2.51,106.34,synthetic_geological_survey
1312,Mine_01312,Silica Sand,0.349,0.612,0.431,2.5,36.58,synthetic_geological_survey
1313,Mine_01313,Sand,0.339,0.905,0.578,2.39,47.94,synthetic_geological_survey
1314,Mine_01314,Salt,1.001,0.222,0.605,3.85,155.86,synthetic_geological_survey
1315,Mine_01315,Marble,0.695,0.324,0.377,1.11,80.55,synthetic_geological_survey
1316,Mine_01316,Granite,0.81,0.304,0.217,3.27,178.11,synthetic_geological_survey
1317,Mine_01317,Silica Sand,0.381,0.667,0.32,1.26,199.49,synthetic_geological_survey
1318,Mine_01318,Salt,0.849,0.189,0.641,0.6,143.7,synthetic_geological_survey
1319,Mine_01319,Silica Sand,0.338,0.591,0.227,2.52,130.5,synthetic_geological_survey
1320,Mine_01320,Granite,0.765,0.287,0.75,2.7,162.42,synthetic_geological_survey
1321,Mine_01321,Silica Sand,0.437,0.764,0.498,2.4,31.53,synthetic_geological_survey
1322,Mine_01322,Silica Sand,0.39,0.682,0.481,1.16,158.64,synthetic_geological_survey
1323,Mine_01323,Sand,0.358,0.953,0.263,0.52,38.29,synthetic_geological_survey
1324,Mine_01324,Iron Ore,0.774,0.442,0.512,2.39,62.04,synthetic_geological_survey
1325,Mine_01325,Silica Sand,0.439,0.769,0.324,4.54,50.0,synthetic_geological_survey
1326,Mine_01326,Sand,0.341,0.908,0.735,1.22,39.02,synthetic_geological_survey
1327,Mine_01327,Salt,1.041,0.231,0.417,3.04,174.58,synthetic_geological_survey
1328,Mine_01328,Sandstone,0.579,0.694,0.523,3.16,49.33,synthetic_geological_survey
1329,Mine_01329,Salt,0.772,0.172,0.312,3.94,114.32,synthetic_geological_survey
1330,Mine_01330,Sandstone,0.45,0.541,0.462,4.35,38.41,synthetic_geological_survey
1331,Mine_01331,Sand,0.359,0.957,0.504,2.19,93.2,synthetic_geological_survey
1332,Mine_01332,Silica Sand,0.378,0.661,0.259,2.63,84.78,synthetic_geological_survey
1333,Mine_01333,Granite,0.65,0.244,0.695,3.73,185.45,synthetic_geological_survey
1334,Mine_01334,Silica Sand,0.392,0.686,0.461,1.95,157.17,synthetic_geological_survey
1335,Mine_01335,Sand,0.278,0.74,0.708,1.19,111.49,synthetic_geological_survey
1336,Mine_01336,Iron Ore,0.809,0.463,0.738,4.04,90.98,synthetic_geological_survey
1337,Mine_01337,Marble,0.874,0.408,0.76,4.41,190.99,synthetic_geological_survey
1338,Mine_01338,Salt,1.051,0.234,0.511,2.7,131.77,synthetic_geological_survey
1339,Mine_01339,Sand,0.315,0.839,0.584,0.84,57.72,synthetic_geological_survey
1340,Mine_01340,Iron Ore,0.839,0.479,0.27,4.99,197.46,synthetic_geological_survey
1341,Mine_01341,Granite,0.731,0.274,0.417,4.8,137.92,synthetic_geological_survey
1342,Mine_01342,Silica Sand,0.38,0.664,0.618,0.81,112.18,synthetic_geological_survey
1343,Mine_01343,Silica Sand,0.444,0.776,0.261,2.05,88.45,synthetic_geological_survey
1344,Mine_01344,Sandstone,0.431,0.517,0.574,0.67,185.72,synthetic_geological_survey
1345,Mine_01345,Sandstone,0.426,0.511,0.799,2.05,82.23,synthetic_geological_survey
1346,Mine_01346,Sandstone,0.401,0.482,0.555,1.67,40.57,synthetic_geological_survey
1347,Mine_01347,Limestone,0.692,0.577,0.373,4.67,182.77,synthetic_geological_survey
1348,Mine_01348,Iron Ore,0.778,0.444,0.675,2.96,189.18,synthetic_geological_survey
1349,Mine_01349,Iron Ore,0.819,0.468,0.206,3.04,77.23,synthetic_geological_survey
1350,Mine_01350,Iron Ore,0.752,0.43,0.683,1.46,126.51,synthetic_geological_survey
1351,Mine_01351,Sand,0.296,0.79,0.608,4.45,71.04,synthetic_geological_survey
1352,Mine_01352,Iron Ore,0.601,0.344,0.408,4.15,109.25,synthetic_geological_survey
1353,Mine_01353,Iron Ore,0.587,0.335,0.581,0.84,50.85,synthetic_geological_survey
1354,Mine_01354,Silica Sand,0.412,0.721,0.503,2.37,130.86,synthetic_geological_survey
1355,Mine_01355,Silica Sand,0.353,0.618,0.553,2.16,51.3,synthetic_geological_survey
1356,Mine_01356,Sandstone,0.421,0.505,0.361,0.52,187.12,synthetic_geological_survey
1357,Mine_01357,Marble,0.616,0.287,0.719,2.93,192.36,synthetic_geological_survey
1358,Mine_01358,Limestone,0.589,0.491,0.773,4.74,171.65,synthetic_geological_survey
1359,Mine_01359,Limestone,0.698,0.582,0.646,1.13,118.18,synthetic_geological_survey
1360,Mine_01360,Sand,0.293,0.78,0.242,4.27,26.49,synthetic_geological_survey
1361,Mine_01361,Limestone,0.715,0.596,0.355,3.31,195.02,synthetic_geological_survey
1362,Mine_01362,Granite,0.794,0.298,0.794,3.3,53.33,synthetic_geological_survey
1363,Mine_01363,Limestone,0.485,0.405,0.684,4.19,112.55,synthetic_geological_survey
1364,Mine_01364,Silica Sand,0.413,0.722,0.396,0.67,63.28,synthetic_geological_survey
1365,Mine_01365,Iron Ore,0.676,0.386,0.721,2.33,32.58,synthetic_geological_survey
1366,Mine_01366,Limestone,0.636,0.53,0.448,1.37,23.57,synthetic_geological_survey
1367,Mine_01367,Marble,0.603,0.281,0.72,2.95,27.74,synthetic_geological_survey
1368,Mine_01368,Limestone,0.665,0.555,0.437,1.88,168.2,synthetic_geological_survey
1369,Mine_01369,Limestone,0.538,0.448,0.518,1.1,135.32,synthetic_geological_survey
1370,Mine_01370,Limestone,0.639,0.533,0.543,3.69,148.69,synthetic_geological_survey
1371,Mine_01371,Silica Sand,0.413,0.722,0.602,2.55,114.43,synthetic_geological_survey
1372,Mine_01372,Sandstone,0.505,0.605,0.404,1.98,176.62,synthetic_geological_survey
1373,Mine_01373,Silica Sand,0.367,0.642,0.596,4.17,37.53,synthetic_geological_survey
1374,Mine_01374,Salt,0.758,0.168,0.646,2.79,173.91,synthetic_geological_survey
1375,Mine_01375,Limestone,0.706,0.588,0.225,3.87,56.02,synthetic_geological_survey
1376,Mine_01376,Granite,0.828,0.31,0.437,4.05,155.81,synthetic_geological_survey
1377,Mine_01377,Sandstone,0.552,0.662,0.514,3.14,153.58,synthetic_geological_survey
1378,Mine_01378,Salt,0.829,0.184,0.682,3.77,176.07,synthetic_geological_survey
1379,Mine_01379,Salt,0.886,0.197,0.248,3.64,133.78,synthetic_geological_survey
1380,Mine_01380,Limestone,0.718,0.599,0.413,1.7,46.25,synthetic_geological_survey
1381,Mine_01381,Marble,0.725,0.339,0.224,0.68,97.19,synthetic_geological_survey
1382,Mine_01382,Limestone,0.699,0.582,0.458,2.39,91.5,synthetic_geological_survey
1383,Mine_01383,Silica Sand,0.442,0.773,0.383,3.91,173.8,synthetic_geological_survey
1384,Mine_01384,Silica Sand,0.412,0.722,0.613,2.53,182.47,synthetic_geological_survey
1385,Mine_01385,Iron Ore,0.704,0.402,0.762,0.52,133.78,synthetic_geological_survey
1386,Mine_01386,Iron Ore,0.774,0.442,0.533,4.99,94.94,synthetic_geological_survey
1387,Mine_01387,Marble,0.641,0.299,0.263,2.36,48.17,synthetic_geological_survey
1388,Mine_01388,Silica Sand,0.39,0.682,0.255,4.94,92.16,synthetic_geological_survey
1389,Mine_01389,Silica Sand,0.441,0.772,0.768,4.81,22.96,synthetic_geological_survey
1390,Mine_01390,Iron Ore,0.799,0.457,0.749,2.36,59.38,synthetic_geological_survey
1391,Mine_01391,Sandstone,0.557,0.668,0.567,4.19,35.89,synthetic_geological_survey
1392,Mine_01392,Marble,0.824,0.384,0.552,2.0,92.79,synthetic_geological_survey
1393,Mine_01393,Sandstone,0.458,0.55,0.74,4.25,98.16,synthetic_geological_survey
1394,Mine_01394,Iron Ore,0.758,0.433,0.283,3.08,140.52,synthetic_geological_survey
1395,Mine_01395,Sandstone,0.411,0.494,0.588,0.55,52.93,synthetic_geological_survey
1396,Mine_01396,Sandstone,0.481,0.578,0.391,4.74,172.22,synthetic_geological_survey
1397,Mine_01397,Iron Ore,0.817,0.467,0.797,0.81,93.33,synthetic_geological_survey
1398,Mine_01398,Sand,0.285,0.76,0.711,4.21,112.33,synthetic_geological_survey
1399,Mine_01399,Iron Ore,0.807,0.461,0.664,3.28,141.92,synthetic_geological_survey
1400,Mine_01400,Iron Ore,0.671,0.383,0.306,4.01,82.41,synthetic_geological_survey
1401,Mine_01401,Sand,0.262,0.699,0.716,4.73,76.24,synthetic_geological_survey
1402,Mine_01402,Limestone,0.526,0.438,0.784,2.57,180.1,synthetic_geological_survey
1403,Mine_01403,Sand,0.317,0.845,0.417,3.64,168.75,synthetic_geological_survey
1404,Mine_01404,Sand,0.313,0.834,0.468,2.12,143.3,synthetic_geological_survey
1405,Mine_01405,Granite,0.878,0.329,0.292,0.53,168.54,synthetic_geological_survey
1406,Mine_01406,Iron Ore,0.614,0.351,0.227,4.49,165.92,synthetic_geological_survey
1407,Mine_01407,Granite,0.733,0.275,0.227,4.43,97.8,synthetic_geological_survey
1408,Mine_01408,Sand,0.354,0.944,0.411,3.72,118.77,synthetic_geological_survey
1409,Mine_01409,Silica Sand,0.422,0.738,0.773,1.8,21.96,synthetic_geological_survey
1410,Mine_01410,Marble,0.768,0.358,0.316,4.08,125.05,synthetic_geological_survey
1411,Mine_01411,Marble,0.611,0.285,0.574,2.46,65.69,synthetic_geological_survey
1412,Mine_01412,Sand,0.272,0.725,0.651,4.22,114.44,synthetic_geological_survey
1413,Mine_01413,Silica Sand,0.373,0.652,0.311,0.95,33.3,synthetic_geological_survey
1414,Mine_01414,Iron Ore,0.653,0.373,0.575,1.3,110.97,synthetic_geological_survey
1415,Mine_01415,Salt,0.745,0.166,0.688,4.35,64.53,synthetic_geological_survey
1416,Mine_01416,Salt,1.04,0.231,0.747,2.67,58.19,synthetic_geological_survey
1417,Mine_01417,Granite,0.858,0.322,0.733,1.71,147.05,synthetic_geological_survey
1418,Mine_01418,Sandstone,0.467,0.56,0.478,3.19,177.92,synthetic_geological_survey
1419,Mine_01419,Sand,0.251,0.67,0.242,1.2,189.2,synthetic_geological_survey
1420,Mine_01420,Sand,0.288,0.767,0.512,4.93,99.48,synthetic_geological_survey
1421,Mine_01421,Marble,0.697,0.325,0.615,4.38,101.85,synthetic_geological_survey
1422,Mine_01422,Iron Ore,0.747,0.427,0.329,3.82,167.54,synthetic_geological_survey
1423,Mine_01423,Salt,1.017,0.226,0.481,1.76,28.41,synthetic_geological_survey
1424,Mine_01424,Silica Sand,0.426,0.746,0.666,3.84,131.92,synthetic_geological_survey
1425,Mine_01425,Salt,0.72,0.16,0.615,2.27,72.78,synthetic_geological_survey
1426,Mine_01426,Marble,0.832,0.388,0.438,3.52,119.69,synthetic_geological_survey
1427,Mine_01427,Marble,0.664,0.31,0.465,2.85,31.23,synthetic_geological_survey
1428,Mine_01428,Salt,1.078,0.24,0.774,1.48,131.46,synthetic_geological_survey
1429,Mine_01429,Marble,0.643,0.3,0.786,1.26,157.08,synthetic_geological_survey
1430,Mine_01430,Granite,0.644,0.242,0.31,4.2,118.7,synthetic_geological_survey
1431,Mine_01431,Marble,0.879,0.41,0.22,2.45,133.62,synthetic_geological_survey
1432,Mine_01432,Salt,0.821,0.182,0.391,4.9,122.48,synthetic_geological_survey
1433,Mine_01433,Iron Ore,0.688,0.393,0.384,4.47,100.65,synthetic_geological_survey
1434,Mine_01434,Iron Ore,0.608,0.348,0.367,3.35,151.0,synthetic_geological_survey
1435,Mine_01435,Granite,0.755,0.283,0.394,3.79,129.52,synthetic_geological_survey
1436,Mine_01436,Limestone,0.548,0.457,0.394,1.73,120.45,synthetic_geological_survey
1437,Mine_01437,Sand,0.278,0.74,0.79,1.04,27.9,synthetic_geological_survey
1438,Mine_01438,Sandstone,0.513,0.616,0.741,1.76,176.84,synthetic_geological_survey
1439,Mine_01439,Silica Sand,0.434,0.759,0.41,4.72,105.47,synthetic_geological_survey
1440,Mine_01440,Marble,0.639,0.298,0.251,4.31,153.6,synthetic_geological_survey
1441,Mine_01441,Salt,0.75,0.167,0.368,2.4,113.99,synthetic_geological_survey
1442,Mine_01442,Salt,1.018,0.226,0.603,2.45,63.91,synthetic_geological_survey
1443,Mine_01443,Sandstone,0.525,0.63,0.734,2.05,34.0,synthetic_geological_survey
1444,Mine_01444,Silica Sand,0.397,0.695,0.755,1.58,146.8,synthetic_geological_survey
1445,Mine_01445,Salt,0.924,0.205,0.351,3.02,42.35,synthetic_geological_survey
1446,Mine_01446,Sand,0.334,0.89,0.524,3.61,72.27,synthetic_geological_survey
1447,Mine_01447,Sandstone,0.482,0.578,0.71,3.91,188.95,synthetic_geological_survey
1448,Mine_01448,Marble,0.787,0.367,0.499,2.61,194.66,synthetic_geological_survey
1449,Mine_01449,Sandstone,0.487,0.585,0.424,3.49,135.88,synthetic_geological_survey
1450,Mine_01450,Limestone,0.699,0.582,0.486,1.7,71.15,synthetic_geological_survey
1451,Mine_01451,Salt,0.857,0.19,0.259,1.18,195.43,synthetic_geological_survey
1452,Mine_01452,Sandstone,0.598,0.717,0.228,2.79,118.77,synthetic_geological_survey
1453,Mine_01453,Salt,0.994,0.221,0.572,4.9,70.85,synthetic_geological_survey
1454,Mine_01454,Salt,0.855,0.19,0.749,0.8,57.74,synthetic_geological_survey
1455,Mine_01455,Iron Ore,0.762,0.435,0.336,3.02,133.44,synthetic_geological_survey
1456,Mine_01456,Granite,0.793,0.297,0.378,3.34,195.96,synthetic_geological_survey
1457,Mine_01457,Salt,0.792,0.176,0.33,1.65,154.15,synthetic_geological_survey
1458,Mine_01458,Sand,0.348,0.927,0.419,4.66,92.06,synthetic_geological_survey
1459,Mine_01459,Salt,0.887,0.197,0.714,1.25,190.77,synthetic_geological_survey
1460,Mine_01460,Iron Ore,0.733,0.419,0.449,2.7,162.01,synthetic_geological_survey
1461,Mine_01461,Salt,0.932,0.207,0.219,1.89,152.7,synthetic_geological_survey
1462,Mine_01462,Silica Sand,0.437,0.765,0.28,2.49,22.07,synthetic_geological_survey
1463,Mine_01463,Sandstone,0.473,0.568,0.505,0.82,76.59,synthetic_geological_survey
1464,Mine_01464,Marble,0.832,0.388,0.68,2.04,115.92,synthetic_geological_survey
1465,Mine_01465,Limestone,0.649,0.541,0.39,4.78,181.58,synthetic_geological_survey
1466,Mine_01466,Granite,0.719,0.27,0.681,3.08,120.26,synthetic_geological_survey
1467,Mine_01467,Silica Sand,0.408,0.715,0.291,0.86,74.64,synthetic_geological_survey
1468,Mine_01468,Salt,1.06,0.236,0.404,3.73,90.05,synthetic_geological_survey
1469,Mine_01469,Salt,0.741,0.165,0.267,3.85,91.79,synthetic_geological_survey
1470,Mine_01470,Sandstone,0.542,0.65,0.287,4.88,55.28,synthetic_geological_survey
1471,Mine_01471,Silica Sand,0.435,0.761,0.612,3.56,89.57,synthetic_geological_survey
1472,Mine_01472,Marble,0.62,0.289,0.324,1.9,28.32,synthetic_geological_survey
1473,Mine_01473,Sandstone,0.52,0.624,0.391,1.07,165.2,synthetic_geological_survey
1474,Mine_01474,Iron Ore,0.74,0.423,0.629,1.02,102.06,synthetic_geological_survey
1475,Mine_01475,Sand,0.305,0.814,0.761,4.52,93.19,synthetic_geological_survey
1476,Mine_01476,Sand,0.317,0.847,0.664,4.69,67.94,synthetic_geological_survey
1477,Mine_01477,Iron Ore,0.614,0.351,0.441,4.53,99.3,synthetic_geological_survey
1478,Mine_01478,Granite,0.833,0.312,0.544,4.59,162.3,synthetic_geological_survey
1479,Mine_01479,Iron Ore,0.761,0.435,0.73,3.7,124.38,synthetic_geological_survey
1480,Mine_01480,Silica Sand,0.404,0.708,0.231,3.61,91.63,synthetic_geological_survey
1481,Mine_01481,Salt,0.993,0.221,0.7,3.45,188.43,synthetic_geological_survey
1482,Mine_01482,Granite,0.789,0.296,0.563,1.81,81.19,synthetic_geological_survey
1483,Mine_01483,Silica Sand,0.334,0.584,0.47,4.48,46.34,synthetic_geological_survey
1484,Mine_01484,Salt,0.798,0.177,0.715,2.59,31.28,synthetic_geological_survey
1485,Mine_01485,Silica Sand,0.338,0.591,0.66,3.29,64.05,synthetic_geological_survey
1486,Mine_01486,Limestone,0.583,0.486,0.787,1.47,86.67,synthetic_geological_survey
1487,Mine_01487,Limestone,0.557,0.464,0.386,3.53,77.55,synthetic_geological_survey
1488,Mine_01488,Limestone,0.712,0.593,0.519,4.78,69.36,synthetic_geological_survey
1489,Mine_01489,Sand,0.265,0.706,0.418,0.62,185.26,synthetic_geological_survey
1490,Mine_01490,Salt,0.823,0.183,0.667,3.18,37.77,synthetic_geological_survey
1491,Mine_01491,Limestone,0.712,0.593,0.272,1.64,191.37,synthetic_geological_survey
1492,Mine_01492,Sand,0.32,0.852,0.297,2.78,182.58,synthetic_geological_survey
1493,Mine_01493,Iron Ore,0.737,0.421,0.52,4.46,156.44,synthetic_geological_survey
1494,Mine_01494,Granite,0.741,0.278,0.461,1.89,143.37,synthetic_geological_survey
1495,Mine_01495,Sand,0.299,0.797,0.446,3.05,185.96,synthetic_geological_survey
1496,Mine_01496,Granite,0.883,0.331,0.256,4.68,37.93,synthetic_geological_survey
1497,Mine_01497,Iron Ore,0.806,0.461,0.799,2.36,127.85,synthetic_geological_survey
1498,Mine_01498,Iron Ore,0.674,0.385,0.427,0.51,33.91,synthetic_geological_survey
1499,Mine_01499,Sand,0.292,0.78,0.362,4.23,96.51,synthetic_geological_survey
1500,Mine_01500,Salt,1.056,0.235,0.204,2.72,163.2,synthetic_geological_survey
1501,Mine_01501,Silica Sand,0.427,0.748,0.687,3.88,91.71,synthetic_geological_survey
1502,Mine_01502,Salt,1.048,0.233,0.3,3.78,59.82,synthetic_geological_survey
1503,Mine_01503,Granite,0.824,0.309,0.649,3.59,64.58,synthetic_geological_survey
1504,Mine_01504,Sandstone,0.532,0.639,0.683,4.21,195.42,synthetic_geological_survey
1505,Mine_01505,Iron Ore,0.752,0.43,0.246,1.14,69.8,synthetic_geological_survey
1506,Mine_01506,Limestone,0.593,0.494,0.535,1.91,103.84,synthetic_geological_survey
1507,Mine_01507,Sandstone,0.533,0.64,0.538,2.94,186.56,synthetic_geological_survey
1508,Mine_01508,Iron Ore,0.699,0.399,0.374,0.96,150.81,synthetic_geological_survey
1509,Mine_01509,Sandstone,0.564,0.676,0.269,3.89,80.35,synthetic_geological_survey
1510,Mine_01510,Sandstone,0.408,0.49,0.748,4.2,148.66,synthetic_geological_survey
1511,Mine_01511,Sand,0.315,0.84,0.29,3.79,91.15,synthetic_geological_survey
1512,Mine_01512,Iron Ore,0.693,0.396,0.788,4.48,24.03,synthetic_geological_survey
1513,Mine_01513,Sand,0.265,0.707,0.72,0.9,145.33,synthetic_geological_survey
1514,Mine_01514,Limestone,0.622,0.518,0.585,2.38,74.33,synthetic_geological_survey
1515,Mine_01515,Salt,0.81,0.18,0.53,0.81,88.99,synthetic_geological_survey
1516,Mine_01516,Iron Ore,0.633,0.362,0.783,1.78,112.19,synthetic_geological_survey
1517,Mine_01517,Marble,0.835,0.39,0.767,4.89,96.64,synthetic_geological_survey
1518,Mine_01518,Marble,0.718,0.335,0.567,2.09,131.68,synthetic_geological_survey
1519,Mine_01519,Silica Sand,0.352,0.616,0.214,4.89,86.95,synthetic_geological_survey
1520,Mine_01520,Iron Ore,0.803,0.459,0.722,1.69,100.16,synthetic_geological_survey
1521,Mine_01521,Granite,0.644,0.241,0.54,4.06,192.52,synthetic_geological_survey
1522,Mine_01522,Sand,0.246,0.655,0.659,1.65,20.48,synthetic_geological_survey
1523,Mine_01523,Granite,0.711,0.267,0.617,4.46,98.06,synthetic_geological_survey
1524,Mine_01524,Silica Sand,0.34,0.595,0.265,2.61,173.31,synthetic_geological_survey
1525,Mine_01525,Marble,0.728,0.34,0.314,4.3,195.7,synthetic_geological_survey
1526,Mine_01526,Iron Ore,0.573,0.327,0.243,1.06,94.02,synthetic_geological_survey
1527,Mine_01527,Limestone,0.609,0.507,0.214,1.05,84.12,synthetic_geological_survey
1528,Mine_01528,Marble,0.671,0.313,0.259,4.46,36.35,synthetic_geological_survey
1529,Mine_01529,Marble,0.702,0.327,0.531,2.55,130.85,synthetic_geological_survey
1530,Mine_01530,Sand,0.296,0.79,0.652,2.96,147.01,synthetic_geological_survey
1531,Mine_01531,Marble,0.766,0.357,0.385,3.11,68.32,synthetic_geological_survey
1532,Mine_01532,Limestone,0.654,0.545,0.338,4.17,72.13,synthetic_geological_survey
1533,Mine_01533,Silica Sand,0.33,0.578,0.531,0.92,58.64,synthetic_geological_survey
1534,Mine_01534,Limestone,0.497,0.414,0.607,3.15,118.2,synthetic_geological_survey
1535,Mine_01535,Granite,0.844,0.316,0.692,4.54,115.79,synthetic_geological_survey
1536,Mine_01536,Salt,0.944,0.21,0.485,4.58,124.72,synthetic_geological_survey
1537,Mine_01537,Granite,0.667,0.25,0.714,3.43,121.19,synthetic_geological_survey
1538,Mine_01538,Iron Ore,0.664,0.38,0.306,2.2,178.05,synthetic_geological_survey
1539,Mine_01539,Salt,0.974,0.216,0.284,2.05,124.66,synthetic_geological_survey
1540,Mine_01540,Salt,0.846,0.188,0.752,2.94,139.42,synthetic_geological_survey
1541,Mine_01541,Sandstone,0.536,0.644,0.382,1.12,97.0,synthetic_geological_survey
1542,Mine_01542,Limestone,0.494,0.412,0.238,3.58,174.34,synthetic_geological_survey
1543,Mine_01543,Iron Ore,0.783,0.447,0.512,4.81,60.6,synthetic_geological_survey
1544,Mine_01544,Limestone,0.637,0.53,0.403,4.31,156.0,synthetic_geological_survey
1545,Mine_01545,Silica Sand,0.468,0.819,0.742,4.77,58.13,synthetic_geological_survey
1546,Mine_01546,Iron Ore,0.818,0.467,0.467,4.21,75.44,synthetic_geological_survey
1547,Mine_01547,Iron Ore,0.823,0.47,0.657,1.31,181.05,synthetic_geological_survey
1548,Mine_01548,Sandstone,0.416,0.499,0.276,4.93,154.89,synthetic_geological_survey
1549,Mine_01549,Sand,0.261,0.697,0.225,2.89,51.48,synthetic_geological_survey
1550,Mine_01550,Silica Sand,0.471,0.825,0.359,4.4,48.42,synthetic_geological_survey
1551,Mine_01551,Salt,0.898,0.2,0.64,1.89,181.2,synthetic_geological_survey
1552,Mine_01552,Limestone,0.683,0.569,0.625,0.61,137.02,synthetic_geological_survey
1553,Mine_01553,Salt,0.978,0.217,0.764,1.3,152.39,synthetic_geological_survey
1554,Mine_01554,Salt,0.785,0.175,0.541,4.29,170.33,synthetic_geological_survey
1555,Mine_01555,Sandstone,0.486,0.583,0.233,1.51,186.15,synthetic_geological_survey
1556,Mine_01556,Limestone,0.494,0.412,0.412,1.47,91.94,synthetic_geological_survey
1557,Mine_01557,Marble,0.815,0.38,0.299,0.54,54.85,synthetic_geological_survey
1558,Mine_01558,Silica Sand,0.472,0.826,0.282,4.66,127.77,synthetic_geological_survey
1559,Mine_01559,Sandstone,0.561,0.673,0.789,1.94,41.08,synthetic_geological_survey
1560,Mine_01560,Sand,0.336,0.897,0.351,2.87,173.03,synthetic_geological_survey
1561,Mine_01561,Marble,0.798,0.372,0.312,3.05,150.99,synthetic_geological_survey
1562,Mine_01562,Salt,0.824,0.183,0.756,1.95,105.24,synthetic_geological_survey
1563,Mine_01563,Iron Ore,0.753,0.43,0.472,4.83,36.94,synthetic_geological_survey
1564,Mine_01564,Marble,0.855,0.399,0.483,4.47,60.66,synthetic_geological_survey
1565,Mine_01565,Marble,0.895,0.418,0.244,2.93,48.31,synthetic_geological_survey
1566,Mine_01566,Limestone,0.591,0.493,0.769,2.73,88.01,synthetic_geological_survey
1567,Mine_01567,Iron Ore,0.752,0.43,0.439,4.95,167.73,synthetic_geological_survey
1568,Mine_01568,Marble,0.613,0.286,0.279,0.72,67.77,synthetic_geological_survey
1569,Mine_01569,Limestone,0.693,0.578,0.441,1.84,99.53,synthetic_geological_survey
1570,Mine_01570,Limestone,0.653,0.544,0.225,4.82,47.72,synthetic_geological_survey
1571,Mine_01571,Silica Sand,0.321,0.562,0.206,2.35,167.55,synthetic_geological_survey
1572,Mine_01572,Iron Ore,0.65,0.372,0.591,4.43,23.2,synthetic_geological_survey
1573,Mine_01573,Sand,0.274,0.732,0.348,3.76,83.79,synthetic_geological_survey
1574,Mine_01574,Granite,0.853,0.32,0.742,1.19,188.32,synthetic_geological_survey
1575,Mine_01575,Sandstone,0.406,0.487,0.335,0.64,126.42,synthetic_geological_survey
1576,Mine_01576,Sandstone,0.56,0.672,0.645,4.8,133.75,synthetic_geological_survey
1577,Mine_01577,Granite,0.955,0.358,0.534,4.32,164.02,synthetic_geological_survey
1578,Mine_01578,Sand,0.342,0.913,0.544,1.75,78.78,synthetic_geological_survey
1579,Mine_01579,Sand,0.244,0.65,0.652,2.94,179.83,synthetic_geological_survey
1580,Mine_01580,Salt,0.858,0.191,0.217,3.23,102.45,synthetic_geological_survey
1581,Mine_01581,Iron Ore,0.689,0.394,0.484,4.09,196.1,synthetic_geological_survey
1582,Mine_01582,Sandstone,0.463,0.556,0.305,3.3,78.88,synthetic_geological_survey
1583,Mine_01583,Sand,0.334,0.892,0.281,3.31,177.07,synthetic_geological_survey
1584,Mine_01584,Limestone,0.535,0.446,0.44,3.44,20.32,synthetic_geological_survey
1585,Mine_01585,Sand,0.243,0.649,0.29,1.06,35.35,synthetic_geological_survey
1586,Mine_01586,Granite,0.904,0.339,0.55,4.06,44.96,synthetic_geological_survey
1587,Mine_01587,Iron Ore,0.706,0.403,0.296,0.99,59.49,synthetic_geological_survey
1588,Mine_01588,Granite,0.775,0.29,0.519,3.36,161.61,synthetic_geological_survey
1589,Mine_01589,Sand,0.243,0.647,0.304,1.43,111.8,synthetic_geological_survey
1590,Mine_01590,Sand,0.357,0.952,0.7,1.98,165.24,synthetic_geological_survey
1591,Mine_01591,Silica Sand,0.412,0.721,0.384,3.74,153.8,synthetic_geological_survey
1592,Mine_01592,Sand,0.346,0.923,0.757,1.71,192.68,synthetic_geological_survey
1593,Mine_01593,Marble,0.768,0.358,0.584,1.07,85.35,synthetic_geological_survey
1594,Mine_01594,Salt,0.937,0.208,0.508,3.85,140.2,synthetic_geological_survey
1595,Mine_01595,Sandstone,0.459,0.55,0.268,4.64,40.87,synthetic_geological_survey
1596,Mine_01596,Marble,0.894,0.417,0.397,1.88,119.7,synthetic_geological_survey
1597,Mine_01597,Granite,0.717,0.269,0.506,3.71,93.94,synthetic_geological_survey
1598,Mine_01598,Salt,0.973,0.216,0.503,3.55,66.2,synthetic_geological_survey
1599,Mine_01599,Sand,0.3,0.799,0.38,4.79,49.4,synthetic_geological_survey
1600,Mine_01600,Salt,0.762,0.169,0.477,0.78,174.54,synthetic_geological_survey
1601,Mine_01601,Silica Sand,0.328,0.574,0.438,0.98,59.89,synthetic_geological_survey
1602,Mine_01602,Salt,0.958,0.213,0.239,1.77,22.24,synthetic_geological_survey
1603,Mine_01603,Sandstone,0.518,0.621,0.757,4.49,38.78,synthetic_geological_survey
1604,Mine_01604,Sand,0.29,0.774,0.431,2.08,76.61,synthetic_geological_survey
1605,Mine_01605,Sandstone,0.537,0.645,0.463,1.5,71.49,synthetic_geological_survey
1606,Mine_01606,Marble,0.725,0.338,0.407,3.11,185.46,synthetic_geological_survey
1607,Mine_01607,Marble,0.835,0.39,0.768,1.97,83.32,synthetic_geological_survey
1608,Mine_01608,Marble,0.857,0.4,0.595,2.35,108.33,synthetic_geological_survey
1609,Mine_01609,Sandstone,0.536,0.643,0.655,1.48,67.26,synthetic_geological_survey
1610,Mine_01610,Limestone,0.696,0.58,0.229,2.0,96.81,synthetic_geological_survey
1611,Mine_01611,Iron Ore,0.687,0.392,0.584,4.89,112.46,synthetic_geological_survey
1612,Mine_01612,Silica Sand,0.412,0.721,0.432,4.34,59.76,synthetic_geological_survey
1613,Mine_01613,Granite,0.828,0.31,0.472,2.41,105.54,synthetic_geological_survey
1614,Mine_01614,Sand,0.311,0.83,0.462,4.3,34.1,synthetic_geological_survey
1615,Mine_01615,Salt,0.788,0.175,0.49,1.5,187.05,synthetic_geological_survey
1616,Mine_01616,Silica Sand,0.44,0.771,0.213,1.49,38.8,synthetic_geological_survey
1617,Mine_01617,Sand,0.33,0.88,0.771,4.62,31.89,synthetic_geological_survey
1618,Mine_01618,Marble,0.798,0.373,0.743,0.81,95.91,synthetic_geological_survey
1619,Mine_01619,Sandstone,0.539,0.647,0.543,1.27,129.52,synthetic_geological_survey
1620,Mine_01620,Sand,0.258,0.687,0.429,2.97,24.57,synthetic_geological_survey
1621,Mine_01621,Granite,0.807,0.303,0.505,3.98,128.98,synthetic_geological_survey
1622,Mine_01622,Iron Ore,0.731,0.417,0.384,3.67,156.75,synthetic_geological_survey
1623,Mine_01623,Iron Ore,0.642,0.367,0.208,3.09,23.9,synthetic_geological_survey
1624,Mine_01624,Granite,0.683,0.256,0.368,3.08,83.76,synthetic_geological_survey
1625,Mine_01625,Marble,0.701,0.327,0.791,2.08,90.81,synthetic_geological_survey
1626,Mine_01626,Granite,0.927,0.348,0.602,2.62,90.01,synthetic_geological_survey
1627,Mine_01627,Salt,0.878,0.195,0.71,2.13,141.88,synthetic_geological_survey
1628,Mine_01628,Marble,0.818,0.382,0.719,2.25,97.46,synthetic_geological_survey
1629,Mine_01629,Silica Sand,0.413,0.722,0.305,3.32,35.84,synthetic_geological_survey
1630,Mine_01630,Sandstone,0.561,0.673,0.249,1.09,38.1,synthetic_geological_survey
1631,Mine_01631,Marble,0.708,0.33,0.246,3.92,54.68,synthetic_geological_survey
1632,Mine_01632,Iron Ore,0.593,0.339,0.798,1.94,32.59,synthetic_geological_survey
1633,Mine_01633,Silica Sand,0.438,0.767,0.231,3.88,186.35,synthetic_geological_survey
1634,Mine_01634,Sand,0.346,0.923,0.555,2.6,45.75,synthetic_geological_survey
1635,Mine_01635,Granite,0.791,0.297,0.483,3.67,165.18,synthetic_geological_survey
1636,Mine_01636,Sandstone,0.55,0.66,0.358,2.28,93.68,synthetic_geological_survey
1637,Mine_01637,Granite,0.77,0.289,0.203,1.26,74.1,synthetic_geological_survey
1638,Mine_01638,Limestone,0.675,0.562,0.235,0.7,62.75,synthetic_geological_survey
1639,Mine_01639,Silica Sand,0.455,0.796,0.592,2.1,105.93,synthetic_geological_survey
1640,Mine_01640,Iron Ore,0.69,0.394,0.577,3.76,180.26,synthetic_geological_survey
1641,Mine_01641,Sand,0.351,0.935,0.797,2.94,101.92,synthetic_geological_survey
1642,Mine_01642,Sand,0.269,0.717,0.369,4.15,131.17,synthetic_geological_survey
1643,Mine_01643,Marble,0.759,0.354,0.792,4.16,28.03,synthetic_geological_survey
1644,Mine_01644,Marble,0.808,0.377,0.707,1.67,146.13,synthetic_geological_survey
1645,Mine_01645,Limestone,0.673,0.561,0.669,4.84,134.25,synthetic_geological_survey
1646,Mine_01646,Limestone,0.673,0.56,0.554,4.62,105.36,synthetic_geological_survey
1647,Mine_01647,Iron Ore,0.696,0.398,0.569,3.62,199.74,synthetic_geological_survey
1648,Mine_01648,Marble,0.826,0.385,0.441,4.27,159.5,synthetic_geological_survey
1649,Mine_01649,Granite,0.763,0.286,0.309,0.74,184.25,synthetic_geological_survey
1650,Mine_01650,Sand,0.328,0.875,0.588,4.32,100.65,synthetic_geological_survey
1651,Mine_01651,Marble,0.831,0.388,0.284,1.46,175.92,synthetic_geological_survey
1652,Mine_01652,Salt,0.836,0.186,0.457,2.6,35.62,synthetic_geological_survey
1653,Mine_01653,Granite,0.949,0.356,0.666,4.67,149.38,synthetic_geological_survey
1654,Mine_01654,Silica Sand,0.452,0.79,0.517,3.84,81.67,synthetic_geological_survey
1655,Mine_01655,Iron Ore,0.578,0.331,0.477,2.14,113.79,synthetic_geological_survey
1656,Mine_01656,Silica Sand,0.477,0.835,0.311,3.94,106.2,synthetic_geological_survey
1657,Mine_01657,Sand,0.302,0.805,0.789,3.88,155.28,synthetic_geological_survey
1658,Mine_01658,Silica Sand,0.38,0.666,0.795,3.79,168.73,synthetic_geological_survey
1659,Mine_01659,Sandstone,0.408,0.49,0.266,2.44,165.95,synthetic_geological_survey
1660,Mine_01660,Sandstone,0.542,0.651,0.636,2.59,110.61,synthetic_geological_survey
1661,Mine_01661,Silica Sand,0.344,0.602,0.643,1.59,159.85,synthetic_geological_survey
1662,Mine_01662,Sand,0.306,0.815,0.262,1.09,160.1,synthetic_geological_survey
1663,Mine_01663,Salt,0.997,0.222,0.212,0.7,119.81,synthetic_geological_survey
1664,Mine_01664,Salt,0.751,0.167,0.279,2.94,189.41,synthetic_geological_survey
1665,Mine_01665,Marble,0.868,0.405,0.323,2.96,93.0,synthetic_geological_survey
1666,Mine_01666,Silica Sand,0.423,0.739,0.717,2.39,198.31,synthetic_geological_survey
1667,Mine_01667,Salt,0.981,0.218,0.712,2.52,153.92,synthetic_geological_survey
1668,Mine_01668,Sandstone,0.426,0.511,0.263,4.73,157.97,synthetic_geological_survey
1669,Mine_01669,Salt,0.737,0.164,0.33,2.76,151.98,synthetic_geological_survey
1670,Mine_01670,Sandstone,0.437,0.524,0.649,3.53,59.88,synthetic_geological_survey
1671,Mine_01671,Silica Sand,0.425,0.744,0.531,3.66,38.09,synthetic_geological_survey
1672,Mine_01672,Silica Sand,0.402,0.704,0.613,0.99,96.14,synthetic_geological_survey
1673,Mine_01673,Salt,0.866,0.192,0.215,3.12,38.36,synthetic_geological_survey
1674,Mine_01674,Sandstone,0.578,0.693,0.647,3.25,168.44,synthetic_geological_survey
1675,Mine_01675,Silica Sand,0.354,0.619,0.417,1.5,58.45,synthetic_geological_survey
1676,Mine_01676,Iron Ore,0.581,0.332,0.499,3.55,112.76,synthetic_geological_survey
1677,Mine_01677,Sandstone,0.572,0.687,0.249,2.71,96.13,synthetic_geological_survey
1678,Mine_01678,Sand,0.348,0.927,0.732,4.99,30.14,synthetic_geological_survey
1679,Mine_01679,Iron Ore,0.642,0.367,0.487,1.99,59.85,synthetic_geological_survey
1680,Mine_01680,Limestone,0.565,0.471,0.73,4.15,87.04,synthetic_geological_survey
1681,Mine_01681,Silica Sand,0.377,0.659,0.704,2.76,83.72,synthetic_geological_survey
1682,Mine_01682,Iron Ore,0.606,0.346,0.213,3.94,175.24,synthetic_geological_survey
1683,Mine_01683,Salt,0.88,0.195,0.222,0.88,47.72,synthetic_geological_survey
1684,Mine_01684,Silica Sand,0.458,0.801,0.646,1.43,107.09,synthetic_geological_survey
1685,Mine_01685,Marble,0.724,0.338,0.459,3.25,21.66,synthetic_geological_survey
1686,Mine_01686,Silica Sand,0.342,0.599,0.249,1.69,192.36,synthetic_geological_survey
1687,Mine_01687,Granite,0.721,0.27,0.597,3.8,127.01,synthetic_geological_survey
1688,Mine_01688,Granite,0.851,0.319,0.69,1.42,64.61,synthetic_geological_survey
1689,Mine_01689,Marble,0.895,0.418,0.718,1.95,79.31,synthetic_geological_survey
1690,Mine_01690,Silica Sand,0.372,0.65,0.52,1.84,72.66,synthetic_geological_survey
1691,Mine_01691,Sand,0.253,0.676,0.692,3.4,124.37,synthetic_geological_survey
1692,Mine_01692,Sand,0.281,0.749,0.501,0.8,42.03,synthetic_geological_survey
1693,Mine_01693,Salt,0.774,0.172,0.422,1.07,29.07,synthetic_geological_survey
1694,Mine_01694,Limestone,0.712,0.593,0.343,1.82,106.1,synthetic_geological_survey
1695,Mine_01695,Sand,0.278,0.741,0.721,1.37,92.22,synthetic_geological_survey
1696,Mine_01696,Sandstone,0.467,0.56,0.527,3.98,129.07,synthetic_geological_survey
1697,Mine_01697,Sandstone,0.406,0.487,0.749,2.28,130.24,synthetic_geological_survey
1698,Mine_01698,Marble,0.714,0.333,0.431,2.42,90.18,synthetic_geological_survey
1699,Mine_01699,Granite,0.778,0.292,0.215,4.63,124.22,synthetic_geological_survey
1700,Mine_01700,Iron Ore,0.612,0.35,0.292,3.18,88.86,synthetic_geological_survey
1701,Mine_01701,Salt,0.775,0.172,0.24,2.82,100.36,synthetic_geological_survey
1702,Mine_01702,Granite,0.93,0.349,0.492,4.95,42.21,synthetic_geological_survey
1703,Mine_01703,Sandstone,0.598,0.717,0.701,2.29,56.25,synthetic_geological_survey
1704,Mine_01704,Granite,0.918,0.344,0.496,3.13,81.34,synthetic_geological_survey
1705,Mine_01705,Granite,0.921,0.345,0.769,1.95,66.89,synthetic_geological_survey
1706,Mine_01706,Iron Ore,0.597,0.341,0.476,4.46,146.94,synthetic_geological_survey
1707,Mine_01707,Iron Ore,0.745,0.426,0.608,1.26,113.33,synthetic_geological_survey
1708,Mine_01708,Salt,0.76,0.169,0.787,3.79,83.61,synthetic_geological_survey
1709,Mine_01709,Sandstone,0.415,0.498,0.52,3.22,105.13,synthetic_geological_survey
1710,Mine_01710,Marble,0.874,0.408,0.771,2.11,156.21,synthetic_geological_survey
1711,Mine_01711,Salt,1.029,0.229,0.685,3.67,160.86,synthetic_geological_survey
1712,Mine_01712,Limestone,0.663,0.553,0.799,3.43,147.59,synthetic_geological_survey
1713,Mine_01713,Salt,0.724,0.161,0.62,2.16,37.17,synthetic_geological_survey
1714,Mine_01714,Sand,0.265,0.707,0.384,2.28,37.23,synthetic_geological_survey
1715,Mine_01715,Salt,0.96,0.213,0.563,3.86,34.55,synthetic_geological_survey
1716,Mine_01716,Sand,0.329,0.878,0.223,4.78,24.01,synthetic_geological_survey
1717,Mine_01717,Limestone,0.597,0.498,0.528,4.23,126.1,synthetic_geological_survey
1718,Mine_01718,Salt,0.917,0.204,0.778,2.0,94.16,synthetic_geological_survey
1719,Mine_01719,Silica Sand,0.449,0.785,0.721,0.59,166.96,synthetic_geological_survey
1720,Mine_01720,Sandstone,0.447,0.536,0.735,2.86,144.07,synthetic_geological_survey
1721,Mine_01721,Limestone,0.661,0.551,0.443,2.48,197.77,synthetic_geological_survey
1722,Mine_01722,Salt,0.761,0.169,0.267,4.84,186.8,synthetic_geological_survey
1723,Mine_01723,Marble,0.812,0.379,0.421,2.36,98.79,synthetic_geological_survey
1724,Mine_01724,Iron Ore,0.825,0.472,0.716,4.69,128.59,synthetic_geological_survey
1725,Mine_01725,Sand,0.294,0.783,0.663,4.8,70.33,synthetic_geological_survey
1726,Mine_01726,Silica Sand,0.334,0.585,0.291,1.89,84.49,synthetic_geological_survey
1727,Mine_01727,Granite,0.945,0.355,0.595,4.54,40.81,synthetic_geological_survey
1728,Mine_01728,Marble,0.815,0.38,0.26,4.55,192.39,synthetic_geological_survey
1729,Mine_01729,Salt,0.782,0.174,0.389,1.41,193.69,synthetic_geological_survey
1730,Mine_01730,Iron Ore,0.595,0.34,0.539,1.28,188.85,synthetic_geological_survey
1731,Mine_01731,Granite,0.84,0.315,0.765,4.25,77.54,synthetic_geological_survey
1732,Mine_01732,Iron Ore,0.594,0.339,0.27,0.78,168.82,synthetic_geological_survey
1733,Mine_01733,Granite,0.643,0.241,0.468,3.0,198.14,synthetic_geological_survey
1734,Mine_01734,Sandstone,0.476,0.571,0.486,0.54,109.87,synthetic_geological_survey
1735,Mine_01735,Sand,0.347,0.925,0.592,3.32,127.88,synthetic_geological_survey
1736,Mine_01736,Iron Ore,0.742,0.424,0.282,3.26,196.02,synthetic_geological_survey
1737,Mine_01737,Granite,0.775,0.291,0.588,3.36,39.34,synthetic_geological_survey
1738,Mine_01738,Silica Sand,0.387,0.678,0.625,4.4,116.39,synthetic_geological_survey
1739,Mine_01739,Marble,0.826,0.386,0.428,2.9,165.22,synthetic_geological_survey
1740,Mine_01740,Silica Sand,0.349,0.611,0.46,0.77,78.6,synthetic_geological_survey
1741,Mine_01741,Marble,0.68,0.317,0.692,4.89,49.7,synthetic_geological_survey
1742,Mine_01742,Iron Ore,0.786,0.449,0.381,2.51,63.81,synthetic_geological_survey
1743,Mine_01743,Granite,0.944,0.354,0.632,0.98,184.18,synthetic_geological_survey
1744,Mine_01744,Iron Ore,0.733,0.419,0.72,0.66,43.7,synthetic_geological_survey
1745,Mine_01745,Granite,0.775,0.291,0.717,2.88,138.51,synthetic_geological_survey
1746,Mine_01746,Silica Sand,0.329,0.576,0.43,0.52,38.4,synthetic_geological_survey
1747,Mine_01747,Marble,0.61,0.284,0.584,4.5,125.97,synthetic_geological_survey
1748,Mine_01748,Iron Ore,0.8,0.457,0.738,4.89,41.49,synthetic_geological_survey
1749,Mine_01749,Sand,0.277,0.739,0.798,0.86,128.02,synthetic_geological_survey
1750,Mine_01750,Sandstone,0.435,0.523,0.211,0.6,72.73,synthetic_geological_survey
1751,Mine_01751,Marble,0.654,0.305,0.276,2.75,151.78,synthetic_geological_survey
1752,Mine_01752,Silica Sand,0.455,0.797,0.495,4.04,40.47,synthetic_geological_survey
1753,Mine_01753,Granite,0.811,0.304,0.341,4.77,73.27,synthetic_geological_survey
1754,Mine_01754,Limestone,0.539,0.449,0.393,3.99,169.64,synthetic_geological_survey
1755,Mine_01755,Salt,0.837,0.186,0.664,1.69,143.63,synthetic_geological_survey
1756,Mine_01756,Salt,0.908,0.202,0.26,2.38,171.36,synthetic_geological_survey
1757,Mine_01757,Granite,0.854,0.32,0.795,0.55,130.82,synthetic_geological_survey
1758,Mine_01758,Limestone,0.501,0.417,0.642,4.82,126.48,synthetic_geological_survey
1759,Mine_01759,Silica Sand,0.401,0.702,0.251,2.93,186.39,synthetic_geological_survey
1760,Mine_01760,Granite,0.946,0.355,0.676,1.59,139.58,synthetic_geological_survey
1761,Mine_01761,Silica Sand,0.44,0.77,0.664,3.97,33.47,synthetic_geological_survey
1762,Mine_01762,Marble,0.779,0.364,0.668,1.72,82.08,synthetic_geological_survey
1763,Mine_01763,Salt,0.805,0.179,0.538,4.26,157.7,synthetic_geological_survey
1764,Mine_01764,Limestone,0.585,0.487,0.613,1.65,154.83,synthetic_geological_survey
1765,Mine_01765,Salt,0.749,0.166,0.34,2.29,90.15,synthetic_geological_survey
1766,Mine_01766,Sand,0.249,0.665,0.417,3.77,80.15,synthetic_geological_survey
1767,Mine_01767,Sandstone,0.536,0.643,0.563,4.16,117.25,synthetic_geological_survey
1768,Mine_01768,Salt,0.882,0.196,0.484,0.62,101.22,synthetic_geological_survey
1769,Mine_01769,Iron Ore,0.596,0.341,0.517,3.38,123.86,synthetic_geological_survey
1770,Mine_01770,Iron Ore,0.743,0.424,0.284,2.05,155.05,synthetic_geological_survey
1771,Mine_01771,Marble,0.894,0.417,0.754,2.59,97.34,synthetic_geological_survey
1772,Mine_01772,Iron Ore,0.754,0.431,0.203,2.47,112.8,synthetic_geological_survey
1773,Mine_01773,Sand,0.265,0.705,0.203,3.59,184.73,synthetic_geological_survey
1774,Mine_01774,Salt,0.792,0.176,0.644,0.57,187.15,synthetic_geological_survey
1775,Mine_01775,Iron Ore,0.631,0.361,0.396,1.82,44.95,synthetic_geological_survey
1776,Mine_01776,Iron Ore,0.714,0.408,0.518,3.22,161.15,synthetic_geological_survey
1777,Mine_01777,Salt,0.802,0.178,0.693,2.94,176.06,synthetic_geological_survey
1778,Mine_01778,Sand,0.268,0.713,0.297,0.86,182.22,synthetic_geological_survey
1779,Mine_01779,Marble,0.671,0.313,0.631,4.17,41.86,synthetic_geological_survey
1780,Mine_01780,Sand,0.272,0.725,0.617,4.33,132.04,synthetic_geological_survey
1781,Mine_01781,Marble,0.8,0.373,0.794,2.8,181.1,synthetic_geological_survey
1782,Mine_01782,Sandstone,0.444,0.533,0.645,0.9,111.91,synthetic_geological_survey
1783,Mine_01783,Sandstone,0.405,0.486,0.387,4.55,66.24,synthetic_geological_survey
1784,Mine_01784,Limestone,0.632,0.527,0.321,2.86,181.06,synthetic_geological_survey
1785,Mine_01785,Silica Sand,0.409,0.716,0.769,3.24,140.08,synthetic_geological_survey
1786,Mine_01786,Salt,0.816,0.181,0.743,4.59,33.73,synthetic_geological_survey
1787,Mine_01787,Sandstone,0.418,0.501,0.76,3.07,82.67,synthetic_geological_survey
1788,Mine_01788,Granite,0.651,0.244,0.298,2.32,83.81,synthetic_geological_survey
1789,Mine_01789,Granite,0.818,0.307,0.251,3.96,48.65,synthetic_geological_survey
1790,Mine_01790,Granite,0.644,0.241,0.349,2.15,84.37,synthetic_geological_survey
1791,Mine_01791,Marble,0.71,0.331,0.369,1.94,109.5,synthetic_geological_survey
1792,Mine_01792,Silica Sand,0.381,0.666,0.242,2.28,145.66,synthetic_geological_survey
1793,Mine_01793,Iron Ore,0.663,0.379,0.562,2.24,139.71,synthetic_geological_survey
1794,Mine_01794,Granite,0.857,0.321,0.703,1.48,66.8,synthetic_geological_survey
1795,Mine_01795,Marble,0.746,0.348,0.678,2.32,118.96,synthetic_geological_survey
1796,Mine_01796,Sandstone,0.509,0.61,0.669,3.89,163.6,synthetic_geological_survey
1797,Mine_01797,Iron Ore,0.734,0.42,0.757,1.58,48.47,synthetic_geological_survey
1798,Mine_01798,Silica Sand,0.357,0.625,0.381,2.21,135.23,synthetic_geological_survey
1799,Mine_01799,Granite,0.894,0.335,0.657,4.39,129.33,synthetic_geological_survey
1800,Mine_01800,Sand,0.359,0.956,0.231,0.52,35.0,synthetic_geological_survey
1801,Mine_01801,Granite,0.724,0.271,0.399,1.04,116.44,synthetic_geological_survey
1802,Mine_01802,Marble,0.708,0.331,0.488,4.06,113.01,synthetic_geological_survey
1803,Mine_01803,Sandstone,0.573,0.687,0.481,1.45,186.58,synthetic_geological_survey
1804,Mine_01804,Sand,0.31,0.826,0.781,4.58,115.84,synthetic_geological_survey
1805,Mine_01805,Sand,0.25,0.667,0.243,3.33,90.23,synthetic_geological_survey
1806,Mine_01806,Marble,0.66,0.308,0.659,1.16,38.64,synthetic_geological_survey
1807,Mine_01807,Sandstone,0.444,0.532,0.338,4.32,132.5,synthetic_geological_survey
1808,Mine_01808,Marble,0.704,0.328,0.467,1.9,87.24,synthetic_geological_survey
1809,Mine_01809,Limestone,0.517,0.43,0.216,2.71,186.53,synthetic_geological_survey
1810,Mine_01810,Granite,0.754,0.283,0.571,2.07,130.99,synthetic_geological_survey
1811,Mine_01811,Limestone,0.564,0.47,0.329,3.0,109.0,synthetic_geological_survey
1812,Mine_01812,Silica Sand,0.392,0.685,0.296,0.73,26.94,synthetic_geological_survey
1813,Mine_01813,Silica Sand,0.366,0.641,0.42,2.76,195.25,synthetic_geological_survey
1814,Mine_01814,Granite,0.794,0.298,0.585,1.35,194.11,synthetic_geological_survey
1815,Mine_01815,Salt,0.949,0.211,0.426,4.09,26.74,synthetic_geological_survey
1816,Mine_01816,Sand,0.337,0.899,0.538,4.43,129.02,synthetic_geological_survey
1817,Mine_01817,Limestone,0.603,0.503,0.32,2.91,131.43,synthetic_geological_survey
1818,Mine_01818,Limestone,0.561,0.467,0.718,3.32,54.65,synthetic_geological_survey
1819,Mine_01819,Marble,0.84,0.392,0.603,4.86,75.15,synthetic_geological_survey
1820,Mine_01820,Salt,0.917,0.204,0.687,1.64,171.67,synthetic_geological_survey
1821,Mine_01821,Salt,0.878,0.195,0.675,3.83,27.7,synthetic_geological_survey
1822,Mine_01822,Iron Ore,0.637,0.364,0.597,4.89,68.65,synthetic_geological_survey
1823,Mine_01823,Salt,0.9,0.2,0.644,2.78,195.53,synthetic_geological_survey
1824,Mine_01824,Sandstone,0.447,0.536,0.453,1.24,187.01,synthetic_geological_survey
1825,Mine_01825,Sand,0.259,0.69,0.784,0.85,177.43,synthetic_geological_survey
1826,Mine_01826,Limestone,0.535,0.445,0.256,2.68,143.53,synthetic_geological_survey
1827,Mine_01827,Limestone,0.672,0.56,0.558,3.7,155.54,synthetic_geological_survey
1828,Mine_01828,Sandstone,0.55,0.66,0.337,1.36,98.88,synthetic_geological_survey
1829,Mine_01829,Sandstone,0.43,0.516,0.729,2.77,28.95,synthetic_geological_survey
1830,Mine_01830,Sand,0.248,0.662,0.48,3.24,46.16,synthetic_geological_survey
1831,Mine_01831,Granite,0.729,0.273,0.392,2.53,126.72,synthetic_geological_survey
1832,Mine_01832,Salt,1.008,0.224,0.652,1.98,182.84,synthetic_geological_survey
1833,Mine_01833,Iron Ore,0.656,0.375,0.31,1.01,78.67,synthetic_geological_survey
1834,Mine_01834,Marble,0.83,0.387,0.413,1.99,186.09,synthetic_geological_survey
1835,Mine_01835,Marble,0.816,0.381,0.334,1.66,26.18,synthetic_geological_survey
1836,Mine_01836,Granite,0.866,0.325,0.265,2.37,166.03,synthetic_geological_survey
1837,Mine_01837,Silica Sand,0.432,0.756,0.214,4.44,84.88,synthetic_geological_survey
1838,Mine_01838,Marble,0.788,0.368,0.763,1.76,46.63,synthetic_geological_survey
1839,Mine_01839,Limestone,0.698,0.582,0.367,3.02,68.07,synthetic_geological_survey
1840,Mine_01840,Granite,0.816,0.306,0.605,3.62,174.44,synthetic_geological_survey
1841,Mine_01841,Salt,0.946,0.21,0.355,2.25,94.81,synthetic_geological_survey
1842,Mine_01842,Granite,0.794,0.298,0.293,3.25,189.5,synthetic_geological_survey
1843,Mine_01843,Sand,0.25,0.667,0.458,4.47,64.6,synthetic_geological_survey
1844,Mine_01844,Granite,0.789,0.296,0.411,4.04,184.95,synthetic_geological_survey
1845,Mine_01845,Iron Ore,0.672,0.384,0.349,0.81,91.79,synthetic_geological_survey
1846,Mine_01846,Granite,0.803,0.301,0.343,4.93,27.72,synthetic_geological_survey
1847,Mine_01847,Sand,0.316,0.843,0.622,0.56,175.02,synthetic_geological_survey
1848,Mine_01848,Sand,0.292,0.779,0.72,1.08,171.9,synthetic_geological_survey
1849,Mine_01849,Sand,0.316,0.842,0.46,0.75,140.0,synthetic_geological_survey
1850,Mine_01850,Granite,0.822,0.308,0.39,1.01,75.8,synthetic_geological_survey
1851,Mine_01851,Marble,0.686,0.32,0.685,4.7,125.99,synthetic_geological_survey
1852,Mine_01852,Marble,0.602,0.281,0.583,1.12,142.18,synthetic_geological_survey
1853,Mine_01853,Marble,0.798,0.373,0.691,4.63,158.8,synthetic_geological_survey
1854,Mine_01854,Granite,0.676,0.254,0.706,1.66,194.94,synthetic_geological_survey
1855,Mine_01855,Iron Ore,0.7,0.4,0.36,4.98,111.13,synthetic_geological_survey
1856,Mine_01856,Salt,1.027,0.228,0.443,0.69,106.38,synthetic_geological_survey
1857,Mine_01857,Marble,0.663,0.31,0.563,0.57,76.95,synthetic_geological_survey
1858,Mine_01858,Sandstone,0.438,0.526,0.76,2.8,81.04,synthetic_geological_survey
1859,Mine_01859,Limestone,0.629,0.524,0.724,0.76,149.68,synthetic_geological_survey
1860,Mine_01860,Marble,0.687,0.321,0.517,3.85,148.57,synthetic_geological_survey
1861,Mine_01861,Salt,0.73,0.162,0.588,3.73,191.87,synthetic_geological_survey
1862,Mine_01862,Marble,0.726,0.339,0.223,0.88,142.63,synthetic_geological_survey
1863,Mine_01863,Salt,0.907,0.202,0.355,1.42,134.17,synthetic_geological_survey
1864,Mine_01864,Sand,0.345,0.919,0.584,2.32,124.26,synthetic_geological_survey
1865,Mine_01865,Sand,0.304,0.81,0.286,1.36,42.8,synthetic_geological_survey
1866,Mine_01866,Limestone,0.665,0.554,0.743,3.92,116.65,synthetic_geological_survey
1867,Mine_01867,Sandstone,0.58,0.696,0.736,1.66,172.53,synthetic_geological_survey
1868,Mine_01868,Marble,0.851,0.397,0.445,2.0,146.93,synthetic_geological_survey
1869,Mine_01869,Silica Sand,0.443,0.776,0.498,1.26,159.38,synthetic_geological_survey
1870,Mine_01870,Iron Ore,0.706,0.404,0.374,4.63,163.04,synthetic_geological_survey
1871,Mine_01871,Sandstone,0.473,0.567,0.36,3.51,107.94,synthetic_geological_survey
1872,Mine_01872,Salt,0.816,0.181,0.661,2.51,171.21,synthetic_geological_survey
1873,Mine_01873,Granite,0.698,0.262,0.336,4.68,81.14,synthetic_geological_survey
1874,Mine_01874,Iron Ore,0.73,0.417,0.264,1.15,35.3,synthetic_geological_survey
1875,Mine_01875,Salt,1.021,0.227,0.481,3.14,20.1,synthetic_geological_survey
1876,Mine_01876,Granite,0.815,0.306,0.534,1.29,121.37,synthetic_geological_survey
1877,Mine_01877,Salt,0.788,0.175,0.562,2.82,139.41,synthetic_geological_survey
1878,Mine_01878,Sand,0.316,0.842,0.66,3.09,28.67,synthetic_geological_survey
1879,Mine_01879,Salt,1.003,0.223,0.734,2.33,61.86,synthetic_geological_survey
1880,Mine_01880,Salt,0.748,0.166,0.284,3.07,165.11,synthetic_geological_survey
1881,Mine_01881,Sandstone,0.567,0.68,0.606,3.68,59.83,synthetic_geological_survey
1882,Mine_01882,Limestone,0.496,0.413,0.315,4.91,121.73,synthetic_geological_survey
1883,Mine_01883,Marble,0.667,0.311,0.624,0.81,130.1,synthetic_geological_survey
1884,Mine_01884,Marble,0.689,0.322,0.408,2.23,134.51,synthetic_geological_survey
1885,Mine_01885,Marble,0.75,0.35,0.75,4.96,74.74,synthetic_geological_survey
1886,Mine_01886,Limestone,0.687,0.573,0.77,1.11,26.4,synthetic_geological_survey
1887,Mine_01887,Sand,0.347,0.926,0.676,0.6,178.49,synthetic_geological_survey
1888,Mine_01888,Marble,0.732,0.341,0.39,2.68,74.24,synthetic_geological_survey
1889,Mine_01889,Iron Ore,0.601,0.344,0.252,1.04,102.41,synthetic_geological_survey
1890,Mine_01890,Silica Sand,0.45,0.787,0.657,1.28,20.51,synthetic_geological_survey
1891,Mine_01891,Salt,1.062,0.236,0.292,3.75,144.63,synthetic_geological_survey
1892,Mine_01892,Limestone,0.562,0.468,0.225,2.26,144.98,synthetic_geological_survey
1893,Mine_01893,Silica Sand,0.369,0.645,0.289,1.97,25.34,synthetic_geological_survey
1894,Mine_01894,Granite,0.928,0.348,0.781,4.02,182.43,synthetic_geological_survey
1895,Mine_01895,Sandstone,0.471,0.565,0.8,1.73,190.16,synthetic_geological_survey
1896,Mine_01896,Marble,0.763,0.356,0.315,0.91,22.14,synthetic_geological_survey
1897,Mine_01897,Iron Ore,0.737,0.421,0.793,2.05,32.15,synthetic_geological_survey
1898,Mine_01898,Sandstone,0.465,0.558,0.501,1.58,160.03,synthetic_geological_survey
1899,Mine_01899,Silica Sand,0.337,0.591,0.548,4.11,128.9,synthetic_geological_survey
1900,Mine_01900,Limestone,0.602,0.502,0.462,3.45,38.96,synthetic_geological_survey
1901,Mine_01901,Marble,0.693,0.323,0.501,4.23,40.69,synthetic_geological_survey
1902,Mine_01902,Marble,0.876,0.409,0.668,1.32,173.49,synthetic_geological_survey
1903,Mine_01903,Iron Ore,0.668,0.382,0.497,2.89,162.12,synthetic_geological_survey
1904,Mine_01904,Iron Ore,0.663,0.379,0.247,0.78,55.96,synthetic_geological_survey
1905,Mine_01905,Iron Ore,0.76,0.434,0.594,3.91,141.51,synthetic_geological_survey
1906,Mine_01906,Marble,0.673,0.314,0.265,1.02,77.89,synthetic_geological_survey
1907,Mine_01907,Sand,0.26,0.694,0.467,3.96,80.52,synthetic_geological_survey
1908,Mine_01908,Sand,0.325,0.866,0.36,4.08,29.88,synthetic_geological_survey
1909,Mine_01909,Silica Sand,0.381,0.667,0.366,0.91,108.47,synthetic_geological_survey
1910,Mine_01910,Iron Ore,0.683,0.39,0.244,4.96,104.47,synthetic_geological_survey
1911,Mine_01911,Marble,0.717,0.335,0.6,0.62,134.81,synthetic_geological_survey
1912,Mine_01912,Silica Sand,0.446,0.781,0.645,1.67,148.07,synthetic_geological_survey
1913,Mine_01913,Granite,0.646,0.242,0.403,2.56,121.19,synthetic_geological_survey
1914,Mine_01914,Sand,0.314,0.837,0.452,1.13,25.0,synthetic_geological_survey
1915,Mine_01915,Granite,0.711,0.266,0.343,2.09,53.09,synthetic_geological_survey
1916,Mine_01916,Silica Sand,0.337,0.589,0.621,3.54,65.25,synthetic_geological_survey
1917,Mine_01917,Sand,0.336,0.897,0.267,4.44,147.59,synthetic_geological_survey
1918,Mine_01918,Silica Sand,0.478,0.837,0.437,3.59,147.63,synthetic_geological_survey
1919,Mine_01919,Marble,0.854,0.398,0.436,1.16,65.19,synthetic_geological_survey
1920,Mine_01920,Marble,0.76,0.355,0.274,2.39,151.92,synthetic_geological_survey
1921,Mine_01921,Marble,0.877,0.409,0.229,4.55,112.37,synthetic_geological_survey
1922,Mine_01922,Marble,0.68,0.317,0.573,2.24,112.82,synthetic_geological_survey
1923,Mine_01923,Marble,0.726,0.339,0.47,4.58,159.42,synthetic_geological_survey
1924,Mine_01924,Granite,0.928,0.348,0.332,1.77,107.91,synthetic_geological_survey
1925,Mine_01925,Sand,0.265,0.707,0.6,2.05,31.52,synthetic_geological_survey
1926,Mine_01926,Limestone,0.539,0.449,0.683,2.65,69.88,synthetic_geological_survey
1927,Mine_01927,Sand,0.345,0.921,0.699,3.99,82.98,synthetic_geological_survey
1928,Mine_01928,Granite,0.648,0.243,0.247,1.3,37.91,synthetic_geological_survey
1929,Mine_01929,Sand,0.335,0.893,0.578,0.73,65.62,synthetic_geological_survey
1930,Mine_01930,Salt,0.872,0.194,0.566,2.68,143.37,synthetic_geological_survey
1931,Mine_01931,Sand,0.344,0.918,0.729,4.45,22.93,synthetic_geological_survey
1932,Mine_01932,Sandstone,0.486,0.583,0.653,2.2,118.87,synthetic_geological_survey
1933,Mine_01933,Sandstone,0.466,0.559,0.556,4.18,130.37,synthetic_geological_survey
1934,Mine_01934,Granite,0.95,0.356,0.762,2.18,158.94,synthetic_geological_survey
1935,Mine_01935,Salt,0.818,0.182,0.738,3.65,136.77,synthetic_geological_survey
1936,Mine_01936,Sandstone,0.577,0.692,0.676,0.69,118.92,synthetic_geological_survey
1937,Mine_01937,Iron Ore,0.619,0.354,0.251,4.64,35.91,synthetic_geological_survey
1938,Mine_01938,Iron Ore,0.639,0.365,0.528,3.51,62.36,synthetic_geological_survey
1939,Mine_01939,Limestone,0.573,0.477,0.568,1.4,111.93,synthetic_geological_survey
1940,Mine_01940,Iron Ore,0.758,0.433,0.539,4.63,96.09,synthetic_geological_survey
1941,Mine_01941,Granite,0.908,0.34,0.392,4.14,57.8,synthetic_geological_survey
1942,Mine_01942,Silica Sand,0.41,0.718,0.634,1.23,167.45,synthetic_geological_survey
1943,Mine_01943,Iron Ore,0.771,0.44,0.359,1.3,72.87,synthetic_geological_survey
1944,Mine_01944,Limestone,0.592,0.493,0.648,3.12,24.58,synthetic_geological_survey
1945,Mine_01945,Granite,0.802,0.301,0.455,1.98,174.32,synthetic_geological_survey
1946,Mine_01946,Sand,0.352,0.938,0.236,4.41,178.49,synthetic_geological_survey
1947,Mine_01947,Sand,0.264,0.705,0.704,1.05,169.69,synthetic_geological_survey
1948,Mine_01948,Salt,1.072,0.238,0.727,2.35,195.47,synthetic_geological_survey
1949,Mine_01949,Limestone,0.601,0.501,0.381,1.35,134.82,synthetic_geological_survey
1950,Mine_01950,Granite,0.862,0.323,0.575,4.05,155.29,synthetic_geological_survey
1951,Mine_01951,Salt,1.042,0.232,0.275,3.34,142.38,synthetic_geological_survey
1952,Mine_01952,Silica Sand,0.401,0.701,0.72,3.79,175.05,synthetic_geological_survey
1953,Mine_01953,Salt,0.905,0.201,0.229,0.65,30.41,synthetic_geological_survey
1954,Mine_01954,Salt,0.934,0.208,0.262,4.95,107.48,synthetic_geological_survey
1955,Mine_01955,Silica Sand,0.394,0.69,0.254,3.21,45.23,synthetic_geological_survey
1956,Mine_01956,Silica Sand,0.479,0.838,0.689,2.26,120.11,synthetic_geological_survey
1957,Mine_01957,Limestone,0.562,0.468,0.215,1.78,132.37,synthetic_geological_survey
1958,Mine_01958,Iron Ore,0.584,0.334,0.604,1.39,179.64,synthetic_geological_survey
1959,Mine_01959,Silica Sand,0.398,0.697,0.668,1.48,156.78,synthetic_geological_survey
1960,Mine_01960,Salt,0.903,0.201,0.62,1.1,184.66,synthetic_geological_survey
1961,Mine_01961,Silica Sand,0.406,0.71,0.763,3.72,135.68,synthetic_geological_survey
1962,Mine_01962,Marble,0.604,0.282,0.281,4.22,76.36,synthetic_geological_survey
1963,Mine_01963,Marble,0.615,0.287,0.536,0.59,130.4,synthetic_geological_survey
1964,Mine_01964,Sandstone,0.509,0.611,0.286,4.59,120.57,synthetic_geological_survey
1965,Mine_01965,Salt,0.845,0.188,0.523,1.24,22.3,synthetic_geological_survey
1966,Mine_01966,Marble,0.753,0.351,0.354,1.02,115.91,synthetic_geological_survey
1967,Mine_01967,Silica Sand,0.324,0.567,0.254,0.84,194.53,synthetic_geological_survey
1968,Mine_01968,Sand,0.257,0.685,0.588,2.93,101.54,synthetic_geological_survey
1969,Mine_01969,Marble,0.667,0.311,0.373,1.09,199.31,synthetic_geological_survey
1970,Mine_01970,Limestone,0.618,0.515,0.31,3.84,36.63,synthetic_geological_survey
1971,Mine_01971,Silica Sand,0.328,0.574,0.648,3.94,37.78,synthetic_geological_survey
1972,Mine_01972,Iron Ore,0.718,0.41,0.53,2.14,79.66,synthetic_geological_survey
1973,Mine_01973,Salt,0.846,0.188,0.759,1.78,191.23,synthetic_geological_survey
1974,Mine_01974,Limestone,0.685,0.571,0.249,2.76,115.17,synthetic_geological_survey
1975,Mine_01975,Limestone,0.566,0.471,0.797,0.6,164.25,synthetic_geological_survey
1976,Mine_01976,Granite,0.68,0.255,0.686,3.11,48.78,synthetic_geological_survey
1977,Mine_01977,Granite,0.829,0.311,0.532,1.84,171.75,synthetic_geological_survey
1978,Mine_01978,Granite,0.883,0.331,0.659,1.54,185.55,synthetic_geological_survey
1979,Mine_01979,Sand,0.261,0.697,0.288,4.07,114.48,synthetic_geological_survey
1980,Mine_01980,Iron Ore,0.747,0.427,0.463,4.64,167.04,synthetic_geological_survey
1981,Mine_01981,Silica Sand,0.325,0.569,0.349,3.91,159.62,synthetic_geological_survey
1982,Mine_01982,Marble,0.865,0.404,0.696,4.59,47.72,synthetic_geological_survey
1983,Mine_01983,Silica Sand,0.373,0.654,0.221,0.77,105.24,synthetic_geological_survey
1984,Mine_01984,Limestone,0.638,0.531,0.337,0.97,173.61,synthetic_geological_survey
1985,Mine_01985,Silica Sand,0.429,0.75,0.385,1.81,134.13,synthetic_geological_survey
1986,Mine_01986,Marble,0.855,0.399,0.579,4.66,109.44,synthetic_geological_survey
1987,Mine_01987,Silica Sand,0.344,0.602,0.561,2.79,164.21,synthetic_geological_survey
1988,Mine_01988,Sand,0.246,0.656,0.452,3.24,189.41,synthetic_geological_survey
1989,Mine_01989,Marble,0.608,0.284,0.532,1.67,127.25,synthetic_geological_survey
1990,Mine_01990,Marble,0.744,0.347,0.612,4.42,109.51,synthetic_geological_survey
1991,Mine_01991,Iron Ore,0.58,0.332,0.526,3.6,145.03,synthetic_geological_survey
1992,Mine_01992,Limestone,0.638,0.532,0.417,4.68,99.81,synthetic_geological_survey
1993,Mine_01993,Limestone,0.577,0.481,0.377,2.5,116.66,synthetic_geological_survey
1994,Mine_01994,Granite,0.692,0.259,0.384,0.7,85.14,synthetic_geological_survey
1995,Mine_01995,Silica Sand,0.344,0.602,0.633,4.53,77.27,synthetic_geological_survey
1996,Mine_01996,Marble,0.836,0.39,0.246,1.64,83.99,synthetic_geological_survey
1997,Mine_01997,Marble,0.64,0.299,0.588,1.54,108.21,synthetic_geological_survey
1998,Mine_01998,Granite,0.914,0.343,0.303,4.49,197.49,synthetic_geological_survey
1999,Mine_01999,Limestone,0.553,0.461,0.673,4.33,197.87,synthetic_geological_survey
2000,Mine_02000,Iron Ore,0.718,0.41,0.724,0.54,137.24,synthetic_geological_survey
2001,Mine_02001,Marble,0.852,0.398,0.386,3.9,68.04,synthetic_geological_survey
2002,Mine_02002,Marble,0.693,0.323,0.466,0.56,92.15,synthetic_geological_survey
2003,Mine_02003,Marble,0.685,0.32,0.393,2.23,148.44,synthetic_geological_survey
2004,Mine_02004,Marble,0.739,0.345,0.411,4.71,117.03,synthetic_geological_survey
2005,Mine_02005,Sandstone,0.462,0.554,0.624,3.33,145.62,synthetic_geological_survey
2006,Mine_02006,Silica Sand,0.434,0.759,0.692,0.51,73.63,synthetic_geological_survey
2007,Mine_02007,Sandstone,0.434,0.52,0.493,1.02,35.13,synthetic_geological_survey
2008,Mine_02008,Granite,0.926,0.347,0.261,2.28,117.95,synthetic_geological_survey
2009,Mine_02009,Sand,0.356,0.949,0.765,4.24,40.3,synthetic_geological_survey
2010,Mine_02010,Limestone,0.689,0.574,0.578,3.91,51.59,synthetic_geological_survey
2011,Mine_02011,Salt,0.997,0.222,0.698,3.62,23.54,synthetic_geological_survey
2012,Mine_02012,Sand,0.275,0.732,0.692,3.47,104.38,synthetic_geological_survey
2013,Mine_02013,Silica Sand,0.325,0.568,0.271,0.99,188.98,synthetic_geological_survey
2014,Mine_02014,Sand,0.345,0.919,0.378,1.59,182.32,synthetic_geological_survey
2015,Mine_02015,Marble,0.673,0.314,0.55,3.9,61.87,synthetic_geological_survey
2016,Mine_02016,Granite,0.731,0.274,0.57,4.67,140.33,synthetic_geological_survey
2017,Mine_02017,Limestone,0.513,0.428,0.206,4.48,175.78,synthetic_geological_survey
2018,Mine_02018,Marble,0.67,0.313,0.67,2.68,171.5,synthetic_geological_survey
2019,Mine_02019,Sand,0.252,0.671,0.233,1.74,167.6,synthetic_geological_survey
2020,Mine_02020,Silica Sand,0.434,0.76,0.285,1.49,47.21,synthetic_geological_survey
2021,Mine_02021,Limestone,0.63,0.525,0.7,3.45,176.94,synthetic_geological_survey
2022,Mine_02022,Salt,1.078,0.24,0.392,0.6,151.55,synthetic_geological_survey
2023,Mine_02023,Granite,0.851,0.319,0.283,3.0,81.05,synthetic_geological_survey
2024,Mine_02024,Silica Sand,0.365,0.638,0.345,2.29,61.73,synthetic_geological_survey
2025,Mine_02025,Limestone,0.586,0.488,0.329,0.6,116.45,synthetic_geological_survey
2026,Mine_02026,Silica Sand,0.416,0.728,0.221,4.67,192.74,synthetic_geological_survey
2027,Mine_02027,Limestone,0.648,0.54,0.37,0.66,199.17,synthetic_geological_survey
2028,Mine_02028,Sandstone,0.481,0.577,0.326,3.44,155.28,synthetic_geological_survey
2029,Mine_02029,Salt,0.799,0.178,0.457,1.41,172.41,synthetic_geological_survey
2030,Mine_02030,Sandstone,0.53,0.637,0.392,1.5,75.48,synthetic_geological_survey
2031,Mine_02031,Granite,0.713,0.267,0.317,0.52,42.62,synthetic_geological_survey
2032,Mine_02032,Marble,0.642,0.299,0.685,2.48,26.92,synthetic_geological_survey
2033,Mine_02033,Limestone,0.692,0.577,0.618,2.51,53.38,synthetic_geological_survey
2034,Mine_02034,Iron Ore,0.796,0.455,0.787,1.15,124.17,synthetic_geological_survey
2035,Mine_02035,Salt,0.931,0.207,0.56,3.98,22.85,synthetic_geological_survey
2036,Mine_02036,Limestone,0.669,0.557,0.225,2.6,75.14,synthetic_geological_survey
2037,Mine_02037,Iron Ore,0.649,0.371,0.463,4.15,91.62,synthetic_geological_survey
2038,Mine_02038,Marble,0.835,0.39,0.636,4.66,22.86,synthetic_geological_survey
2039,Mine_02039,Iron Ore,0.65,0.372,0.309,4.86,22.96,synthetic_geological_survey
2040,Mine_02040,Silica Sand,0.383,0.67,0.401,1.61,21.17,synthetic_geological_survey
2041,Mine_02041,Sandstone,0.512,0.614,0.256,2.31,20.82,synthetic_geological_survey
2042,Mine_02042,Granite,0.818,0.307,0.767,2.75,89.13,synthetic_geological_survey
2043,Mine_02043,Sand,0.324,0.863,0.285,4.55,59.03,synthetic_geological_survey
2044,Mine_02044,Limestone,0.565,0.471,0.743,3.01,95.58,synthetic_geological_survey
2045,Mine_02045,Silica Sand,0.358,0.626,0.425,2.37,184.8,synthetic_geological_survey
2046,Mine_02046,Limestone,0.535,0.446,0.641,1.4,165.69,synthetic_geological_survey
2047,Mine_02047,Limestone,0.577,0.481,0.434,4.23,166.1,synthetic_geological_survey
2048,Mine_02048,Silica Sand,0.476,0.833,0.703,3.09,27.77,synthetic_geological_survey
2049,Mine_02049,Silica Sand,0.446,0.781,0.614,3.15,95.42,synthetic_geological_survey
2050,Mine_02050,Limestone,0.714,0.595,0.566,4.54,194.7,synthetic_geological_survey
2051,Mine_02051,Salt,1.074,0.239,0.692,2.97,82.17,synthetic_geological_survey
2052,Mine_02052,Sandstone,0.559,0.671,0.207,2.9,180.24,synthetic_geological_survey
2053,Mine_02053,Sandstone,0.55,0.66,0.447,4.28,160.68,synthetic_geological_survey
2054,Mine_02054,Salt,0.734,0.163,0.302,4.51,167.66,synthetic_geological_survey
2055,Mine_02055,Iron Ore,0.675,0.386,0.714,4.97,24.9,synthetic_geological_survey
2056,Mine_02056,Salt,1.037,0.23,0.71,2.73,123.15,synthetic_geological_survey
2057,Mine_02057,Iron Ore,0.597,0.341,0.662,1.91,78.1,synthetic_geological_survey
2058,Mine_02058,Sandstone,0.447,0.536,0.499,3.52,184.33,synthetic_geological_survey
2059,Mine_02059,Iron Ore,0.822,0.47,0.314,1.0,146.99,synthetic_geological_survey
2060,Mine_02060,Silica Sand,0.379,0.663,0.32,0.64,40.95,synthetic_geological_survey
2061,Mine_02061,Granite,0.919,0.345,0.659,4.9,180.8,synthetic_geological_survey
2062,Mine_02062,Granite,0.761,0.285,0.508,3.36,120.96,synthetic_geological_survey
2063,Mine_02063,Marble,0.791,0.369,0.227,2.97,188.4,synthetic_geological_survey
2064,Mine_02064,Silica Sand,0.413,0.723,0.233,1.45,163.41,synthetic_geological_survey
2065,Mine_02065,Limestone,0.515,0.429,0.414,0.67,63.66,synthetic_geological_survey
2066,Mine_02066,Silica Sand,0.441,0.772,0.284,3.04,61.41,synthetic_geological_survey
2067,Mine_02067,Iron Ore,0.764,0.436,0.692,3.58,139.81,synthetic_geological_survey
2068,Mine_02068,Sand,0.268,0.714,0.286,1.67,124.84,synthetic_geological_survey
2069,Mine_02069,Sandstone,0.551,0.661,0.436,2.44,140.37,synthetic_geological_survey
2070,Mine_02070,Granite,0.928,0.348,0.31,3.11,194.78,synthetic_geological_survey
2071,Mine_02071,Iron Ore,0.691,0.395,0.505,2.14,78.96,synthetic_geological_survey
2072,Mine_02072,Marble,0.708,0.33,0.31,4.85,48.83,synthetic_geological_survey
2073,Mine_02073,Silica Sand,0.423,0.741,0.504,2.59,25.15,synthetic_geological_survey
2074,Mine_02074,Sand,0.28,0.746,0.645,4.87,134.75,synthetic_geological_survey
2075,Mine_02075,Sand,0.266,0.709,0.477,2.69,46.29,synthetic_geological_survey
2076,Mine_02076,Salt,0.903,0.201,0.737,2.12,81.78,synthetic_geological_survey
2077,Mine_02077,Marble,0.707,0.33,0.461,1.75,124.37,synthetic_geological_survey
2078,Mine_02078,Sandstone,0.59,0.708,0.618,0.81,182.79,synthetic_geological_survey
2079,Mine_02079,Silica Sand,0.416,0.728,0.232,3.22,21.2,synthetic_geological_survey
2080,Mine_02080,Sand,0.327,0.873,0.363,4.25,188.55,synthetic_geological_survey
2081,Mine_02081,Iron Ore,0.781,0.446,0.538,3.45,35.12,synthetic_geological_survey
2082,Mine_02082,Sand,0.351,0.936,0.65,3.04,62.26,synthetic_geological_survey
2083,Mine_02083,Marble,0.705,0.329,0.783,4.21,133.72,synthetic_geological_survey
2084,Mine_02084,Sandstone,0.568,0.682,0.4,2.95,77.23,synthetic_geological_survey
2085,Mine_02085,Marble,0.608,0.284,0.727,1.25,32.94,synthetic_geological_survey
2086,Mine_02086,Granite,0.916,0.343,0.279,2.74,124.61,synthetic_geological_survey
2087,Mine_02087,Sandstone,0.484,0.581,0.444,3.85,55.82,synthetic_geological_survey
2088,Mine_02088,Marble,0.738,0.344,0.779,2.73,60.6,synthetic_geological_survey
2089,Mine_02089,Limestone,0.62,0.517,0.224,4.03,155.62,synthetic_geological_survey
2090,Mine_02090,Granite,0.932,0.35,0.743,1.84,181.96,synthetic_geological_survey
2091,Mine_02091,Silica Sand,0.392,0.686,0.542,2.14,95.67,synthetic_geological_survey
2092,Mine_02092,Granite,0.699,0.262,0.294,3.88,85.12,synthetic_geological_survey
2093,Mine_02093,Granite,0.827,0.31,0.471,1.59,51.1,synthetic_geological_survey
2094,Mine_02094,Marble,0.843,0.393,0.771,2.51,51.7,synthetic_geological_survey
2095,Mine_02095,Iron Ore,0.682,0.39,0.304,1.75,110.75,synthetic_geological_survey
2096,Mine_02096,Sand,0.357,0.952,0.564,1.13,152.94,synthetic_geological_survey
2097,Mine_02097,Iron Ore,0.746,0.426,0.554,0.6,59.97,synthetic_geological_survey
2098,Mine_02098,Marble,0.868,0.405,0.503,1.95,74.42,synthetic_geological_survey
2099,Mine_02099,Silica Sand,0.458,0.802,0.545,4.75,86.26,synthetic_geological_survey
2100,Mine_02100,Salt,0.879,0.195,0.554,3.97,159.11,synthetic_geological_survey
2101,Mine_02101,Iron Ore,0.827,0.473,0.493,4.06,89.29,synthetic_geological_survey
2102,Mine_02102,Granite,0.912,0.342,0.553,0.85,65.4,synthetic_geological_survey
2103,Mine_02103,Granite,0.741,0.278,0.718,4.68,80.06,synthetic_geological_survey
2104,Mine_02104,Marble,0.608,0.284,0.683,0.8,190.22,synthetic_geological_survey
2105,Mine_02105,Granite,0.819,0.307,0.462,4.17,85.24,synthetic_geological_survey
2106,Mine_02106,Iron Ore,0.596,0.341,0.613,1.35,158.38,synthetic_geological_survey
2107,Mine_02107,Sand,0.294,0.784,0.524,3.98,92.41,synthetic_geological_survey
2108,Mine_02108,Sand,0.354,0.943,0.319,4.85,180.24,synthetic_geological_survey
2109,Mine_02109,Granite,0.717,0.269,0.467,4.72,154.21,synthetic_geological_survey
2110,Mine_02110,Salt,0.785,0.174,0.632,4.36,150.82,synthetic_geological_survey
2111,Mine_02111,Marble,0.675,0.315,0.482,2.11,110.08,synthetic_geological_survey
2112,Mine_02112,Silica Sand,0.43,0.752,0.274,4.53,182.98,synthetic_geological_survey
2113,Mine_02113,Granite,0.93,0.349,0.229,3.86,42.52,synthetic_geological_survey
2114,Mine_02114,Sandstone,0.5,0.599,0.269,4.44,142.02,synthetic_geological_survey
2115,Mine_02115,Sand,0.272,0.724,0.734,4.74,38.33,synthetic_geological_survey
2116,Mine_02116,Iron Ore,0.694,0.397,0.406,3.2,124.99,synthetic_geological_survey
2117,Mine_02117,Sand,0.245,0.655,0.414,3.36,132.8,synthetic_geological_survey
2118,Mine_02118,Sandstone,0.551,0.661,0.457,3.9,38.32,synthetic_geological_survey
2119,Mine_02119,Sandstone,0.471,0.566,0.303,2.5,31.34,synthetic_geological_survey
2120,Mine_02120,Silica Sand,0.393,0.688,0.212,3.04,116.73,synthetic_geological_survey
2121,Mine_02121,Iron Ore,0.58,0.331,0.488,1.84,58.75,synthetic_geological_survey
2122,Mine_02122,Granite,0.957,0.359,0.523,3.7,139.46,synthetic_geological_survey
2123,Mine_02123,Salt,0.888,0.197,0.73,4.98,36.51,synthetic_geological_survey
2124,Mine_02124,Granite,0.818,0.307,0.55,2.59,32.7,synthetic_geological_survey
2125,Mine_02125,Silica Sand,0.421,0.737,0.775,2.03,187.77,synthetic_geological_survey
2126,Mine_02126,Marble,0.84,0.392,0.421,1.12,110.88,synthetic_geological_survey
2127,Mine_02127,Silica Sand,0.433,0.758,0.606,0.78,92.73,synthetic_geological_survey
2128,Mine_02128,Sand,0.246,0.657,0.464,0.59,78.3,synthetic_geological_survey
2129,Mine_02129,Sandstone,0.565,0.678,0.47,0.54,189.68,synthetic_geological_survey
2130,Mine_02130,Marble,0.811,0.379,0.724,2.47,188.89,synthetic_geological_survey
2131,Mine_02131,Sand,0.278,0.741,0.696,3.4,33.88,synthetic_geological_survey
2132,Mine_02132,Sandstone,0.442,0.53,0.724,4.27,173.99,synthetic_geological_survey
2133,Mine_02133,Limestone,0.584,0.487,0.502,2.99,113.59,synthetic_geological_survey
2134,Mine_02134,Marble,0.645,0.301,0.233,1.2,132.27,synthetic_geological_survey
2135,Mine_02135,Salt,0.982,0.218,0.697,1.6,53.22,synthetic_geological_survey
2136,Mine_02136,Granite,0.768,0.288,0.422,1.51,106.25,synthetic_geological_survey
2137,Mine_02137,Limestone,0.615,0.512,0.75,3.54,57.56,synthetic_geological_survey
2138,Mine_02138,Salt,0.918,0.204,0.532,3.89,30.49,synthetic_geological_survey
2139,Mine_02139,Salt,0.984,0.219,0.712,4.17,22.69,synthetic_geological_survey
2140,Mine_02140,Sand,0.306,0.815,0.441,1.66,129.14,synthetic_geological_survey
2141,Mine_02141,Granite,0.928,0.348,0.324,0.89,36.69,synthetic_geological_survey
2142,Mine_02142,Silica Sand,0.391,0.684,0.627,1.51,191.07,synthetic_geological_survey
2143,Mine_02143,Granite,0.792,0.297,0.474,2.5,40.49,synthetic_geological_survey
2144,Mine_02144,Limestone,0.577,0.481,0.72,2.98,121.35,synthetic_geological_survey
2145,Mine_02145,Granite,0.836,0.313,0.767,1.43,139.32,synthetic_geological_survey
2146,Mine_02146,Granite,0.868,0.325,0.494,2.71,102.51,synthetic_geological_survey
2147,Mine_02147,Iron Ore,0.643,0.367,0.367,4.11,121.23,synthetic_geological_survey
2148,Mine_02148,Marble,0.639,0.298,0.387,2.92,38.12,synthetic_geological_survey
2149,Mine_02149,Silica Sand,0.35,0.613,0.407,2.1,45.42,synthetic_geological_survey
2150,Mine_02150,Limestone,0.652,0.543,0.694,1.0,36.42,synthetic_geological_survey
2151,Mine_02151,Iron Ore,0.807,0.461,0.498,0.88,45.17,synthetic_geological_survey
2152,Mine_02152,Limestone,0.695,0.579,0.446,1.26,95.11,synthetic_geological_survey
2153,Mine_02153,Granite,0.892,0.335,0.421,1.12,55.77,synthetic_geological_survey
2154,Mine_02154,Limestone,0.709,0.591,0.365,0.98,99.76,synthetic_geological_survey
2155,Mine_02155,Limestone,0.667,0.556,0.646,1.96,107.82,synthetic_geological_survey
2156,Mine_02156,Limestone,0.595,0.496,0.319,4.07,106.13,synthetic_geological_survey
2157,Mine_02157,Silica Sand,0.416,0.728,0.439,2.24,98.2,synthetic_geological_survey
2158,Mine_02158,Salt,0.993,0.221,0.59,4.07,93.75,synthetic_geological_survey
2159,Mine_02159,Iron Ore,0.603,0.345,0.637,2.42,122.17,synthetic_geological_survey
2160,Mine_02160,Silica Sand,0.326,0.571,0.532,0.6,100.74,synthetic_geological_survey
2161,Mine_02161,Iron Ore,0.783,0.447,0.356,1.91,33.97,synthetic_geological_survey
2162,Mine_02162,Limestone,0.638,0.531,0.286,4.39,163.43,synthetic_geological_survey
2163,Mine_02163,Marble,0.642,0.299,0.351,4.15,56.61,synthetic_geological_survey
2164,Mine_02164,Iron Ore,0.763,0.436,0.749,1.87,29.24,synthetic_geological_survey
2165,Mine_02165,Sand,0.331,0.884,0.622,2.14,38.28,synthetic_geological_survey
2166,Mine_02166,Marble,0.618,0.288,0.639,1.28,154.67,synthetic_geological_survey
2167,Mine_02167,Sandstone,0.434,0.521,0.516,4.51,36.83,synthetic_geological_survey
2168,Mine_02168,Marble,0.725,0.338,0.252,0.69,137.47,synthetic_geological_survey
2169,Mine_02169,Silica Sand,0.38,0.666,0.572,1.58,56.09,synthetic_geological_survey
2170,Mine_02170,Marble,0.732,0.342,0.352,3.25,87.58,synthetic_geological_survey
2171,Mine_02171,Sandstone,0.547,0.656,0.605,2.92,197.52,synthetic_geological_survey
2172,Mine_02172,Salt,1.079,0.24,0.433,4.15,78.99,synthetic_geological_survey
2173,Mine_02173,Marble,0.816,0.381,0.377,3.99,191.56,synthetic_geological_survey
2174,Mine_02174,Iron Ore,0.816,0.467,0.337,3.53,140.17,synthetic_geological_survey
2175,Mine_02175,Silica Sand,0.468,0.82,0.774,4.34,145.12,synthetic_geological_survey
2176,Mine_02176,Sand,0.316,0.842,0.281,0.99,48.23,synthetic_geological_survey
2177,Mine_02177,Iron Ore,0.674,0.385,0.45,1.23,162.67,synthetic_geological_survey
2178,Mine_02178,Sandstone,0.575,0.69,0.395,4.15,161.8,synthetic_geological_survey
2179,Mine_02179,Granite,0.661,0.248,0.532,4.89,199.97,synthetic_geological_survey
2180,Mine_02180,Granite,0.71,0.266,0.361,2.45,67.39,synthetic_geological_survey
2181,Mine_02181,Granite,0.953,0.357,0.246,1.36,113.75,synthetic_geological_survey
2182,Mine_02182,Silica Sand,0.38,0.665,0.68,2.63,140.74,synthetic_geological_survey
2183,Mine_02183,Sand,0.257,0.685,0.477,0.62,151.97,synthetic_geological_survey
2184,Mine_02184,Sandstone,0.511,0.613,0.385,2.91,128.49,synthetic_geological_survey
2185,Mine_02185,Granite,0.735,0.276,0.63,4.99,75.44,synthetic_geological_survey
2186,Mine_02186,Sand,0.262,0.7,0.791,4.47,159.46,synthetic_geological_survey
2187,Mine_02187,Sandstone,0.48,0.576,0.307,1.08,32.82,synthetic_geological_survey
2188,Mine_02188,Granite,0.687,0.258,0.756,3.27,198.88,synthetic_geological_survey
2189,Mine_02189,Granite,0.929,0.348,0.372,2.5,197.62,synthetic_geological_survey
2190,Mine_02190,Silica Sand,0.389,0.681,0.588,0.78,40.35,synthetic_geological_survey
2191,Mine_02191,Sand,0.255,0.679,0.565,3.19,57.46,synthetic_geological_survey
2192,Mine_02192,Iron Ore,0.618,0.353,0.771,0.65,36.36,synthetic_geological_survey
2193,Mine_02193,Sandstone,0.535,0.642,0.646,4.96,42.81,synthetic_geological_survey
2194,Mine_02194,Silica Sand,0.433,0.758,0.313,1.94,92.05,synthetic_geological_survey
2195,Mine_02195,Iron Ore,0.822,0.47,0.553,3.44,48.15,synthetic_geological_survey
2196,Mine_02196,Silica Sand,0.406,0.711,0.47,3.23,169.8,synthetic_geological_survey
2197,Mine_02197,Silica Sand,0.337,0.589,0.577,2.81,79.16,synthetic_geological_survey
2198,Mine_02198,Granite,0.951,0.357,0.634,3.44,73.47,synthetic_geological_survey
2199,Mine_02199,Limestone,0.698,0.582,0.24,1.47,125.07,synthetic_geological_survey
2200,Mine_02200,Salt,1.065,0.237,0.537,1.23,97.88,synthetic_geological_survey
2201,Mine_02201,Granite,0.667,0.25,0.76,1.31,149.49,synthetic_geological_survey
2202,Mine_02202,Salt,0.818,0.182,0.728,0.99,88.7,synthetic_geological_survey
2203,Mine_02203,Marble,0.766,0.357,0.44,4.27,180.82,synthetic_geological_survey
2204,Mine_02204,Sand,0.267,0.713,0.268,4.51,75.95,synthetic_geological_survey
2205,Mine_02205,Limestone,0.539,0.45,0.528,3.9,132.71,synthetic_geological_survey
2206,Mine_02206,Silica Sand,0.407,0.712,0.227,4.55,48.44,synthetic_geological_survey
2207,Mine_02207,Iron Ore,0.791,0.452,0.277,1.28,125.18,synthetic_geological_survey
2208,Mine_02208,Salt,1.006,0.224,0.565,0.71,88.06,synthetic_geological_survey
2209,Mine_02209,Salt,1.002,0.223,0.427,4.47,26.23,synthetic_geological_survey
2210,Mine_02210,Sandstone,0.595,0.714,0.7,1.28,89.96,synthetic_geological_survey
2211,Mine_02211,Silica Sand,0.404,0.708,0.477,2.43,59.53,synthetic_geological_survey
2212,Mine_02212,Granite,0.946,0.355,0.282,3.6,158.16,synthetic_geological_survey
2213,Mine_02213,Iron Ore,0.717,0.41,0.779,2.97,155.91,synthetic_geological_survey
2214,Mine_02214,Sandstone,0.488,0.586,0.319,1.07,145.17,synthetic_geological_survey
2215,Mine_02215,Iron Ore,0.669,0.382,0.314,4.65,47.06,synthetic_geological_survey
2216,Mine_02216,Granite,0.844,0.317,0.203,2.41,90.3,synthetic_geological_survey
2217,Mine_02217,Marble,0.711,0.332,0.34,2.27,126.49,synthetic_geological_survey
2218,Mine_02218,Granite,0.776,0.291,0.356,1.0,126.79,synthetic_geological_survey
2219,Mine_02219,Sandstone,0.445,0.534,0.405,3.66,90.18,synthetic_geological_survey
2220,Mine_02220,Silica Sand,0.363,0.635,0.357,4.3,42.18,synthetic_geological_survey
2221,Mine_02221,Granite,0.867,0.325,0.344,1.55,69.41,synthetic_geological_survey
2222,Mine_02222,Salt,0.919,0.204,0.652,0.62,41.75,synthetic_geological_survey
2223,Mine_02223,Sand,0.305,0.812,0.409,4.6,175.22,synthetic_geological_survey
2224,Mine_02224,Granite,0.814,0.305,0.783,3.31,115.05,synthetic_geological_survey
2225,Mine_02225,Sand,0.347,0.925,0.268,1.07,107.22,synthetic_geological_survey
2226,Mine_02226,Iron Ore,0.815,0.465,0.617,4.67,100.73,synthetic_geological_survey
2227,Mine_02227,Sand,0.243,0.648,0.42,4.41,189.93,synthetic_geological_survey
2228,Mine_02228,Sand,0.325,0.867,0.781,2.44,27.33,synthetic_geological_survey
2229,Mine_02229,Salt,1.008,0.224,0.377,3.02,170.47,synthetic_geological_survey
2230,Mine_02230,Sandstone,0.502,0.602,0.369,4.28,83.55,synthetic_geological_survey
2231,Mine_02231,Marble,0.616,0.287,0.352,3.36,130.85,synthetic_geological_survey
2232,Mine_02232,Granite,0.778,0.292,0.339,0.84,51.82,synthetic_geological_survey
2233,Mine_02233,Sand,0.35,0.933,0.309,2.0,169.58,synthetic_geological_survey
2234,Mine_02234,Iron Ore,0.579,0.331,0.546,4.65,62.1,synthetic_geological_survey
2235,Mine_02235,Sandstone,0.42,0.504,0.389,3.89,58.16,synthetic_geological_survey
2236,Mine_02236,Marble,0.805,0.376,0.766,4.86,194.17,synthetic_geological_survey
2237,Mine_02237,Sand,0.256,0.682,0.707,3.03,65.9,synthetic_geological_survey
2238,Mine_02238,Silica Sand,0.446,0.781,0.556,1.26,57.28,synthetic_geological_survey
2239,Mine_02239,Sandstone,0.532,0.638,0.66,5.0,38.72,synthetic_geological_survey
2240,Mine_02240,Silica Sand,0.398,0.697,0.464,0.89,42.89,synthetic_geological_survey
2241,Mine_02241,Iron Ore,0.586,0.335,0.251,2.68,45.3,synthetic_geological_survey
2242,Mine_02242,Salt,0.972,0.216,0.675,2.15,194.63,synthetic_geological_survey
2243,Mine_02243,Marble,0.757,0.353,0.79,1.51,92.87,synthetic_geological_survey
2244,Mine_02244,Silica Sand,0.326,0.57,0.394,1.05,111.08,synthetic_geological_survey
2245,Mine_02245,Sandstone,0.533,0.64,0.434,4.34,42.67,synthetic_geological_survey
2246,Mine_02246,Marble,0.878,0.41,0.788,2.24,61.87,synthetic_geological_survey
2247,Mine_02247,Limestone,0.647,0.539,0.237,2.87,83.48,synthetic_geological_survey
2248,Mine_02248,Silica Sand,0.379,0.664,0.497,0.85,132.96,synthetic_geological_survey
2249,Mine_02249,Limestone,0.542,0.452,0.732,1.95,182.97,synthetic_geological_survey
2250,Mine_02250,Granite,0.883,0.331,0.321,4.55,32.66,synthetic_geological_survey
2251,Mine_02251,Limestone,0.669,0.557,0.411,4.57,158.56,synthetic_geological_survey
2252,Mine_02252,Sand,0.358,0.956,0.514,4.03,36.93,synthetic_geological_survey
2253,Mine_02253,Marble,0.76,0.355,0.501,1.06,104.82,synthetic_geological_survey
2254,Mine_02254,Marble,0.763,0.356,0.219,1.51,127.41,synthetic_geological_survey
2255,Mine_02255,Sand,0.317,0.845,0.613,4.85,77.72,synthetic_geological_survey
2256,Mine_02256,Silica Sand,0.45,0.787,0.219,2.88,97.51,synthetic_geological_survey
2257,Mine_02257,Salt,1.074,0.239,0.218,3.11,38.13,synthetic_geological_survey
2258,Mine_02258,Limestone,0.504,0.42,0.394,0.98,192.95,synthetic_geological_survey
2259,Mine_02259,Sandstone,0.516,0.62,0.74,3.98,33.76,synthetic_geological_survey
2260,Mine_02260,Silica Sand,0.472,0.827,0.729,0.52,169.2,synthetic_geological_survey
2261,Mine_02261,Silica Sand,0.461,0.807,0.481,4.1,102.82,synthetic_geological_survey
2262,Mine_02262,Sandstone,0.543,0.651,0.627,3.49,107.08,synthetic_geological_survey
2263,Mine_02263,Marble,0.754,0.352,0.225,3.09,118.76,synthetic_geological_survey
2264,Mine_02264,Sandstone,0.537,0.645,0.469,4.46,162.01,synthetic_geological_survey
2265,Mine_02265,Iron Ore,0.597,0.341,0.373,3.76,114.18,synthetic_geological_survey
2266,Mine_02266,Marble,0.734,0.343,0.269,3.55,124.67,synthetic_geological_survey
2267,Mine_02267,Iron Ore,0.664,0.379,0.309,3.19,164.58,synthetic_geological_survey
2268,Mine_02268,Salt,0.74,0.164,0.253,1.31,98.32,synthetic_geological_survey
2269,Mine_02269,Limestone,0.552,0.46,0.547,2.5,128.69,synthetic_geological_survey
2270,Mine_02270,Granite,0.794,0.298,0.629,3.68,165.83,synthetic_geological_survey
2271,Mine_02271,Marble,0.69,0.322,0.7,3.07,74.48,synthetic_geological_survey
2272,Mine_02272,Limestone,0.515,0.429,0.247,4.06,173.8,synthetic_geological_survey
2273,Mine_02273,Sandstone,0.556,0.667,0.486,2.77,101.9,synthetic_geological_survey
2274,Mine_02274,Iron Ore,0.738,0.422,0.717,1.15,108.27,synthetic_geological_survey
2275,Mine_02275,Limestone,0.689,0.574,0.492,2.71,149.5,synthetic_geological_survey
2276,Mine_02276,Salt,0.795,0.177,0.294,3.98,77.36,synthetic_geological_survey
2277,Mine_02277,Limestone,0.709,0.591,0.616,1.07,156.22,synthetic_geological_survey
2278,Mine_02278,Salt,1.005,0.223,0.297,2.29,162.22,synthetic_geological_survey
2279,Mine_02279,Salt,0.95,0.211,0.541,4.99,129.23,synthetic_geological_survey
2280,Mine_02280,Iron Ore,0.829,0.474,0.785,1.23,181.56,synthetic_geological_survey
2281,Mine_02281,Iron Ore,0.629,0.36,0.24,3.56,69.56,synthetic_geological_survey
2282,Mine_02282,Iron Ore,0.777,0.444,0.785,2.73,116.97,synthetic_geological_survey
2283,Mine_02283,Sand,0.256,0.683,0.421,3.29,28.68,synthetic_geological_survey
2284,Mine_02284,Salt,0.839,0.186,0.368,2.67,85.08,synthetic_geological_survey
2285,Mine_02285,Salt,0.919,0.204,0.501,2.17,111.5,synthetic_geological_survey
2286,Mine_02286,Sandstone,0.463,0.555,0.347,3.97,161.4,synthetic_geological_survey
2287,Mine_02287,Limestone,0.566,0.471,0.7,3.1,197.83,synthetic_geological_survey
2288,Mine_02288,Marble,0.628,0.293,0.584,3.16,196.5,synthetic_geological_survey
2289,Mine_02289,Marble,0.798,0.372,0.703,1.63,54.63,synthetic_geological_survey
2290,Mine_02290,Marble,0.83,0.388,0.77,1.6,183.29,synthetic_geological_survey
2291,Mine_02291,Iron Ore,0.679,0.388,0.597,4.28,108.79,synthetic_geological_survey
2292,Mine_02292,Iron Ore,0.612,0.35,0.493,2.51,140.41,synthetic_geological_survey
2293,Mine_02293,Sandstone,0.447,0.536,0.607,0.58,72.24,synthetic_geological_survey
2294,Mine_02294,Salt,0.993,0.221,0.318,1.68,57.19,synthetic_geological_survey
2295,Mine_02295,Granite,0.748,0.28,0.46,2.62,166.79,synthetic_geological_survey
2296,Mine_02296,Iron Ore,0.729,0.417,0.252,2.29,99.51,synthetic_geological_survey
2297,Mine_02297,Granite,0.81,0.304,0.432,2.76,97.21,synthetic_geological_survey
2298,Mine_02298,Granite,0.669,0.251,0.729,3.95,115.57,synthetic_geological_survey
2299,Mine_02299,Silica Sand,0.413,0.723,0.356,0.56,102.82,synthetic_geological_survey
2300,Mine_02300,Sandstone,0.451,0.542,0.497,2.98,38.34,synthetic_geological_survey
2301,Mine_02301,Silica Sand,0.411,0.719,0.371,4.28,52.3,synthetic_geological_survey
2302,Mine_02302,Marble,0.804,0.375,0.521,0.8,137.5,synthetic_geological_survey
2303,Mine_02303,Sandstone,0.46,0.552,0.436,4.47,73.27,synthetic_geological_survey
2304,Mine_02304,Granite,0.654,0.245,0.345,1.13,162.93,synthetic_geological_survey
2305,Mine_02305,Granite,0.641,0.241,0.336,4.22,33.44,synthetic_geological_survey
2306,Mine_02306,Salt,0.784,0.174,0.322,3.53,58.37,synthetic_geological_survey
2307,Mine_02307,Granite,0.821,0.308,0.323,4.32,171.16,synthetic_geological_survey
2308,Mine_02308,Granite,0.784,0.294,0.408,3.82,159.17,synthetic_geological_survey
2309,Mine_02309,Iron Ore,0.661,0.378,0.658,2.04,106.41,synthetic_geological_survey
2310,Mine_02310,Limestone,0.665,0.554,0.515,0.97,152.62,synthetic_geological_survey
2311,Mine_02311,Granite,0.856,0.321,0.756,1.88,155.59,synthetic_geological_survey
2312,Mine_02312,Salt,0.775,0.172,0.645,4.76,183.81,synthetic_geological_survey
2313,Mine_02313,Sandstone,0.447,0.537,0.559,2.87,162.74,synthetic_geological_survey
2314,Mine_02314,Sandstone,0.433,0.52,0.457,0.65,169.92,synthetic_geological_survey
2315,Mine_02315,Salt,0.724,0.161,0.21,2.42,77.82,synthetic_geological_survey
2316,Mine_02316,Granite,0.85,0.319,0.708,4.05,195.56,synthetic_geological_survey
2317,Mine_02317,Silica Sand,0.433,0.757,0.515,1.94,169.18,synthetic_geological_survey
2318,Mine_02318,Granite,0.844,0.317,0.458,2.41,184.48,synthetic_geological_survey
2319,Mine_02319,Sandstone,0.595,0.715,0.404,1.74,169.24,synthetic_geological_survey
2320,Mine_02320,Silica Sand,0.331,0.58,0.603,3.86,90.8,synthetic_geological_survey
2321,Mine_02321,Silica Sand,0.377,0.659,0.254,0.8,96.42,synthetic_geological_survey
2322,Mine_02322,Iron Ore,0.824,0.471,0.411,4.73,35.61,synthetic_geological_survey
2323,Mine_02323,Marble,0.628,0.293,0.641,4.32,111.53,synthetic_geological_survey
2324,Mine_02324,Iron Ore,0.741,0.423,0.272,4.53,33.87,synthetic_geological_survey
2325,Mine_02325,Granite,0.654,0.245,0.652,1.81,38.5,synthetic_geological_survey
2326,Mine_02326,Silica Sand,0.451,0.789,0.543,3.79,139.59,synthetic_geological_survey
2327,Mine_02327,Salt,0.986,0.219,0.395,2.88,149.03,synthetic_geological_survey
2328,Mine_02328,Sand,0.331,0.882,0.405,1.67,66.01,synthetic_geological_survey
2329,Mine_02329,Sand,0.297,0.793,0.563,3.2,157.62,synthetic_geological_survey
2330,Mine_02330,Silica Sand,0.436,0.763,0.294,4.97,82.76,synthetic_geological_survey
2331,Mine_02331,Silica Sand,0.356,0.623,0.295,2.61,32.56,synthetic_geological_survey
2332,Mine_02332,Granite,0.741,0.278,0.383,1.88,93.28,synthetic_geological_survey
2333,Mine_02333,Iron Ore,0.718,0.41,0.266,1.41,61.69,synthetic_geological_survey
2334,Mine_02334,Sand,0.294,0.784,0.328,2.85,102.33,synthetic_geological_survey
2335,Mine_02335,Marble,0.732,0.342,0.21,1.71,89.36,synthetic_geological_survey
2336,Mine_02336,Limestone,0.682,0.568,0.633,2.29,26.01,synthetic_geological_survey
2337,Mine_02337,Salt,0.749,0.167,0.741,1.49,59.37,synthetic_geological_survey
2338,Mine_02338,Salt,0.892,0.198,0.652,2.69,138.64,synthetic_geological_survey
2339,Mine_02339,Iron Ore,0.607,0.347,0.477,2.09,30.36,synthetic_geological_survey
2340,Mine_02340,Granite,0.855,0.32,0.533,0.76,178.21,synthetic_geological_survey
2341,Mine_02341,Sand,0.31,0.826,0.743,3.72,149.28,synthetic_geological_survey
2342,Mine_02342,Marble,0.835,0.39,0.377,2.23,55.06,synthetic_geological_survey
2343,Mine_02343,Iron Ore,0.617,0.353,0.354,0.64,89.51,synthetic_geological_survey
2344,Mine_02344,Sand,0.319,0.85,0.245,1.21,135.94,synthetic_geological_survey
2345,Mine_02345,Iron Ore,0.732,0.418,0.236,1.08,135.94,synthetic_geological_survey
2346,Mine_02346,Iron Ore,0.791,0.452,0.341,1.57,43.01,synthetic_geological_survey
2347,Mine_02347,Sand,0.304,0.811,0.324,0.99,151.49,synthetic_geological_survey
2348,Mine_02348,Iron Ore,0.635,0.363,0.336,1.37,162.51,synthetic_geological_survey
2349,Mine_02349,Sandstone,0.553,0.664,0.365,4.5,80.11,synthetic_geological_survey
2350,Mine_02350,Marble,0.668,0.312,0.725,1.84,76.37,synthetic_geological_survey
2351,Mine_02351,Sandstone,0.6,0.72,0.572,3.98,178.05,synthetic_geological_survey
2352,Mine_02352,Marble,0.615,0.287,0.58,2.02,196.65,synthetic_geological_survey
2353,Mine_02353,Sand,0.348,0.929,0.38,3.5,94.89,synthetic_geological_survey
2354,Mine_02354,Marble,0.856,0.399,0.469,3.23,53.55,synthetic_geological_survey
2355,Mine_02355,Silica Sand,0.382,0.669,0.263,2.82,50.71,synthetic_geological_survey
2356,Mine_02356,Sand,0.258,0.688,0.312,0.93,102.83,synthetic_geological_survey
2357,Mine_02357,Silica Sand,0.328,0.574,0.448,2.13,86.43,synthetic_geological_survey
2358,Mine_02358,Marble,0.772,0.36,0.503,2.03,84.65,synthetic_geological_survey
2359,Mine_02359,Iron Ore,0.764,0.437,0.766,4.22,29.76,synthetic_geological_survey
2360,Mine_02360,Sand,0.344,0.918,0.748,1.54,85.39,synthetic_geological_survey
2361,Mine_02361,Salt,0.786,0.175,0.321,1.62,134.93,synthetic_geological_survey
2362,Mine_02362,Limestone,0.518,0.432,0.248,1.6,187.09,synthetic_geological_survey
2363,Mine_02363,Limestone,0.559,0.466,0.2,2.5,28.25,synthetic_geological_survey
2364,Mine_02364,Iron Ore,0.724,0.414,0.451,0.7,62.1,synthetic_geological_survey
2365,Mine_02365,Sand,0.29,0.772,0.519,3.44,65.16,synthetic_geological_survey
2366,Mine_02366,Salt,1.048,0.233,0.471,1.58,105.88,synthetic_geological_survey
2367,Mine_02367,Silica Sand,0.465,0.814,0.733,3.42,62.95,synthetic_geological_survey
2368,Mine_02368,Silica Sand,0.43,0.752,0.314,4.45,57.8,synthetic_geological_survey
2369,Mine_02369,Limestone,0.611,0.509,0.213,3.17,111.12,synthetic_geological_survey
2370,Mine_02370,Marble,0.655,0.306,0.749,0.89,22.42,synthetic_geological_survey
2371,Mine_02371,Sandstone,0.513,0.616,0.704,4.51,121.75,synthetic_geological_survey
2372,Mine_02372,Sand,0.271,0.723,0.605,3.06,110.7,synthetic_geological_survey
2373,Mine_02373,Sandstone,0.459,0.551,0.218,2.25,82.83,synthetic_geological_survey
2374,Mine_02374,Marble,0.745,0.348,0.41,1.89,36.79,synthetic_geological_survey
2375,Mine_02375,Iron Ore,0.682,0.39,0.781,3.36,167.22,synthetic_geological_survey
2376,Mine_02376,Sandstone,0.535,0.642,0.387,1.98,64.13,synthetic_geological_survey
2377,Mine_02377,Granite,0.675,0.253,0.48,2.81,145.33,synthetic_geological_survey
2378,Mine_02378,Iron Ore,0.696,0.397,0.714,4.77,20.88,synthetic_geological_survey
2379,Mine_02379,Limestone,0.486,0.405,0.566,2.41,135.95,synthetic_geological_survey
2380,Mine_02380,Silica Sand,0.333,0.583,0.627,3.55,124.17,synthetic_geological_survey
2381,Mine_02381,Iron Ore,0.759,0.433,0.6,4.06,27.13,synthetic_geological_survey
2382,Mine_02382,Limestone,0.484,0.403,0.205,3.69,117.63,synthetic_geological_survey
2383,Mine_02383,Salt,0.915,0.203,0.316,2.84,197.31,synthetic_geological_survey
2384,Mine_02384,Salt,0.991,0.22,0.728,3.13,36.33,synthetic_geological_survey
2385,Mine_02385,Iron Ore,0.578,0.33,0.288,2.49,141.77,synthetic_geological_survey
2386,Mine_02386,Silica Sand,0.32,0.561,0.212,4.12,177.29,synthetic_geological_survey
2387,Mine_02387,Marble,0.708,0.33,0.707,3.82,116.74,synthetic_geological_survey
2388,Mine_02388,Sandstone,0.44,0.528,0.555,3.7,56.08,synthetic_geological_survey
2389,Mine_02389,Marble,0.804,0.375,0.698,1.44,175.3,synthetic_geological_survey
2390,Mine_02390,Sandstone,0.544,0.652,0.694,4.7,152.49,synthetic_geological_survey
2391,Mine_02391,Granite,0.889,0.334,0.665,0.57,155.0,synthetic_geological_survey
2392,Mine_02392,Limestone,0.569,0.474,0.601,2.3,33.09,synthetic_geological_survey
2393,Mine_02393,Iron Ore,0.609,0.348,0.711,3.65,96.32,synthetic_geological_survey
2394,Mine_02394,Iron Ore,0.703,0.402,0.758,2.16,108.34,synthetic_geological_survey
2395,Mine_02395,Silica Sand,0.354,0.62,0.336,2.98,195.62,synthetic_geological_survey
2396,Mine_02396,Salt,0.81,0.18,0.754,2.21,67.66,synthetic_geological_survey
2397,Mine_02397,Silica Sand,0.388,0.679,0.309,1.57,54.43,synthetic_geological_survey
2398,Mine_02398,Salt,0.743,0.165,0.699,1.29,155.01,synthetic_geological_survey
2399,Mine_02399,Sand,0.255,0.679,0.267,0.62,64.47,synthetic_geological_survey
2400,Mine_02400,Limestone,0.657,0.547,0.554,1.89,182.8,synthetic_geological_survey
2401,Mine_02401,Iron Ore,0.683,0.39,0.798,0.8,146.8,synthetic_geological_survey
2402,Mine_02402,Iron Ore,0.655,0.375,0.237,3.74,22.71,synthetic_geological_survey
2403,Mine_02403,Salt,0.956,0.212,0.687,3.95,47.81,synthetic_geological_survey
2404,Mine_02404,Silica Sand,0.327,0.573,0.342,3.03,173.45,synthetic_geological_survey
2405,Mine_02405,Granite,0.657,0.246,0.464,2.1,193.48,synthetic_geological_survey
2406,Mine_02406,Sandstone,0.489,0.587,0.209,4.17,185.6,synthetic_geological_survey
2407,Mine_02407,Salt,0.901,0.2,0.322,4.83,152.72,synthetic_geological_survey
2408,Mine_02408,Limestone,0.588,0.49,0.694,1.75,34.12,synthetic_geological_survey
2409,Mine_02409,Silica Sand,0.392,0.685,0.327,1.62,118.42,synthetic_geological_survey
2410,Mine_02410,Salt,0.781,0.174,0.761,2.31,107.95,synthetic_geological_survey
2411,Mine_02411,Granite,0.83,0.311,0.201,3.42,126.39,synthetic_geological_survey
2412,Mine_02412,Silica Sand,0.34,0.594,0.244,3.55,138.35,synthetic_geological_survey
2413,Mine_02413,Sandstone,0.483,0.58,0.315,2.81,121.95,synthetic_geological_survey
2414,Mine_02414,Marble,0.699,0.326,0.713,3.7,118.93,synthetic_geological_survey
2415,Mine_02415,Sandstone,0.422,0.506,0.324,1.4,196.22,synthetic_geological_survey
2416,Mine_02416,Sandstone,0.497,0.597,0.743,4.41,39.95,synthetic_geological_survey
2417,Mine_02417,Sand,0.263,0.702,0.642,1.4,189.22,synthetic_geological_survey
2418,Mine_02418,Iron Ore,0.657,0.375,0.684,1.41,119.48,synthetic_geological_survey
2419,Mine_02419,Sand,0.321,0.857,0.266,1.03,86.99,synthetic_geological_survey
2420,Mine_02420,Marble,0.755,0.352,0.606,1.1,119.2,synthetic_geological_survey
2421,Mine_02421,Limestone,0.564,0.47,0.747,3.34,186.98,synthetic_geological_survey
2422,Mine_02422,Sandstone,0.413,0.496,0.622,1.56,177.67,synthetic_geological_survey
2423,Mine_02423,Iron Ore,0.699,0.399,0.324,2.07,138.18,synthetic_geological_survey
2424,Mine_02424,Silica Sand,0.334,0.584,0.694,4.06,118.64,synthetic_geological_survey
2425,Mine_02425,Marble,0.606,0.283,0.391,2.86,138.67,synthetic_geological_survey
2426,Mine_02426,Sandstone,0.468,0.562,0.741,2.3,109.01,synthetic_geological_survey
2427,Mine_02427,Silica Sand,0.35,0.613,0.204,4.33,172.66,synthetic_geological_survey
2428,Mine_02428,Iron Ore,0.564,0.323,0.327,2.88,111.62,synthetic_geological_survey
2429,Mine_02429,Sand,0.252,0.673,0.532,4.21,127.35,synthetic_geological_survey
2430,Mine_02430,Sand,0.296,0.788,0.739,4.8,195.43,synthetic_geological_survey
2431,Mine_02431,Sand,0.254,0.678,0.224,0.52,137.23,synthetic_geological_survey
2432,Mine_02432,Iron Ore,0.742,0.424,0.291,1.89,127.15,synthetic_geological_survey
2433,Mine_02433,Sand,0.269,0.718,0.636,3.55,86.42,synthetic_geological_survey
2434,Mine_02434,Iron Ore,0.577,0.33,0.431,4.44,199.04,synthetic_geological_survey
2435,Mine_02435,Salt,0.854,0.19,0.799,3.02,166.76,synthetic_geological_survey
2436,Mine_02436,Granite,0.693,0.26,0.57,1.67,37.81,synthetic_geological_survey
2437,Mine_02437,Granite,0.882,0.331,0.59,4.12,42.75,synthetic_geological_survey
2438,Mine_02438,Marble,0.603,0.281,0.558,3.44,152.35,synthetic_geological_survey
2439,Mine_02439,Sand,0.295,0.786,0.255,1.92,176.87,synthetic_geological_survey
2440,Mine_02440,Granite,0.946,0.355,0.375,1.47,121.52,synthetic_geological_survey
2441,Mine_02441,Marble,0.609,0.284,0.523,1.25,63.02,synthetic_geological_survey
2442,Mine_02442,Iron Ore,0.596,0.341,0.359,3.4,174.95,synthetic_geological_survey
2443,Mine_02443,Sandstone,0.538,0.645,0.667,4.35,167.2,synthetic_geological_survey
2444,Mine_02444,Sand,0.301,0.802,0.266,3.41,100.59,synthetic_geological_survey
2445,Mine_02445,Iron Ore,0.587,0.335,0.294,1.99,109.22,synthetic_geological_survey
2446,Mine_02446,Salt,0.959,0.213,0.323,1.28,52.12,synthetic_geological_survey
2447,Mine_02447,Marble,0.6,0.28,0.372,2.19,163.74,synthetic_geological_survey
2448,Mine_02448,Salt,0.964,0.214,0.476,1.79,68.46,synthetic_geological_survey
2449,Mine_02449,Granite,0.755,0.283,0.457,2.17,62.59,synthetic_geological_survey
2450,Mine_02450,Silica Sand,0.408,0.714,0.569,1.46,95.58,synthetic_geological_survey
2451,Mine_02451,Marble,0.673,0.314,0.356,1.68,28.22,synthetic_geological_survey
2452,Mine_02452,Sand,0.352,0.939,0.505,3.29,137.61,synthetic_geological_survey
2453,Mine_02453,Salt,0.766,0.17,0.586,0.54,59.05,synthetic_geological_survey
2454,Mine_02454,Iron Ore,0.57,0.326,0.555,3.43,63.64,synthetic_geological_survey
2455,Mine_02455,Sand,0.313,0.835,0.756,3.49,88.51,synthetic_geological_survey
2456,Mine_02456,Silica Sand,0.34,0.595,0.453,1.66,123.47,synthetic_geological_survey
2457,Mine_02457,Iron Ore,0.733,0.419,0.601,2.12,129.44,synthetic_geological_survey
2458,Mine_02458,Salt,0.869,0.193,0.516,1.33,122.62,synthetic_geological_survey
2459,Mine_02459,Iron Ore,0.754,0.431,0.525,4.54,71.77,synthetic_geological_survey
2460,Mine_02460,Marble,0.689,0.322,0.265,2.64,83.27,synthetic_geological_survey
2461,Mine_02461,Salt,0.725,0.161,0.607,3.11,79.35,synthetic_geological_survey
2462,Mine_02462,Iron Ore,0.7,0.4,0.262,2.67,64.24,synthetic_geological_survey
2463,Mine_02463,Salt,0.941,0.209,0.716,1.82,140.43,synthetic_geological_survey
2464,Mine_02464,Sand,0.333,0.889,0.356,4.85,140.52,synthetic_geological_survey
2465,Mine_02465,Limestone,0.535,0.446,0.717,4.24,124.7,synthetic_geological_survey
2466,Mine_02466,Salt,0.898,0.2,0.694,4.65,133.18,synthetic_geological_survey
2467,Mine_02467,Salt,0.908,0.202,0.228,1.18,77.91,synthetic_geological_survey
2468,Mine_02468,Marble,0.882,0.412,0.392,0.74,72.35,synthetic_geological_survey
2469,Mine_02469,Limestone,0.568,0.473,0.48,2.23,173.34,synthetic_geological_survey
2470,Mine_02470,Sand,0.252,0.673,0.646,3.92,163.44,synthetic_geological_survey
2471,Mine_02471,Salt,0.725,0.161,0.468,3.55,160.71,synthetic_geological_survey
2472,Mine_02472,Limestone,0.703,0.586,0.646,1.24,101.68,synthetic_geological_survey
2473,Mine_02473,Limestone,0.706,0.588,0.627,0.51,52.39,synthetic_geological_survey
2474,Mine_02474,Limestone,0.588,0.49,0.713,4.79,137.94,synthetic_geological_survey
2475,Mine_02475,Marble,0.755,0.352,0.735,0.89,174.77,synthetic_geological_survey
2476,Mine_02476,Sandstone,0.577,0.693,0.566,3.26,58.96,synthetic_geological_survey
2477,Mine_02477,Marble,0.794,0.371,0.481,2.36,78.23,synthetic_geological_survey
2478,Mine_02478,Iron Ore,0.802,0.458,0.34,2.92,178.69,synthetic_geological_survey
2479,Mine_02479,Silica Sand,0.442,0.773,0.606,3.44,48.62,synthetic_geological_survey
2480,Mine_02480,Limestone,0.639,0.533,0.532,2.25,74.78,synthetic_geological_survey
2481,Mine_02481,Sand,0.303,0.808,0.544,4.29,92.29,synthetic_geological_survey
2482,Mine_02482,Salt,0.897,0.199,0.27,3.22,153.83,synthetic_geological_survey
2483,Mine_02483,Limestone,0.652,0.543,0.288,4.12,122.4,synthetic_geological_survey
2484,Mine_02484,Salt,1.061,0.236,0.579,0.91,135.16,synthetic_geological_survey
2485,Mine_02485,Silica Sand,0.323,0.564,0.692,1.78,194.21,synthetic_geological_survey
2486,Mine_02486,Granite,0.836,0.313,0.605,2.15,108.58,synthetic_geological_survey
2487,Mine_02487,Limestone,0.623,0.52,0.351,1.29,20.22,synthetic_geological_survey
2488,Mine_02488,Marble,0.9,0.42,0.575,3.22,179.27,synthetic_geological_survey
2489,Mine_02489,Sandstone,0.502,0.603,0.381,4.68,54.51,synthetic_geological_survey
2490,Mine_02490,Sandstone,0.585,0.702,0.569,0.67,154.15,synthetic_geological_survey
2491,Mine_02491,Iron Ore,0.818,0.467,0.587,3.48,128.16,synthetic_geological_survey
2492,Mine_02492,Granite,0.665,0.249,0.525,0.71,52.15,synthetic_geological_survey
2493,Mine_02493,Iron Ore,0.673,0.384,0.299,1.47,66.68,synthetic_geological_survey
2494,Mine_02494,Salt,0.997,0.222,0.658,4.32,56.54,synthetic_geological_survey
2495,Mine_02495,Limestone,0.499,0.416,0.299,4.39,30.43,synthetic_geological_survey
2496,Mine_02496,Silica Sand,0.324,0.567,0.407,1.07,165.38,synthetic_geological_survey
2497,Mine_02497,Sand,0.303,0.808,0.333,4.1,26.72,synthetic_geological_survey
2498,Mine_02498,Marble,0.686,0.32,0.666,3.98,63.94,synthetic_geological_survey
2499,Mine_02499,Limestone,0.589,0.49,0.419,3.66,192.31,synthetic_geological_survey
2500,Mine_02500,Limestone,0.678,0.565,0.264,4.96,53.73,synthetic_geological_survey
2501,Mine_02501,Marble,0.866,0.404,0.495,0.68,119.04,synthetic_geological_survey
2502,Mine_02502,Iron Ore,0.582,0.333,0.448,2.39,47.85,synthetic_geological_survey
2503,Mine_02503,Marble,0.83,0.387,0.215,0.76,68.95,synthetic_geological_survey
2504,Mine_02504,Limestone,0.482,0.402,0.598,3.2,55.2,synthetic_geological_survey
2505,Mine_02505,Silica Sand,0.377,0.659,0.45,0.53,42.06,synthetic_geological_survey
2506,Mine_02506,Limestone,0.656,0.546,0.378,4.65,158.72,synthetic_geological_survey
2507,Mine_02507,Granite,0.774,0.29,0.312,2.77,158.2,synthetic_geological_survey
2508,Mine_02508,Iron Ore,0.771,0.44,0.459,2.13,44.89,synthetic_geological_survey
2509,Mine_02509,Salt,0.733,0.163,0.639,1.59,158.41,synthetic_geological_survey
2510,Mine_02510,Limestone,0.579,0.482,0.409,1.82,135.81,synthetic_geological_survey
2511,Mine_02511,Granite,0.708,0.266,0.746,3.4,166.32,synthetic_geological_survey
2512,Mine_02512,Sandstone,0.568,0.682,0.249,1.05,99.55,synthetic_geological_survey
2513,Mine_02513,Iron Ore,0.617,0.353,0.602,3.32,82.4,synthetic_geological_survey
2514,Mine_02514,Sand,0.289,0.77,0.219,3.89,141.49,synthetic_geological_survey
2515,Mine_02515,Silica Sand,0.348,0.61,0.45,2.3,54.38,synthetic_geological_survey
2516,Mine_02516,Sandstone,0.505,0.607,0.66,1.84,162.93,synthetic_geological_survey
2517,Mine_02517,Sandstone,0.494,0.592,0.618,4.44,158.08,synthetic_geological_survey
2518,Mine_02518,Limestone,0.51,0.425,0.406,3.65,134.1,synthetic_geological_survey
2519,Mine_02519,Limestone,0.649,0.541,0.744,1.41,50.1,synthetic_geological_survey
2520,Mine_02520,Sand,0.257,0.685,0.23,2.38,106.3,synthetic_geological_survey
2521,Mine_02521,Salt,0.754,0.168,0.714,4.73,179.39,synthetic_geological_survey
2522,Mine_02522,Silica Sand,0.352,0.616,0.277,1.86,133.02,synthetic_geological_survey
2523,Mine_02523,Iron Ore,0.733,0.419,0.772,4.5,22.14,synthetic_geological_survey
2524,Mine_02524,Sandstone,0.557,0.668,0.353,4.83,150.28,synthetic_geological_survey
2525,Mine_02525,Sandstone,0.493,0.592,0.584,1.93,67.86,synthetic_geological_survey
2526,Mine_02526,Sandstone,0.542,0.65,0.561,3.92,76.12,synthetic_geological_survey
2527,Mine_02527,Silica Sand,0.336,0.588,0.698,1.95,35.34,synthetic_geological_survey
2528,Mine_02528,Sand,0.297,0.791,0.543,4.05,176.68,synthetic_geological_survey
2529,Mine_02529,Silica Sand,0.322,0.563,0.601,4.9,194.26,synthetic_geological_survey
2530,Mine_02530,Limestone,0.635,0.53,0.583,4.99,47.06,synthetic_geological_survey
2531,Mine_02531,Limestone,0.692,0.576,0.379,3.69,141.55,synthetic_geological_survey
2532,Mine_02532,Salt,0.887,0.197,0.712,0.72,197.38,synthetic_geological_survey
2533,Mine_02533,Salt,1.075,0.239,0.779,3.02,121.86,synthetic_geological_survey
2534,Mine_02534,Marble,0.831,0.388,0.434,3.64,191.99,synthetic_geological_survey
2535,Mine_02535,Silica Sand,0.441,0.772,0.351,0.97,35.12,synthetic_geological_survey
2536,Mine_02536,Granite,0.905,0.339,0.675,1.32,141.67,synthetic_geological_survey
2537,Mine_02537,Limestone,0.652,0.543,0.733,0.95,169.54,synthetic_geological_survey
2538,Mine_02538,Iron Ore,0.836,0.478,0.598,1.9,131.34,synthetic_geological_survey
2539,Mine_02539,Silica Sand,0.365,0.638,0.65,2.28,53.81,synthetic_geological_survey
2540,Mine_02540,Granite,0.88,0.33,0.267,1.37,63.91,synthetic_geological_survey
2541,Mine_02541,Iron Ore,0.787,0.45,0.577,1.95,134.99,synthetic_geological_survey
2542,Mine_02542,Salt,0.95,0.211,0.661,2.39,164.32,synthetic_geological_survey
2543,Mine_02543,Salt,1.047,0.233,0.562,4.7,198.67,synthetic_geological_survey
2544,Mine_02544,Sand,0.261,0.696,0.672,1.62,173.19,synthetic_geological_survey
2545,Mine_02545,Iron Ore,0.707,0.404,0.73,1.89,98.23,synthetic_geological_survey
2546,Mine_02546,Limestone,0.707,0.589,0.509,2.16,69.23,synthetic_geological_survey
2547,Mine_02547,Iron Ore,0.674,0.385,0.256,1.03,54.58,synthetic_geological_survey
2548,Mine_02548,Limestone,0.68,0.567,0.556,1.49,130.91,synthetic_geological_survey
2549,Mine_02549,Silica Sand,0.393,0.689,0.351,2.75,83.2,synthetic_geological_survey
2550,Mine_02550,Iron Ore,0.696,0.398,0.667,2.04,164.47,synthetic_geological_survey
2551,Mine_02551,Sandstone,0.576,0.691,0.537,1.49,114.75,synthetic_geological_survey
2552,Mine_02552,Sandstone,0.408,0.49,0.358,3.29,45.87,synthetic_geological_survey
2553,Mine_02553,Salt,0.819,0.182,0.418,0.99,171.6,synthetic_geological_survey
2554,Mine_02554,Marble,0.877,0.409,0.275,1.28,100.11,synthetic_geological_survey
2555,Mine_02555,Salt,1.055,0.234,0.773,3.45,40.85,synthetic_geological_survey
2556,Mine_02556,Limestone,0.533,0.444,0.411,2.04,164.92,synthetic_geological_survey
2557,Mine_02557,Iron Ore,0.763,0.436,0.785,4.86,192.14,synthetic_geological_survey
2558,Mine_02558,Sandstone,0.483,0.579,0.345,3.29,41.0,synthetic_geological_survey
2559,Mine_02559,Limestone,0.582,0.485,0.429,0.82,84.67,synthetic_geological_survey
2560,Mine_02560,Marble,0.899,0.42,0.42,1.79,164.6,synthetic_geological_survey
2561,Mine_02561,Granite,0.912,0.342,0.213,4.24,136.99,synthetic_geological_survey
2562,Mine_02562,Salt,0.818,0.182,0.432,1.66,113.0,synthetic_geological_survey
2563,Mine_02563,Silica Sand,0.35,0.613,0.49,4.3,29.05,synthetic_geological_survey
2564,Mine_02564,Salt,0.889,0.198,0.441,4.96,111.31,synthetic_geological_survey
2565,Mine_02565,Iron Ore,0.78,0.446,0.289,2.11,44.79,synthetic_geological_survey
2566,Mine_02566,Marble,0.887,0.414,0.508,0.81,167.32,synthetic_geological_survey
2567,Mine_02567,Limestone,0.649,0.541,0.508,2.82,151.52,synthetic_geological_survey
2568,Mine_02568,Iron Ore,0.68,0.389,0.482,2.08,37.54,synthetic_geological_survey
2569,Mine_02569,Granite,0.651,0.244,0.529,4.44,102.52,synthetic_geological_survey
2570,Mine_02570,Iron Ore,0.687,0.393,0.743,2.88,180.1,synthetic_geological_survey
2571,Mine_02571,Sand,0.308,0.822,0.316,4.9,67.8,synthetic_geological_survey
2572,Mine_02572,Granite,0.669,0.251,0.533,3.31,53.75,synthetic_geological_survey
2573,Mine_02573,Marble,0.861,0.402,0.572,4.06,196.32,synthetic_geological_survey
2574,Mine_02574,Silica Sand,0.35,0.613,0.624,0.77,101.43,synthetic_geological_survey
2575,Mine_02575,Sand,0.336,0.897,0.599,1.61,20.51,synthetic_geological_survey
2576,Mine_02576,Salt,0.867,0.193,0.401,2.01,128.28,synthetic_geological_survey
2577,Mine_02577,Marble,0.675,0.315,0.306,4.99,61.84,synthetic_geological_survey
2578,Mine_02578,Sandstone,0.559,0.671,0.697,3.77,181.41,synthetic_geological_survey
2579,Mine_02579,Marble,0.671,0.313,0.534,0.71,137.37,synthetic_geological_survey
2580,Mine_02580,Limestone,0.692,0.577,0.501,2.77,114.84,synthetic_geological_survey
2581,Mine_02581,Sand,0.249,0.664,0.252,2.09,144.98,synthetic_geological_survey
2582,Mine_02582,Limestone,0.651,0.542,0.362,3.32,105.66,synthetic_geological_survey
2583,Mine_02583,Salt,0.964,0.214,0.241,1.06,124.25,synthetic_geological_survey
2584,Mine_02584,Marble,0.861,0.402,0.591,1.74,99.6,synthetic_geological_survey
2585,Mine_02585,Limestone,0.62,0.517,0.397,1.13,74.14,synthetic_geological_survey
2586,Mine_02586,Sandstone,0.429,0.514,0.717,4.06,127.25,synthetic_geological_survey
2587,Mine_02587,Limestone,0.645,0.538,0.615,1.41,108.74,synthetic_geological_survey
2588,Mine_02588,Limestone,0.542,0.452,0.231,4.98,167.03,synthetic_geological_survey
2589,Mine_02589,Sand,0.271,0.724,0.541,4.24,119.24,synthetic_geological_survey
2590,Mine_02590,Sand,0.248,0.662,0.58,1.2,27.64,synthetic_geological_survey
2591,Mine_02591,Salt,0.954,0.212,0.21,3.8,42.34,synthetic_geological_survey
2592,Mine_02592,Granite,0.948,0.355,0.78,1.4,175.29,synthetic_geological_survey
2593,Mine_02593,Salt,1.079,0.24,0.329,1.97,194.26,synthetic_geological_survey
2594,Mine_02594,Sandstone,0.475,0.57,0.321,3.48,91.91,synthetic_geological_survey
2595,Mine_02595,Granite,0.744,0.279,0.545,3.49,137.76,synthetic_geological_survey
2596,Mine_02596,Limestone,0.675,0.563,0.691,0.56,69.52,synthetic_geological_survey
2597,Mine_02597,Iron Ore,0.757,0.432,0.489,2.14,32.52,synthetic_geological_survey
2598,Mine_02598,Limestone,0.507,0.422,0.325,3.46,121.99,synthetic_geological_survey
2599,Mine_02599,Limestone,0.695,0.579,0.699,2.66,100.05,synthetic_geological_survey
2600,Mine_02600,Sand,0.266,0.708,0.414,4.92,168.92,synthetic_geological_survey
2601,Mine_02601,Sandstone,0.519,0.623,0.358,1.34,135.33,synthetic_geological_survey
2602,Mine_02602,Silica Sand,0.433,0.758,0.535,2.66,52.66,synthetic_geological_survey
2603,Mine_02603,Sandstone,0.475,0.57,0.724,0.77,118.14,synthetic_geological_survey
2604,Mine_02604,Limestone,0.66,0.55,0.283,4.2,42.31,synthetic_geological_survey
2605,Mine_02605,Iron Ore,0.63,0.36,0.268,2.7,25.95,synthetic_geological_survey
2606,Mine_02606,Granite,0.793,0.297,0.442,1.55,88.47,synthetic_geological_survey
2607,Mine_02607,Limestone,0.637,0.531,0.449,3.73,80.44,synthetic_geological_survey
2608,Mine_02608,Marble,0.642,0.3,0.416,4.22,122.03,synthetic_geological_survey
2609,Mine_02609,Iron Ore,0.633,0.362,0.644,4.35,196.58,synthetic_geological_survey
2610,Mine_02610,Limestone,0.719,0.599,0.558,1.1,175.55,synthetic_geological_survey
2611,Mine_02611,Salt,1.069,0.238,0.4,2.35,70.37,synthetic_geological_survey
2612,Mine_02612,Limestone,0.629,0.524,0.706,2.06,83.52,synthetic_geological_survey
2613,Mine_02613,Sandstone,0.576,0.691,0.402,1.37,197.68,synthetic_geological_survey
2614,Mine_02614,Iron Ore,0.654,0.374,0.513,2.1,106.09,synthetic_geological_survey
2615,Mine_02615,Granite,0.733,0.275,0.726,3.61,65.27,synthetic_geological_survey
2616,Mine_02616,Salt,0.77,0.171,0.287,1.36,198.58,synthetic_geological_survey
2617,Mine_02617,Iron Ore,0.838,0.479,0.262,4.22,73.84,synthetic_geological_survey
2618,Mine_02618,Granite,0.82,0.307,0.364,2.82,34.17,synthetic_geological_survey
2619,Mine_02619,Granite,0.83,0.311,0.492,0.72,185.67,synthetic_geological_survey
2620,Mine_02620,Iron Ore,0.587,0.335,0.686,3.08,80.61,synthetic_geological_survey
2621,Mine_02621,Sandstone,0.482,0.579,0.704,1.66,113.32,synthetic_geological_survey
2622,Mine_02622,Silica Sand,0.36,0.63,0.696,2.24,113.37,synthetic_geological_survey
2623,Mine_02623,Sandstone,0.469,0.563,0.264,3.99,49.95,synthetic_geological_survey
2624,Mine_02624,Marble,0.658,0.307,0.555,3.8,142.8,synthetic_geological_survey
2625,Mine_02625,Silica Sand,0.337,0.591,0.562,1.16,186.25,synthetic_geological_survey
2626,Mine_02626,Limestone,0.613,0.511,0.46,3.59,28.94,synthetic_geological_survey
2627,Mine_02627,Granite,0.781,0.293,0.738,0.85,179.06,synthetic_geological_survey
2628,Mine_02628,Marble,0.667,0.311,0.619,0.64,179.45,synthetic_geological_survey
2629,Mine_02629,Iron Ore,0.675,0.386,0.772,3.47,199.98,synthetic_geological_survey
2630,Mine_02630,Sand,0.246,0.655,0.535,0.52,66.05,synthetic_geological_survey
2631,Mine_02631,Silica Sand,0.355,0.621,0.666,2.24,77.14,synthetic_geological_survey
2632,Mine_02632,Granite,0.779,0.292,0.67,4.09,137.83,synthetic_geological_survey
2633,Mine_02633,Marble,0.767,0.358,0.665,4.31,69.14,synthetic_geological_survey
2634,Mine_02634,Limestone,0.542,0.452,0.593,1.92,27.31,synthetic_geological_survey
2635,Mine_02635,Salt,0.924,0.205,0.372,4.59,129.63,synthetic_geological_survey
2636,Mine_02636,Sandstone,0.401,0.482,0.331,2.62,40.89,synthetic_geological_survey
2637,Mine_02637,Sand,0.359,0.958,0.782,0.55,175.8,synthetic_geological_survey
2638,Mine_02638,Sandstone,0.476,0.571,0.292,1.55,45.84,synthetic_geological_survey
2639,Mine_02639,Sandstone,0.409,0.491,0.255,0.75,110.35,synthetic_geological_survey
2640,Mine_02640,Marble,0.673,0.314,0.752,2.88,126.9,synthetic_geological_survey
2641,Mine_02641,Sandstone,0.408,0.49,0.373,3.63,156.23,synthetic_geological_survey
2642,Mine_02642,Granite,0.862,0.323,0.356,2.08,107.58,synthetic_geological_survey
2643,Mine_02643,Sand,0.286,0.762,0.45,3.88,84.99,synthetic_geological_survey
2644,Mine_02644,Sand,0.308,0.822,0.551,2.75,23.95,synthetic_geological_survey
2645,Mine_02645,Iron Ore,0.825,0.471,0.405,2.76,36.65,synthetic_geological_survey
2646,Mine_02646,Salt,0.785,0.174,0.206,4.32,81.47,synthetic_geological_survey
2647,Mine_02647,Iron Ore,0.732,0.418,0.235,2.47,132.74,synthetic_geological_survey
2648,Mine_02648,Granite,0.675,0.253,0.393,0.96,119.73,synthetic_geological_survey
2649,Mine_02649,Granite,0.751,0.282,0.665,2.26,135.65,synthetic_geological_survey
2650,Mine_02650,Silica Sand,0.456,0.798,0.499,4.22,118.5,synthetic_geological_survey
2651,Mine_02651,Sand,0.341,0.908,0.567,4.76,156.62,synthetic_geological_survey
2652,Mine_02652,Granite,0.734,0.275,0.222,3.65,46.63,synthetic_geological_survey
2653,Mine_02653,Marble,0.853,0.398,0.448,4.88,193.56,synthetic_geological_survey
2654,Mine_02654,Sandstone,0.444,0.533,0.414,4.0,185.81,synthetic_geological_survey
2655,Mine_02655,Sandstone,0.532,0.638,0.393,3.17,44.11,synthetic_geological_survey
2656,Mine_02656,Salt,0.87,0.193,0.672,1.84,134.92,synthetic_geological_survey
2657,Mine_02657,Sandstone,0.4,0.48,0.566,1.31,129.77,synthetic_geological_survey
2658,Mine_02658,Marble,0.613,0.286,0.78,4.49,20.99,synthetic_geological_survey
2659,Mine_02659,Granite,0.857,0.321,0.631,3.42,74.52,synthetic_geological_survey
2660,Mine_02660,Sand,0.303,0.808,0.359,0.78,128.63,synthetic_geological_survey
2661,Mine_02661,Marble,0.849,0.396,0.517,2.33,41.64,synthetic_geological_survey
2662,Mine_02662,Iron Ore,0.73,0.417,0.253,0.74,80.52,synthetic_geological_survey
2663,Mine_02663,Sandstone,0.436,0.523,0.405,1.33,54.32,synthetic_geological_survey
2664,Mine_02664,Sand,0.289,0.771,0.457,2.77,81.36,synthetic_geological_survey
2665,Mine_02665,Granite,0.781,0.293,0.755,2.41,180.19,synthetic_geological_survey
2666,Mine_02666,Salt,0.882,0.196,0.62,1.52,60.82,synthetic_geological_survey
2667,Mine_02667,Iron Ore,0.594,0.34,0.531,3.03,199.94,synthetic_geological_survey
2668,Mine_02668,Granite,0.946,0.355,0.493,2.49,33.5,synthetic_geological_survey
2669,Mine_02669,Limestone,0.492,0.41,0.646,4.99,194.61,synthetic_geological_survey
2670,Mine_02670,Sand,0.356,0.949,0.316,3.44,157.9,synthetic_geological_survey
2671,Mine_02671,Marble,0.781,0.364,0.638,1.48,109.95,synthetic_geological_survey
2672,Mine_02672,Limestone,0.685,0.571,0.369,4.06,192.79,synthetic_geological_survey
2673,Mine_02673,Iron Ore,0.568,0.325,0.58,0.86,136.78,synthetic_geological_survey
2674,Mine_02674,Silica Sand,0.404,0.707,0.281,4.41,130.8,synthetic_geological_survey
2675,Mine_02675,Salt,0.918,0.204,0.627,2.6,37.77,synthetic_geological_survey
2676,Mine_02676,Limestone,0.519,0.432,0.636,2.18,20.94,synthetic_geological_survey
2677,Mine_02677,Granite,0.77,0.289,0.404,2.37,161.57,synthetic_geological_survey
2678,Mine_02678,Limestone,0.657,0.548,0.211,2.05,122.33,synthetic_geological_survey
2679,Mine_02679,Salt,1.024,0.227,0.417,2.15,91.11,synthetic_geological_survey
2680,Mine_02680,Limestone,0.522,0.435,0.344,1.24,94.28,synthetic_geological_survey
2681,Mine_02681,Marble,0.798,0.372,0.281,4.62,48.41,synthetic_geological_survey
2682,Mine_02682,Marble,0.886,0.414,0.595,2.5,107.41,synthetic_geological_survey
2683,Mine_02683,Granite,0.668,0.251,0.238,3.57,99.61,synthetic_geological_survey
2684,Mine_02684,Granite,0.798,0.299,0.331,3.9,28.37,synthetic_geological_survey
2685,Mine_02685,Marble,0.889,0.415,0.527,1.96,93.57,synthetic_geological_survey
2686,Mine_02686,Iron Ore,0.84,0.48,0.562,2.96,71.52,synthetic_geological_survey
2687,Mine_02687,Marble,0.854,0.398,0.557,1.86,96.19,synthetic_geological_survey
2688,Mine_02688,Iron Ore,0.626,0.358,0.255,2.31,33.73,synthetic_geological_survey
2689,Mine_02689,Sand,0.352,0.938,0.788,1.47,78.76,synthetic_geological_survey
2690,Mine_02690,Granite,0.695,0.261,0.611,1.75,27.45,synthetic_geological_survey
2691,Mine_02691,Limestone,0.573,0.478,0.74,2.58,187.91,synthetic_geological_survey
2692,Mine_02692,Silica Sand,0.382,0.668,0.395,2.2,33.63,synthetic_geological_survey
2693,Mine_02693,Iron Ore,0.762,0.436,0.419,0.83,48.33,synthetic_geological_survey
2694,Mine_02694,Granite,0.842,0.316,0.34,4.32,58.79,synthetic_geological_survey
2695,Mine_02695,Iron Ore,0.638,0.365,0.323,4.42,70.81,synthetic_geological_survey
2696,Mine_02696,Granite,0.675,0.253,0.508,3.18,150.64,synthetic_geological_survey
2697,Mine_02697,Iron Ore,0.669,0.383,0.316,0.7,90.44,synthetic_geological_survey
2698,Mine_02698,Sandstone,0.409,0.491,0.655,3.57,163.26,synthetic_geological_survey
2699,Mine_02699,Salt,1.021,0.227,0.516,1.78,163.25,synthetic_geological_survey
2700,Mine_02700,Granite,0.707,0.265,0.629,3.95,92.94,synthetic_geological_survey
2701,Mine_02701,Granite,0.843,0.316,0.758,4.86,179.98,synthetic_geological_survey
2702,Mine_02702,Sand,0.292,0.779,0.246,3.14,138.87,synthetic_geological_survey
2703,Mine_02703,Sandstone,0.599,0.719,0.792,1.21,96.64,synthetic_geological_survey
2704,Mine_02704,Salt,0.866,0.192,0.628,2.16,91.09,synthetic_geological_survey
2705,Mine_02705,Sand,0.304,0.81,0.663,0.54,96.0,synthetic_geological_survey
2706,Mine_02706,Sand,0.334,0.892,0.696,4.15,59.4,synthetic_geological_survey
2707,Mine_02707,Sandstone,0.473,0.568,0.775,3.8,138.11,synthetic_geological_survey
2708,Mine_02708,Salt,0.955,0.212,0.706,4.3,64.05,synthetic_geological_survey
2709,Mine_02709,Sandstone,0.491,0.589,0.366,0.54,32.52,synthetic_geological_survey
2710,Mine_02710,Sand,0.292,0.779,0.429,2.26,119.1,synthetic_geological_survey
2711,Mine_02711,Marble,0.856,0.4,0.442,1.03,129.27,synthetic_geological_survey
2712,Mine_02712,Marble,0.638,0.298,0.594,3.58,197.92,synthetic_geological_survey
2713,Mine_02713,Sand,0.311,0.829,0.691,3.9,94.01,synthetic_geological_survey
2714,Mine_02714,Sandstone,0.472,0.566,0.584,0.98,56.36,synthetic_geological_survey
2715,Mine_02715,Iron Ore,0.684,0.391,0.408,3.43,172.03,synthetic_geological_survey
2716,Mine_02716,Salt,0.945,0.21,0.716,1.22,90.17,synthetic_geological_survey
2717,Mine_02717,Salt,0.763,0.169,0.583,2.47,177.85,synthetic_geological_survey
2718,Mine_02718,Limestone,0.538,0.449,0.539,4.62,102.77,synthetic_geological_survey
2719,Mine_02719,Sand,0.293,0.781,0.669,2.38,46.9,synthetic_geological_survey
2720,Mine_02720,Iron Ore,0.822,0.469,0.427,1.79,88.14,synthetic_geological_survey
2721,Mine_02721,Salt,0.748,0.166,0.455,3.0,126.65,synthetic_geological_survey
2722,Mine_02722,Salt,0.866,0.192,0.66,1.97,77.48,synthetic_geological_survey
2723,Mine_02723,Granite,0.71,0.266,0.559,3.55,27.25,synthetic_geological_survey
2724,Mine_02724,Limestone,0.57,0.475,0.704,3.11,124.87,synthetic_geological_survey
2725,Mine_02725,Granite,0.943,0.354,0.407,2.94,58.47,synthetic_geological_survey
2726,Mine_02726,Sandstone,0.499,0.599,0.44,4.21,160.07,synthetic_geological_survey
2727,Mine_02727,Sand,0.256,0.682,0.703,1.11,93.74,synthetic_geological_survey
2728,Mine_02728,Silica Sand,0.392,0.685,0.207,3.52,175.57,synthetic_geological_survey
2729,Mine_02729,Sand,0.276,0.737,0.304,1.93,93.87,synthetic_geological_survey
2730,Mine_02730,Limestone,0.706,0.588,0.419,2.83,185.25,synthetic_geological_survey
2731,Mine_02731,Sandstone,0.508,0.61,0.753,1.36,130.37,synthetic_geological_survey
2732,Mine_02732,Silica Sand,0.333,0.584,0.473,1.33,46.74,synthetic_geological_survey
2733,Mine_02733,Sand,0.324,0.865,0.364,3.53,23.55,synthetic_geological_survey
2734,Mine_02734,Sandstone,0.456,0.547,0.677,1.35,137.44,synthetic_geological_survey
2735,Mine_02735,Iron Ore,0.643,0.367,0.231,3.84,88.87,synthetic_geological_survey
2736,Mine_02736,Granite,0.879,0.33,0.599,3.58,23.3,synthetic_geological_survey
2737,Mine_02737,Limestone,0.604,0.503,0.645,3.75,147.05,synthetic_geological_survey
2738,Mine_02738,Limestone,0.625,0.521,0.711,1.37,104.78,synthetic_geological_survey
2739,Mine_02739,Sandstone,0.502,0.603,0.597,2.76,197.6,synthetic_geological_survey
2740,Mine_02740,Silica Sand,0.36,0.63,0.371,3.52,158.22,synthetic_geological_survey
2741,Mine_02741,Silica Sand,0.438,0.767,0.543,1.16,39.98,synthetic_geological_survey
2742,Mine_02742,Iron Ore,0.624,0.357,0.444,3.75,85.38,synthetic_geological_survey
2743,Mine_02743,Iron Ore,0.668,0.382,0.344,3.87,32.64,synthetic_geological_survey
2744,Mine_02744,Marble,0.636,0.297,0.388,4.74,124.21,synthetic_geological_survey
2745,Mine_02745,Salt,1.066,0.237,0.692,4.33,150.09,synthetic_geological_survey
2746,Mine_02746,Sandstone,0.488,0.585,0.581,1.3,167.42,synthetic_geological_survey
2747,Mine_02747,Iron Ore,0.598,0.342,0.504,1.27,76.9,synthetic_geological_survey
2748,Mine_02748,Iron Ore,0.792,0.452,0.683,1.73,183.87,synthetic_geological_survey
2749,Mine_02749,Sandstone,0.537,0.645,0.724,2.68,27.09,synthetic_geological_survey
2750,Mine_02750,Limestone,0.49,0.409,0.533,4.91,75.9,synthetic_geological_survey
2751,Mine_02751,Marble,0.9,0.42,0.399,3.89,165.43,synthetic_geological_survey
2752,Mine_02752,Limestone,0.579,0.482,0.226,1.33,58.73,synthetic_geological_survey
2753,Mine_02753,Sand,0.332,0.884,0.719,0.9,104.83,synthetic_geological_survey
2754,Mine_02754,Iron Ore,0.649,0.371,0.777,2.42,128.87,synthetic_geological_survey
2755,Mine_02755,Marble,0.612,0.286,0.519,3.98,141.4,synthetic_geological_survey
2756,Mine_02756,Sandstone,0.497,0.596,0.486,4.21,136.17,synthetic_geological_survey
2757,Mine_02757,Limestone,0.507,0.423,0.526,1.11,191.31,synthetic_geological_survey
2758,Mine_02758,Limestone,0.544,0.453,0.782,4.13,38.75,synthetic_geological_survey
2759,Mine_02759,Iron Ore,0.766,0.438,0.772,1.39,83.14,synthetic_geological_survey
2760,Mine_02760,Iron Ore,0.611,0.349,0.508,0.92,84.62,synthetic_geological_survey
2761,Mine_02761,Sand,0.279,0.744,0.225,2.66,135.51,synthetic_geological_survey
2762,Mine_02762,Iron Ore,0.61,0.348,0.691,1.61,188.02,synthetic_geological_survey
2763,Mine_02763,Sandstone,0.449,0.539,0.427,1.8,137.14,synthetic_geological_survey
2764,Mine_02764,Marble,0.817,0.381,0.687,4.98,138.58,synthetic_geological_survey
2765,Mine_02765,Sandstone,0.502,0.602,0.523,3.59,163.34,synthetic_geological_survey
2766,Mine_02766,Sandstone,0.428,0.514,0.718,2.6,60.28,synthetic_geological_survey
2767,Mine_02767,Marble,0.632,0.295,0.734,1.87,35.24,synthetic_geological_survey
2768,Mine_02768,Silica Sand,0.433,0.757,0.275,4.16,63.68,synthetic_geological_survey
2769,Mine_02769,Silica Sand,0.351,0.614,0.252,4.89,27.16,synthetic_geological_survey
2770,Mine_02770,Salt,0.807,0.179,0.695,4.03,98.11,synthetic_geological_survey
2771,Mine_02771,Salt,0.818,0.182,0.691,4.32,116.06,synthetic_geological_survey
2772,Mine_02772,Limestone,0.568,0.473,0.281,1.76,59.65,synthetic_geological_survey
2773,Mine_02773,Limestone,0.676,0.563,0.72,2.85,88.82,synthetic_geological_survey
2774,Mine_02774,Salt,0.885,0.197,0.394,1.75,120.49,synthetic_geological_survey
2775,Mine_02775,Limestone,0.498,0.415,0.468,3.41,169.41,synthetic_geological_survey
2776,Mine_02776,Silica Sand,0.47,0.823,0.392,4.82,75.6,synthetic_geological_survey
2777,Mine_02777,Silica Sand,0.329,0.576,0.761,1.49,26.1,synthetic_geological_survey
2778,Mine_02778,Sand,0.317,0.844,0.654,1.14,177.85,synthetic_geological_survey
2779,Mine_02779,Granite,0.649,0.243,0.35,4.78,71.67,synthetic_geological_survey
2780,Mine_02780,Iron Ore,0.771,0.44,0.283,2.97,103.36,synthetic_geological_survey
2781,Mine_02781,Salt,0.766,0.17,0.778,3.53,44.83,synthetic_geological_survey
2782,Mine_02782,Limestone,0.62,0.517,0.738,1.86,45.95,synthetic_geological_survey
2783,Mine_02783,Salt,0.896,0.199,0.41,0.57,142.85,synthetic_geological_survey
2784,Mine_02784,Iron Ore,0.641,0.366,0.384,4.15,23.75,synthetic_geological_survey
2785,Mine_02785,Granite,0.744,0.279,0.555,2.19,146.13,synthetic_geological_survey
2786,Mine_02786,Silica Sand,0.444,0.776,0.651,2.14,23.47,synthetic_geological_survey
2787,Mine_02787,Marble,0.708,0.33,0.227,4.49,112.47,synthetic_geological_survey
2788,Mine_02788,Salt,0.772,0.172,0.698,4.15,93.88,synthetic_geological_survey
2789,Mine_02789,Iron Ore,0.575,0.328,0.246,2.34,34.46,synthetic_geological_survey
2790,Mine_02790,Sand,0.268,0.714,0.414,3.95,192.45,synthetic_geological_survey
2791,Mine_02791,Iron Ore,0.806,0.461,0.294,1.08,136.78,synthetic_geological_survey
2792,Mine_02792,Marble,0.714,0.333,0.288,4.32,193.57,synthetic_geological_survey
2793,Mine_02793,Granite,0.765,0.287,0.737,4.96,111.34,synthetic_geological_survey
2794,Mine_02794,Sandstone,0.418,0.501,0.619,1.83,196.09,synthetic_geological_survey
2795,Mine_02795,Limestone,0.508,0.423,0.229,2.74,37.23,synthetic_geological_survey
2796,Mine_02796,Granite,0.749,0.281,0.353,0.79,52.42,synthetic_geological_survey
2797,Mine_02797,Sand,0.343,0.916,0.398,4.78,129.2,synthetic_geological_survey
2798,Mine_02798,Silica Sand,0.434,0.759,0.203,4.24,101.86,synthetic_geological_survey
2799,Mine_02799,Limestone,0.693,0.577,0.297,3.82,71.78,synthetic_geological_survey
2800,Mine_02800,Iron Ore,0.618,0.353,0.57,0.89,96.35,synthetic_geological_survey
2801,Mine_02801,Salt,0.728,0.162,0.543,1.84,96.17,synthetic_geological_survey
2802,Mine_02802,Salt,1.002,0.223,0.395,1.03,167.83,synthetic_geological_survey
2803,Mine_02803,Sandstone,0.514,0.617,0.224,0.96,91.43,synthetic_geological_survey
2804,Mine_02804,Sandstone,0.534,0.641,0.762,4.39,155.26,synthetic_geological_survey
2805,Mine_02805,Salt,0.805,0.179,0.488,3.23,85.68,synthetic_geological_survey
2806,Mine_02806,Limestone,0.613,0.511,0.505,4.26,194.65,synthetic_geological_survey
2807,Mine_02807,Salt,0.818,0.182,0.537,1.38,199.4,synthetic_geological_survey
2808,Mine_02808,Silica Sand,0.404,0.706,0.542,1.63,66.04,synthetic_geological_survey
2809,Mine_02809,Iron Ore,0.741,0.424,0.393,3.71,149.19,synthetic_geological_survey
2810,Mine_02810,Marble,0.851,0.397,0.768,0.83,82.35,synthetic_geological_survey
2811,Mine_02811,Granite,0.68,0.255,0.784,4.09,157.92,synthetic_geological_survey
2812,Mine_02812,Sandstone,0.553,0.664,0.755,4.4,125.2,synthetic_geological_survey
2813,Mine_02813,Marble,0.718,0.335,0.499,4.52,29.65,synthetic_geological_survey
2814,Mine_02814,Iron Ore,0.784,0.448,0.54,4.38,80.24,synthetic_geological_survey
2815,Mine_02815,Granite,0.91,0.341,0.724,0.56,36.28,synthetic_geological_survey
2816,Mine_02816,Sandstone,0.412,0.495,0.686,3.38,100.76,synthetic_geological_survey
2817,Mine_02817,Iron Ore,0.724,0.413,0.538,3.83,76.0,synthetic_geological_survey
2818,Mine_02818,Silica Sand,0.372,0.651,0.771,0.7,31.33,synthetic_geological_survey
2819,Mine_02819,Sandstone,0.56,0.672,0.238,4.53,57.66,synthetic_geological_survey
2820,Mine_02820,Sandstone,0.593,0.711,0.773,4.76,70.21,synthetic_geological_survey
2821,Mine_02821,Salt,0.981,0.218,0.242,3.8,127.04,synthetic_geological_survey
2822,Mine_02822,Iron Ore,0.699,0.399,0.327,3.76,119.16,synthetic_geological_survey
2823,Mine_02823,Iron Ore,0.828,0.473,0.231,2.57,134.18,synthetic_geological_survey
2824,Mine_02824,Iron Ore,0.668,0.382,0.431,4.59,75.25,synthetic_geological_survey
2825,Mine_02825,Salt,1.071,0.238,0.33,2.96,53.77,synthetic_geological_survey
2826,Mine_02826,Marble,0.839,0.392,0.598,4.46,79.33,synthetic_geological_survey
2827,Mine_02827,Salt,0.83,0.184,0.329,1.37,107.63,synthetic_geological_survey
2828,Mine_02828,Marble,0.607,0.283,0.265,4.54,53.78,synthetic_geological_survey
2829,Mine_02829,Sandstone,0.523,0.627,0.434,3.51,87.68,synthetic_geological_survey
2830,Mine_02830,Granite,0.801,0.3,0.52,4.26,175.66,synthetic_geological_survey
2831,Mine_02831,Limestone,0.669,0.557,0.757,4.62,42.38,synthetic_geological_survey
2832,Mine_02832,Marble,0.895,0.418,0.664,0.79,57.15,synthetic_geological_survey
2833,Mine_02833,Salt,0.75,0.167,0.411,3.74,89.1,synthetic_geological_survey
2834,Mine_02834,Granite,0.69,0.259,0.679,3.61,185.28,synthetic_geological_survey
2835,Mine_02835,Salt,0.807,0.179,0.789,4.32,180.69,synthetic_geological_survey
2836,Mine_02836,Sand,0.331,0.883,0.499,2.64,30.41,synthetic_geological_survey
2837,Mine_02837,Granite,0.708,0.266,0.444,3.85,65.15,synthetic_geological_survey
2838,Mine_02838,Salt,0.824,0.183,0.384,4.86,175.33,synthetic_geological_survey
2839,Mine_02839,Silica Sand,0.386,0.676,0.4,1.76,61.19,synthetic_geological_survey
2840,Mine_02840,Marble,0.738,0.345,0.61,0.8,88.66,synthetic_geological_survey
2841,Mine_02841,Sandstone,0.419,0.503,0.245,3.0,180.75,synthetic_geological_survey
2842,Mine_02842,Granite,0.742,0.278,0.251,3.09,158.0,synthetic_geological_survey
2843,Mine_02843,Iron Ore,0.815,0.465,0.215,4.91,147.88,synthetic_geological_survey
2844,Mine_02844,Sandstone,0.512,0.614,0.206,3.57,195.64,synthetic_geological_survey
2845,Mine_02845,Sand,0.276,0.736,0.277,0.94,80.76,synthetic_geological_survey
2846,Mine_02846,Limestone,0.654,0.545,0.513,3.77,137.99,synthetic_geological_survey
2847,Mine_02847,Silica Sand,0.341,0.596,0.583,3.15,122.24,synthetic_geological_survey
2848,Mine_02848,Granite,0.739,0.277,0.795,4.78,44.79,synthetic_geological_survey
2849,Mine_02849,Salt,0.935,0.208,0.403,3.61,101.84,synthetic_geological_survey
2850,Mine_02850,Salt,1.078,0.24,0.259,2.54,64.46,synthetic_geological_survey
2851,Mine_02851,Salt,0.877,0.195,0.385,2.91,121.36,synthetic_geological_survey
2852,Mine_02852,Limestone,0.684,0.57,0.35,3.99,185.92,synthetic_geological_survey
2853,Mine_02853,Iron Ore,0.645,0.369,0.694,2.83,99.13,synthetic_geological_survey
2854,Mine_02854,Sand,0.345,0.921,0.506,1.72,133.51,synthetic_geological_survey
2855,Mine_02855,Salt,0.979,0.218,0.251,3.64,114.9,synthetic_geological_survey
2856,Mine_02856,Granite,0.914,0.343,0.702,1.12,71.28,synthetic_geological_survey
2857,Mine_02857,Limestone,0.509,0.424,0.408,1.14,62.16,synthetic_geological_survey
2858,Mine_02858,Marble,0.719,0.336,0.608,3.28,117.29,synthetic_geological_survey
2859,Mine_02859,Iron Ore,0.675,0.386,0.574,0.92,192.32,synthetic_geological_survey
2860,Mine_02860,Silica Sand,0.424,0.742,0.626,1.37,184.79,synthetic_geological_survey
2861,Mine_02861,Salt,0.798,0.177,0.544,4.64,117.17,synthetic_geological_survey
2862,Mine_02862,Granite,0.848,0.318,0.516,0.88,76.92,synthetic_geological_survey
2863,Mine_02863,Silica Sand,0.453,0.793,0.507,2.13,164.14,synthetic_geological_survey
2864,Mine_02864,Granite,0.885,0.332,0.228,3.69,175.81,synthetic_geological_survey
2865,Mine_02865,Granite,0.758,0.284,0.216,3.51,176.24,synthetic_geological_survey
2866,Mine_02866,Salt,0.78,0.173,0.443,2.16,62.6,synthetic_geological_survey
2867,Mine_02867,Iron Ore,0.612,0.349,0.594,2.88,31.04,synthetic_geological_survey
2868,Mine_02868,Sand,0.255,0.681,0.591,2.29,194.92,synthetic_geological_survey
2869,Mine_02869,Sand,0.329,0.877,0.661,2.55,165.02,synthetic_geological_survey
2870,Mine_02870,Marble,0.85,0.397,0.709,3.28,193.63,synthetic_geological_survey
2871,Mine_02871,Sand,0.349,0.932,0.284,0.7,57.35,synthetic_geological_survey
2872,Mine_02872,Silica Sand,0.408,0.715,0.678,3.14,84.31,synthetic_geological_survey
2873,Mine_02873,Marble,0.86,0.401,0.57,1.83,159.22,synthetic_geological_survey
2874,Mine_02874,Sand,0.256,0.684,0.393,3.18,61.43,synthetic_geological_survey
2875,Mine_02875,Iron Ore,0.582,0.332,0.785,2.33,137.35,synthetic_geological_survey
2876,Mine_02876,Sandstone,0.421,0.505,0.508,2.31,104.37,synthetic_geological_survey
2877,Mine_02877,Limestone,0.496,0.413,0.636,3.12,59.46,synthetic_geological_survey
2878,Mine_02878,Limestone,0.559,0.466,0.67,3.9,36.78,synthetic_geological_survey
2879,Mine_02879,Sand,0.326,0.868,0.59,1.1,169.4,synthetic_geological_survey
2880,Mine_02880,Salt,0.943,0.21,0.3,1.67,159.98,synthetic_geological_survey
2881,Mine_02881,Sandstone,0.499,0.599,0.55,3.58,187.86,synthetic_geological_survey
2882,Mine_02882,Sand,0.295,0.786,0.314,1.97,118.31,synthetic_geological_survey
2883,Mine_02883,Marble,0.728,0.34,0.207,1.88,31.34,synthetic_geological_survey
2884,Mine_02884,Limestone,0.63,0.525,0.652,3.07,80.71,synthetic_geological_survey
2885,Mine_02885,Sand,0.323,0.861,0.753,1.41,106.97,synthetic_geological_survey
2886,Mine_02886,Granite,0.742,0.278,0.56,2.52,98.21,synthetic_geological_survey
2887,Mine_02887,Marble,0.822,0.383,0.631,1.13,28.93,synthetic_geological_survey
2888,Mine_02888,Granite,0.916,0.343,0.261,4.22,140.32,synthetic_geological_survey
2889,Mine_02889,Sand,0.34,0.907,0.79,0.71,153.54,synthetic_geological_survey
2890,Mine_02890,Sandstone,0.484,0.58,0.774,2.36,180.4,synthetic_geological_survey
2891,Mine_02891,Granite,0.779,0.292,0.383,1.79,77.36,synthetic_geological_survey
2892,Mine_02892,Sandstone,0.493,0.592,0.41,2.48,65.72,synthetic_geological_survey
2893,Mine_02893,Granite,0.949,0.356,0.36,0.79,57.75,synthetic_geological_survey
2894,Mine_02894,Limestone,0.627,0.522,0.695,2.03,152.4,synthetic_geological_survey
2895,Mine_02895,Limestone,0.719,0.599,0.763,4.32,59.69,synthetic_geological_survey
2896,Mine_02896,Granite,0.789,0.296,0.444,0.7,116.61,synthetic_geological_survey
2897,Mine_02897,Limestone,0.6,0.5,0.76,4.68,130.27,synthetic_geological_survey
2898,Mine_02898,Sand,0.348,0.928,0.59,2.92,143.13,synthetic_geological_survey
2899,Mine_02899,Silica Sand,0.475,0.832,0.32,4.08,177.14,synthetic_geological_survey
2900,Mine_02900,Sand,0.244,0.651,0.397,1.99,189.28,synthetic_geological_survey
2901,Mine_02901,Sandstone,0.448,0.538,0.499,3.35,186.0,synthetic_geological_survey
2902,Mine_02902,Sand,0.331,0.884,0.436,4.72,26.71,synthetic_geological_survey
2903,Mine_02903,Silica Sand,0.446,0.781,0.382,1.97,32.56,synthetic_geological_survey
2904,Mine_02904,Granite,0.838,0.314,0.248,3.98,96.4,synthetic_geological_survey
2905,Mine_02905,Silica Sand,0.394,0.69,0.385,0.77,104.29,synthetic_geological_survey
2906,Mine_02906,Salt,0.994,0.221,0.661,4.37,44.45,synthetic_geological_survey
2907,Mine_02907,Sandstone,0.469,0.563,0.601,3.18,141.91,synthetic_geological_survey
2908,Mine_02908,Granite,0.75,0.281,0.626,2.64,177.68,synthetic_geological_survey
2909,Mine_02909,Salt,0.772,0.172,0.61,0.61,168.88,synthetic_geological_survey
2910,Mine_02910,Limestone,0.651,0.542,0.568,4.95,128.3,synthetic_geological_survey
2911,Mine_02911,Iron Ore,0.579,0.331,0.477,2.27,84.75,synthetic_geological_survey
2912,Mine_02912,Sand,0.303,0.807,0.4,2.9,96.55,synthetic_geological_survey
2913,Mine_02913,Iron Ore,0.658,0.376,0.762,3.07,179.06,synthetic_geological_survey
2914,Mine_02914,Salt,1.034,0.23,0.478,4.92,93.14,synthetic_geological_survey
2915,Mine_02915,Salt,0.874,0.194,0.386,1.83,74.12,synthetic_geological_survey
2916,Mine_02916,Marble,0.619,0.289,0.405,4.64,35.71,synthetic_geological_survey
2917,Mine_02917,Silica Sand,0.358,0.627,0.237,4.7,117.42,synthetic_geological_survey
2918,Mine_02918,Salt,1.061,0.236,0.749,0.55,123.95,synthetic_geological_survey
2919,Mine_02919,Marble,0.893,0.417,0.307,4.96,81.69,synthetic_geological_survey
2920,Mine_02920,Limestone,0.605,0.504,0.489,1.06,34.13,synthetic_geological_survey
2921,Mine_02921,Salt,0.793,0.176,0.479,0.56,141.74,synthetic_geological_survey
2922,Mine_02922,Salt,0.788,0.175,0.364,3.3,36.98,synthetic_geological_survey
2923,Mine_02923,Salt,0.746,0.166,0.797,4.13,66.31,synthetic_geological_survey
2924,Mine_02924,Granite,0.939,0.352,0.742,3.41,84.6,synthetic_geological_survey
2925,Mine_02925,Marble,0.642,0.299,0.794,2.08,121.31,synthetic_geological_survey
2926,Mine_02926,Granite,0.835,0.313,0.656,1.62,39.65,synthetic_geological_survey
2927,Mine_02927,Salt,1.038,0.231,0.282,0.93,72.04,synthetic_geological_survey
2928,Mine_02928,Iron Ore,0.783,0.447,0.437,1.15,146.84,synthetic_geological_survey
2929,Mine_02929,Salt,0.993,0.221,0.59,1.03,82.32,synthetic_geological_survey
2930,Mine_02930,Sand,0.258,0.688,0.777,4.05,162.37,synthetic_geological_survey
2931,Mine_02931,Limestone,0.498,0.415,0.786,4.64,128.36,synthetic_geological_survey
2932,Mine_02932,Granite,0.82,0.308,0.795,0.87,131.3,synthetic_geological_survey
2933,Mine_02933,Marble,0.619,0.289,0.64,2.51,174.11,synthetic_geological_survey
2934,Mine_02934,Silica Sand,0.451,0.79,0.799,0.88,34.37,synthetic_geological_survey
2935,Mine_02935,Marble,0.761,0.355,0.493,2.83,95.0,synthetic_geological_survey
2936,Mine_02936,Iron Ore,0.6,0.343,0.22,1.51,122.73,synthetic_geological_survey
2937,Mine_02937,Salt,0.887,0.197,0.461,1.82,67.07,synthetic_geological_survey
2938,Mine_02938,Granite,0.659,0.247,0.355,4.05,95.66,synthetic_geological_survey
2939,Mine_02939,Limestone,0.649,0.541,0.27,3.65,137.29,synthetic_geological_survey
2940,Mine_02940,Marble,0.796,0.372,0.789,1.31,89.33,synthetic_geological_survey
2941,Mine_02941,Sandstone,0.41,0.492,0.272,2.45,136.04,synthetic_geological_survey
2942,Mine_02942,Limestone,0.55,0.459,0.208,1.48,29.5,synthetic_geological_survey
2943,Mine_02943,Salt,0.842,0.187,0.449,3.39,52.83,synthetic_geological_survey
2944,Mine_02944,Iron Ore,0.745,0.426,0.543,3.99,166.16,synthetic_geological_survey
2945,Mine_02945,Granite,0.689,0.258,0.782,0.86,35.08,synthetic_geological_survey
2946,Mine_02946,Salt,0.936,0.208,0.592,4.31,92.08,synthetic_geological_survey
2947,Mine_02947,Granite,0.937,0.351,0.764,4.51,59.46,synthetic_geological_survey
2948,Mine_02948,Limestone,0.567,0.473,0.631,3.92,93.37,synthetic_geological_survey
2949,Mine_02949,Salt,0.761,0.169,0.609,4.36,90.4,synthetic_geological_survey
2950,Mine_02950,Granite,0.895,0.336,0.425,1.23,167.73,synthetic_geological_survey
2951,Mine_02951,Granite,0.695,0.261,0.509,1.96,25.15,synthetic_geological_survey
2952,Mine_02952,Limestone,0.648,0.54,0.684,3.82,158.99,synthetic_geological_survey
2953,Mine_02953,Sandstone,0.406,0.487,0.533,3.42,79.4,synthetic_geological_survey
2954,Mine_02954,Marble,0.806,0.376,0.545,1.77,125.57,synthetic_geological_survey
2955,Mine_02955,Sandstone,0.49,0.588,0.689,1.11,62.15,synthetic_geological_survey
2956,Mine_02956,Limestone,0.496,0.413,0.788,0.93,182.07,synthetic_geological_survey
2957,Mine_02957,Sand,0.323,0.86,0.683,0.63,170.86,synthetic_geological_survey
2958,Mine_02958,Sandstone,0.443,0.532,0.473,4.62,87.92,synthetic_geological_survey
2959,Mine_02959,Iron Ore,0.586,0.335,0.237,4.35,99.17,synthetic_geological_survey
2960,Mine_02960,Silica Sand,0.378,0.661,0.419,2.46,193.88,synthetic_geological_survey
2961,Mine_02961,Marble,0.639,0.298,0.458,1.94,91.36,synthetic_geological_survey
2962,Mine_02962,Iron Ore,0.785,0.448,0.39,4.5,74.59,synthetic_geological_survey
2963,Mine_02963,Salt,0.838,0.186,0.608,3.94,46.24,synthetic_geological_survey
2964,Mine_02964,Salt,0.747,0.166,0.742,4.02,127.33,synthetic_geological_survey
2965,Mine_02965,Sandstone,0.422,0.506,0.592,3.71,131.26,synthetic_geological_survey
2966,Mine_02966,Iron Ore,0.627,0.358,0.624,1.8,155.15,synthetic_geological_survey
2967,Mine_02967,Salt,0.81,0.18,0.544,1.74,36.46,synthetic_geological_survey
2968,Mine_02968,Limestone,0.572,0.477,0.297,2.26,39.82,synthetic_geological_survey
2969,Mine_02969,Silica Sand,0.46,0.805,0.499,4.7,158.99,synthetic_geological_survey
2970,Mine_02970,Sand,0.286,0.763,0.37,1.28,56.64,synthetic_geological_survey
2971,Mine_02971,Limestone,0.659,0.549,0.648,4.59,94.85,synthetic_geological_survey
2972,Mine_02972,Granite,0.831,0.312,0.715,4.9,181.4,synthetic_geological_survey
2973,Mine_02973,Granite,0.679,0.255,0.55,4.38,180.71,synthetic_geological_survey
2974,Mine_02974,Salt,0.82,0.182,0.512,2.29,98.76,synthetic_geological_survey
2975,Mine_02975,Limestone,0.685,0.571,0.511,2.46,127.91,synthetic_geological_survey
2976,Mine_02976,Sand,0.302,0.806,0.208,1.9,111.33,synthetic_geological_survey
2977,Mine_02977,Iron Ore,0.621,0.355,0.563,2.77,183.55,synthetic_geological_survey
2978,Mine_02978,Iron Ore,0.78,0.446,0.46,1.95,199.52,synthetic_geological_survey
2979,Mine_02979,Iron Ore,0.769,0.439,0.206,4.41,71.16,synthetic_geological_survey
2980,Mine_02980,Salt,0.852,0.189,0.577,2.52,63.13,synthetic_geological_survey
2981,Mine_02981,Sandstone,0.571,0.685,0.533,1.71,131.5,synthetic_geological_survey
2982,Mine_02982,Iron Ore,0.743,0.424,0.463,4.31,76.79,synthetic_geological_survey
2983,Mine_02983,Salt,0.893,0.198,0.383,2.96,129.7,synthetic_geological_survey
2984,Mine_02984,Sand,0.303,0.809,0.599,3.94,172.67,synthetic_geological_survey
2985,Mine_02985,Sand,0.302,0.806,0.442,2.2,127.99,synthetic_geological_survey
2986,Mine_02986,Iron Ore,0.591,0.338,0.6,2.43,197.51,synthetic_geological_survey
2987,Mine_02987,Limestone,0.483,0.402,0.574,2.95,192.47,synthetic_geological_survey
2988,Mine_02988,Marble,0.872,0.407,0.605,2.08,171.86,synthetic_geological_survey
2989,Mine_02989,Sandstone,0.426,0.511,0.702,3.27,163.62,synthetic_geological_survey
2990,Mine_02990,Silica Sand,0.349,0.611,0.516,4.04,96.6,synthetic_geological_survey
2991,Mine_02991,Salt,0.944,0.21,0.278,2.12,167.49,synthetic_geological_survey
2992,Mine_02992,Sandstone,0.451,0.541,0.272,2.74,104.32,synthetic_geological_survey
2993,Mine_02993,Sandstone,0.581,0.697,0.431,2.01,179.83,synthetic_geological_survey
2994,Mine_02994,Sand,0.302,0.806,0.263,1.94,100.81,synthetic_geological_survey
2995,Mine_02995,Iron Ore,0.618,0.353,0.607,4.56,34.34,synthetic_geological_survey
2996,Mine_02996,Silica Sand,0.423,0.741,0.441,4.73,74.92,synthetic_geological_survey
2997,Mine_02997,Iron Ore,0.812,0.464,0.51,1.2,140.37,synthetic_geological_survey
2998,Mine_02998,Limestone,0.522,0.435,0.736,2.77,26.73,synthetic_geological_survey
2999,Mine_02999,Silica Sand,0.428,0.749,0.274,2.22,55.52,synthetic_geological_survey
3000,Mine_03000,Silica Sand,0.403,0.705,0.65,4.3,75.59,synthetic_geological_survey
3001,Mine_03001,Limestone,0.625,0.521,0.395,3.86,45.03,synthetic_geological_survey
3002,Mine_03002,Iron Ore,0.669,0.382,0.601,4.39,179.7,synthetic_geological_survey
3003,Mine_03003,Sandstone,0.501,0.601,0.354,4.67,94.87,synthetic_geological_survey
3004,Mine_03004,Iron Ore,0.671,0.383,0.218,3.53,113.07,synthetic_geological_survey
3005,Mine_03005,Limestone,0.537,0.448,0.228,3.38,126.29,synthetic_geological_survey
3006,Mine_03006,Limestone,0.699,0.583,0.572,1.18,72.99,synthetic_geological_survey
3007,Mine_03007,Salt,1.075,0.239,0.224,3.72,79.68,synthetic_geological_survey
3008,Mine_03008,Sandstone,0.596,0.716,0.541,1.23,104.45,synthetic_geological_survey
3009,Mine_03009,Sand,0.289,0.769,0.451,3.83,147.06,synthetic_geological_survey
3010,Mine_03010,Iron Ore,0.686,0.392,0.42,4.11,77.08,synthetic_geological_survey
3011,Mine_03011,Iron Ore,0.773,0.442,0.587,1.26,125.32,synthetic_geological_survey
3012,Mine_03012,Limestone,0.502,0.419,0.607,4.79,66.11,synthetic_geological_survey
3013,Mine_03013,Granite,0.909,0.341,0.693,0.99,190.77,synthetic_geological_survey
3014,Mine_03014,Iron Ore,0.612,0.349,0.585,3.38,191.74,synthetic_geological_survey
3015,Mine_03015,Silica Sand,0.381,0.667,0.729,1.04,184.52,synthetic_geological_survey
3016,Mine_03016,Marble,0.606,0.283,0.759,2.27,120.96,synthetic_geological_survey
3017,Mine_03017,Marble,0.854,0.399,0.244,2.96,141.82,synthetic_geological_survey
3018,Mine_03018,Sandstone,0.484,0.581,0.767,1.04,163.75,synthetic_geological_survey
3019,Mine_03019,Salt,0.759,0.169,0.382,3.57,64.22,synthetic_geological_survey
3020,Mine_03020,Salt,0.951,0.211,0.568,1.49,95.77,synthetic_geological_survey
3021,Mine_03021,Granite,0.917,0.344,0.694,3.37,44.07,synthetic_geological_survey
3022,Mine_03022,Silica Sand,0.451,0.789,0.579,3.07,145.77,synthetic_geological_survey
3023,Mine_03023,Silica Sand,0.34,0.595,0.235,2.81,193.8,synthetic_geological_survey
3024,Mine_03024,Granite,0.679,0.255,0.213,4.63,90.33,synthetic_geological_survey
3025,Mine_03025,Silica Sand,0.39,0.682,0.26,1.72,53.42,synthetic_geological_survey
3026,Mine_03026,Silica Sand,0.401,0.701,0.506,1.5,92.27,synthetic_geological_survey
3027,Mine_03027,Granite,0.655,0.246,0.555,4.14,90.21,synthetic_geological_survey
3028,Mine_03028,Sand,0.311,0.83,0.272,4.54,79.07,synthetic_geological_survey
3029,Mine_03029,Limestone,0.694,0.578,0.34,1.92,51.3,synthetic_geological_survey
3030,Mine_03030,Sand,0.251,0.668,0.236,3.72,166.37,synthetic_geological_survey
3031,Mine_03031,Salt,0.803,0.178,0.527,1.99,39.34,synthetic_geological_survey
3032,Mine_03032,Granite,0.709,0.266,0.792,0.94,23.86,synthetic_geological_survey
3033,Mine_03033,Iron Ore,0.564,0.322,0.556,2.13,85.43,synthetic_geological_survey
3034,Mine_03034,Granite,0.843,0.316,0.427,4.69,84.45,synthetic_geological_survey
3035,Mine_03035,Limestone,0.675,0.563,0.375,4.87,85.74,synthetic_geological_survey
3036,Mine_03036,Limestone,0.593,0.494,0.713,1.98,167.81,synthetic_geological_survey
3037,Mine_03037,Silica Sand,0.365,0.638,0.285,4.27,86.98,synthetic_geological_survey
3038,Mine_03038,Marble,0.729,0.34,0.306,2.33,67.3,synthetic_geological_survey
3039,Mine_03039,Marble,0.793,0.37,0.205,1.11,51.25,synthetic_geological_survey
3040,Mine_03040,Sand,0.244,0.651,0.329,1.32,149.3,synthetic_geological_survey
3041,Mine_03041,Sand,0.275,0.733,0.237,2.82,136.45,synthetic_geological_survey
3042,Mine_03042,Granite,0.819,0.307,0.646,4.58,73.59,synthetic_geological_survey
3043,Mine_03043,Sandstone,0.508,0.609,0.434,4.48,157.55,synthetic_geological_survey
3044,Mine_03044,Silica Sand,0.415,0.725,0.238,4.76,23.77,synthetic_geological_survey
3045,Mine_03045,Marble,0.762,0.356,0.625,1.18,199.73,synthetic_geological_survey
3046,Mine_03046,Sandstone,0.593,0.711,0.343,4.45,194.76,synthetic_geological_survey
3047,Mine_03047,Iron Ore,0.749,0.428,0.386,0.89,117.92,synthetic_geological_survey
3048,Mine_03048,Sandstone,0.572,0.686,0.493,2.46,36.85,synthetic_geological_survey
3049,Mine_03049,Sandstone,0.504,0.604,0.435,3.09,110.45,synthetic_geological_survey
3050,Mine_03050,Salt,0.982,0.218,0.298,4.34,168.37,synthetic_geological_survey
3051,Mine_03051,Limestone,0.715,0.596,0.619,2.24,25.7,synthetic_geological_survey
3052,Mine_03052,Silica Sand,0.384,0.673,0.542,1.24,192.68,synthetic_geological_survey
3053,Mine_03053,Marble,0.802,0.374,0.414,0.93,58.3,synthetic_geological_survey
3054,Mine_03054,Salt,0.772,0.172,0.403,2.24,42.63,synthetic_geological_survey
3055,Mine_03055,Iron Ore,0.688,0.393,0.576,4.17,29.08,synthetic_geological_survey
3056,Mine_03056,Salt,0.805,0.179,0.339,3.51,198.81,synthetic_geological_survey
3057,Mine_03057,Marble,0.893,0.417,0.746,2.34,21.94,synthetic_geological_survey
3058,Mine_03058,Marble,0.776,0.362,0.747,4.94,101.68,synthetic_geological_survey
3059,Mine_03059,Marble,0.846,0.395,0.746,3.34,67.3,synthetic_geological_survey
3060,Mine_03060,Iron Ore,0.74,0.423,0.273,3.79,173.77,synthetic_geological_survey
3061,Mine_03061,Iron Ore,0.829,0.474,0.361,4.16,54.6,synthetic_geological_survey
3062,Mine_03062,Sandstone,0.582,0.698,0.754,1.53,158.92,synthetic_geological_survey
3063,Mine_03063,Limestone,0.562,0.468,0.417,1.43,126.72,synthetic_geological_survey
3064,Mine_03064,Sandstone,0.454,0.545,0.334,2.99,123.5,synthetic_geological_survey
3065,Mine_03065,Sand,0.268,0.715,0.266,4.5,28.03,synthetic_geological_survey
3066,Mine_03066,Sandstone,0.576,0.691,0.287,3.86,64.4,synthetic_geological_survey
3067,Mine_03067,Granite,0.838,0.314,0.642,3.06,83.35,synthetic_geological_survey
3068,Mine_03068,Silica Sand,0.454,0.794,0.59,3.51,94.63,synthetic_geological_survey
3069,Mine_03069,Marble,0.856,0.399,0.611,4.88,103.69,synthetic_geological_survey
3070,Mine_03070,Limestone,0.628,0.523,0.42,4.5,44.31,synthetic_geological_survey
3071,Mine_03071,Sand,0.282,0.752,0.663,2.96,24.23,synthetic_geological_survey
3072,Mine_03072,Granite,0.699,0.262,0.463,2.91,51.97,synthetic_geological_survey
3073,Mine_03073,Salt,0.943,0.21,0.614,3.63,46.88,synthetic_geological_survey
3074,Mine_03074,Sand,0.253,0.675,0.605,1.28,162.37,synthetic_geological_survey
3075,Mine_03075,Salt,1.076,0.239,0.286,1.5,77.61,synthetic_geological_survey
3076,Mine_03076,Sandstone,0.445,0.534,0.401,0.88,130.03,synthetic_geological_survey
3077,Mine_03077,Salt,0.726,0.161,0.23,4.01,101.01,synthetic_geological_survey
3078,Mine_03078,Silica Sand,0.479,0.839,0.686,3.83,81.22,synthetic_geological_survey
3079,Mine_03079,Iron Ore,0.711,0.406,0.53,4.64,100.94,synthetic_geological_survey
3080,Mine_03080,Sandstone,0.534,0.64,0.576,2.79,152.94,synthetic_geological_survey
3081,Mine_03081,Limestone,0.711,0.592,0.546,3.29,54.7,synthetic_geological_survey
3082,Mine_03082,Marble,0.798,0.372,0.742,1.21,118.94,synthetic_geological_survey
3083,Mine_03083,Granite,0.733,0.275,0.669,0.89,149.92,synthetic_geological_survey
3084,Mine_03084,Granite,0.838,0.314,0.221,4.13,189.49,synthetic_geological_survey
3085,Mine_03085,Marble,0.723,0.338,0.388,1.95,133.74,synthetic_geological_survey
3086,Mine_03086,Silica Sand,0.352,0.615,0.504,1.48,130.81,synthetic_geological_survey
3087,Mine_03087,Marble,0.847,0.395,0.58,2.57,121.04,synthetic_geological_survey
3088,Mine_03088,Salt,0.83,0.185,0.394,4.25,171.96,synthetic_geological_survey
3089,Mine_03089,Sand,0.249,0.664,0.523,0.9,118.67,synthetic_geological_survey
3090,Mine_03090,Sand,0.255,0.68,0.584,0.98,171.01,synthetic_geological_survey
3091,Mine_03091,Salt,0.954,0.212,0.379,4.46,83.05,synthetic_geological_survey
3092,Mine_03092,Sand,0.293,0.781,0.706,4.1,182.79,synthetic_geological_survey
3093,Mine_03093,Limestone,0.693,0.578,0.288,1.72,94.11,synthetic_geological_survey
3094,Mine_03094,Sandstone,0.578,0.693,0.678,4.55,24.3,synthetic_geological_survey
3095,Mine_03095,Silica Sand,0.43,0.753,0.514,0.53,41.89,synthetic_geological_survey
3096,Mine_03096,Limestone,0.707,0.589,0.724,1.8,83.22,synthetic_geological_survey
3097,Mine_03097,Marble,0.733,0.342,0.48,1.37,184.14,synthetic_geological_survey
3098,Mine_03098,Limestone,0.508,0.423,0.705,1.98,193.47,synthetic_geological_survey
3099,Mine_03099,Silica Sand,0.329,0.576,0.221,4.62,94.81,synthetic_geological_survey
3100,Mine_03100,Silica Sand,0.389,0.681,0.383,3.66,61.19,synthetic_geological_survey
3101,Mine_03101,Sandstone,0.547,0.656,0.677,0.52,86.95,synthetic_geological_survey
3102,Mine_03102,Limestone,0.615,0.512,0.642,4.63,129.27,synthetic_geological_survey
3103,Mine_03103,Sand,0.36,0.959,0.463,3.85,134.55,synthetic_geological_survey
3104,Mine_03104,Granite,0.69,0.259,0.784,0.91,41.89,synthetic_geological_survey
3105,Mine_03105,Granite,0.818,0.307,0.726,2.65,102.19,synthetic_geological_survey
3106,Mine_03106,Limestone,0.525,0.437,0.512,2.28,163.44,synthetic_geological_survey
3107,Mine_03107,Silica Sand,0.381,0.667,0.407,2.18,27.68,synthetic_geological_survey
3108,Mine_03108,Limestone,0.486,0.405,0.56,0.81,106.53,synthetic_geological_survey
3109,Mine_03109,Marble,0.74,0.345,0.297,1.0,56.06,synthetic_geological_survey
3110,Mine_03110,Salt,0.762,0.169,0.26,2.99,102.57,synthetic_geological_survey
3111,Mine_03111,Marble,0.776,0.362,0.727,1.56,77.99,synthetic_geological_survey
3112,Mine_03112,Silica Sand,0.403,0.705,0.74,4.39,101.62,synthetic_geological_survey
3113,Mine_03113,Sand,0.319,0.852,0.608,2.92,139.29,synthetic_geological_survey
3114,Mine_03114,Limestone,0.562,0.468,0.496,1.47,140.63,synthetic_geological_survey
3115,Mine_03115,Limestone,0.606,0.505,0.531,4.62,75.08,synthetic_geological_survey
3116,Mine_03116,Limestone,0.596,0.497,0.779,2.38,186.31,synthetic_geological_survey
3117,Mine_03117,Iron Ore,0.601,0.344,0.407,2.61,51.67,synthetic_geological_survey
3118,Mine_03118,Limestone,0.569,0.474,0.767,3.12,42.1,synthetic_geological_survey
3119,Mine_03119,Salt,0.739,0.164,0.453,0.98,146.07,synthetic_geological_survey
3120,Mine_03120,Marble,0.792,0.37,0.335,0.94,124.86,synthetic_geological_survey
3121,Mine_03121,Marble,0.86,0.401,0.659,4.02,83.67,synthetic_geological_survey
3122,Mine_03122,Sand,0.255,0.681,0.272,4.12,197.35,synthetic_geological_survey
3123,Mine_03123,Sand,0.313,0.835,0.373,1.91,169.2,synthetic_geological_survey
3124,Mine_03124,Silica Sand,0.37,0.647,0.743,1.03,185.33,synthetic_geological_survey
3125,Mine_03125,Sandstone,0.436,0.523,0.56,2.88,54.77,synthetic_geological_survey
3126,Mine_03126,Sand,0.349,0.93,0.22,4.99,155.97,synthetic_geological_survey
3127,Mine_03127,Limestone,0.531,0.442,0.444,4.39,133.52,synthetic_geological_survey
3128,Mine_03128,Granite,0.891,0.334,0.427,2.62,136.23,synthetic_geological_survey
3129,Mine_03129,Sandstone,0.432,0.518,0.596,2.21,93.83,synthetic_geological_survey
3130,Mine_03130,Silica Sand,0.408,0.714,0.414,3.73,94.56,synthetic_geological_survey
3131,Mine_03131,Iron Ore,0.656,0.375,0.504,1.18,182.98,synthetic_geological_survey
3132,Mine_03132,Silica Sand,0.447,0.782,0.433,2.23,173.65,synthetic_geological_survey
3133,Mine_03133,Granite,0.685,0.257,0.435,4.19,141.68,synthetic_geological_survey
3134,Mine_03134,Iron Ore,0.568,0.325,0.625,0.56,80.09,synthetic_geological_survey
3135,Mine_03135,Granite,0.747,0.28,0.287,4.45,173.98,synthetic_geological_survey
3136,Mine_03136,Sandstone,0.463,0.555,0.381,1.15,71.84,synthetic_geological_survey
3137,Mine_03137,Iron Ore,0.593,0.339,0.771,2.02,148.76,synthetic_geological_survey
3138,Mine_03138,Sand,0.24,0.641,0.583,2.11,122.08,synthetic_geological_survey
3139,Mine_03139,Iron Ore,0.702,0.401,0.634,1.29,45.36,synthetic_geological_survey
3140,Mine_03140,Salt,1.035,0.23,0.773,4.58,65.1,synthetic_geological_survey
3141,Mine_03141,Sandstone,0.495,0.594,0.768,4.59,46.1,synthetic_geological_survey
3142,Mine_03142,Sand,0.338,0.903,0.315,4.69,166.15,synthetic_geological_survey
3143,Mine_03143,Silica Sand,0.477,0.835,0.658,2.78,73.64,synthetic_geological_survey
3144,Mine_03144,Limestone,0.678,0.565,0.588,2.15,107.95,synthetic_geological_survey
3145,Mine_03145,Marble,0.619,0.289,0.648,2.13,137.68,synthetic_geological_survey
3146,Mine_03146,Granite,0.714,0.268,0.71,4.56,191.04,synthetic_geological_survey
3147,Mine_03147,Sandstone,0.451,0.542,0.227,2.73,155.48,synthetic_geological_survey
3148,Mine_03148,Salt,1.017,0.226,0.656,3.17,132.67,synthetic_geological_survey
3149,Mine_03149,Sand,0.358,0.953,0.712,1.87,168.5,synthetic_geological_survey
3150,Mine_03150,Salt,0.994,0.221,0.294,4.79,45.04,synthetic_geological_survey
3151,Mine_03151,Salt,0.914,0.203,0.608,4.97,179.71,synthetic_geological_survey
3152,Mine_03152,Salt,0.857,0.19,0.239,2.04,150.64,synthetic_geological_survey
3153,Mine_03153,Granite,0.797,0.299,0.386,2.9,43.66,synthetic_geological_survey
3154,Mine_03154,Iron Ore,0.658,0.376,0.46,4.08,168.36,synthetic_geological_survey
3155,Mine_03155,Marble,0.732,0.342,0.511,0.54,51.5,synthetic_geological_survey
3156,Mine_03156,Sand,0.349,0.931,0.442,1.58,21.32,synthetic_geological_survey
3157,Mine_03157,Iron Ore,0.767,0.438,0.605,2.12,99.49,synthetic_geological_survey
3158,Mine_03158,Limestone,0.529,0.441,0.587,4.28,149.96,synthetic_geological_survey
3159,Mine_03159,Limestone,0.711,0.592,0.475,2.28,113.23,synthetic_geological_survey
3160,Mine_03160,Iron Ore,0.582,0.332,0.389,1.99,167.43,synthetic_geological_survey
3161,Mine_03161,Silica Sand,0.395,0.692,0.238,0.71,145.45,synthetic_geological_survey
3162,Mine_03162,Sandstone,0.517,0.621,0.71,2.29,150.21,synthetic_geological_survey
3163,Mine_03163,Sandstone,0.494,0.593,0.256,4.41,171.01,synthetic_geological_survey
3164,Mine_03164,Sandstone,0.504,0.605,0.509,1.9,57.56,synthetic_geological_survey
3165,Mine_03165,Limestone,0.593,0.494,0.297,3.06,159.57,synthetic_geological_survey
3166,Mine_03166,Iron Ore,0.649,0.371,0.385,1.39,127.71,synthetic_geological_survey
3167,Mine_03167,Limestone,0.679,0.566,0.488,0.58,76.73,synthetic_geological_survey
3168,Mine_03168,Salt,0.767,0.17,0.254,1.27,89.48,synthetic_geological_survey
3169,Mine_03169,Limestone,0.573,0.477,0.53,3.11,149.09,synthetic_geological_survey
3170,Mine_03170,Iron Ore,0.734,0.419,0.547,4.92,171.63,synthetic_geological_survey
3171,Mine_03171,Limestone,0.611,0.509,0.635,4.27,77.35,synthetic_geological_survey
3172,Mine_03172,Sand,0.329,0.878,0.66,3.52,112.03,synthetic_geological_survey
3173,Mine_03173,Silica Sand,0.352,0.616,0.505,4.62,80.86,synthetic_geological_survey
3174,Mine_03174,Limestone,0.596,0.497,0.705,1.64,196.48,synthetic_geological_survey
3175,Mine_03175,Granite,0.875,0.328,0.482,2.93,101.09,synthetic_geological_survey
3176,Mine_03176,Marble,0.69,0.322,0.761,1.66,190.01,synthetic_geological_survey
3177,Mine_03177,Limestone,0.669,0.558,0.415,3.91,191.12,synthetic_geological_survey
3178,Mine_03178,Granite,0.855,0.32,0.719,1.58,153.18,synthetic_geological_survey
3179,Mine_03179,Silica Sand,0.425,0.744,0.266,4.58,195.41,synthetic_geological_survey
3180,Mine_03180,Salt,1.047,0.233,0.758,2.58,53.23,synthetic_geological_survey
3181,Mine_03181,Marble,0.793,0.37,0.692,3.08,38.5,synthetic_geological_survey
3182,Mine_03182,Marble,0.677,0.316,0.618,1.79,38.1,synthetic_geological_survey
3183,Mine_03183,Limestone,0.504,0.42,0.363,1.25,22.48,synthetic_geological_survey
3184,Mine_03184,Silica Sand,0.393,0.687,0.514,2.45,60.73,synthetic_geological_survey
3185,Mine_03185,Silica Sand,0.372,0.65,0.637,1.53,188.41,synthetic_geological_survey
3186,Mine_03186,Granite,0.92,0.345,0.46,2.29,181.4,synthetic_geological_survey
3187,Mine_03187,Silica Sand,0.413,0.723,0.721,1.77,184.54,synthetic_geological_survey
3188,Mine_03188,Salt,0.836,0.186,0.705,0.93,153.5,synthetic_geological_survey
3189,Mine_03189,Salt,0.909,0.202,0.406,1.08,183.18,synthetic_geological_survey
3190,Mine_03190,Salt,0.948,0.211,0.543,1.92,42.03,synthetic_geological_survey
3191,Mine_03191,Granite,0.933,0.35,0.468,1.57,49.86,synthetic_geological_survey
3192,Mine_03192,Marble,0.803,0.375,0.415,1.14,98.74,synthetic_geological_survey
3193,Mine_03193,Marble,0.817,0.381,0.5,1.73,53.32,synthetic_geological_survey
3194,Mine_03194,Sandstone,0.438,0.525,0.438,0.61,22.35,synthetic_geological_survey
3195,Mine_03195,Silica Sand,0.365,0.639,0.211,0.72,186.47,synthetic_geological_survey
3196,Mine_03196,Marble,0.874,0.408,0.709,3.02,42.7,synthetic_geological_survey
3197,Mine_03197,Silica Sand,0.354,0.619,0.549,2.07,27.61,synthetic_geological_survey
3198,Mine_03198,Iron Ore,0.723,0.413,0.73,3.8,91.89,synthetic_geological_survey
3199,Mine_03199,Salt,0.933,0.207,0.204,2.86,175.12,synthetic_geological_survey
3200,Mine_03200,Iron Ore,0.82,0.469,0.528,1.7,86.15,synthetic_geological_survey
3201,Mine_03201,Silica Sand,0.432,0.756,0.309,1.75,26.49,synthetic_geological_survey
3202,Mine_03202,Silica Sand,0.329,0.576,0.483,3.13,106.17,synthetic_geological_survey
3203,Mine_03203,Sand,0.254,0.676,0.628,3.97,132.14,synthetic_geological_survey
3204,Mine_03204,Marble,0.782,0.365,0.451,4.93,79.24,synthetic_geological_survey
3205,Mine_03205,Iron Ore,0.681,0.389,0.565,3.61,152.81,synthetic_geological_survey
3206,Mine_03206,Sand,0.357,0.953,0.615,2.48,173.68,synthetic_geological_survey
3207,Mine_03207,Salt,1.037,0.231,0.43,4.91,60.29,synthetic_geological_survey
3208,Mine_03208,Salt,0.79,0.175,0.604,4.8,127.49,synthetic_geological_survey
3209,Mine_03209,Iron Ore,0.567,0.324,0.217,2.75,106.48,synthetic_geological_survey
3210,Mine_03210,Granite,0.896,0.336,0.339,0.85,123.21,synthetic_geological_survey
3211,Mine_03211,Limestone,0.624,0.52,0.445,4.6,99.35,synthetic_geological_survey
3212,Mine_03212,Sandstone,0.588,0.706,0.704,2.25,61.84,synthetic_geological_survey
3213,Mine_03213,Marble,0.661,0.308,0.553,3.51,49.14,synthetic_geological_survey
3214,Mine_03214,Silica Sand,0.41,0.718,0.236,0.84,41.76,synthetic_geological_survey
3215,Mine_03215,Granite,0.938,0.352,0.626,1.23,86.28,synthetic_geological_survey
3216,Mine_03216,Marble,0.786,0.367,0.397,3.34,31.16,synthetic_geological_survey
3217,Mine_03217,Salt,1.078,0.24,0.536,0.74,109.66,synthetic_geological_survey
3218,Mine_03218,Silica Sand,0.462,0.809,0.248,4.28,119.21,synthetic_geological_survey
3219,Mine_03219,Sand,0.287,0.766,0.253,0.6,107.71,synthetic_geological_survey
3220,Mine_03220,Sandstone,0.512,0.614,0.585,4.82,36.83,synthetic_geological_survey
3221,Mine_03221,Sandstone,0.433,0.52,0.492,2.3,153.83,synthetic_geological_survey
3222,Mine_03222,Salt,1.013,0.225,0.42,4.13,28.03,synthetic_geological_survey
3223,Mine_03223,Limestone,0.569,0.474,0.798,1.57,107.65,synthetic_geological_survey
3224,Mine_03224,Sandstone,0.481,0.577,0.576,1.97,79.76,synthetic_geological_survey
3225,Mine_03225,Granite,0.946,0.355,0.441,2.96,22.64,synthetic_geological_survey
3226,Mine_03226,Iron Ore,0.726,0.415,0.774,1.83,175.83,synthetic_geological_survey
3227,Mine_03227,Sand,0.305,0.812,0.297,1.15,184.38,synthetic_geological_survey
3228,Mine_03228,Marble,0.722,0.337,0.508,0.74,69.42,synthetic_geological_survey
3229,Mine_03229,Limestone,0.485,0.404,0.504,2.04,33.2,synthetic_geological_survey
3230,Mine_03230,Silica Sand,0.394,0.689,0.383,1.16,148.46,synthetic_geological_survey
3231,Mine_03231,Marble,0.652,0.304,0.682,3.59,75.6,synthetic_geological_survey
3232,Mine_03232,Sandstone,0.465,0.558,0.598,2.42,103.74,synthetic_geological_survey
3233,Mine_03233,Sand,0.298,0.794,0.344,4.69,133.32,synthetic_geological_survey
3234,Mine_03234,Iron Ore,0.744,0.425,0.777,1.47,110.69,synthetic_geological_survey
3235,Mine_03235,Limestone,0.521,0.434,0.422,1.93,182.05,synthetic_geological_survey
3236,Mine_03236,Iron Ore,0.562,0.321,0.27,3.98,83.26,synthetic_geological_survey
3237,Mine_03237,Limestone,0.619,0.516,0.452,1.86,190.29,synthetic_geological_survey
3238,Mine_03238,Sand,0.25,0.667,0.316,2.67,27.44,synthetic_geological_survey
3239,Mine_03239,Granite,0.912,0.342,0.269,1.33,165.22,synthetic_geological_survey
3240,Mine_03240,Iron Ore,0.596,0.341,0.689,4.8,85.42,synthetic_geological_survey
3241,Mine_03241,Granite,0.664,0.249,0.263,1.15,43.03,synthetic_geological_survey
3242,Mine_03242,Sand,0.274,0.729,0.367,2.36,115.87,synthetic_geological_survey
3243,Mine_03243,Marble,0.659,0.307,0.205,0.88,154.42,synthetic_geological_survey
3244,Mine_03244,Limestone,0.498,0.415,0.635,2.04,89.41,synthetic_geological_survey
3245,Mine_03245,Iron Ore,0.673,0.385,0.766,4.91,50.89,synthetic_geological_survey
3246,Mine_03246,Silica Sand,0.339,0.592,0.683,1.57,39.55,synthetic_geological_survey
3247,Mine_03247,Limestone,0.591,0.493,0.671,2.35,48.3,synthetic_geological_survey
3248,Mine_03248,Silica Sand,0.321,0.562,0.514,1.77,190.95,synthetic_geological_survey
3249,Mine_03249,Iron Ore,0.827,0.472,0.283,1.38,95.59,synthetic_geological_survey
3250,Mine_03250,Limestone,0.682,0.568,0.537,2.97,94.96,synthetic_geological_survey
3251,Mine_03251,Limestone,0.653,0.544,0.334,3.44,112.42,synthetic_geological_survey
3252,Mine_03252,Granite,0.795,0.298,0.347,2.65,197.56,synthetic_geological_survey
3253,Mine_03253,Silica Sand,0.355,0.621,0.251,2.6,114.17,synthetic_geological_survey
3254,Mine_03254,Limestone,0.697,0.581,0.556,4.78,61.46,synthetic_geological_survey
3255,Mine_03255,Granite,0.93,0.349,0.528,3.28,170.79,synthetic_geological_survey
3256,Mine_03256,Sand,0.298,0.794,0.663,4.61,144.04,synthetic_geological_survey
3257,Mine_03257,Salt,0.939,0.209,0.24,3.54,105.08,synthetic_geological_survey
3258,Mine_03258,Sand,0.295,0.787,0.796,3.23,101.91,synthetic_geological_survey
3259,Mine_03259,Silica Sand,0.403,0.706,0.338,2.31,60.56,synthetic_geological_survey
3260,Mine_03260,Sand,0.358,0.955,0.685,1.51,38.95,synthetic_geological_survey
3261,Mine_03261,Silica Sand,0.418,0.732,0.467,4.53,26.37,synthetic_geological_survey
3262,Mine_03262,Salt,0.755,0.168,0.399,4.62,69.07,synthetic_geological_survey
3263,Mine_03263,Marble,0.796,0.371,0.215,3.38,85.09,synthetic_geological_survey
3264,Mine_03264,Granite,0.759,0.285,0.79,2.41,41.77,synthetic_geological_survey
3265,Mine_03265,Sand,0.249,0.663,0.793,1.97,164.46,synthetic_geological_survey
3266,Mine_03266,Sand,0.243,0.647,0.624,1.84,83.59,synthetic_geological_survey
3267,Mine_03267,Silica Sand,0.404,0.708,0.325,3.7,198.3,synthetic_geological_survey
3268,Mine_03268,Salt,0.736,0.163,0.427,1.59,21.17,synthetic_geological_survey
3269,Mine_03269,Salt,0.776,0.172,0.429,1.98,157.32,synthetic_geological_survey
3270,Mine_03270,Granite,0.841,0.315,0.336,3.43,180.1,synthetic_geological_survey
3271,Mine_03271,Marble,0.75,0.35,0.365,3.68,168.87,synthetic_geological_survey
3272,Mine_03272,Silica Sand,0.353,0.619,0.628,4.83,174.79,synthetic_geological_survey
3273,Mine_03273,Limestone,0.54,0.45,0.733,2.18,75.04,synthetic_geological_survey
3274,Mine_03274,Silica Sand,0.438,0.767,0.428,4.85,193.94,synthetic_geological_survey
3275,Mine_03275,Salt,0.961,0.214,0.253,1.25,67.92,synthetic_geological_survey
3276,Mine_03276,Limestone,0.715,0.596,0.401,3.34,147.82,synthetic_geological_survey
3277,Mine_03277,Sand,0.338,0.902,0.532,3.8,116.92,synthetic_geological_survey
3278,Mine_03278,Granite,0.765,0.287,0.654,1.4,154.1,synthetic_geological_survey
3279,Mine_03279,Silica Sand,0.327,0.572,0.588,2.9,54.73,synthetic_geological_survey
3280,Mine_03280,Silica Sand,0.33,0.578,0.589,3.04,121.46,synthetic_geological_survey
3281,Mine_03281,Salt,0.914,0.203,0.537,3.06,60.9,synthetic_geological_survey
3282,Mine_03282,Silica Sand,0.459,0.803,0.512,3.46,199.69,synthetic_geological_survey
3283,Mine_03283,Marble,0.6,0.28,0.498,4.05,178.68,synthetic_geological_survey
3284,Mine_03284,Marble,0.843,0.394,0.677,4.12,119.34,synthetic_geological_survey
3285,Mine_03285,Limestone,0.533,0.444,0.284,1.06,101.64,synthetic_geological_survey
3286,Mine_03286,Granite,0.77,0.289,0.747,1.3,180.43,synthetic_geological_survey
3287,Mine_03287,Sand,0.339,0.904,0.359,2.79,128.62,synthetic_geological_survey
3288,Mine_03288,Marble,0.846,0.395,0.483,2.01,187.88,synthetic_geological_survey
3289,Mine_03289,Salt,0.895,0.199,0.789,1.99,30.5,synthetic_geological_survey
3290,Mine_03290,Salt,0.791,0.176,0.44,4.45,105.17,synthetic_geological_survey
3291,Mine_03291,Limestone,0.662,0.552,0.496,1.71,56.35,synthetic_geological_survey
3292,Mine_03292,Marble,0.805,0.375,0.62,2.09,44.72,synthetic_geological_survey
3293,Mine_03293,Marble,0.795,0.371,0.236,1.13,97.76,synthetic_geological_survey
3294,Mine_03294,Silica Sand,0.437,0.764,0.325,4.6,143.81,synthetic_geological_survey
3295,Mine_03295,Iron Ore,0.799,0.456,0.264,1.58,73.23,synthetic_geological_survey
3296,Mine_03296,Marble,0.782,0.365,0.316,0.77,167.07,synthetic_geological_survey
3297,Mine_03297,Salt,0.897,0.199,0.507,4.27,118.38,synthetic_geological_survey
3298,Mine_03298,Salt,1.031,0.229,0.283,4.13,79.61,synthetic_geological_survey
3299,Mine_03299,Granite,0.815,0.306,0.246,0.54,108.71,synthetic_geological_survey
3300,Mine_03300,Silica Sand,0.452,0.792,0.216,1.2,54.99,synthetic_geological_survey
3301,Mine_03301,Marble,0.617,0.288,0.631,4.97,115.72,synthetic_geological_survey
3302,Mine_03302,Sand,0.324,0.865,0.246,2.08,176.54,synthetic_geological_survey
3303,Mine_03303,Granite,0.942,0.353,0.563,1.78,24.22,synthetic_geological_survey
3304,Mine_03304,Iron Ore,0.83,0.474,0.548,3.55,51.61,synthetic_geological_survey
3305,Mine_03305,Limestone,0.608,0.507,0.589,4.38,170.93,synthetic_geological_survey
3306,Mine_03306,Limestone,0.513,0.428,0.258,3.75,181.58,synthetic_geological_survey
3307,Mine_03307,Sand,0.257,0.685,0.564,1.44,103.24,synthetic_geological_survey
3308,Mine_03308,Limestone,0.714,0.595,0.579,4.67,68.76,synthetic_geological_survey
3309,Mine_03309,Marble,0.711,0.332,0.57,0.94,30.97,synthetic_geological_survey
3310,Mine_03310,Sandstone,0.492,0.591,0.557,2.42,104.69,synthetic_geological_survey
3311,Mine_03311,Iron Ore,0.746,0.426,0.607,0.86,23.34,synthetic_geological_survey
3312,Mine_03312,Limestone,0.503,0.419,0.216,0.64,90.48,synthetic_geological_survey
3313,Mine_03313,Granite,0.731,0.274,0.483,1.52,173.37,synthetic_geological_survey
3314,Mine_03314,Marble,0.718,0.335,0.471,2.54,191.29,synthetic_geological_survey
3315,Mine_03315,Sandstone,0.55,0.66,0.55,1.99,176.68,synthetic_geological_survey
3316,Mine_03316,Silica Sand,0.37,0.648,0.227,2.43,172.78,synthetic_geological_survey
3317,Mine_03317,Sandstone,0.4,0.48,0.753,2.87,66.1,synthetic_geological_survey
3318,Mine_03318,Sandstone,0.582,0.698,0.399,3.46,103.2,synthetic_geological_survey
3319,Mine_03319,Marble,0.836,0.39,0.368,4.44,50.44,synthetic_geological_survey
3320,Mine_03320,Marble,0.679,0.317,0.572,1.87,23.45,synthetic_geological_survey
3321,Mine_03321,Marble,0.601,0.281,0.687,3.43,122.12,synthetic_geological_survey
3322,Mine_03322,Limestone,0.672,0.56,0.369,2.19,67.88,synthetic_geological_survey
3323,Mine_03323,Salt,0.866,0.192,0.466,1.37,52.91,synthetic_geological_survey
3324,Mine_03324,Sandstone,0.532,0.639,0.541,0.72,88.48,synthetic_geological_survey
3325,Mine_03325,Sandstone,0.522,0.626,0.334,2.22,100.09,synthetic_geological_survey
3326,Mine_03326,Marble,0.898,0.419,0.404,1.7,75.49,synthetic_geological_survey
3327,Mine_03327,Granite,0.843,0.316,0.561,2.76,40.78,synthetic_geological_survey
3328,Mine_03328,Sand,0.258,0.689,0.618,4.08,155.73,synthetic_geological_survey
3329,Mine_03329,Granite,0.93,0.349,0.525,0.89,126.27,synthetic_geological_survey
3330,Mine_03330,Silica Sand,0.446,0.78,0.444,4.08,176.88,synthetic_geological_survey
3331,Mine_03331,Limestone,0.536,0.447,0.334,3.49,92.93,synthetic_geological_survey
3332,Mine_03332,Silica Sand,0.327,0.572,0.401,1.44,143.4,synthetic_geological_survey
3333,Mine_03333,Sandstone,0.566,0.679,0.364,1.06,104.91,synthetic_geological_survey
3334,Mine_03334,Marble,0.746,0.348,0.46,1.97,35.68,synthetic_geological_survey
3335,Mine_03335,Sandstone,0.582,0.698,0.666,1.02,180.8,synthetic_geological_survey
3336,Mine_03336,Silica Sand,0.377,0.659,0.363,3.6,158.78,synthetic_geological_survey
3337,Mine_03337,Granite,0.94,0.352,0.461,0.98,62.89,synthetic_geological_survey
3338,Mine_03338,Silica Sand,0.334,0.584,0.522,2.89,38.08,synthetic_geological_survey
3339,Mine_03339,Limestone,0.572,0.477,0.515,0.88,46.33,synthetic_geological_survey
3340,Mine_03340,Granite,0.746,0.28,0.305,0.74,138.11,synthetic_geological_survey
3341,Mine_03341,Marble,0.733,0.342,0.482,1.3,150.09,synthetic_geological_survey
3342,Mine_03342,Iron Ore,0.615,0.351,0.584,3.92,21.76,synthetic_geological_survey
3343,Mine_03343,Limestone,0.51,0.425,0.46,4.66,191.2,synthetic_geological_survey
3344,Mine_03344,Marble,0.723,0.337,0.222,0.68,198.78,synthetic_geological_survey
3345,Mine_03345,Marble,0.878,0.41,0.415,3.59,133.06,synthetic_geological_survey
3346,Mine_03346,Marble,0.671,0.313,0.496,3.38,141.22,synthetic_geological_survey
3347,Mine_03347,Iron Ore,0.772,0.441,0.637,1.78,29.38,synthetic_geological_survey
3348,Mine_03348,Sand,0.327,0.873,0.225,0.81,40.18,synthetic_geological_survey
3349,Mine_03349,Marble,0.834,0.389,0.585,3.3,186.91,synthetic_geological_survey
3350,Mine_03350,Granite,0.769,0.288,0.423,4.44,162.06,synthetic_geological_survey
3351,Mine_03351,Salt,0.758,0.168,0.789,4.6,41.74,synthetic_geological_survey
3352,Mine_03352,Iron Ore,0.61,0.349,0.756,3.89,155.57,synthetic_geological_survey
3353,Mine_03353,Silica Sand,0.433,0.757,0.289,4.7,94.24,synthetic_geological_survey
3354,Mine_03354,Silica Sand,0.328,0.575,0.554,1.75,167.48,synthetic_geological_survey
3355,Mine_03355,Salt,1.078,0.24,0.717,4.53,101.27,synthetic_geological_survey
3356,Mine_03356,Silica Sand,0.472,0.827,0.353,4.91,112.13,synthetic_geological_survey
3357,Mine_03357,Granite,0.727,0.272,0.715,4.8,111.89,synthetic_geological_survey
3358,Mine_03358,Limestone,0.619,0.516,0.458,0.69,115.19,synthetic_geological_survey
3359,Mine_03359,Sand,0.356,0.95,0.234,4.64,104.74,synthetic_geological_survey
3360,Mine_03360,Sand,0.304,0.812,0.478,1.55,68.65,synthetic_geological_survey
3361,Mine_03361,Limestone,0.633,0.528,0.763,4.11,140.37,synthetic_geological_survey
3362,Mine_03362,Limestone,0.553,0.461,0.423,4.65,181.48,synthetic_geological_survey
3363,Mine_03363,Marble,0.652,0.304,0.708,4.05,96.94,synthetic_geological_survey
3364,Mine_03364,Silica Sand,0.437,0.765,0.677,0.67,157.21,synthetic_geological_survey
3365,Mine_03365,Iron Ore,0.825,0.471,0.784,4.79,91.27,synthetic_geological_survey
3366,Mine_03366,Limestone,0.648,0.54,0.211,4.93,178.39,synthetic_geological_survey
3367,Mine_03367,Limestone,0.53,0.442,0.576,2.12,151.38,synthetic_geological_survey
3368,Mine_03368,Iron Ore,0.719,0.411,0.42,3.93,148.9,synthetic_geological_survey
3369,Mine_03369,Granite,0.815,0.306,0.321,3.52,149.24,synthetic_geological_survey
3370,Mine_03370,Sand,0.327,0.871,0.582,4.05,43.19,synthetic_geological_survey
3371,Mine_03371,Marble,0.887,0.414,0.638,3.21,86.12,synthetic_geological_survey
3372,Mine_03372,Salt,0.865,0.192,0.541,2.89,80.67,synthetic_geological_survey
3373,Mine_03373,Sandstone,0.551,0.661,0.461,1.59,116.7,synthetic_geological_survey
3374,Mine_03374,Sandstone,0.467,0.561,0.371,2.95,148.08,synthetic_geological_survey
3375,Mine_03375,Salt,0.825,0.183,0.431,0.62,34.62,synthetic_geological_survey
3376,Mine_03376,Salt,0.84,0.187,0.314,1.58,125.5,synthetic_geological_survey
3377,Mine_03377,Limestone,0.546,0.455,0.438,1.29,29.04,synthetic_geological_survey
3378,Mine_03378,Iron Ore,0.564,0.323,0.266,1.09,38.46,synthetic_geological_survey
3379,Mine_03379,Marble,0.899,0.42,0.706,1.92,136.15,synthetic_geological_survey
3380,Mine_03380,Iron Ore,0.724,0.413,0.274,3.7,126.13,synthetic_geological_survey
3381,Mine_03381,Salt,0.896,0.199,0.754,4.36,83.95,synthetic_geological_survey
3382,Mine_03382,Limestone,0.676,0.563,0.734,2.52,110.55,synthetic_geological_survey
3383,Mine_03383,Marble,0.714,0.333,0.704,1.53,147.86,synthetic_geological_survey
3384,Mine_03384,Limestone,0.592,0.494,0.25,2.6,142.06,synthetic_geological_survey
3385,Mine_03385,Silica Sand,0.432,0.756,0.702,3.02,133.14,synthetic_geological_survey
3386,Mine_03386,Silica Sand,0.389,0.682,0.293,2.43,116.1,synthetic_geological_survey
3387,Mine_03387,Sandstone,0.499,0.598,0.483,2.05,35.86,synthetic_geological_survey
3388,Mine_03388,Limestone,0.524,0.437,0.516,0.93,154.29,synthetic_geological_survey
3389,Mine_03389,Iron Ore,0.74,0.423,0.361,1.2,189.77,synthetic_geological_survey
3390,Mine_03390,Sand,0.332,0.886,0.629,2.46,52.11,synthetic_geological_survey
3391,Mine_03391,Iron Ore,0.828,0.473,0.361,4.09,21.24,synthetic_geological_survey
3392,Mine_03392,Salt,0.817,0.182,0.222,4.52,111.58,synthetic_geological_survey
3393,Mine_03393,Silica Sand,0.395,0.691,0.213,2.14,170.73,synthetic_geological_survey
3394,Mine_03394,Iron Ore,0.742,0.424,0.386,2.28,30.63,synthetic_geological_survey
3395,Mine_03395,Salt,0.893,0.198,0.558,1.02,175.45,synthetic_geological_survey
3396,Mine_03396,Iron Ore,0.69,0.394,0.506,1.76,177.5,synthetic_geological_survey
3397,Mine_03397,Salt,1.051,0.234,0.584,4.38,53.73,synthetic_geological_survey
3398,Mine_03398,Iron Ore,0.828,0.473,0.394,4.27,44.64,synthetic_geological_survey
3399,Mine_03399,Sand,0.292,0.779,0.626,3.17,27.29,synthetic_geological_survey
3400,Mine_03400,Salt,0.908,0.202,0.576,4.55,150.56,synthetic_geological_survey
3401,Mine_03401,Sandstone,0.472,0.567,0.531,4.42,161.42,synthetic_geological_survey
3402,Mine_03402,Iron Ore,0.693,0.396,0.434,4.94,55.09,synthetic_geological_survey
3403,Mine_03403,Sandstone,0.489,0.587,0.385,1.46,125.05,synthetic_geological_survey
3404,Mine_03404,Granite,0.817,0.306,0.561,1.37,163.18,synthetic_geological_survey
3405,Mine_03405,Limestone,0.562,0.468,0.338,1.47,188.94,synthetic_geological_survey
3406,Mine_03406,Marble,0.856,0.399,0.634,3.15,89.5,synthetic_geological_survey
3407,Mine_03407,Marble,0.636,0.297,0.201,1.84,63.34,synthetic_geological_survey
3408,Mine_03408,Iron Ore,0.755,0.431,0.343,4.5,29.51,synthetic_geological_survey
3409,Mine_03409,Iron Ore,0.764,0.437,0.517,2.88,197.82,synthetic_geological_survey
3410,Mine_03410,Marble,0.863,0.403,0.29,2.1,61.3,synthetic_geological_survey
3411,Mine_03411,Limestone,0.592,0.494,0.368,4.47,89.7,synthetic_geological_survey
3412,Mine_03412,Silica Sand,0.395,0.691,0.482,1.36,175.57,synthetic_geological_survey
3413,Mine_03413,Silica Sand,0.337,0.589,0.632,4.59,119.03,synthetic_geological_survey
3414,Mine_03414,Sand,0.321,0.856,0.667,3.1,76.61,synthetic_geological_survey
3415,Mine_03415,Sandstone,0.536,0.643,0.274,2.29,155.88,synthetic_geological_survey
3416,Mine_03416,Sandstone,0.451,0.542,0.207,4.17,118.76,synthetic_geological_survey
3417,Mine_03417,Sandstone,0.413,0.496,0.425,4.67,31.63,synthetic_geological_survey
3418,Mine_03418,Limestone,0.515,0.429,0.718,1.92,36.59,synthetic_geological_survey
3419,Mine_03419,Limestone,0.71,0.592,0.793,2.12,128.21,synthetic_geological_survey
3420,Mine_03420,Salt,0.836,0.186,0.395,3.17,179.76,synthetic_geological_survey
3421,Mine_03421,Sandstone,0.459,0.551,0.327,0.99,83.12,synthetic_geological_survey
3422,Mine_03422,Granite,0.838,0.314,0.735,0.63,164.8,synthetic_geological_survey
3423,Mine_03423,Iron Ore,0.798,0.456,0.532,2.72,112.05,synthetic_geological_survey
3424,Mine_03424,Limestone,0.552,0.46,0.34,2.34,100.42,synthetic_geological_survey
3425,Mine_03425,Iron Ore,0.777,0.444,0.56,1.44,104.06,synthetic_geological_survey
3426,Mine_03426,Silica Sand,0.383,0.67,0.643,2.78,40.23,synthetic_geological_survey
3427,Mine_03427,Marble,0.684,0.319,0.463,2.17,125.21,synthetic_geological_survey
3428,Mine_03428,Sandstone,0.414,0.497,0.674,3.27,55.34,synthetic_geological_survey
3429,Mine_03429,Silica Sand,0.389,0.681,0.339,2.5,170.69,synthetic_geological_survey
3430,Mine_03430,Salt,0.932,0.207,0.244,3.09,169.14,synthetic_geological_survey
3431,Mine_03431,Sandstone,0.53,0.636,0.365,3.09,63.88,synthetic_geological_survey
3432,Mine_03432,Marble,0.885,0.413,0.402,0.77,57.36,synthetic_geological_survey
3433,Mine_03433,Sand,0.346,0.922,0.586,2.62,106.99,synthetic_geological_survey
3434,Mine_03434,Marble,0.606,0.283,0.571,2.68,198.66,synthetic_geological_survey
3435,Mine_03435,Limestone,0.506,0.421,0.646,0.7,55.64,synthetic_geological_survey
3436,Mine_03436,Salt,1.059,0.235,0.239,3.52,157.57,synthetic_geological_survey
3437,Mine_03437,Limestone,0.59,0.492,0.713,2.7,112.58,synthetic_geological_survey
3438,Mine_03438,Marble,0.701,0.327,0.642,3.08,34.47,synthetic_geological_survey
3439,Mine_03439,Sandstone,0.535,0.642,0.577,1.86,54.57,synthetic_geological_survey
3440,Mine_03440,Granite,0.779,0.292,0.477,4.0,29.64,synthetic_geological_survey
3441,Mine_03441,Iron Ore,0.788,0.45,0.315,1.68,184.07,synthetic_geological_survey
3442,Mine_03442,Sandstone,0.505,0.606,0.799,4.69,144.8,synthetic_geological_survey
3443,Mine_03443,Marble,0.862,0.402,0.495,1.23,144.89,synthetic_geological_survey
3444,Mine_03444,Silica Sand,0.449,0.786,0.754,4.42,164.53,synthetic_geological_survey
3445,Mine_03445,Marble,0.771,0.36,0.462,1.16,110.07,synthetic_geological_survey
3446,Mine_03446,Sandstone,0.57,0.684,0.447,2.52,87.55,synthetic_geological_survey
3447,Mine_03447,Sandstone,0.412,0.494,0.479,3.44,188.99,synthetic_geological_survey
3448,Mine_03448,Iron Ore,0.682,0.39,0.701,1.53,46.08,synthetic_geological_survey
3449,Mine_03449,Sand,0.25,0.665,0.401,3.91,115.4,synthetic_geological_survey
3450,Mine_03450,Salt,0.997,0.222,0.599,2.73,124.13,synthetic_geological_survey
3451,Mine_03451,Sand,0.285,0.759,0.392,4.42,131.08,synthetic_geological_survey
3452,Mine_03452,Salt,1.002,0.223,0.586,1.77,87.2,synthetic_geological_survey
3453,Mine_03453,Silica Sand,0.416,0.728,0.322,3.49,98.57,synthetic_geological_survey
3454,Mine_03454,Salt,0.974,0.216,0.324,3.87,108.34,synthetic_geological_survey
3455,Mine_03455,Iron Ore,0.579,0.331,0.759,4.4,181.99,synthetic_geological_survey
3456,Mine_03456,Sand,0.34,0.906,0.499,3.66,33.28,synthetic_geological_survey
3457,Mine_03457,Silica Sand,0.389,0.68,0.771,3.32,58.26,synthetic_geological_survey
3458,Mine_03458,Marble,0.708,0.33,0.546,0.59,99.92,synthetic_geological_survey
3459,Mine_03459,Sandstone,0.568,0.681,0.477,1.89,35.72,synthetic_geological_survey
3460,Mine_03460,Granite,0.811,0.304,0.663,3.47,151.88,synthetic_geological_survey
3461,Mine_03461,Sand,0.268,0.714,0.32,4.75,145.08,synthetic_geological_survey
3462,Mine_03462,Sand,0.275,0.733,0.633,3.27,148.79,synthetic_geological_survey
3463,Mine_03463,Salt,0.726,0.161,0.4,1.52,27.12,synthetic_geological_survey
3464,Mine_03464,Iron Ore,0.814,0.465,0.522,3.31,159.28,synthetic_geological_survey
3465,Mine_03465,Silica Sand,0.386,0.676,0.515,4.51,121.29,synthetic_geological_survey
3466,Mine_03466,Iron Ore,0.686,0.392,0.574,2.55,55.95,synthetic_geological_survey
3467,Mine_03467,Limestone,0.636,0.53,0.593,4.09,41.74,synthetic_geological_survey
3468,Mine_03468,Iron Ore,0.732,0.418,0.689,2.2,141.28,synthetic_geological_survey
3469,Mine_03469,Marble,0.81,0.378,0.346,4.05,58.02,synthetic_geological_survey
3470,Mine_03470,Sandstone,0.532,0.639,0.705,1.05,194.15,synthetic_geological_survey
3471,Mine_03471,Silica Sand,0.426,0.745,0.385,0.73,191.62,synthetic_geological_survey
3472,Mine_03472,Granite,0.649,0.244,0.464,3.53,34.0,synthetic_geological_survey
3473,Mine_03473,Granite,0.949,0.356,0.548,1.26,109.81,synthetic_geological_survey
3474,Mine_03474,Granite,0.878,0.329,0.32,1.71,164.0,synthetic_geological_survey
3475,Mine_03475,Sandstone,0.576,0.691,0.529,2.75,169.41,synthetic_geological_survey
3476,Mine_03476,Sandstone,0.446,0.536,0.559,2.6,133.56,synthetic_geological_survey
3477,Mine_03477,Salt,0.954,0.212,0.525,2.37,60.45,synthetic_geological_survey
3478,Mine_03478,Limestone,0.676,0.563,0.404,1.98,98.59,synthetic_geological_survey
3479,Mine_03479,Marble,0.86,0.401,0.434,3.41,81.02,synthetic_geological_survey
3480,Mine_03480,Marble,0.818,0.382,0.545,0.55,95.03,synthetic_geological_survey
3481,Mine_03481,Marble,0.756,0.353,0.484,2.82,97.16,synthetic_geological_survey
3482,Mine_03482,Salt,0.829,0.184,0.484,1.45,91.67,synthetic_geological_survey
3483,Mine_03483,Sand,0.286,0.763,0.267,2.15,151.04,synthetic_geological_survey
3484,Mine_03484,Granite,0.677,0.254,0.453,4.16,38.64,synthetic_geological_survey
3485,Mine_03485,Sand,0.327,0.871,0.673,3.11,99.01,synthetic_geological_survey
3486,Mine_03486,Sand,0.268,0.714,0.69,1.22,165.88,synthetic_geological_survey
3487,Mine_03487,Iron Ore,0.692,0.396,0.476,0.73,62.14,synthetic_geological_survey
3488,Mine_03488,Marble,0.872,0.407,0.416,1.14,25.04,synthetic_geological_survey
3489,Mine_03489,Sand,0.308,0.822,0.797,2.34,146.49,synthetic_geological_survey
3490,Mine_03490,Marble,0.752,0.351,0.295,5.0,140.43,synthetic_geological_survey
3491,Mine_03491,Granite,0.959,0.36,0.356,3.86,128.4,synthetic_geological_survey
3492,Mine_03492,Sandstone,0.568,0.681,0.407,4.32,89.84,synthetic_geological_survey
3493,Mine_03493,Iron Ore,0.677,0.387,0.282,2.52,63.37,synthetic_geological_survey
3494,Mine_03494,Sandstone,0.41,0.492,0.369,4.95,104.32,synthetic_geological_survey
3495,Mine_03495,Sandstone,0.529,0.634,0.79,2.37,115.4,synthetic_geological_survey
3496,Mine_03496,Sandstone,0.433,0.52,0.631,2.77,47.25,synthetic_geological_survey
3497,Mine_03497,Silica Sand,0.469,0.821,0.431,4.88,179.07,synthetic_geological_survey
3498,Mine_03498,Sandstone,0.565,0.678,0.76,1.1,132.53,synthetic_geological_survey
3499,Mine_03499,Silica Sand,0.385,0.674,0.52,4.01,148.23,synthetic_geological_survey
3500,Mine_03500,Iron Ore,0.808,0.462,0.221,1.26,162.31,synthetic_geological_survey
3501,Mine_03501,Marble,0.88,0.411,0.263,3.84,198.38,synthetic_geological_survey
3502,Mine_03502,Granite,0.707,0.265,0.351,2.77,121.4,synthetic_geological_survey
3503,Mine_03503,Silica Sand,0.385,0.674,0.727,1.16,73.66,synthetic_geological_survey
3504,Mine_03504,Salt,1.029,0.229,0.541,0.59,71.75,synthetic_geological_survey
3505,Mine_03505,Limestone,0.673,0.561,0.366,2.04,154.18,synthetic_geological_survey
3506,Mine_03506,Marble,0.802,0.374,0.61,0.63,176.61,synthetic_geological_survey
3507,Mine_03507,Limestone,0.652,0.543,0.72,2.15,112.64,synthetic_geological_survey
3508,Mine_03508,Granite,0.877,0.329,0.296,0.77,121.45,synthetic_geological_survey
3509,Mine_03509,Sandstone,0.543,0.652,0.324,4.78,88.06,synthetic_geological_survey
3510,Mine_03510,Iron Ore,0.834,0.477,0.773,4.42,104.61,synthetic_geological_survey
3511,Mine_03511,Granite,0.651,0.244,0.556,2.12,172.93,synthetic_geological_survey
3512,Mine_03512,Iron Ore,0.766,0.438,0.689,2.54,173.98,synthetic_geological_survey
3513,Mine_03513,Granite,0.704,0.264,0.57,3.8,71.21,synthetic_geological_survey
3514,Mine_03514,Salt,0.787,0.175,0.566,3.63,141.92,synthetic_geological_survey
3515,Mine_03515,Sand,0.253,0.674,0.612,1.51,58.2,synthetic_geological_survey
3516,Mine_03516,Limestone,0.69,0.575,0.318,3.44,75.37,synthetic_geological_survey
3517,Mine_03517,Silica Sand,0.48,0.84,0.42,2.88,83.93,synthetic_geological_survey
3518,Mine_03518,Sand,0.287,0.765,0.348,1.0,117.34,synthetic_geological_survey
3519,Mine_03519,Sandstone,0.512,0.615,0.411,3.68,80.13,synthetic_geological_survey
3520,Mine_03520,Silica Sand,0.413,0.722,0.437,1.39,80.09,synthetic_geological_survey
3521,Mine_03521,Granite,0.706,0.265,0.57,0.58,151.73,synthetic_geological_survey
3522,Mine_03522,Silica Sand,0.422,0.739,0.735,1.47,115.51,synthetic_geological_survey
3523,Mine_03523,Salt,0.775,0.172,0.517,2.26,123.99,synthetic_geological_survey
3524,Mine_03524,Sand,0.307,0.82,0.646,1.27,82.73,synthetic_geological_survey
3525,Mine_03525,Limestone,0.621,0.517,0.673,4.79,73.83,synthetic_geological_survey
3526,Mine_03526,Sand,0.287,0.766,0.388,0.73,90.06,synthetic_geological_survey
3527,Mine_03527,Sand,0.246,0.657,0.688,0.71,47.99,synthetic_geological_survey
3528,Mine_03528,Salt,0.982,0.218,0.623,2.47,168.44,synthetic_geological_survey
3529,Mine_03529,Granite,0.747,0.28,0.258,3.54,21.91,synthetic_geological_survey
3530,Mine_03530,Silica Sand,0.456,0.798,0.764,4.07,87.58,synthetic_geological_survey
3531,Mine_03531,Iron Ore,0.589,0.337,0.738,3.76,39.66,synthetic_geological_survey
3532,Mine_03532,Sandstone,0.412,0.494,0.523,4.46,156.47,synthetic_geological_survey
3533,Mine_03533,Iron Ore,0.671,0.383,0.564,0.86,161.03,synthetic_geological_survey
3534,Mine_03534,Sand,0.35,0.932,0.366,1.81,78.08,synthetic_geological_survey
3535,Mine_03535,Marble,0.742,0.346,0.383,3.46,70.9,synthetic_geological_survey
3536,Mine_03536,Silica Sand,0.386,0.675,0.521,3.92,31.07,synthetic_geological_survey
3537,Mine_03537,Marble,0.674,0.315,0.492,4.66,137.51,synthetic_geological_survey
3538,Mine_03538,Iron Ore,0.593,0.339,0.273,4.53,57.38,synthetic_geological_survey
3539,Mine_03539,Limestone,0.57,0.475,0.739,3.91,58.34,synthetic_geological_survey
3540,Mine_03540,Silica Sand,0.457,0.799,0.669,3.72,44.36,synthetic_geological_survey
3541,Mine_03541,Granite,0.683,0.256,0.527,4.23,117.56,synthetic_geological_survey
3542,Mine_03542,Marble,0.791,0.369,0.62,1.59,121.38,synthetic_geological_survey
3543,Mine_03543,Granite,0.896,0.336,0.246,2.39,58.28,synthetic_geological_survey
3544,Mine_03544,Sand,0.332,0.885,0.716,4.44,25.79,synthetic_geological_survey
3545,Mine_03545,Granite,0.959,0.36,0.578,2.27,31.02,synthetic_geological_survey
3546,Mine_03546,Limestone,0.581,0.484,0.283,4.71,141.0,synthetic_geological_survey
3547,Mine_03547,Salt,0.822,0.183,0.474,1.44,134.26,synthetic_geological_survey
3548,Mine_03548,Sandstone,0.425,0.51,0.77,0.59,164.57,synthetic_geological_survey
3549,Mine_03549,Sandstone,0.479,0.575,0.215,3.73,95.82,synthetic_geological_survey
3550,Mine_03550,Sandstone,0.532,0.639,0.713,1.9,99.22,synthetic_geological_survey
3551,Mine_03551,Iron Ore,0.782,0.447,0.582,2.73,24.42,synthetic_geological_survey
3552,Mine_03552,Marble,0.835,0.39,0.406,0.96,98.47,synthetic_geological_survey
3553,Mine_03553,Marble,0.631,0.295,0.264,2.93,192.8,synthetic_geological_survey
3554,Mine_03554,Sandstone,0.574,0.688,0.78,4.62,146.19,synthetic_geological_survey
3555,Mine_03555,Limestone,0.615,0.513,0.732,2.86,197.35,synthetic_geological_survey
3556,Mine_03556,Sandstone,0.481,0.577,0.517,2.19,103.58,synthetic_geological_survey
3557,Mine_03557,Silica Sand,0.453,0.793,0.234,2.43,128.75,synthetic_geological_survey
3558,Mine_03558,Salt,0.861,0.191,0.615,4.13,146.75,synthetic_geological_survey
3559,Mine_03559,Granite,0.96,0.36,0.48,4.28,114.11,synthetic_geological_survey
3560,Mine_03560,Iron Ore,0.814,0.465,0.347,2.56,130.22,synthetic_geological_survey
3561,Mine_03561,Silica Sand,0.377,0.66,0.571,1.29,69.25,synthetic_geological_survey
3562,Mine_03562,Sandstone,0.489,0.586,0.508,3.95,175.01,synthetic_geological_survey
3563,Mine_03563,Marble,0.856,0.399,0.26,1.07,195.06,synthetic_geological_survey
3564,Mine_03564,Granite,0.659,0.247,0.396,2.72,137.79,synthetic_geological_survey
3565,Mine_03565,Iron Ore,0.634,0.362,0.264,0.62,141.61,synthetic_geological_survey
3566,Mine_03566,Silica Sand,0.442,0.774,0.506,0.98,64.29,synthetic_geological_survey
3567,Mine_03567,Granite,0.765,0.287,0.47,2.19,133.38,synthetic_geological_survey
3568,Mine_03568,Marble,0.768,0.358,0.743,2.14,103.02,synthetic_geological_survey
3569,Mine_03569,Limestone,0.556,0.463,0.547,4.01,124.63,synthetic_geological_survey
3570,Mine_03570,Sand,0.297,0.791,0.287,4.31,186.51,synthetic_geological_survey
3571,Mine_03571,Limestone,0.611,0.509,0.401,1.65,170.76,synthetic_geological_survey
3572,Mine_03572,Sand,0.354,0.945,0.677,0.93,131.02,synthetic_geological_survey
3573,Mine_03573,Iron Ore,0.734,0.419,0.204,1.06,171.78,synthetic_geological_survey
3574,Mine_03574,Granite,0.858,0.322,0.423,4.9,118.43,synthetic_geological_survey
3575,Mine_03575,Silica Sand,0.36,0.63,0.227,2.04,168.81,synthetic_geological_survey
3576,Mine_03576,Sand,0.28,0.748,0.519,2.91,75.02,synthetic_geological_survey
3577,Mine_03577,Silica Sand,0.4,0.7,0.494,2.66,196.95,synthetic_geological_survey
3578,Mine_03578,Sand,0.256,0.683,0.54,4.5,132.52,synthetic_geological_survey
3579,Mine_03579,Marble,0.788,0.368,0.593,1.57,64.54,synthetic_geological_survey
3580,Mine_03580,Marble,0.746,0.348,0.208,2.13,84.09,synthetic_geological_survey
3581,Mine_03581,Marble,0.627,0.292,0.388,5.0,42.78,synthetic_geological_survey
3582,Mine_03582,Silica Sand,0.382,0.668,0.451,4.04,170.74,synthetic_geological_survey
3583,Mine_03583,Marble,0.783,0.365,0.629,3.37,133.81,synthetic_geological_survey
3584,Mine_03584,Iron Ore,0.837,0.478,0.33,4.65,155.7,synthetic_geological_survey
3585,Mine_03585,Sand,0.306,0.816,0.311,3.87,90.84,synthetic_geological_survey
3586,Mine_03586,Iron Ore,0.693,0.396,0.773,3.98,113.12,synthetic_geological_survey
3587,Mine_03587,Salt,1.032,0.229,0.271,4.87,40.44,synthetic_geological_survey
3588,Mine_03588,Salt,1.021,0.227,0.564,2.61,82.62,synthetic_geological_survey
3589,Mine_03589,Sand,0.311,0.83,0.468,2.26,71.42,synthetic_geological_survey
3590,Mine_03590,Sand,0.276,0.737,0.326,2.94,118.31,synthetic_geological_survey
3591,Mine_03591,Sandstone,0.543,0.652,0.761,1.57,79.69,synthetic_geological_survey
3592,Mine_03592,Sandstone,0.598,0.718,0.68,3.61,65.07,synthetic_geological_survey
3593,Mine_03593,Sandstone,0.574,0.688,0.323,3.42,182.78,synthetic_geological_survey
3594,Mine_03594,Marble,0.605,0.282,0.532,3.51,76.01,synthetic_geological_survey
3595,Mine_03595,Salt,0.899,0.2,0.743,4.19,163.06,synthetic_geological_survey
3596,Mine_03596,Salt,0.859,0.191,0.563,4.07,74.35,synthetic_geological_survey
3597,Mine_03597,Granite,0.878,0.329,0.27,1.88,120.81,synthetic_geological_survey
3598,Mine_03598,Sand,0.303,0.808,0.558,1.92,98.38,synthetic_geological_survey
3599,Mine_03599,Granite,0.717,0.269,0.737,4.23,138.12,synthetic_geological_survey
3600,Mine_03600,Sand,0.293,0.783,0.456,4.7,111.22,synthetic_geological_survey
3601,Mine_03601,Silica Sand,0.469,0.82,0.536,1.67,65.16,synthetic_geological_survey
3602,Mine_03602,Limestone,0.496,0.413,0.72,4.17,182.19,synthetic_geological_survey
3603,Mine_03603,Iron Ore,0.574,0.328,0.297,4.57,67.88,synthetic_geological_survey
3604,Mine_03604,Silica Sand,0.374,0.654,0.287,1.65,156.03,synthetic_geological_survey
3605,Mine_03605,Iron Ore,0.637,0.364,0.726,2.02,84.79,synthetic_geological_survey
3606,Mine_03606,Granite,0.784,0.294,0.729,0.95,168.46,synthetic_geological_survey
3607,Mine_03607,Sand,0.315,0.839,0.379,2.63,59.89,synthetic_geological_survey
3608,Mine_03608,Marble,0.717,0.335,0.343,2.8,112.89,synthetic_geological_survey
3609,Mine_03609,Iron Ore,0.724,0.414,0.383,2.65,66.99,synthetic_geological_survey
3610,Mine_03610,Marble,0.854,0.398,0.435,3.96,99.75,synthetic_geological_survey
3611,Mine_03611,Limestone,0.552,0.46,0.631,1.36,92.71,synthetic_geological_survey
3612,Mine_03612,Silica Sand,0.443,0.776,0.517,4.45,96.53,synthetic_geological_survey
3613,Mine_03613,Sandstone,0.548,0.658,0.364,3.13,170.0,synthetic_geological_survey
3614,Mine_03614,Sand,0.332,0.886,0.411,1.6,170.98,synthetic_geological_survey
3615,Mine_03615,Limestone,0.673,0.561,0.562,3.33,38.59,synthetic_geological_survey
3616,Mine_03616,Limestone,0.684,0.57,0.702,0.64,51.82,synthetic_geological_survey
3617,Mine_03617,Sandstone,0.485,0.583,0.535,0.78,193.91,synthetic_geological_survey
3618,Mine_03618,Salt,0.735,0.163,0.636,0.92,194.14,synthetic_geological_survey
3619,Mine_03619,Sand,0.338,0.902,0.586,1.28,59.47,synthetic_geological_survey
3620,Mine_03620,Sandstone,0.495,0.594,0.299,1.18,125.69,synthetic_geological_survey
3621,Mine_03621,Sand,0.28,0.748,0.398,3.91,188.83,synthetic_geological_survey
3622,Mine_03622,Sandstone,0.412,0.495,0.332,0.56,116.17,synthetic_geological_survey
3623,Mine_03623,Granite,0.929,0.348,0.656,0.53,80.48,synthetic_geological_survey
3624,Mine_03624,Salt,1.04,0.231,0.408,0.87,41.02,synthetic_geological_survey
3625,Mine_03625,Sand,0.357,0.953,0.486,0.89,120.27,synthetic_geological_survey
3626,Mine_03626,Salt,0.971,0.216,0.282,4.88,109.92,synthetic_geological_survey
3627,Mine_03627,Limestone,0.618,0.515,0.211,2.54,37.14,synthetic_geological_survey
3628,Mine_03628,Silica Sand,0.377,0.659,0.762,2.15,143.26,synthetic_geological_survey
3629,Mine_03629,Sand,0.278,0.74,0.256,2.62,104.47,synthetic_geological_survey
3630,Mine_03630,Marble,0.85,0.397,0.238,0.57,139.61,synthetic_geological_survey
3631,Mine_03631,Sand,0.357,0.951,0.593,3.76,50.37,synthetic_geological_survey
3632,Mine_03632,Sand,0.308,0.821,0.714,4.81,63.84,synthetic_geological_survey
3633,Mine_03633,Marble,0.677,0.316,0.564,2.58,86.18,synthetic_geological_survey
3634,Mine_03634,Iron Ore,0.568,0.325,0.422,2.87,62.21,synthetic_geological_survey
3635,Mine_03635,Sandstone,0.465,0.558,0.396,4.34,195.27,synthetic_geological_survey
3636,Mine_03636,Limestone,0.673,0.561,0.798,4.97,43.45,synthetic_geological_survey
3637,Mine_03637,Sand,0.27,0.719,0.46,1.37,170.39,synthetic_geological_survey
3638,Mine_03638,Granite,0.652,0.244,0.514,2.12,178.21,synthetic_geological_survey
3639,Mine_03639,Marble,0.764,0.356,0.394,4.27,173.45,synthetic_geological_survey
3640,Mine_03640,Silica Sand,0.403,0.706,0.392,4.51,122.13,synthetic_geological_survey
3641,Mine_03641,Sandstone,0.55,0.66,0.269,1.07,101.49,synthetic_geological_survey
3642,Mine_03642,Salt,0.835,0.185,0.715,0.55,127.52,synthetic_geological_survey
3643,Mine_03643,Marble,0.793,0.37,0.265,1.81,105.26,synthetic_geological_survey
3644,Mine_03644,Sandstone,0.409,0.491,0.456,4.71,65.7,synthetic_geological_survey
3645,Mine_03645,Salt,0.928,0.206,0.57,2.98,25.87,synthetic_geological_survey
3646,Mine_03646,Salt,0.972,0.216,0.406,2.25,168.24,synthetic_geological_survey
3647,Mine_03647,Sandstone,0.575,0.69,0.251,1.57,198.35,synthetic_geological_survey
3648,Mine_03648,Sand,0.314,0.836,0.25,3.03,93.88,synthetic_geological_survey
3649,Mine_03649,Granite,0.941,0.353,0.268,4.67,113.37,synthetic_geological_survey
3650,Mine_03650,Marble,0.772,0.36,0.493,4.86,36.42,synthetic_geological_survey
3651,Mine_03651,Iron Ore,0.833,0.476,0.479,4.19,37.14,synthetic_geological_survey
3652,Mine_03652,Marble,0.737,0.344,0.296,2.22,23.66,synthetic_geological_survey
3653,Mine_03653,Marble,0.639,0.298,0.641,3.06,159.09,synthetic_geological_survey
3654,Mine_03654,Sandstone,0.454,0.544,0.799,1.21,190.18,synthetic_geological_survey
3655,Mine_03655,Silica Sand,0.424,0.741,0.326,3.82,31.51,synthetic_geological_survey
3656,Mine_03656,Salt,0.911,0.202,0.231,2.55,104.65,synthetic_geological_survey
3657,Mine_03657,Sandstone,0.522,0.627,0.572,1.58,174.85,synthetic_geological_survey
3658,Mine_03658,Iron Ore,0.663,0.379,0.754,3.14,163.38,synthetic_geological_survey
3659,Mine_03659,Marble,0.625,0.292,0.286,3.76,170.64,synthetic_geological_survey
3660,Mine_03660,Sand,0.247,0.658,0.415,2.02,103.09,synthetic_geological_survey
3661,Mine_03661,Salt,1.072,0.238,0.465,2.63,89.77,synthetic_geological_survey
3662,Mine_03662,Granite,0.837,0.314,0.546,4.01,151.44,synthetic_geological_survey
3663,Mine_03663,Sandstone,0.407,0.488,0.424,2.06,58.04,synthetic_geological_survey
3664,Mine_03664,Marble,0.793,0.37,0.671,1.02,126.8,synthetic_geological_survey
3665,Mine_03665,Granite,0.68,0.255,0.604,4.07,33.98,synthetic_geological_survey
3666,Mine_03666,Salt,1.04,0.231,0.599,3.61,109.29,synthetic_geological_survey
3667,Mine_03667,Marble,0.758,0.354,0.774,1.56,172.07,synthetic_geological_survey
3668,Mine_03668,Granite,0.769,0.288,0.561,1.3,40.56,synthetic_geological_survey
3669,Mine_03669,Limestone,0.588,0.49,0.375,0.84,90.13,synthetic_geological_survey
3670,Mine_03670,Iron Ore,0.77,0.44,0.594,2.32,24.07,synthetic_geological_survey
3671,Mine_03671,Sandstone,0.531,0.637,0.269,2.86,129.46,synthetic_geological_survey
3672,Mine_03672,Silica Sand,0.435,0.761,0.242,4.21,24.08,synthetic_geological_survey
3673,Mine_03673,Limestone,0.69,0.575,0.483,4.51,153.64,synthetic_geological_survey
3674,Mine_03674,Marble,0.729,0.34,0.677,2.31,132.57,synthetic_geological_survey
3675,Mine_03675,Marble,0.794,0.371,0.299,1.18,91.46,synthetic_geological_survey
3676,Mine_03676,Sand,0.278,0.742,0.315,2.34,23.21,synthetic_geological_survey
3677,Mine_03677,Sand,0.318,0.847,0.544,4.24,193.73,synthetic_geological_survey
3678,Mine_03678,Granite,0.668,0.25,0.761,1.64,97.1,synthetic_geological_survey
3679,Mine_03679,Sand,0.277,0.739,0.774,0.63,195.15,synthetic_geological_survey
3680,Mine_03680,Iron Ore,0.631,0.36,0.651,0.61,22.37,synthetic_geological_survey
3681,Mine_03681,Marble,0.718,0.335,0.485,1.02,113.67,synthetic_geological_survey
3682,Mine_03682,Granite,0.703,0.264,0.249,2.89,116.0,synthetic_geological_survey
3683,Mine_03683,Marble,0.863,0.403,0.257,2.52,122.01,synthetic_geological_survey
3684,Mine_03684,Marble,0.62,0.289,0.478,3.62,181.03,synthetic_geological_survey
3685,Mine_03685,Granite,0.928,0.348,0.477,0.79,145.92,synthetic_geological_survey
3686,Mine_03686,Limestone,0.695,0.579,0.291,2.9,59.93,synthetic_geological_survey
3687,Mine_03687,Sand,0.345,0.92,0.433,4.55,188.75,synthetic_geological_survey
3688,Mine_03688,Limestone,0.547,0.456,0.253,4.47,82.38,synthetic_geological_survey
3689,Mine_03689,Sand,0.353,0.941,0.281,0.66,26.14,synthetic_geological_survey
3690,Mine_03690,Sandstone,0.588,0.706,0.498,3.71,28.94,synthetic_geological_survey
3691,Mine_03691,Sandstone,0.411,0.494,0.257,1.11,199.17,synthetic_geological_survey
3692,Mine_03692,Salt,0.949,0.211,0.335,4.88,38.49,synthetic_geological_survey
3693,Mine_03693,Silica Sand,0.43,0.752,0.295,4.42,106.59,synthetic_geological_survey
3694,Mine_03694,Iron Ore,0.571,0.326,0.701,1.56,23.56,synthetic_geological_survey
3695,Mine_03695,Limestone,0.613,0.511,0.392,2.25,140.01,synthetic_geological_survey
3696,Mine_03696,Sandstone,0.489,0.587,0.29,2.8,85.64,synthetic_geological_survey
3697,Mine_03697,Iron Ore,0.831,0.475,0.759,4.01,186.41,synthetic_geological_survey
3698,Mine_03698,Sandstone,0.408,0.49,0.76,2.04,83.36,synthetic_geological_survey
3699,Mine_03699,Silica Sand,0.447,0.782,0.751,3.75,132.58,synthetic_geological_survey
3700,Mine_03700,Silica Sand,0.395,0.692,0.475,2.55,79.17,synthetic_geological_survey
3701,Mine_03701,Marble,0.606,0.283,0.399,2.24,70.5,synthetic_geological_survey
3702,Mine_03702,Sand,0.288,0.769,0.792,4.37,175.24,synthetic_geological_survey
3703,Mine_03703,Silica Sand,0.453,0.793,0.527,3.65,31.13,synthetic_geological_survey
3704,Mine_03704,Sandstone,0.558,0.67,0.726,3.63,77.69,synthetic_geological_survey
3705,Mine_03705,Iron Ore,0.579,0.331,0.501,1.42,92.21,synthetic_geological_survey
3706,Mine_03706,Sandstone,0.537,0.644,0.338,0.79,51.94,synthetic_geological_survey
3707,Mine_03707,Sandstone,0.466,0.559,0.731,0.84,71.37,synthetic_geological_survey
3708,Mine_03708,Limestone,0.71,0.591,0.436,3.33,22.01,synthetic_geological_survey
3709,Mine_03709,Salt,1.07,0.238,0.23,3.97,81.18,synthetic_geological_survey
3710,Mine_03710,Salt,0.832,0.185,0.213,4.9,89.12,synthetic_geological_survey
3711,Mine_03711,Granite,0.777,0.291,0.222,2.34,125.39,synthetic_geological_survey
3712,Mine_03712,Granite,0.796,0.298,0.724,0.92,173.6,synthetic_geological_survey
3713,Mine_03713,Sand,0.337,0.9,0.791,3.97,64.24,synthetic_geological_survey
3714,Mine_03714,Salt,0.909,0.202,0.296,1.87,144.2,synthetic_geological_survey
3715,Mine_03715,Sandstone,0.467,0.56,0.265,0.74,151.03,synthetic_geological_survey
3716,Mine_03716,Salt,1.068,0.237,0.299,3.02,126.64,synthetic_geological_survey
3717,Mine_03717,Silica Sand,0.391,0.684,0.375,2.32,25.92,synthetic_geological_survey
3718,Mine_03718,Limestone,0.666,0.555,0.358,4.78,125.85,synthetic_geological_survey
3719,Mine_03719,Salt,0.848,0.188,0.797,4.16,189.93,synthetic_geological_survey
3720,Mine_03720,Silica Sand,0.336,0.587,0.221,2.98,136.07,synthetic_geological_survey
3721,Mine_03721,Silica Sand,0.375,0.656,0.238,4.51,38.28,synthetic_geological_survey
3722,Mine_03722,Sandstone,0.527,0.633,0.238,4.54,24.78,synthetic_geological_survey
3723,Mine_03723,Granite,0.808,0.303,0.751,3.18,31.73,synthetic_geological_survey
3724,Mine_03724,Salt,0.829,0.184,0.26,3.95,148.76,synthetic_geological_survey
3725,Mine_03725,Granite,0.942,0.353,0.743,3.56,144.49,synthetic_geological_survey
3726,Mine_03726,Marble,0.638,0.298,0.403,0.9,78.09,synthetic_geological_survey
3727,Mine_03727,Sand,0.346,0.923,0.58,0.58,50.5,synthetic_geological_survey
3728,Mine_03728,Iron Ore,0.692,0.395,0.771,2.5,185.22,synthetic_geological_survey
3729,Mine_03729,Salt,0.853,0.19,0.246,1.52,138.11,synthetic_geological_survey
3730,Mine_03730,Salt,0.992,0.22,0.64,1.97,58.02,synthetic_geological_survey
3731,Mine_03731,Sandstone,0.538,0.645,0.308,3.86,23.69,synthetic_geological_survey
3732,Mine_03732,Marble,0.635,0.296,0.266,3.76,49.55,synthetic_geological_survey
3733,Mine_03733,Marble,0.615,0.287,0.532,3.61,117.64,synthetic_geological_survey
3734,Mine_03734,Granite,0.925,0.347,0.759,2.42,150.72,synthetic_geological_survey
3735,Mine_03735,Sandstone,0.576,0.691,0.677,2.16,191.12,synthetic_geological_survey
3736,Mine_03736,Sand,0.33,0.88,0.638,1.51,73.66,synthetic_geological_survey
3737,Mine_03737,Limestone,0.674,0.562,0.739,4.75,22.61,synthetic_geological_survey
3738,Mine_03738,Granite,0.683,0.256,0.556,2.83,159.33,synthetic_geological_survey
3739,Mine_03739,Silica Sand,0.335,0.586,0.267,1.57,121.92,synthetic_geological_survey
3740,Mine_03740,Granite,0.697,0.262,0.738,4.48,65.09,synthetic_geological_survey
3741,Mine_03741,Sandstone,0.553,0.664,0.444,1.53,35.61,synthetic_geological_survey
3742,Mine_03742,Marble,0.642,0.3,0.76,1.47,160.42,synthetic_geological_survey
3743,Mine_03743,Limestone,0.604,0.503,0.434,3.25,51.98,synthetic_geological_survey
3744,Mine_03744,Salt,1.033,0.229,0.787,2.42,75.29,synthetic_geological_survey
3745,Mine_03745,Sand,0.332,0.886,0.573,0.98,57.15,synthetic_geological_survey
3746,Mine_03746,Sand,0.259,0.689,0.768,3.09,194.68,synthetic_geological_survey
3747,Mine_03747,Iron Ore,0.796,0.455,0.316,3.09,95.46,synthetic_geological_survey
3748,Mine_03748,Granite,0.826,0.31,0.72,4.04,50.52,synthetic_geological_survey
3749,Mine_03749,Iron Ore,0.662,0.378,0.689,4.86,39.67,synthetic_geological_survey
3750,Mine_03750,Limestone,0.615,0.512,0.797,2.04,177.21,synthetic_geological_survey
3751,Mine_03751,Granite,0.926,0.347,0.433,2.4,140.3,synthetic_geological_survey
3752,Mine_03752,Sandstone,0.593,0.712,0.563,3.65,178.14,synthetic_geological_survey
3753,Mine_03753,Sandstone,0.423,0.508,0.298,3.61,23.36,synthetic_geological_survey
3754,Mine_03754,Marble,0.889,0.415,0.456,1.01,71.4,synthetic_geological_survey
3755,Mine_03755,Granite,0.764,0.286,0.256,0.8,20.94,synthetic_geological_survey
3756,Mine_03756,Sandstone,0.547,0.657,0.638,4.27,46.82,synthetic_geological_survey
3757,Mine_03757,Marble,0.818,0.382,0.201,0.53,162.62,synthetic_geological_survey
3758,Mine_03758,Limestone,0.636,0.53,0.43,3.36,58.23,synthetic_geological_survey
3759,Mine_03759,Limestone,0.714,0.595,0.512,1.53,197.44,synthetic_geological_survey
3760,Mine_03760,Iron Ore,0.709,0.405,0.759,3.79,170.71,synthetic_geological_survey
3761,Mine_03761,Salt,1.033,0.23,0.725,3.29,52.27,synthetic_geological_survey
3762,Mine_03762,Iron Ore,0.714,0.408,0.483,1.31,177.97,synthetic_geological_survey
3763,Mine_03763,Sandstone,0.404,0.485,0.436,3.8,98.14,synthetic_geological_survey
3764,Mine_03764,Granite,0.903,0.339,0.489,0.85,53.21,synthetic_geological_survey
3765,Mine_03765,Limestone,0.674,0.562,0.214,2.89,161.8,synthetic_geological_survey
3766,Mine_03766,Iron Ore,0.588,0.336,0.645,3.96,40.18,synthetic_geological_survey
3767,Mine_03767,Silica Sand,0.332,0.582,0.514,2.59,104.07,synthetic_geological_survey
3768,Mine_03768,Limestone,0.65,0.542,0.571,3.1,75.38,synthetic_geological_survey
3769,Mine_03769,Limestone,0.522,0.435,0.79,2.27,174.74,synthetic_geological_survey
3770,Mine_03770,Iron Ore,0.802,0.458,0.571,2.93,167.1,synthetic_geological_survey
3771,Mine_03771,Limestone,0.516,0.43,0.559,3.22,115.63,synthetic_geological_survey
3772,Mine_03772,Iron Ore,0.74,0.423,0.461,0.93,165.56,synthetic_geological_survey
3773,Mine_03773,Sand,0.307,0.819,0.344,2.28,124.32,synthetic_geological_survey
3774,Mine_03774,Iron Ore,0.765,0.437,0.201,4.99,139.98,synthetic_geological_survey
3775,Mine_03775,Marble,0.698,0.326,0.571,0.86,169.75,synthetic_geological_survey
3776,Mine_03776,Marble,0.849,0.396,0.283,0.51,123.29,synthetic_geological_survey
3777,Mine_03777,Marble,0.783,0.365,0.595,4.75,164.05,synthetic_geological_survey
3778,Mine_03778,Marble,0.899,0.42,0.673,3.83,47.18,synthetic_geological_survey
3779,Mine_03779,Marble,0.821,0.383,0.297,3.92,197.48,synthetic_geological_survey
3780,Mine_03780,Iron Ore,0.634,0.363,0.428,2.27,49.81,synthetic_geological_survey
3781,Mine_03781,Sandstone,0.559,0.671,0.27,1.38,153.41,synthetic_geological_survey
3782,Mine_03782,Silica Sand,0.418,0.732,0.447,3.96,95.19,synthetic_geological_survey
3783,Mine_03783,Salt,0.885,0.197,0.317,0.58,154.84,synthetic_geological_survey
3784,Mine_03784,Iron Ore,0.664,0.379,0.294,1.74,91.97,synthetic_geological_survey
3785,Mine_03785,Silica Sand,0.469,0.821,0.612,1.23,37.35,synthetic_geological_survey
3786,Mine_03786,Salt,0.768,0.171,0.437,4.91,83.57,synthetic_geological_survey
3787,Mine_03787,Limestone,0.673,0.561,0.47,3.81,54.06,synthetic_geological_survey
3788,Mine_03788,Salt,1.043,0.232,0.292,4.43,24.85,synthetic_geological_survey
3789,Mine_03789,Silica Sand,0.327,0.573,0.588,3.48,126.64,synthetic_geological_survey
3790,Mine_03790,Granite,0.828,0.311,0.469,4.16,133.59,synthetic_geological_survey
3791,Mine_03791,Marble,0.762,0.355,0.759,0.83,148.87,synthetic_geological_survey
3792,Mine_03792,Salt,1.004,0.223,0.411,1.83,142.55,synthetic_geological_survey
3793,Mine_03793,Silica Sand,0.445,0.779,0.556,1.14,104.2,synthetic_geological_survey
3794,Mine_03794,Silica Sand,0.385,0.673,0.651,3.69,30.24,synthetic_geological_survey
3795,Mine_03795,Marble,0.73,0.341,0.547,3.89,88.09,synthetic_geological_survey
3796,Mine_03796,Granite,0.909,0.341,0.248,2.77,191.28,synthetic_geological_survey
3797,Mine_03797,Silica Sand,0.417,0.729,0.604,1.19,181.11,synthetic_geological_survey
3798,Mine_03798,Limestone,0.641,0.534,0.792,4.21,75.85,synthetic_geological_survey
3799,Mine_03799,Sand,0.258,0.688,0.74,1.69,157.94,synthetic_geological_survey
3800,Mine_03800,Sand,0.246,0.657,0.711,3.33,111.19,synthetic_geological_survey
3801,Mine_03801,Granite,0.898,0.337,0.64,1.79,82.07,synthetic_geological_survey
3802,Mine_03802,Sandstone,0.424,0.509,0.282,3.43,84.16,synthetic_geological_survey
3803,Mine_03803,Marble,0.712,0.332,0.498,1.73,20.25,synthetic_geological_survey
3804,Mine_03804,Sandstone,0.495,0.594,0.625,4.41,130.91,synthetic_geological_survey
3805,Mine_03805,Sand,0.295,0.786,0.485,4.22,165.31,synthetic_geological_survey
3806,Mine_03806,Sandstone,0.436,0.523,0.264,0.52,135.48,synthetic_geological_survey
3807,Mine_03807,Silica Sand,0.432,0.756,0.404,3.2,61.08,synthetic_geological_survey
3808,Mine_03808,Limestone,0.577,0.481,0.642,3.09,153.82,synthetic_geological_survey
3809,Mine_03809,Silica Sand,0.427,0.747,0.757,1.06,122.5,synthetic_geological_survey
3810,Mine_03810,Silica Sand,0.466,0.816,0.79,3.74,47.53,synthetic_geological_survey
3811,Mine_03811,Sandstone,0.486,0.583,0.396,1.88,100.99,synthetic_geological_survey
3812,Mine_03812,Sandstone,0.546,0.656,0.338,0.93,76.68,synthetic_geological_survey
3813,Mine_03813,Limestone,0.547,0.456,0.496,1.2,83.04,synthetic_geological_survey
3814,Mine_03814,Iron Ore,0.816,0.466,0.699,2.35,27.21,synthetic_geological_survey
3815,Mine_03815,Limestone,0.546,0.455,0.489,3.48,184.51,synthetic_geological_survey
3816,Mine_03816,Sandstone,0.452,0.542,0.404,4.11,63.96,synthetic_geological_survey
3817,Mine_03817,Iron Ore,0.798,0.456,0.698,4.48,134.23,synthetic_geological_survey
3818,Mine_03818,Iron Ore,0.562,0.321,0.662,1.18,195.64,synthetic_geological_survey
3819,Mine_03819,Granite,0.865,0.324,0.574,2.26,55.4,synthetic_geological_survey
3820,Mine_03820,Limestone,0.707,0.589,0.698,2.47,31.43,synthetic_geological_survey
3821,Mine_03821,Sand,0.273,0.729,0.245,2.36,131.58,synthetic_geological_survey
3822,Mine_03822,Limestone,0.641,0.534,0.285,1.61,37.56,synthetic_geological_survey
3823,Mine_03823,Silica Sand,0.363,0.635,0.42,3.87,148.83,synthetic_geological_survey
3824,Mine_03824,Sand,0.265,0.706,0.718,2.05,68.85,synthetic_geological_survey
3825,Mine_03825,Silica Sand,0.423,0.74,0.735,3.15,44.52,synthetic_geological_survey
3826,Mine_03826,Silica Sand,0.461,0.806,0.301,2.19,127.0,synthetic_geological_survey
3827,Mine_03827,Sand,0.327,0.871,0.593,4.28,29.35,synthetic_geological_survey
3828,Mine_03828,Marble,0.692,0.323,0.28,2.02,131.76,synthetic_geological_survey
3829,Mine_03829,Sandstone,0.44,0.528,0.563,1.36,90.05,synthetic_geological_survey
3830,Mine_03830,Sand,0.288,0.767,0.788,4.77,132.28,synthetic_geological_survey
3831,Mine_03831,Limestone,0.641,0.534,0.298,2.74,179.51,synthetic_geological_survey
3832,Mine_03832,Limestone,0.557,0.464,0.374,3.98,76.13,synthetic_geological_survey
3833,Mine_03833,Sand,0.307,0.82,0.415,0.58,161.97,synthetic_geological_survey
3834,Mine_03834,Sandstone,0.568,0.681,0.672,1.85,168.52,synthetic_geological_survey
3835,Mine_03835,Sandstone,0.515,0.618,0.674,2.62,127.48,synthetic_geological_survey
3836,Mine_03836,Silica Sand,0.391,0.684,0.227,3.82,174.64,synthetic_geological_survey
3837,Mine_03837,Marble,0.767,0.358,0.565,2.41,109.55,synthetic_geological_survey
3838,Mine_03838,Granite,0.696,0.261,0.483,3.29,181.84,synthetic_geological_survey
3839,Mine_03839,Iron Ore,0.723,0.413,0.252,3.93,179.39,synthetic_geological_survey
3840,Mine_03840,Iron Ore,0.658,0.376,0.312,1.24,106.02,synthetic_geological_survey
3841,Mine_03841,Iron Ore,0.723,0.413,0.565,4.93,48.09,synthetic_geological_survey
3842,Mine_03842,Sandstone,0.536,0.643,0.398,1.82,64.91,synthetic_geological_survey
3843,Mine_03843,Limestone,0.665,0.555,0.399,0.8,149.1,synthetic_geological_survey
3844,Mine_03844,Silica Sand,0.457,0.799,0.36,4.28,53.95,synthetic_geological_survey
3845,Mine_03845,Sand,0.324,0.865,0.249,4.11,28.21,synthetic_geological_survey
3846,Mine_03846,Silica Sand,0.465,0.813,0.507,1.06,107.17,synthetic_geological_survey
3847,Mine_03847,Silica Sand,0.342,0.599,0.674,3.64,115.04,synthetic_geological_survey
3848,Mine_03848,Marble,0.806,0.376,0.314,0.82,191.48,synthetic_geological_survey
3849,Mine_03849,Iron Ore,0.764,0.437,0.31,4.61,165.86,synthetic_geological_survey
3850,Mine_03850,Sand,0.33,0.879,0.732,2.52,63.81,synthetic_geological_survey
3851,Mine_03851,Sand,0.306,0.817,0.646,3.27,159.32,synthetic_geological_survey
3852,Mine_03852,Limestone,0.505,0.421,0.268,3.81,161.51,synthetic_geological_survey
3853,Mine_03853,Sand,0.295,0.786,0.731,1.7,68.22,synthetic_geological_survey
3854,Mine_03854,Silica Sand,0.4,0.7,0.609,2.01,69.74,synthetic_geological_survey
3855,Mine_03855,Marble,0.758,0.354,0.799,2.81,61.56,synthetic_geological_survey
3856,Mine_03856,Sand,0.262,0.699,0.714,0.62,191.83,synthetic_geological_survey
3857,Mine_03857,Granite,0.741,0.278,0.397,2.43,146.05,synthetic_geological_survey
3858,Mine_03858,Marble,0.738,0.345,0.751,4.63,155.75,synthetic_geological_survey
3859,Mine_03859,Sand,0.326,0.871,0.546,3.21,31.46,synthetic_geological_survey
3860,Mine_03860,Limestone,0.513,0.428,0.684,2.58,135.32,synthetic_geological_survey
3861,Mine_03861,Limestone,0.585,0.487,0.227,4.74,38.29,synthetic_geological_survey
3862,Mine_03862,Iron Ore,0.774,0.442,0.532,4.06,176.73,synthetic_geological_survey
3863,Mine_03863,Iron Ore,0.813,0.465,0.462,0.87,21.38,synthetic_geological_survey
3864,Mine_03864,Limestone,0.489,0.408,0.268,3.83,30.47,synthetic_geological_survey
3865,Mine_03865,Limestone,0.705,0.587,0.597,4.65,30.51,synthetic_geological_survey
3866,Mine_03866,Sand,0.278,0.741,0.488,4.87,157.72,synthetic_geological_survey
3867,Mine_03867,Salt,0.972,0.216,0.446,4.09,116.38,synthetic_geological_survey
3868,Mine_03868,Salt,0.803,0.178,0.672,2.55,44.83,synthetic_geological_survey
3869,Mine_03869,Marble,0.809,0.378,0.283,0.55,41.4,synthetic_geological_survey
3870,Mine_03870,Sandstone,0.405,0.486,0.299,2.57,125.78,synthetic_geological_survey
3871,Mine_03871,Salt,0.952,0.212,0.719,3.1,53.08,synthetic_geological_survey
3872,Mine_03872,Silica Sand,0.469,0.82,0.639,4.39,146.91,synthetic_geological_survey
3873,Mine_03873,Salt,0.857,0.19,0.261,1.11,168.62,synthetic_geological_survey
3874,Mine_03874,Silica Sand,0.359,0.629,0.536,1.29,100.73,synthetic_geological_survey
3875,Mine_03875,Limestone,0.544,0.453,0.783,3.77,59.01,synthetic_geological_survey
3876,Mine_03876,Salt,0.935,0.208,0.788,4.14,156.41,synthetic_geological_survey
3877,Mine_03877,Granite,0.649,0.243,0.4,1.17,149.75,synthetic_geological_survey
3878,Mine_03878,Sand,0.334,0.891,0.517,0.83,194.1,synthetic_geological_survey
3879,Mine_03879,Silica Sand,0.461,0.806,0.324,4.61,182.47,synthetic_geological_survey
3880,Mine_03880,Silica Sand,0.406,0.711,0.356,1.36,105.42,synthetic_geological_survey
3881,Mine_03881,Silica Sand,0.458,0.801,0.222,1.2,190.74,synthetic_geological_survey
3882,Mine_03882,Silica Sand,0.415,0.727,0.37,1.97,91.91,synthetic_geological_survey
3883,Mine_03883,Salt,0.814,0.181,0.288,4.82,101.89,synthetic_geological_survey
3884,Mine_03884,Sand,0.282,0.751,0.377,4.27,161.4,synthetic_geological_survey
3885,Mine_03885,Limestone,0.656,0.547,0.77,4.54,163.07,synthetic_geological_survey
3886,Mine_03886,Limestone,0.669,0.558,0.724,3.74,189.56,synthetic_geological_survey
3887,Mine_03887,Iron Ore,0.772,0.441,0.53,1.5,104.16,synthetic_geological_survey
3888,Mine_03888,Marble,0.777,0.362,0.703,2.14,153.77,synthetic_geological_survey
3889,Mine_03889,Marble,0.67,0.313,0.663,2.11,125.78,synthetic_geological_survey
3890,Mine_03890,Sandstone,0.404,0.485,0.606,0.72,24.23,synthetic_geological_survey
3891,Mine_03891,Granite,0.742,0.278,0.347,0.67,145.67,synthetic_geological_survey
3892,Mine_03892,Iron Ore,0.583,0.333,0.635,3.92,192.78,synthetic_geological_survey
3893,Mine_03893,Sand,0.334,0.892,0.742,3.33,194.17,synthetic_geological_survey
3894,Mine_03894,Limestone,0.542,0.451,0.416,1.77,172.53,synthetic_geological_survey
3895,Mine_03895,Silica Sand,0.368,0.643,0.434,2.73,34.61,synthetic_geological_survey
3896,Mine_03896,Iron Ore,0.768,0.439,0.306,3.32,158.73,synthetic_geological_survey
3897,Mine_03897,Limestone,0.567,0.472,0.323,1.34,76.03,synthetic_geological_survey
3898,Mine_03898,Limestone,0.573,0.477,0.324,4.78,181.45,synthetic_geological_survey
3899,Mine_03899,Marble,0.749,0.349,0.608,4.29,131.04,synthetic_geological_survey
3900,Mine_03900,Limestone,0.565,0.471,0.542,3.08,31.31,synthetic_geological_survey
3901,Mine_03901,Marble,0.799,0.373,0.696,0.79,168.91,synthetic_geological_survey
3902,Mine_03902,Salt,0.756,0.168,0.639,1.58,191.05,synthetic_geological_survey
3903,Mine_03903,Silica Sand,0.421,0.736,0.622,1.19,149.06,synthetic_geological_survey
3904,Mine_03904,Iron Ore,0.586,0.335,0.759,4.8,20.26,synthetic_geological_survey
3905,Mine_03905,Sand,0.292,0.779,0.733,4.53,165.52,synthetic_geological_survey
3906,Mine_03906,Silica Sand,0.47,0.823,0.794,2.68,21.5,synthetic_geological_survey
3907,Mine_03907,Limestone,0.716,0.597,0.47,1.67,164.23,synthetic_geological_survey
3908,Mine_03908,Salt,1.041,0.231,0.465,2.59,88.82,synthetic_geological_survey
3909,Mine_03909,Salt,0.936,0.208,0.43,1.17,43.54,synthetic_geological_survey
3910,Mine_03910,Sandstone,0.575,0.689,0.645,4.93,162.08,synthetic_geological_survey
3911,Mine_03911,Marble,0.784,0.366,0.38,3.14,29.41,synthetic_geological_survey
3912,Mine_03912,Marble,0.847,0.395,0.766,2.06,187.26,synthetic_geological_survey
3913,Mine_03913,Sand,0.313,0.835,0.584,3.08,173.49,synthetic_geological_survey
3914,Mine_03914,Sandstone,0.531,0.637,0.325,4.55,76.45,synthetic_geological_survey
3915,Mine_03915,Silica Sand,0.333,0.582,0.789,1.01,193.66,synthetic_geological_survey
3916,Mine_03916,Salt,0.793,0.176,0.273,1.36,74.28,synthetic_geological_survey
3917,Mine_03917,Marble,0.736,0.344,0.246,2.15,48.04,synthetic_geological_survey
3918,Mine_03918,Sandstone,0.585,0.701,0.79,3.39,106.81,synthetic_geological_survey
3919,Mine_03919,Iron Ore,0.579,0.331,0.267,4.41,101.86,synthetic_geological_survey
3920,Mine_03920,Sand,0.289,0.77,0.708,2.52,39.75,synthetic_geological_survey
3921,Mine_03921,Sand,0.336,0.896,0.533,4.54,119.87,synthetic_geological_survey
3922,Mine_03922,Granite,0.866,0.325,0.537,3.33,81.89,synthetic_geological_survey
3923,Mine_03923,Sandstone,0.501,0.601,0.471,4.55,117.9,synthetic_geological_survey
3924,Mine_03924,Marble,0.671,0.313,0.319,2.09,198.92,synthetic_geological_survey
3925,Mine_03925,Iron Ore,0.764,0.436,0.508,2.07,27.74,synthetic_geological_survey
3926,Mine_03926,Limestone,0.49,0.408,0.266,3.26,82.57,synthetic_geological_survey
3927,Mine_03927,Sandstone,0.596,0.715,0.555,3.65,91.17,synthetic_geological_survey
3928,Mine_03928,Marble,0.85,0.397,0.249,2.92,194.14,synthetic_geological_survey
3929,Mine_03929,Sandstone,0.455,0.546,0.213,4.09,63.03,synthetic_geological_survey
3930,Mine_03930,Sandstone,0.565,0.678,0.434,2.57,124.81,synthetic_geological_survey
3931,Mine_03931,Silica Sand,0.442,0.774,0.473,3.67,28.17,synthetic_geological_survey
3932,Mine_03932,Sand,0.28,0.746,0.576,1.96,188.31,synthetic_geological_survey
3933,Mine_03933,Granite,0.891,0.334,0.704,3.66,164.44,synthetic_geological_survey
3934,Mine_03934,Granite,0.821,0.308,0.448,4.75,93.21,synthetic_geological_survey
3935,Mine_03935,Marble,0.867,0.404,0.308,4.1,89.39,synthetic_geological_survey
3936,Mine_03936,Marble,0.742,0.346,0.4,2.98,137.54,synthetic_geological_survey
3937,Mine_03937,Silica Sand,0.465,0.813,0.722,4.54,38.22,synthetic_geological_survey
3938,Mine_03938,Limestone,0.588,0.49,0.329,3.29,65.28,synthetic_geological_survey
3939,Mine_03939,Sand,0.27,0.72,0.444,3.04,139.69,synthetic_geological_survey
3940,Mine_03940,Sand,0.274,0.731,0.509,4.53,65.61,synthetic_geological_survey
3941,Mine_03941,Granite,0.798,0.299,0.438,4.51,121.02,synthetic_geological_survey
3942,Mine_03942,Marble,0.723,0.338,0.33,4.71,75.67,synthetic_geological_survey
3943,Mine_03943,Granite,0.771,0.289,0.388,3.96,26.46,synthetic_geological_survey
3944,Mine_03944,Marble,0.79,0.368,0.524,4.23,130.07,synthetic_geological_survey
3945,Mine_03945,Iron Ore,0.809,0.462,0.772,2.31,196.73,synthetic_geological_survey
3946,Mine_03946,Sandstone,0.596,0.715,0.443,0.91,36.16,synthetic_geological_survey
3947,Mine_03947,Salt,0.782,0.174,0.442,3.72,167.51,synthetic_geological_survey
3948,Mine_03948,Marble,0.86,0.401,0.394,2.66,77.07,synthetic_geological_survey
3949,Mine_03949,Silica Sand,0.42,0.735,0.643,3.66,98.84,synthetic_geological_survey
3950,Mine_03950,Granite,0.921,0.345,0.354,0.64,52.47,synthetic_geological_survey
3951,Mine_03951,Salt,0.777,0.173,0.662,2.02,180.95,synthetic_geological_survey
3952,Mine_03952,Limestone,0.586,0.489,0.535,2.02,125.42,synthetic_geological_survey
3953,Mine_03953,Iron Ore,0.802,0.458,0.633,2.08,148.77,synthetic_geological_survey
3954,Mine_03954,Salt,0.763,0.17,0.467,3.77,125.67,synthetic_geological_survey
3955,Mine_03955,Marble,0.846,0.395,0.276,4.07,111.97,synthetic_geological_survey
3956,Mine_03956,Marble,0.63,0.294,0.243,0.53,189.1,synthetic_geological_survey
3957,Mine_03957,Silica Sand,0.421,0.737,0.301,0.55,127.75,synthetic_geological_survey
3958,Mine_03958,Marble,0.695,0.324,0.23,2.94,128.9,synthetic_geological_survey
3959,Mine_03959,Sand,0.246,0.657,0.319,1.13,190.63,synthetic_geological_survey
3960,Mine_03960,Silica Sand,0.416,0.727,0.216,2.87,100.47,synthetic_geological_survey
3961,Mine_03961,Marble,0.688,0.321,0.594,2.05,27.46,synthetic_geological_survey
3962,Mine_03962,Granite,0.687,0.258,0.64,4.53,126.92,synthetic_geological_survey
3963,Mine_03963,Marble,0.643,0.3,0.422,2.49,180.92,synthetic_geological_survey
3964,Mine_03964,Sand,0.335,0.893,0.215,4.75,154.61,synthetic_geological_survey
3965,Mine_03965,Iron Ore,0.624,0.357,0.793,4.27,179.38,synthetic_geological_survey
3966,Mine_03966,Iron Ore,0.744,0.425,0.752,0.75,123.85,synthetic_geological_survey
3967,Mine_03967,Sand,0.341,0.909,0.23,2.49,180.27,synthetic_geological_survey
3968,Mine_03968,Sandstone,0.568,0.681,0.712,1.57,32.8,synthetic_geological_survey
3969,Mine_03969,Sandstone,0.48,0.576,0.772,4.63,61.56,synthetic_geological_survey
3970,Mine_03970,Sand,0.294,0.783,0.502,3.55,184.67,synthetic_geological_survey
3971,Mine_03971,Sandstone,0.481,0.577,0.578,2.63,73.81,synthetic_geological_survey
3972,Mine_03972,Sandstone,0.463,0.555,0.739,4.61,139.22,synthetic_geological_survey
3973,Mine_03973,Marble,0.694,0.324,0.633,3.21,76.76,synthetic_geological_survey
3974,Mine_03974,Marble,0.736,0.343,0.509,3.04,143.65,synthetic_geological_survey
3975,Mine_03975,Sandstone,0.543,0.652,0.704,2.6,46.7,synthetic_geological_survey
3976,Mine_03976,Sandstone,0.52,0.624,0.34,2.57,75.56,synthetic_geological_survey
3977,Mine_03977,Sand,0.263,0.7,0.327,0.88,145.81,synthetic_geological_survey
3978,Mine_03978,Sand,0.342,0.912,0.573,4.74,173.21,synthetic_geological_survey
3979,Mine_03979,Sand,0.272,0.725,0.242,2.72,166.44,synthetic_geological_survey
3980,Mine_03980,Sand,0.286,0.764,0.337,4.34,158.83,synthetic_geological_survey
3981,Mine_03981,Marble,0.662,0.309,0.584,1.27,108.05,synthetic_geological_survey
3982,Mine_03982,Marble,0.827,0.386,0.294,4.63,41.1,synthetic_geological_survey
3983,Mine_03983,Salt,0.847,0.188,0.328,1.6,143.72,synthetic_geological_survey
3984,Mine_03984,Salt,1.032,0.229,0.46,2.34,99.91,synthetic_geological_survey
3985,Mine_03985,Sandstone,0.571,0.685,0.502,4.67,67.34,synthetic_geological_survey
3986,Mine_03986,Granite,0.917,0.344,0.464,2.99,46.0,synthetic_geological_survey
3987,Mine_03987,Sand,0.318,0.849,0.653,0.88,118.79,synthetic_geological_survey
3988,Mine_03988,Iron Ore,0.836,0.478,0.741,2.96,123.17,synthetic_geological_survey
3989,Mine_03989,Marble,0.739,0.345,0.3,2.03,163.84,synthetic_geological_survey
3990,Mine_03990,Limestone,0.576,0.48,0.204,3.93,43.2,synthetic_geological_survey
3991,Mine_03991,Sand,0.351,0.936,0.485,4.24,139.63,synthetic_geological_survey
3992,Mine_03992,Sandstone,0.473,0.567,0.333,1.2,49.63,synthetic_geological_survey
3993,Mine_03993,Sand,0.282,0.753,0.502,2.37,185.97,synthetic_geological_survey
3994,Mine_03994,Iron Ore,0.622,0.355,0.754,3.99,78.94,synthetic_geological_survey
3995,Mine_03995,Sand,0.301,0.802,0.356,1.45,46.09,synthetic_geological_survey
3996,Mine_03996,Iron Ore,0.764,0.437,0.536,3.95,113.68,synthetic_geological_survey
3997,Mine_03997,Sand,0.334,0.891,0.648,4.6,184.85,synthetic_geological_survey
3998,Mine_03998,Marble,0.776,0.362,0.734,3.42,149.1,synthetic_geological_survey
3999,Mine_03999,Sand,0.249,0.663,0.603,4.5,36.68,synthetic_geological_survey
4000,Mine_04000,Salt,0.929,0.206,0.665,3.03,192.18,synthetic_geological_survey
4001,Mine_04001,Sand,0.259,0.691,0.223,4.52,163.27,synthetic_geological_survey
4002,Mine_04002,Limestone,0.497,0.414,0.446,1.18,70.21,synthetic_geological_survey
4003,Mine_04003,Sandstone,0.517,0.621,0.51,0.95,175.27,synthetic_geological_survey
4004,Mine_04004,Salt,1.072,0.238,0.415,3.85,58.09,synthetic_geological_survey
4005,Mine_04005,Salt,0.779,0.173,0.414,0.76,139.55,synthetic_geological_survey
4006,Mine_04006,Sandstone,0.426,0.512,0.705,3.91,93.46,synthetic_geological_survey
4007,Mine_04007,Sand,0.338,0.901,0.303,3.42,139.1,synthetic_geological_survey
4008,Mine_04008,Sandstone,0.435,0.522,0.412,0.61,94.51,synthetic_geological_survey
4009,Mine_04009,Iron Ore,0.791,0.452,0.255,3.42,58.0,synthetic_geological_survey
4010,Mine_04010,Salt,0.876,0.195,0.663,1.12,125.75,synthetic_geological_survey
4011,Mine_04011,Sand,0.242,0.646,0.549,0.66,172.17,synthetic_geological_survey
4012,Mine_04012,Marble,0.807,0.376,0.789,2.99,190.11,synthetic_geological_survey
4013,Mine_04013,Sandstone,0.475,0.57,0.589,1.5,197.29,synthetic_geological_survey
4014,Mine_04014,Salt,0.724,0.161,0.568,2.03,119.37,synthetic_geological_survey
4015,Mine_04015,Sandstone,0.486,0.583,0.645,2.97,94.07,synthetic_geological_survey
4016,Mine_04016,Granite,0.893,0.335,0.641,3.68,104.31,synthetic_geological_survey
4017,Mine_04017,Silica Sand,0.415,0.726,0.501,3.72,106.27,synthetic_geological_survey
4018,Mine_04018,Sandstone,0.494,0.593,0.568,0.77,152.68,synthetic_geological_survey
4019,Mine_04019,Granite,0.737,0.277,0.693,3.67,137.1,synthetic_geological_survey
4020,Mine_04020,Sandstone,0.599,0.719,0.612,1.71,65.13,synthetic_geological_survey
4021,Mine_04021,Iron Ore,0.83,0.474,0.467,3.7,113.31,synthetic_geological_survey
4022,Mine_04022,Sandstone,0.478,0.573,0.419,4.73,80.15,synthetic_geological_survey
4023,Mine_04023,Iron Ore,0.567,0.324,0.356,4.54,169.91,synthetic_geological_survey
4024,Mine_04024,Sandstone,0.561,0.674,0.664,4.75,78.98,synthetic_geological_survey
4025,Mine_04025,Granite,0.64,0.24,0.235,2.97,62.05,synthetic_geological_survey
4026,Mine_04026,Salt,0.927,0.206,0.386,2.22,147.23,synthetic_geological_survey
4027,Mine_04027,Sand,0.253,0.675,0.779,2.27,123.42,synthetic_geological_survey
4028,Mine_04028,Sandstone,0.591,0.709,0.311,4.36,92.41,synthetic_geological_survey
4029,Mine_04029,Granite,0.678,0.254,0.712,3.44,44.99,synthetic_geological_survey
4030,Mine_04030,Sandstone,0.526,0.631,0.512,3.58,73.53,synthetic_geological_survey
4031,Mine_04031,Silica Sand,0.469,0.821,0.535,2.94,38.77,synthetic_geological_survey
4032,Mine_04032,Sandstone,0.448,0.537,0.293,1.59,148.66,synthetic_geological_survey
4033,Mine_04033,Sandstone,0.464,0.557,0.431,4.38,85.85,synthetic_geological_survey
4034,Mine_04034,Sandstone,0.438,0.526,0.261,1.94,31.09,synthetic_geological_survey
4035,Mine_04035,Salt,1.043,0.232,0.691,4.26,24.85,synthetic_geological_survey
4036,Mine_04036,Marble,0.734,0.343,0.507,4.1,95.13,synthetic_geological_survey
4037,Mine_04037,Limestone,0.63,0.525,0.656,1.08,194.19,synthetic_geological_survey
4038,Mine_04038,Sandstone,0.438,0.526,0.263,4.97,50.24,synthetic_geological_survey
4039,Mine_04039,Limestone,0.586,0.488,0.581,2.35,164.69,synthetic_geological_survey
4040,Mine_04040,Silica Sand,0.454,0.795,0.371,1.07,91.56,synthetic_geological_survey
4041,Mine_04041,Iron Ore,0.709,0.405,0.67,3.27,33.04,synthetic_geological_survey
4042,Mine_04042,Sand,0.256,0.681,0.249,3.26,51.37,synthetic_geological_survey
4043,Mine_04043,Sand,0.256,0.684,0.697,3.13,180.29,synthetic_geological_survey
4044,Mine_04044,Limestone,0.694,0.578,0.526,0.73,168.75,synthetic_geological_survey
4045,Mine_04045,Sandstone,0.406,0.487,0.213,2.02,186.02,synthetic_geological_survey
4046,Mine_04046,Granite,0.814,0.305,0.74,1.43,191.1,synthetic_geological_survey
4047,Mine_04047,Iron Ore,0.601,0.343,0.298,1.8,96.15,synthetic_geological_survey
4048,Mine_04048,Sand,0.317,0.844,0.221,1.47,36.35,synthetic_geological_survey
4049,Mine_04049,Silica Sand,0.395,0.691,0.24,2.52,191.26,synthetic_geological_survey
4050,Mine_04050,Granite,0.956,0.358,0.454,2.63,99.93,synthetic_geological_survey
4051,Mine_04051,Sandstone,0.522,0.627,0.493,2.49,162.56,synthetic_geological_survey
4052,Mine_04052,Sandstone,0.577,0.692,0.321,2.08,144.28,synthetic_geological_survey
4053,Mine_04053,Silica Sand,0.468,0.819,0.47,3.4,36.97,synthetic_geological_survey
4054,Mine_04054,Silica Sand,0.415,0.726,0.584,3.9,77.76,synthetic_geological_survey
4055,Mine_04055,Silica Sand,0.396,0.693,0.426,4.0,186.98,synthetic_geological_survey
4056,Mine_04056,Sand,0.357,0.952,0.451,2.74,166.93,synthetic_geological_survey
4057,Mine_04057,Sand,0.345,0.919,0.588,1.08,58.45,synthetic_geological_survey
4058,Mine_04058,Granite,0.816,0.306,0.773,3.8,34.34,synthetic_geological_survey
4059,Mine_04059,Sandstone,0.528,0.633,0.727,4.44,113.47,synthetic_geological_survey
4060,Mine_04060,Marble,0.839,0.392,0.771,1.62,172.54,synthetic_geological_survey
4061,Mine_04061,Limestone,0.699,0.582,0.395,3.7,175.21,synthetic_geological_survey
4062,Mine_04062,Marble,0.868,0.405,0.511,2.68,147.69,synthetic_geological_survey
4063,Mine_04063,Silica Sand,0.449,0.787,0.57,2.65,104.46,synthetic_geological_survey
4064,Mine_04064,Silica Sand,0.473,0.829,0.556,4.51,137.96,synthetic_geological_survey
4065,Mine_04065,Granite,0.653,0.245,0.235,3.7,72.06,synthetic_geological_survey
4066,Mine_04066,Granite,0.703,0.264,0.576,2.22,82.29,synthetic_geological_survey
4067,Mine_04067,Sand,0.33,0.879,0.264,4.41,149.93,synthetic_geological_survey
4068,Mine_04068,Limestone,0.504,0.42,0.3,2.67,73.53,synthetic_geological_survey
4069,Mine_04069,Salt,0.793,0.176,0.402,1.76,33.09,synthetic_geological_survey
4070,Mine_04070,Limestone,0.708,0.59,0.229,2.11,143.21,synthetic_geological_survey
4071,Mine_04071,Granite,0.803,0.301,0.506,4.66,152.99,synthetic_geological_survey
4072,Mine_04072,Sandstone,0.485,0.581,0.469,2.1,35.28,synthetic_geological_survey
4073,Mine_04073,Marble,0.899,0.419,0.517,2.28,180.88,synthetic_geological_survey
4074,Mine_04074,Granite,0.883,0.331,0.586,3.38,165.14,synthetic_geological_survey
4075,Mine_04075,Granite,0.858,0.322,0.713,4.04,174.15,synthetic_geological_survey
4076,Mine_04076,Marble,0.838,0.391,0.324,3.02,186.98,synthetic_geological_survey
4077,Mine_04077,Marble,0.895,0.418,0.769,2.62,36.95,synthetic_geological_survey
4078,Mine_04078,Salt,0.971,0.216,0.291,4.48,193.93,synthetic_geological_survey
4079,Mine_04079,Sand,0.319,0.851,0.72,3.37,112.11,synthetic_geological_survey
4080,Mine_04080,Sand,0.282,0.753,0.471,3.15,133.4,synthetic_geological_survey
4081,Mine_04081,Silica Sand,0.416,0.727,0.333,0.77,27.18,synthetic_geological_survey
4082,Mine_04082,Sandstone,0.471,0.565,0.59,4.41,87.4,synthetic_geological_survey
4083,Mine_04083,Silica Sand,0.367,0.643,0.649,1.38,56.55,synthetic_geological_survey
4084,Mine_04084,Silica Sand,0.385,0.674,0.717,2.75,167.36,synthetic_geological_survey
4085,Mine_04085,Limestone,0.614,0.511,0.586,1.04,133.84,synthetic_geological_survey
4086,Mine_04086,Sandstone,0.582,0.699,0.508,3.82,181.62,synthetic_geological_survey
4087,Mine_04087,Sand,0.255,0.68,0.522,0.77,61.23,synthetic_geological_survey
4088,Mine_04088,Granite,0.685,0.257,0.776,1.06,199.99,synthetic_geological_survey
4089,Mine_04089,Sandstone,0.473,0.568,0.514,0.95,184.99,synthetic_geological_survey
4090,Mine_04090,Sandstone,0.592,0.711,0.792,0.85,74.63,synthetic_geological_survey
4091,Mine_04091,Limestone,0.517,0.431,0.352,1.55,101.39,synthetic_geological_survey
4092,Mine_04092,Sand,0.288,0.769,0.654,2.88,190.52,synthetic_geological_survey
4093,Mine_04093,Marble,0.683,0.319,0.711,3.79,151.24,synthetic_geological_survey
4094,Mine_04094,Granite,0.789,0.296,0.255,4.54,188.53,synthetic_geological_survey
4095,Mine_04095,Granite,0.733,0.275,0.399,4.9,127.0,synthetic_geological_survey
4096,Mine_04096,Limestone,0.646,0.539,0.694,4.79,129.67,synthetic_geological_survey
4097,Mine_04097,Granite,0.712,0.267,0.648,2.38,106.21,synthetic_geological_survey
4098,Mine_04098,Granite,0.898,0.337,0.472,3.07,99.26,synthetic_geological_survey
4099,Mine_04099,Sandstone,0.463,0.556,0.494,2.84,91.33,synthetic_geological_survey
4100,Mine_04100,Limestone,0.555,0.462,0.331,3.57,69.4,synthetic_geological_survey
4101,Mine_04101,Salt,1.004,0.223,0.674,2.57,56.75,synthetic_geological_survey
4102,Mine_04102,Sand,0.308,0.82,0.661,2.85,60.98,synthetic_geological_survey
4103,Mine_04103,Silica Sand,0.453,0.792,0.273,4.31,151.93,synthetic_geological_survey
4104,Mine_04104,Marble,0.879,0.41,0.466,2.99,169.07,synthetic_geological_survey
4105,Mine_04105,Marble,0.756,0.353,0.712,2.87,60.98,synthetic_geological_survey
4106,Mine_04106,Salt,0.798,0.177,0.378,2.28,111.85,synthetic_geological_survey
4107,Mine_04107,Sand,0.248,0.661,0.53,3.71,192.4,synthetic_geological_survey
4108,Mine_04108,Sandstone,0.476,0.571,0.215,3.81,50.7,synthetic_geological_survey
4109,Mine_04109,Sandstone,0.554,0.665,0.485,1.35,174.8,synthetic_geological_survey
4110,Mine_04110,Marble,0.783,0.365,0.49,3.05,123.46,synthetic_geological_survey
4111,Mine_04111,Sand,0.329,0.877,0.221,1.49,126.59,synthetic_geological_survey
4112,Mine_04112,Sand,0.277,0.739,0.737,1.53,102.25,synthetic_geological_survey
4113,Mine_04113,Limestone,0.688,0.573,0.668,1.05,28.36,synthetic_geological_survey
4114,Mine_04114,Limestone,0.482,0.402,0.451,4.61,96.18,synthetic_geological_survey
4115,Mine_04115,Silica Sand,0.43,0.753,0.258,1.83,20.62,synthetic_geological_survey
4116,Mine_04116,Silica Sand,0.421,0.738,0.588,2.38,37.58,synthetic_geological_survey
4117,Mine_04117,Sandstone,0.514,0.616,0.402,3.65,116.7,synthetic_geological_survey
4118,Mine_04118,Limestone,0.62,0.516,0.271,2.82,59.56,synthetic_geological_survey
4119,Mine_04119,Silica Sand,0.437,0.765,0.534,2.19,170.82,synthetic_geological_survey
4120,Mine_04120,Iron Ore,0.607,0.347,0.267,3.3,105.26,synthetic_geological_survey
4121,Mine_04121,Limestone,0.597,0.497,0.418,3.33,181.56,synthetic_geological_survey
4122,Mine_04122,Granite,0.871,0.327,0.397,2.12,113.64,synthetic_geological_survey
4123,Mine_04123,Sand,0.359,0.956,0.307,2.28,170.81,synthetic_geological_survey
4124,Mine_04124,Marble,0.635,0.296,0.703,4.64,56.6,synthetic_geological_survey
4125,Mine_04125,Marble,0.688,0.321,0.362,4.7,161.33,synthetic_geological_survey
4126,Mine_04126,Sand,0.31,0.827,0.249,2.75,170.3,synthetic_geological_survey
4127,Mine_04127,Marble,0.883,0.412,0.385,3.39,189.59,synthetic_geological_survey
4128,Mine_04128,Sand,0.268,0.713,0.343,3.98,93.9,synthetic_geological_survey
4129,Mine_04129,Salt,1.074,0.239,0.528,3.69,29.98,synthetic_geological_survey
4130,Mine_04130,Sandstone,0.432,0.518,0.702,1.06,44.59,synthetic_geological_survey
4131,Mine_04131,Silica Sand,0.341,0.596,0.654,2.51,44.42,synthetic_geological_survey
4132,Mine_04132,Marble,0.758,0.354,0.202,1.16,172.56,synthetic_geological_survey
4133,Mine_04133,Salt,1.047,0.233,0.615,2.54,112.73,synthetic_geological_survey
4134,Mine_04134,Limestone,0.543,0.452,0.429,3.17,76.2,synthetic_geological_survey
4135,Mine_04135,Salt,0.919,0.204,0.288,2.37,101.19,synthetic_geological_survey
4136,Mine_04136,Sandstone,0.477,0.572,0.786,3.82,152.19,synthetic_geological_survey
4137,Mine_04137,Iron Ore,0.747,0.427,0.68,1.83,194.96,synthetic_geological_survey
4138,Mine_04138,Marble,0.87,0.406,0.544,4.02,23.92,synthetic_geological_survey
4139,Mine_04139,Sandstone,0.428,0.513,0.537,0.78,40.26,synthetic_geological_survey
4140,Mine_04140,Marble,0.816,0.381,0.685,4.82,47.67,synthetic_geological_survey
4141,Mine_04141,Sand,0.298,0.794,0.299,1.32,107.56,synthetic_geological_survey
4142,Mine_04142,Marble,0.697,0.325,0.636,3.74,31.49,synthetic_geological_survey
4143,Mine_04143,Sand,0.278,0.742,0.703,1.2,45.88,synthetic_geological_survey
4144,Mine_04144,Granite,0.881,0.33,0.373,0.53,166.96,synthetic_geological_survey
4145,Mine_04145,Salt,0.762,0.169,0.668,2.71,112.65,synthetic_geological_survey
4146,Mine_04146,Silica Sand,0.385,0.674,0.502,1.64,174.64,synthetic_geological_survey
4147,Mine_04147,Sandstone,0.417,0.501,0.632,1.84,98.58,synthetic_geological_survey
4148,Mine_04148,Salt,0.751,0.167,0.71,0.84,39.29,synthetic_geological_survey
4149,Mine_04149,Granite,0.866,0.325,0.6,4.45,41.77,synthetic_geological_survey
4150,Mine_04150,Silica Sand,0.442,0.774,0.238,1.67,128.36,synthetic_geological_survey
4151,Mine_04151,Granite,0.836,0.314,0.749,2.37,45.02,synthetic_geological_survey
4152,Mine_04152,Salt,1.036,0.23,0.7,2.36,118.34,synthetic_geological_survey
4153,Mine_04153,Sand,0.353,0.941,0.636,1.13,50.53,synthetic_geological_survey
4154,Mine_04154,Granite,0.954,0.358,0.46,2.59,20.16,synthetic_geological_survey
4155,Mine_04155,Salt,0.864,0.192,0.601,3.22,186.19,synthetic_geological_survey
4156,Mine_04156,Iron Ore,0.81,0.463,0.55,3.77,43.05,synthetic_geological_survey
4157,Mine_04157,Marble,0.831,0.388,0.235,4.49,156.99,synthetic_geological_survey
4158,Mine_04158,Iron Ore,0.826,0.472,0.603,2.53,108.03,synthetic_geological_survey
4159,Mine_04159,Salt,0.909,0.202,0.564,1.38,60.02,synthetic_geological_survey
4160,Mine_04160,Iron Ore,0.676,0.386,0.233,4.98,38.54,synthetic_geological_survey
4161,Mine_04161,Sandstone,0.54,0.648,0.632,1.69,108.82,synthetic_geological_survey
4162,Mine_04162,Marble,0.822,0.383,0.558,1.64,139.08,synthetic_geological_survey
4163,Mine_04163,Salt,0.844,0.187,0.587,4.33,133.12,synthetic_geological_survey
4164,Mine_04164,Granite,0.714,0.268,0.315,4.44,35.38,synthetic_geological_survey
4165,Mine_04165,Iron Ore,0.647,0.369,0.468,1.12,95.14,synthetic_geological_survey
4166,Mine_04166,Sandstone,0.441,0.53,0.469,2.13,63.9,synthetic_geological_survey
4167,Mine_04167,Granite,0.91,0.341,0.684,1.94,138.93,synthetic_geological_survey
4168,Mine_04168,Sandstone,0.509,0.611,0.747,2.42,93.73,synthetic_geological_survey
4169,Mine_04169,Granite,0.923,0.346,0.215,2.61,194.16,synthetic_geological_survey
4170,Mine_04170,Marble,0.623,0.291,0.728,0.87,197.35,synthetic_geological_survey
4171,Mine_04171,Sandstone,0.568,0.682,0.266,0.85,46.97,synthetic_geological_survey
4172,Mine_04172,Limestone,0.688,0.573,0.541,4.89,104.44,synthetic_geological_survey
4173,Mine_04173,Granite,0.877,0.329,0.621,2.06,169.59,synthetic_geological_survey
4174,Mine_04174,Salt,0.995,0.221,0.517,4.04,199.57,synthetic_geological_survey
4175,Mine_04175,Sand,0.271,0.724,0.249,2.04,138.9,synthetic_geological_survey
4176,Mine_04176,Iron Ore,0.596,0.341,0.487,2.74,83.61,synthetic_geological_survey
4177,Mine_04177,Salt,0.935,0.208,0.289,3.84,168.21,synthetic_geological_survey
4178,Mine_04178,Sandstone,0.551,0.662,0.565,0.53,128.51,synthetic_geological_survey
4179,Mine_04179,Iron Ore,0.674,0.385,0.407,2.0,136.76,synthetic_geological_survey
4180,Mine_04180,Salt,1.077,0.239,0.468,0.92,135.35,synthetic_geological_survey
4181,Mine_04181,Salt,0.73,0.162,0.756,3.76,147.97,synthetic_geological_survey
4182,Mine_04182,Limestone,0.489,0.408,0.386,4.5,148.55,synthetic_geological_survey
4183,Mine_04183,Granite,0.684,0.256,0.327,1.38,170.48,synthetic_geological_survey
4184,Mine_04184,Sand,0.334,0.891,0.306,1.25,68.29,synthetic_geological_survey
4185,Mine_04185,Silica Sand,0.405,0.708,0.309,4.56,194.03,synthetic_geological_survey
4186,Mine_04186,Salt,0.874,0.194,0.584,3.85,124.71,synthetic_geological_survey
4187,Mine_04187,Iron Ore,0.64,0.366,0.685,2.91,145.66,synthetic_geological_survey
4188,Mine_04188,Marble,0.7,0.327,0.68,1.77,175.78,synthetic_geological_survey
4189,Mine_04189,Sandstone,0.47,0.564,0.251,2.39,186.42,synthetic_geological_survey
4190,Mine_04190,Iron Ore,0.62,0.354,0.594,3.16,168.25,synthetic_geological_survey
4191,Mine_04191,Iron Ore,0.72,0.412,0.551,2.43,166.23,synthetic_geological_survey
4192,Mine_04192,Salt,0.896,0.199,0.392,3.97,22.43,synthetic_geological_survey
4193,Mine_04193,Marble,0.713,0.333,0.661,1.94,169.55,synthetic_geological_survey
4194,Mine_04194,Sandstone,0.534,0.641,0.483,3.9,170.76,synthetic_geological_survey
4195,Mine_04195,Salt,0.967,0.215,0.634,2.15,186.95,synthetic_geological_survey
4196,Mine_04196,Marble,0.81,0.378,0.665,2.2,155.63,synthetic_geological_survey
4197,Mine_04197,Granite,0.652,0.245,0.599,1.69,133.41,synthetic_geological_survey
4198,Mine_04198,Granite,0.835,0.313,0.708,4.88,58.61,synthetic_geological_survey
4199,Mine_04199,Silica Sand,0.33,0.577,0.246,4.28,67.87,synthetic_geological_survey
4200,Mine_04200,Salt,0.747,0.166,0.614,1.64,46.04,synthetic_geological_survey
4201,Mine_04201,Granite,0.771,0.289,0.616,1.43,21.53,synthetic_geological_survey
4202,Mine_04202,Granite,0.882,0.331,0.571,1.37,136.8,synthetic_geological_survey
4203,Mine_04203,Silica Sand,0.39,0.682,0.457,4.88,98.69,synthetic_geological_survey
4204,Mine_04204,Sand,0.261,0.697,0.393,4.89,195.19,synthetic_geological_survey
4205,Mine_04205,Granite,0.789,0.296,0.202,2.59,79.32,synthetic_geological_survey
4206,Mine_04206,Limestone,0.545,0.454,0.219,4.84,134.66,synthetic_geological_survey
4207,Mine_04207,Iron Ore,0.815,0.465,0.706,4.05,55.82,synthetic_geological_survey
4208,Mine_04208,Salt,0.731,0.162,0.689,1.42,165.36,synthetic_geological_survey
4209,Mine_04209,Silica Sand,0.439,0.769,0.229,3.15,64.37,synthetic_geological_survey
4210,Mine_04210,Sand,0.336,0.897,0.268,4.61,27.5,synthetic_geological_survey
4211,Mine_04211,Sandstone,0.592,0.711,0.24,0.9,73.73,synthetic_geological_survey
4212,Mine_04212,Granite,0.861,0.323,0.212,1.98,56.85,synthetic_geological_survey
4213,Mine_04213,Granite,0.729,0.273,0.371,4.96,105.51,synthetic_geological_survey
4214,Mine_04214,Silica Sand,0.374,0.655,0.337,1.11,143.18,synthetic_geological_survey
4215,Mine_04215,Salt,1.071,0.238,0.679,3.42,51.58,synthetic_geological_survey
4216,Mine_04216,Iron Ore,0.631,0.361,0.403,2.96,50.46,synthetic_geological_survey
4217,Mine_04217,Iron Ore,0.633,0.362,0.358,2.03,80.73,synthetic_geological_survey
4218,Mine_04218,Iron Ore,0.739,0.422,0.223,4.31,124.93,synthetic_geological_survey
4219,Mine_04219,Marble,0.866,0.404,0.28,0.67,186.37,synthetic_geological_survey
4220,Mine_04220,Silica Sand,0.335,0.586,0.629,1.97,71.15,synthetic_geological_survey
4221,Mine_04221,Iron Ore,0.651,0.372,0.469,2.4,182.86,synthetic_geological_survey
4222,Mine_04222,Sand,0.311,0.83,0.574,3.35,139.61,synthetic_geological_survey
4223,Mine_04223,Limestone,0.594,0.495,0.563,0.74,51.16,synthetic_geological_survey
4224,Mine_04224,Iron Ore,0.676,0.386,0.43,2.55,155.52,synthetic_geological_survey
4225,Mine_04225,Iron Ore,0.807,0.461,0.413,4.34,85.4,synthetic_geological_survey
4226,Mine_04226,Silica Sand,0.322,0.563,0.445,1.86,46.52,synthetic_geological_survey
4227,Mine_04227,Granite,0.784,0.294,0.723,1.22,99.45,synthetic_geological_survey
4228,Mine_04228,Limestone,0.663,0.552,0.778,3.3,177.35,synthetic_geological_survey
4229,Mine_04229,Salt,0.934,0.208,0.438,2.87,67.7,synthetic_geological_survey
4230,Mine_04230,Limestone,0.709,0.591,0.73,4.54,46.09,synthetic_geological_survey
4231,Mine_04231,Silica Sand,0.358,0.627,0.692,3.41,117.04,synthetic_geological_survey
4232,Mine_04232,Granite,0.825,0.309,0.611,2.14,61.39,synthetic_geological_survey
4233,Mine_04233,Sand,0.306,0.816,0.356,1.51,58.64,synthetic_geological_survey
4234,Mine_04234,Silica Sand,0.442,0.773,0.684,1.0,37.53,synthetic_geological_survey
4235,Mine_04235,Limestone,0.69,0.575,0.774,4.94,170.96,synthetic_geological_survey
4236,Mine_04236,Salt,0.871,0.194,0.354,4.23,75.57,synthetic_geological_survey
4237,Mine_04237,Sandstone,0.485,0.582,0.67,0.96,43.37,synthetic_geological_survey
4238,Mine_04238,Limestone,0.482,0.402,0.289,1.69,43.61,synthetic_geological_survey
4239,Mine_04239,Granite,0.77,0.289,0.594,4.11,125.62,synthetic_geological_survey
4240,Mine_04240,Salt,0.788,0.175,0.385,2.88,187.08,synthetic_geological_survey
4241,Mine_04241,Sand,0.33,0.879,0.642,1.81,41.9,synthetic_geological_survey
4242,Mine_04242,Silica Sand,0.469,0.821,0.501,0.75,150.07,synthetic_geological_survey
4243,Mine_04243,Limestone,0.6,0.5,0.612,4.3,30.7,synthetic_geological_survey
4244,Mine_04244,Granite,0.74,0.278,0.294,4.71,183.13,synthetic_geological_survey
4245,Mine_04245,Limestone,0.52,0.433,0.429,2.04,27.79,synthetic_geological_survey
4246,Mine_04246,Sand,0.342,0.913,0.717,4.0,30.02,synthetic_geological_survey
4247,Mine_04247,Salt,1.062,0.236,0.672,3.58,107.23,synthetic_geological_survey
4248,Mine_04248,Sandstone,0.493,0.591,0.483,4.86,186.0,synthetic_geological_survey
4249,Mine_04249,Sand,0.354,0.945,0.361,2.51,131.47,synthetic_geological_survey
4250,Mine_04250,Iron Ore,0.692,0.396,0.639,0.73,69.21,synthetic_geological_survey
4251,Mine_04251,Sandstone,0.558,0.67,0.636,1.46,136.97,synthetic_geological_survey
4252,Mine_04252,Iron Ore,0.685,0.392,0.555,4.72,64.31,synthetic_geological_survey
4253,Mine_04253,Marble,0.891,0.416,0.365,4.81,189.24,synthetic_geological_survey
4254,Mine_04254,Sandstone,0.479,0.575,0.77,2.0,23.56,synthetic_geological_survey
4255,Mine_04255,Sand,0.268,0.714,0.766,2.53,97.95,synthetic_geological_survey
4256,Mine_04256,Granite,0.852,0.319,0.357,4.13,160.22,synthetic_geological_survey
4257,Mine_04257,Limestone,0.684,0.57,0.207,0.68,91.63,synthetic_geological_survey
4258,Mine_04258,Marble,0.851,0.397,0.681,2.27,66.15,synthetic_geological_survey
4259,Mine_04259,Iron Ore,0.662,0.378,0.715,2.24,157.6,synthetic_geological_survey
4260,Mine_04260,Salt,0.995,0.221,0.502,0.84,114.26,synthetic_geological_survey
4261,Mine_04261,Sand,0.241,0.642,0.671,0.66,157.66,synthetic_geological_survey
4262,Mine_04262,Silica Sand,0.387,0.676,0.506,4.32,193.4,synthetic_geological_survey
4263,Mine_04263,Sandstone,0.587,0.705,0.653,1.24,109.09,synthetic_geological_survey
4264,Mine_04264,Sand,0.291,0.776,0.603,3.35,75.3,synthetic_geological_survey
4265,Mine_04265,Limestone,0.559,0.466,0.362,1.85,71.15,synthetic_geological_survey
4266,Mine_04266,Marble,0.821,0.383,0.273,2.81,63.39,synthetic_geological_survey
4267,Mine_04267,Marble,0.724,0.338,0.506,1.78,22.74,synthetic_geological_survey
4268,Mine_04268,Sand,0.348,0.929,0.32,1.38,110.48,synthetic_geological_survey
4269,Mine_04269,Sand,0.339,0.904,0.21,0.56,56.18,synthetic_geological_survey
4270,Mine_04270,Marble,0.756,0.353,0.404,4.48,134.79,synthetic_geological_survey
4271,Mine_04271,Silica Sand,0.347,0.608,0.203,3.43,103.71,synthetic_geological_survey
4272,Mine_04272,Sand,0.313,0.835,0.733,4.5,175.84,synthetic_geological_survey
4273,Mine_04273,Limestone,0.666,0.555,0.509,4.13,163.7,synthetic_geological_survey
4274,Mine_04274,Sand,0.295,0.787,0.407,1.33,188.56,synthetic_geological_survey
4275,Mine_04275,Salt,0.797,0.177,0.754,0.92,90.61,synthetic_geological_survey
4276,Mine_04276,Iron Ore,0.661,0.378,0.35,1.26,122.69,synthetic_geological_survey
4277,Mine_04277,Salt,0.795,0.177,0.52,4.24,170.86,synthetic_geological_survey
4278,Mine_04278,Salt,0.746,0.166,0.302,3.92,93.46,synthetic_geological_survey
4279,Mine_04279,Sand,0.252,0.672,0.511,3.14,144.72,synthetic_geological_survey
4280,Mine_04280,Salt,1.07,0.238,0.528,3.16,21.52,synthetic_geological_survey
4281,Mine_04281,Sandstone,0.463,0.555,0.2,3.13,167.95,synthetic_geological_survey
4282,Mine_04282,Sand,0.331,0.884,0.293,2.46,105.26,synthetic_geological_survey
4283,Mine_04283,Sand,0.32,0.854,0.218,1.36,29.36,synthetic_geological_survey
4284,Mine_04284,Iron Ore,0.619,0.354,0.767,2.05,134.98,synthetic_geological_survey
4285,Mine_04285,Sandstone,0.404,0.485,0.65,1.74,58.39,synthetic_geological_survey
4286,Mine_04286,Limestone,0.7,0.583,0.718,3.88,147.66,synthetic_geological_survey
4287,Mine_04287,Granite,0.876,0.329,0.371,0.83,146.92,synthetic_geological_survey
4288,Mine_04288,Sandstone,0.47,0.563,0.231,4.18,43.54,synthetic_geological_survey
4289,Mine_04289,Iron Ore,0.787,0.45,0.203,2.23,89.87,synthetic_geological_survey
4290,Mine_04290,Iron Ore,0.606,0.346,0.696,0.9,91.42,synthetic_geological_survey
4291,Mine_04291,Sand,0.244,0.65,0.366,2.19,87.19,synthetic_geological_survey
4292,Mine_04292,Iron Ore,0.567,0.324,0.256,2.25,71.49,synthetic_geological_survey
4293,Mine_04293,Sandstone,0.531,0.637,0.736,3.47,42.54,synthetic_geological_survey
4294,Mine_04294,Sand,0.305,0.812,0.403,2.4,117.14,synthetic_geological_survey
4295,Mine_04295,Salt,0.899,0.2,0.777,1.67,64.22,synthetic_geological_survey
4296,Mine_04296,Silica Sand,0.323,0.566,0.384,4.99,98.94,synthetic_geological_survey
4297,Mine_04297,Salt,0.842,0.187,0.786,1.38,131.97,synthetic_geological_survey
4298,Mine_04298,Iron Ore,0.591,0.338,0.63,1.44,85.15,synthetic_geological_survey
4299,Mine_04299,Salt,0.937,0.208,0.311,3.92,80.06,synthetic_geological_survey
4300,Mine_04300,Limestone,0.599,0.499,0.43,3.61,182.9,synthetic_geological_survey
4301,Mine_04301,Marble,0.654,0.305,0.359,3.25,37.04,synthetic_geological_survey
4302,Mine_04302,Sand,0.323,0.861,0.424,4.63,113.13,synthetic_geological_survey
4303,Mine_04303,Sand,0.301,0.803,0.582,1.64,122.53,synthetic_geological_survey
4304,Mine_04304,Granite,0.933,0.35,0.663,1.44,117.51,synthetic_geological_survey
4305,Mine_04305,Limestone,0.595,0.496,0.522,2.99,58.91,synthetic_geological_survey
4306,Mine_04306,Limestone,0.685,0.571,0.672,0.7,66.02,synthetic_geological_survey
4307,Mine_04307,Granite,0.782,0.293,0.666,3.22,172.07,synthetic_geological_survey
4308,Mine_04308,Limestone,0.604,0.503,0.32,1.09,177.02,synthetic_geological_survey
4309,Mine_04309,Silica Sand,0.441,0.772,0.426,3.16,49.95,synthetic_geological_survey
4310,Mine_04310,Sand,0.308,0.82,0.743,4.59,42.6,synthetic_geological_survey
4311,Mine_04311,Marble,0.729,0.34,0.642,3.37,50.53,synthetic_geological_survey
4312,Mine_04312,Salt,0.887,0.197,0.672,4.7,152.06,synthetic_geological_survey
4313,Mine_04313,Sand,0.336,0.895,0.437,4.53,105.85,synthetic_geological_survey
4314,Mine_04314,Sandstone,0.594,0.712,0.371,2.97,71.34,synthetic_geological_survey
4315,Mine_04315,Sandstone,0.49,0.588,0.411,1.75,105.57,synthetic_geological_survey
4316,Mine_04316,Granite,0.764,0.287,0.364,4.36,42.69,synthetic_geological_survey
4317,Mine_04317,Silica Sand,0.323,0.565,0.369,3.9,122.9,synthetic_geological_survey
4318,Mine_04318,Sandstone,0.579,0.694,0.251,1.39,177.6,synthetic_geological_survey
4319,Mine_04319,Limestone,0.591,0.493,0.438,2.06,73.83,synthetic_geological_survey
4320,Mine_04320,Limestone,0.597,0.497,0.209,2.66,132.87,synthetic_geological_survey
4321,Mine_04321,Salt,0.919,0.204,0.549,2.85,126.55,synthetic_geological_survey
4322,Mine_04322,Sand,0.3,0.8,0.615,2.76,41.37,synthetic_geological_survey
4323,Mine_04323,Sand,0.356,0.95,0.603,3.36,165.2,synthetic_geological_survey
4324,Mine_04324,Silica Sand,0.43,0.753,0.666,2.95,193.82,synthetic_geological_survey
4325,Mine_04325,Marble,0.711,0.332,0.578,4.6,54.65,synthetic_geological_survey
4326,Mine_04326,Sand,0.302,0.805,0.392,3.34,90.75,synthetic_geological_survey
4327,Mine_04327,Sandstone,0.591,0.709,0.468,1.22,142.71,synthetic_geological_survey
4328,Mine_04328,Limestone,0.546,0.455,0.336,0.9,67.48,synthetic_geological_survey
4329,Mine_04329,Sandstone,0.543,0.651,0.78,0.84,159.4,synthetic_geological_survey
4330,Mine_04330,Silica Sand,0.363,0.635,0.528,4.93,50.27,synthetic_geological_survey
4331,Mine_04331,Marble,0.824,0.385,0.45,2.91,198.52,synthetic_geological_survey
4332,Mine_04332,Silica Sand,0.392,0.686,0.524,3.53,194.91,synthetic_geological_survey
4333,Mine_04333,Silica Sand,0.466,0.816,0.348,4.44,182.63,synthetic_geological_survey
4334,Mine_04334,Marble,0.683,0.319,0.35,4.55,65.55,synthetic_geological_survey
4335,Mine_04335,Marble,0.692,0.323,0.723,3.1,84.02,synthetic_geological_survey
4336,Mine_04336,Marble,0.869,0.406,0.537,4.67,31.94,synthetic_geological_survey
4337,Mine_04337,Sand,0.33,0.881,0.246,3.96,184.09,synthetic_geological_survey
4338,Mine_04338,Salt,1.002,0.223,0.452,3.36,108.87,synthetic_geological_survey
4339,Mine_04339,Silica Sand,0.393,0.687,0.725,1.64,154.18,synthetic_geological_survey
4340,Mine_04340,Granite,0.666,0.25,0.616,2.48,83.66,synthetic_geological_survey
4341,Mine_04341,Silica Sand,0.361,0.632,0.66,4.35,155.89,synthetic_geological_survey
4342,Mine_04342,Silica Sand,0.445,0.779,0.791,4.8,107.43,synthetic_geological_survey
4343,Mine_04343,Limestone,0.543,0.452,0.581,2.35,118.7,synthetic_geological_survey
4344,Mine_04344,Sandstone,0.584,0.701,0.222,4.42,193.61,synthetic_geological_survey
4345,Mine_04345,Limestone,0.495,0.412,0.209,4.26,123.22,synthetic_geological_survey
4346,Mine_04346,Salt,1.045,0.232,0.656,3.87,139.93,synthetic_geological_survey
4347,Mine_04347,Marble,0.872,0.407,0.322,4.56,56.74,synthetic_geological_survey
4348,Mine_04348,Sandstone,0.512,0.615,0.475,2.51,94.57,synthetic_geological_survey
4349,Mine_04349,Sand,0.29,0.774,0.263,1.75,90.38,synthetic_geological_survey
4350,Mine_04350,Marble,0.648,0.302,0.661,2.04,25.29,synthetic_geological_survey
4351,Mine_04351,Granite,0.96,0.36,0.614,2.78,92.51,synthetic_geological_survey
4352,Mine_04352,Sand,0.27,0.721,0.693,4.86,115.58,synthetic_geological_survey
4353,Mine_04353,Iron Ore,0.801,0.458,0.746,1.16,155.21,synthetic_geological_survey
4354,Mine_04354,Granite,0.84,0.315,0.289,1.12,167.65,synthetic_geological_survey
4355,Mine_04355,Granite,0.915,0.343,0.618,1.46,131.59,synthetic_geological_survey
4356,Mine_04356,Sandstone,0.527,0.632,0.66,3.39,122.29,synthetic_geological_survey
4357,Mine_04357,Iron Ore,0.825,0.472,0.722,0.88,150.94,synthetic_geological_survey
4358,Mine_04358,Sandstone,0.487,0.584,0.656,0.73,22.34,synthetic_geological_survey
4359,Mine_04359,Salt,0.871,0.194,0.364,1.91,100.81,synthetic_geological_survey
4360,Mine_04360,Sand,0.302,0.805,0.733,4.23,46.48,synthetic_geological_survey
4361,Mine_04361,Salt,0.84,0.187,0.676,3.92,151.54,synthetic_geological_survey
4362,Mine_04362,Salt,0.949,0.211,0.623,0.94,144.63,synthetic_geological_survey
4363,Mine_04363,Iron Ore,0.673,0.385,0.399,0.96,53.07,synthetic_geological_survey
4364,Mine_04364,Granite,0.822,0.308,0.222,4.16,124.74,synthetic_geological_survey
4365,Mine_04365,Iron Ore,0.77,0.44,0.776,2.56,83.67,synthetic_geological_survey
4366,Mine_04366,Salt,1.022,0.227,0.281,2.08,182.34,synthetic_geological_survey
4367,Mine_04367,Marble,0.899,0.42,0.376,0.87,36.35,synthetic_geological_survey
4368,Mine_04368,Sand,0.256,0.683,0.675,2.32,167.07,synthetic_geological_survey
4369,Mine_04369,Silica Sand,0.383,0.671,0.324,3.92,113.51,synthetic_geological_survey
4370,Mine_04370,Granite,0.712,0.267,0.725,3.48,170.64,synthetic_geological_survey
4371,Mine_04371,Sandstone,0.424,0.508,0.45,4.78,126.97,synthetic_geological_survey
4372,Mine_04372,Sandstone,0.59,0.708,0.538,1.7,51.57,synthetic_geological_survey
4373,Mine_04373,Salt,0.727,0.162,0.629,4.11,184.7,synthetic_geological_survey
4374,Mine_04374,Sand,0.338,0.901,0.671,3.59,197.41,synthetic_geological_survey
4375,Mine_04375,Limestone,0.671,0.559,0.233,4.64,141.31,synthetic_geological_survey
4376,Mine_04376,Limestone,0.536,0.447,0.6,2.03,193.2,synthetic_geological_survey
4377,Mine_04377,Limestone,0.716,0.596,0.448,0.69,156.0,synthetic_geological_survey
4378,Mine_04378,Granite,0.694,0.26,0.695,1.62,46.85,synthetic_geological_survey
4379,Mine_04379,Marble,0.778,0.363,0.239,4.8,116.98,synthetic_geological_survey
4380,Mine_04380,Limestone,0.505,0.421,0.722,3.98,119.48,synthetic_geological_survey
4381,Mine_04381,Salt,0.746,0.166,0.424,1.58,84.72,synthetic_geological_survey
4382,Mine_04382,Sand,0.29,0.773,0.722,1.28,56.31,synthetic_geological_survey
4383,Mine_04383,Marble,0.764,0.356,0.32,3.58,66.0,synthetic_geological_survey
4384,Mine_04384,Granite,0.722,0.271,0.532,2.78,109.47,synthetic_geological_survey
4385,Mine_04385,Sand,0.273,0.727,0.24,3.34,29.89,synthetic_geological_survey
4386,Mine_04386,Salt,1.058,0.235,0.758,1.99,36.06,synthetic_geological_survey
4387,Mine_04387,Iron Ore,0.696,0.398,0.596,4.63,118.68,synthetic_geological_survey
4388,Mine_04388,Granite,0.946,0.355,0.239,4.39,59.03,synthetic_geological_survey
4389,Mine_04389,Marble,0.665,0.31,0.777,3.32,76.81,synthetic_geological_survey
4390,Mine_04390,Salt,0.883,0.196,0.758,1.22,169.43,synthetic_geological_survey
4391,Mine_04391,Limestone,0.495,0.413,0.409,3.12,74.39,synthetic_geological_survey
4392,Mine_04392,Limestone,0.626,0.522,0.575,3.32,152.22,synthetic_geological_survey
4393,Mine_04393,Iron Ore,0.655,0.375,0.627,1.93,135.33,synthetic_geological_survey
4394,Mine_04394,Iron Ore,0.68,0.388,0.678,4.79,176.55,synthetic_geological_survey
4395,Mine_04395,Marble,0.89,0.415,0.21,4.73,128.58,synthetic_geological_survey
4396,Mine_04396,Limestone,0.545,0.454,0.615,1.6,36.9,synthetic_geological_survey
4397,Mine_04397,Limestone,0.625,0.521,0.709,2.9,102.78,synthetic_geological_survey
4398,Mine_04398,Silica Sand,0.476,0.833,0.655,2.87,126.45,synthetic_geological_survey
4399,Mine_04399,Iron Ore,0.706,0.403,0.428,1.28,91.87,synthetic_geological_survey
4400,Mine_04400,Marble,0.702,0.328,0.681,3.84,154.36,synthetic_geological_survey
4401,Mine_04401,Salt,0.723,0.161,0.645,4.78,71.93,synthetic_geological_survey
4402,Mine_04402,Granite,0.711,0.267,0.278,2.21,36.73,synthetic_geological_survey
4403,Mine_04403,Marble,0.757,0.353,0.601,3.01,38.11,synthetic_geological_survey
4404,Mine_04404,Sand,0.251,0.669,0.223,2.05,168.67,synthetic_geological_survey
4405,Mine_04405,Sand,0.318,0.849,0.539,3.31,155.2,synthetic_geological_survey
4406,Mine_04406,Iron Ore,0.705,0.403,0.614,3.19,125.68,synthetic_geological_survey
4407,Mine_04407,Iron Ore,0.664,0.379,0.505,4.61,118.07,synthetic_geological_survey
4408,Mine_04408,Marble,0.621,0.29,0.756,2.97,56.47,synthetic_geological_survey
4409,Mine_04409,Iron Ore,0.646,0.369,0.644,3.22,21.91,synthetic_geological_survey
4410,Mine_04410,Sand,0.324,0.863,0.672,2.18,29.29,synthetic_geological_survey
4411,Mine_04411,Iron Ore,0.609,0.348,0.534,3.01,137.93,synthetic_geological_survey
4412,Mine_04412,Limestone,0.599,0.499,0.544,2.39,35.73,synthetic_geological_survey
4413,Mine_04413,Sand,0.321,0.856,0.494,3.26,74.46,synthetic_geological_survey
4414,Mine_04414,Salt,0.811,0.18,0.331,4.21,36.78,synthetic_geological_survey
4415,Mine_04415,Marble,0.616,0.288,0.296,0.89,101.45,synthetic_geological_survey
4416,Mine_04416,Sandstone,0.594,0.713,0.537,3.91,89.58,synthetic_geological_survey
4417,Mine_04417,Sand,0.322,0.86,0.735,2.23,126.24,synthetic_geological_survey
4418,Mine_04418,Iron Ore,0.681,0.389,0.775,2.62,115.81,synthetic_geological_survey
4419,Mine_04419,Iron Ore,0.646,0.369,0.367,1.5,182.31,synthetic_geological_survey
4420,Mine_04420,Salt,0.757,0.168,0.278,3.96,54.7,synthetic_geological_survey
4421,Mine_04421,Limestone,0.682,0.569,0.443,2.71,122.17,synthetic_geological_survey
4422,Mine_04422,Silica Sand,0.35,0.612,0.714,4.57,125.76,synthetic_geological_survey
4423,Mine_04423,Limestone,0.597,0.497,0.766,3.88,126.86,synthetic_geological_survey
4424,Mine_04424,Limestone,0.582,0.485,0.743,1.37,197.39,synthetic_geological_survey
4425,Mine_04425,Limestone,0.664,0.553,0.746,2.51,187.14,synthetic_geological_survey
4426,Mine_04426,Limestone,0.567,0.473,0.547,2.75,119.22,synthetic_geological_survey
4427,Mine_04427,Limestone,0.613,0.511,0.292,1.8,70.55,synthetic_geological_survey
4428,Mine_04428,Iron Ore,0.653,0.373,0.673,4.67,133.84,synthetic_geological_survey
4429,Mine_04429,Sand,0.246,0.655,0.342,0.95,171.62,synthetic_geological_survey
4430,Mine_04430,Sand,0.244,0.651,0.309,2.69,110.12,synthetic_geological_survey
4431,Mine_04431,Limestone,0.625,0.521,0.635,0.78,91.42,synthetic_geological_survey
4432,Mine_04432,Silica Sand,0.412,0.72,0.634,2.06,94.13,synthetic_geological_survey
4433,Mine_04433,Marble,0.671,0.313,0.474,4.77,41.19,synthetic_geological_survey
4434,Mine_04434,Sandstone,0.473,0.567,0.624,1.88,93.58,synthetic_geological_survey
4435,Mine_04435,Granite,0.737,0.276,0.712,4.94,161.19,synthetic_geological_survey
4436,Mine_04436,Iron Ore,0.755,0.432,0.383,3.43,97.73,synthetic_geological_survey
4437,Mine_04437,Sand,0.309,0.825,0.22,3.94,173.8,synthetic_geological_survey
4438,Mine_04438,Sand,0.296,0.79,0.212,1.51,56.03,synthetic_geological_survey
4439,Mine_04439,Marble,0.711,0.332,0.346,0.66,191.46,synthetic_geological_survey
4440,Mine_04440,Salt,0.984,0.219,0.339,2.58,58.08,synthetic_geological_survey
4441,Mine_04441,Marble,0.612,0.286,0.609,3.21,164.82,synthetic_geological_survey
4442,Mine_04442,Sandstone,0.534,0.641,0.3,4.48,135.38,synthetic_geological_survey
4443,Mine_04443,Salt,0.88,0.196,0.484,2.84,193.78,synthetic_geological_survey
4444,Mine_04444,Salt,0.885,0.197,0.552,2.23,195.0,synthetic_geological_survey
4445,Mine_04445,Salt,1.064,0.236,0.291,0.68,117.68,synthetic_geological_survey
4446,Mine_04446,Silica Sand,0.4,0.701,0.752,3.11,138.19,synthetic_geological_survey
4447,Mine_04447,Sand,0.308,0.82,0.497,1.15,147.24,synthetic_geological_survey
4448,Mine_04448,Iron Ore,0.621,0.355,0.509,4.19,197.92,synthetic_geological_survey
4449,Mine_04449,Sand,0.327,0.873,0.654,2.21,100.07,synthetic_geological_survey
4450,Mine_04450,Sand,0.317,0.846,0.473,4.74,52.77,synthetic_geological_survey
4451,Mine_04451,Iron Ore,0.565,0.323,0.566,0.51,23.75,synthetic_geological_survey
4452,Mine_04452,Salt,0.801,0.178,0.462,1.57,153.21,synthetic_geological_survey
4453,Mine_04453,Iron Ore,0.749,0.428,0.698,4.08,62.53,synthetic_geological_survey
4454,Mine_04454,Salt,0.967,0.215,0.752,1.25,195.8,synthetic_geological_survey
4455,Mine_04455,Granite,0.789,0.296,0.372,3.77,116.12,synthetic_geological_survey
4456,Mine_04456,Iron Ore,0.698,0.399,0.73,2.17,21.62,synthetic_geological_survey
4457,Mine_04457,Sandstone,0.481,0.577,0.233,4.7,68.62,synthetic_geological_survey
4458,Mine_04458,Limestone,0.605,0.504,0.431,3.28,157.31,synthetic_geological_survey
4459,Mine_04459,Limestone,0.672,0.56,0.504,2.79,153.37,synthetic_geological_survey
4460,Mine_04460,Sand,0.301,0.804,0.373,1.21,80.85,synthetic_geological_survey
4461,Mine_04461,Salt,1.017,0.226,0.247,3.05,106.54,synthetic_geological_survey
4462,Mine_04462,Sand,0.326,0.869,0.283,4.15,189.11,synthetic_geological_survey
4463,Mine_04463,Salt,1.033,0.23,0.644,0.85,131.45,synthetic_geological_survey
4464,Mine_04464,Iron Ore,0.578,0.33,0.474,3.76,194.73,synthetic_geological_survey
4465,Mine_04465,Iron Ore,0.699,0.399,0.215,3.75,114.31,synthetic_geological_survey
4466,Mine_04466,Sandstone,0.527,0.633,0.758,3.81,57.4,synthetic_geological_survey
4467,Mine_04467,Sand,0.345,0.92,0.77,4.52,181.59,synthetic_geological_survey
4468,Mine_04468,Sandstone,0.443,0.531,0.49,1.56,119.78,synthetic_geological_survey
4469,Mine_04469,Iron Ore,0.62,0.354,0.778,2.19,122.75,synthetic_geological_survey
4470,Mine_04470,Iron Ore,0.653,0.373,0.362,1.03,166.52,synthetic_geological_survey
4471,Mine_04471,Salt,0.843,0.187,0.383,0.78,130.93,synthetic_geological_survey
4472,Mine_04472,Limestone,0.482,0.402,0.6,4.1,154.42,synthetic_geological_survey
4473,Mine_04473,Salt,0.81,0.18,0.779,1.74,146.84,synthetic_geological_survey
4474,Mine_04474,Granite,0.941,0.353,0.553,1.52,59.12,synthetic_geological_survey
4475,Mine_04475,Marble,0.874,0.408,0.237,3.58,91.75,synthetic_geological_survey
4476,Mine_04476,Sand,0.252,0.672,0.577,4.1,56.33,synthetic_geological_survey
4477,Mine_04477,Silica Sand,0.32,0.561,0.301,4.49,58.83,synthetic_geological_survey
4478,Mine_04478,Marble,0.615,0.287,0.274,1.65,86.17,synthetic_geological_survey
4479,Mine_04479,Sandstone,0.551,0.661,0.63,1.9,126.94,synthetic_geological_survey
4480,Mine_04480,Marble,0.846,0.395,0.3,4.92,145.38,synthetic_geological_survey
4481,Mine_04481,Iron Ore,0.791,0.452,0.356,2.16,175.73,synthetic_geological_survey
4482,Mine_04482,Limestone,0.622,0.518,0.386,4.97,127.0,synthetic_geological_survey
4483,Mine_04483,Sandstone,0.533,0.64,0.786,4.1,172.45,synthetic_geological_survey
4484,Mine_04484,Granite,0.902,0.338,0.552,1.52,20.08,synthetic_geological_survey
4485,Mine_04485,Iron Ore,0.569,0.325,0.559,3.2,95.42,synthetic_geological_survey
4486,Mine_04486,Marble,0.833,0.389,0.669,1.56,117.0,synthetic_geological_survey
4487,Mine_04487,Marble,0.731,0.341,0.233,1.98,62.3,synthetic_geological_survey
4488,Mine_04488,Silica Sand,0.468,0.818,0.434,4.42,26.97,synthetic_geological_survey
4489,Mine_04489,Granite,0.952,0.357,0.407,2.42,125.31,synthetic_geological_survey
4490,Mine_04490,Salt,0.854,0.19,0.72,0.86,25.77,synthetic_geological_survey
4491,Mine_04491,Limestone,0.568,0.474,0.542,0.73,122.77,synthetic_geological_survey
4492,Mine_04492,Salt,0.75,0.167,0.44,3.3,196.12,synthetic_geological_survey
4493,Mine_04493,Salt,1.049,0.233,0.265,2.73,98.56,synthetic_geological_survey
4494,Mine_04494,Sand,0.294,0.784,0.447,4.21,89.04,synthetic_geological_survey
4495,Mine_04495,Iron Ore,0.623,0.356,0.436,1.94,110.17,synthetic_geological_survey
4496,Mine_04496,Salt,0.894,0.199,0.439,4.61,156.96,synthetic_geological_survey
4497,Mine_04497,Sandstone,0.452,0.543,0.592,1.52,45.85,synthetic_geological_survey
4498,Mine_04498,Iron Ore,0.571,0.326,0.56,0.85,88.44,synthetic_geological_survey
4499,Mine_04499,Iron Ore,0.789,0.451,0.754,3.28,147.67,synthetic_geological_survey
4500,Mine_04500,Marble,0.669,0.312,0.264,3.94,194.69,synthetic_geological_survey
4501,Mine_04501,Granite,0.749,0.281,0.474,2.03,27.62,synthetic_geological_survey
4502,Mine_04502,Sandstone,0.572,0.687,0.718,3.64,73.93,synthetic_geological_survey
4503,Mine_04503,Silica Sand,0.477,0.835,0.312,3.58,32.94,synthetic_geological_survey
4504,Mine_04504,Granite,0.865,0.324,0.329,3.06,139.67,synthetic_geological_survey
4505,Mine_04505,Sand,0.257,0.685,0.772,2.68,42.74,synthetic_geological_survey
4506,Mine_04506,Iron Ore,0.832,0.475,0.644,4.1,20.0,synthetic_geological_survey
4507,Mine_04507,Iron Ore,0.679,0.388,0.257,1.79,133.91,synthetic_geological_survey
4508,Mine_04508,Salt,0.977,0.217,0.413,1.21,157.88,synthetic_geological_survey
4509,Mine_04509,Salt,0.884,0.196,0.262,0.75,183.95,synthetic_geological_survey
4510,Mine_04510,Sand,0.25,0.666,0.557,0.92,199.66,synthetic_geological_survey
4511,Mine_04511,Limestone,0.565,0.471,0.532,3.23,160.98,synthetic_geological_survey
4512,Mine_04512,Iron Ore,0.641,0.366,0.388,2.19,67.53,synthetic_geological_survey
4513,Mine_04513,Iron Ore,0.621,0.355,0.353,3.12,112.59,synthetic_geological_survey
4514,Mine_04514,Silica Sand,0.459,0.804,0.618,3.64,160.61,synthetic_geological_survey
4515,Mine_04515,Salt,0.922,0.205,0.391,3.54,176.49,synthetic_geological_survey
4516,Mine_04516,Sandstone,0.469,0.563,0.395,4.67,136.31,synthetic_geological_survey
4517,Mine_04517,Limestone,0.604,0.504,0.73,3.72,145.47,synthetic_geological_survey
4518,Mine_04518,Limestone,0.581,0.484,0.622,3.38,129.78,synthetic_geological_survey
4519,Mine_04519,Marble,0.76,0.355,0.331,3.02,27.9,synthetic_geological_survey
4520,Mine_04520,Granite,0.785,0.294,0.294,0.67,45.24,synthetic_geological_survey
4521,Mine_04521,Salt,0.892,0.198,0.355,2.23,50.91,synthetic_geological_survey
4522,Mine_04522,Silica Sand,0.39,0.682,0.764,1.43,32.14,synthetic_geological_survey
4523,Mine_04523,Silica Sand,0.392,0.686,0.277,0.7,25.08,synthetic_geological_survey
4524,Mine_04524,Iron Ore,0.764,0.437,0.737,1.31,116.14,synthetic_geological_survey
4525,Mine_04525,Salt,1.064,0.236,0.648,3.19,177.08,synthetic_geological_survey
4526,Mine_04526,Sand,0.339,0.903,0.567,0.52,35.61,synthetic_geological_survey
4527,Mine_04527,Silica Sand,0.322,0.563,0.253,2.02,198.56,synthetic_geological_survey
4528,Mine_04528,Sandstone,0.519,0.623,0.738,3.98,150.48,synthetic_geological_survey
4529,Mine_04529,Silica Sand,0.399,0.699,0.504,4.45,159.5,synthetic_geological_survey
4530,Mine_04530,Granite,0.77,0.289,0.566,2.21,99.92,synthetic_geological_survey
4531,Mine_04531,Limestone,0.646,0.538,0.474,0.83,146.8,synthetic_geological_survey
4532,Mine_04532,Sand,0.281,0.749,0.751,3.0,134.54,synthetic_geological_survey
4533,Mine_04533,Limestone,0.708,0.59,0.351,0.59,188.48,synthetic_geological_survey
4534,Mine_04534,Granite,0.871,0.327,0.673,1.76,106.56,synthetic_geological_survey
4535,Mine_04535,Granite,0.68,0.255,0.497,1.79,44.45,synthetic_geological_survey
4536,Mine_04536,Silica Sand,0.468,0.818,0.772,3.76,116.12,synthetic_geological_survey
4537,Mine_04537,Limestone,0.532,0.443,0.682,4.86,188.34,synthetic_geological_survey
4538,Mine_04538,Marble,0.774,0.361,0.469,2.44,33.56,synthetic_geological_survey
4539,Mine_04539,Sandstone,0.456,0.548,0.346,3.76,157.16,synthetic_geological_survey
4540,Mine_04540,Limestone,0.558,0.465,0.506,3.03,46.78,synthetic_geological_survey
4541,Mine_04541,Salt,1.032,0.229,0.786,2.51,197.31,synthetic_geological_survey
4542,Mine_04542,Salt,1.051,0.233,0.563,1.04,89.38,synthetic_geological_survey
4543,Mine_04543,Marble,0.831,0.388,0.269,4.57,124.56,synthetic_geological_survey
4544,Mine_04544,Limestone,0.704,0.587,0.333,3.83,109.71,synthetic_geological_survey
4545,Mine_04545,Silica Sand,0.385,0.675,0.557,2.61,82.21,synthetic_geological_survey
4546,Mine_04546,Limestone,0.501,0.417,0.752,1.58,89.61,synthetic_geological_survey
4547,Mine_04547,Limestone,0.548,0.457,0.297,2.24,47.83,synthetic_geological_survey
4548,Mine_04548,Sandstone,0.504,0.605,0.605,4.78,34.22,synthetic_geological_survey
4549,Mine_04549,Salt,1.003,0.223,0.406,3.74,151.44,synthetic_geological_survey
4550,Mine_04550,Sand,0.262,0.699,0.494,4.52,20.69,synthetic_geological_survey
4551,Mine_04551,Sandstone,0.505,0.606,0.268,4.38,44.51,synthetic_geological_survey
4552,Mine_04552,Iron Ore,0.83,0.474,0.542,2.8,97.36,synthetic_geological_survey
4553,Mine_04553,Iron Ore,0.693,0.396,0.316,3.35,155.11,synthetic_geological_survey
4554,Mine_04554,Sandstone,0.495,0.593,0.471,2.31,126.27,synthetic_geological_survey
4555,Mine_04555,Salt,1.061,0.236,0.445,2.93,108.78,synthetic_geological_survey
4556,Mine_04556,Limestone,0.648,0.54,0.496,0.8,95.88,synthetic_geological_survey
4557,Mine_04557,Salt,0.885,0.197,0.747,1.51,75.28,synthetic_geological_survey
4558,Mine_04558,Marble,0.744,0.347,0.405,3.33,125.99,synthetic_geological_survey
4559,Mine_04559,Iron Ore,0.806,0.461,0.447,3.16,77.65,synthetic_geological_survey
4560,Mine_04560,Silica Sand,0.431,0.754,0.223,2.89,132.35,synthetic_geological_survey
4561,Mine_04561,Iron Ore,0.772,0.441,0.457,2.57,153.51,synthetic_geological_survey
4562,Mine_04562,Limestone,0.67,0.558,0.274,4.66,169.0,synthetic_geological_survey
4563,Mine_04563,Marble,0.722,0.337,0.742,2.91,180.61,synthetic_geological_survey
4564,Mine_04564,Sandstone,0.597,0.716,0.454,0.82,98.38,synthetic_geological_survey
4565,Mine_04565,Sand,0.359,0.957,0.785,0.81,174.84,synthetic_geological_survey
4566,Mine_04566,Sand,0.283,0.753,0.236,3.56,22.23,synthetic_geological_survey
4567,Mine_04567,Granite,0.936,0.351,0.461,0.55,31.8,synthetic_geological_survey
4568,Mine_04568,Sandstone,0.483,0.58,0.423,4.64,166.24,synthetic_geological_survey
4569,Mine_04569,Granite,0.769,0.288,0.284,1.3,189.07,synthetic_geological_survey
4570,Mine_04570,Silica Sand,0.378,0.661,0.369,3.0,123.15,synthetic_geological_survey
4571,Mine_04571,Sand,0.347,0.926,0.605,3.57,172.48,synthetic_geological_survey
4572,Mine_04572,Salt,0.817,0.182,0.622,3.68,97.13,synthetic_geological_survey
4573,Mine_04573,Sandstone,0.533,0.639,0.481,3.08,102.23,synthetic_geological_survey
4574,Mine_04574,Limestone,0.653,0.544,0.413,2.43,27.64,synthetic_geological_survey
4575,Mine_04575,Iron Ore,0.739,0.422,0.71,2.69,45.01,synthetic_geological_survey
4576,Mine_04576,Salt,0.779,0.173,0.316,4.49,105.8,synthetic_geological_survey
4577,Mine_04577,Salt,0.825,0.183,0.568,4.56,170.93,synthetic_geological_survey
4578,Mine_04578,Sand,0.299,0.798,0.623,0.87,85.16,synthetic_geological_survey
4579,Mine_04579,Salt,0.902,0.2,0.333,0.98,105.41,synthetic_geological_survey
4580,Mine_04580,Granite,0.746,0.28,0.628,1.93,135.55,synthetic_geological_survey
4581,Mine_04581,Sand,0.243,0.647,0.498,0.99,82.81,synthetic_geological_survey
4582,Mine_04582,Limestone,0.53,0.442,0.443,2.33,158.21,synthetic_geological_survey
4583,Mine_04583,Iron Ore,0.773,0.442,0.799,4.13,38.29,synthetic_geological_survey
4584,Mine_04584,Limestone,0.661,0.551,0.428,1.18,115.57,synthetic_geological_survey
4585,Mine_04585,Limestone,0.615,0.512,0.225,3.93,64.0,synthetic_geological_survey
4586,Mine_04586,Iron Ore,0.564,0.322,0.501,0.99,183.72,synthetic_geological_survey
4587,Mine_04587,Sand,0.316,0.842,0.607,4.54,21.98,synthetic_geological_survey
4588,Mine_04588,Sand,0.24,0.64,0.419,4.0,110.94,synthetic_geological_survey
4589,Mine_04589,Silica Sand,0.427,0.748,0.7,3.27,94.36,synthetic_geological_survey
4590,Mine_04590,Iron Ore,0.66,0.377,0.61,1.1,62.76,synthetic_geological_survey
4591,Mine_04591,Salt,0.759,0.169,0.278,1.82,34.44,synthetic_geological_survey
4592,Mine_04592,Sandstone,0.422,0.507,0.474,3.92,64.77,synthetic_geological_survey
4593,Mine_04593,Salt,0.946,0.21,0.281,4.72,63.17,synthetic_geological_survey
4594,Mine_04594,Sandstone,0.529,0.635,0.697,4.34,69.08,synthetic_geological_survey
4595,Mine_04595,Iron Ore,0.611,0.349,0.46,3.1,144.03,synthetic_geological_survey
4596,Mine_04596,Granite,0.828,0.311,0.788,4.96,142.96,synthetic_geological_survey
4597,Mine_04597,Granite,0.727,0.273,0.547,4.29,166.94,synthetic_geological_survey
4598,Mine_04598,Silica Sand,0.424,0.741,0.426,3.18,38.57,synthetic_geological_survey
4599,Mine_04599,Salt,0.905,0.201,0.567,2.99,153.73,synthetic_geological_survey
4600,Mine_04600,Sand,0.3,0.8,0.786,3.66,162.44,synthetic_geological_survey
4601,Mine_04601,Marble,0.757,0.353,0.302,0.99,53.83,synthetic_geological_survey
4602,Mine_04602,Marble,0.89,0.415,0.615,3.67,57.66,synthetic_geological_survey
4603,Mine_04603,Silica Sand,0.451,0.788,0.217,1.77,111.55,synthetic_geological_survey
4604,Mine_04604,Iron Ore,0.698,0.399,0.49,3.35,162.62,synthetic_geological_survey
4605,Mine_04605,Salt,1.0,0.222,0.323,3.23,56.89,synthetic_geological_survey
4606,Mine_04606,Granite,0.875,0.328,0.251,4.23,86.01,synthetic_geological_survey
4607,Mine_04607,Granite,0.794,0.298,0.592,4.03,60.3,synthetic_geological_survey
4608,Mine_04608,Salt,0.903,0.201,0.233,1.06,61.48,synthetic_geological_survey
4609,Mine_04609,Limestone,0.611,0.509,0.657,4.85,140.74,synthetic_geological_survey
4610,Mine_04610,Iron Ore,0.797,0.455,0.282,3.91,101.21,synthetic_geological_survey
4611,Mine_04611,Limestone,0.629,0.524,0.576,1.8,151.84,synthetic_geological_survey
4612,Mine_04612,Granite,0.862,0.323,0.564,4.37,170.41,synthetic_geological_survey
4613,Mine_04613,Sand,0.242,0.644,0.26,0.64,124.31,synthetic_geological_survey
4614,Mine_04614,Sand,0.259,0.689,0.551,3.31,99.02,synthetic_geological_survey
4615,Mine_04615,Iron Ore,0.829,0.474,0.452,4.65,198.79,synthetic_geological_survey
4616,Mine_04616,Iron Ore,0.633,0.362,0.671,0.75,102.74,synthetic_geological_survey
4617,Mine_04617,Marble,0.639,0.298,0.414,2.23,122.67,synthetic_geological_survey
4618,Mine_04618,Limestone,0.717,0.598,0.335,3.42,114.73,synthetic_geological_survey
4619,Mine_04619,Salt,0.887,0.197,0.29,3.14,73.83,synthetic_geological_survey
4620,Mine_04620,Granite,0.749,0.281,0.627,4.39,197.78,synthetic_geological_survey
4621,Mine_04621,Silica Sand,0.351,0.615,0.718,4.95,137.86,synthetic_geological_survey
4622,Mine_04622,Limestone,0.655,0.546,0.683,3.67,199.53,synthetic_geological_survey
4623,Mine_04623,Granite,0.794,0.298,0.361,1.63,175.59,synthetic_geological_survey
4624,Mine_04624,Sandstone,0.443,0.532,0.776,4.11,180.84,synthetic_geological_survey
4625,Mine_04625,Silica Sand,0.343,0.6,0.668,4.91,47.44,synthetic_geological_survey
4626,Mine_04626,Sandstone,0.551,0.661,0.57,1.39,28.91,synthetic_geological_survey
4627,Mine_04627,Silica Sand,0.367,0.642,0.536,1.0,109.59,synthetic_geological_survey
4628,Mine_04628,Limestone,0.563,0.469,0.683,1.28,69.18,synthetic_geological_survey
4629,Mine_04629,Salt,1.077,0.239,0.335,4.93,112.46,synthetic_geological_survey
4630,Mine_04630,Silica Sand,0.461,0.807,0.256,1.49,137.68,synthetic_geological_survey
4631,Mine_04631,Granite,0.877,0.329,0.574,4.42,57.21,synthetic_geological_survey
4632,Mine_04632,Sand,0.343,0.915,0.444,3.53,197.2,synthetic_geological_survey
4633,Mine_04633,Sandstone,0.448,0.538,0.74,0.77,185.77,synthetic_geological_survey
4634,Mine_04634,Silica Sand,0.422,0.738,0.27,2.98,120.67,synthetic_geological_survey
4635,Mine_04635,Sand,0.344,0.918,0.771,1.28,183.68,synthetic_geological_survey
4636,Mine_04636,Silica Sand,0.461,0.807,0.589,2.36,185.06,synthetic_geological_survey
4637,Mine_04637,Iron Ore,0.814,0.465,0.494,3.96,153.52,synthetic_geological_survey
4638,Mine_04638,Salt,0.795,0.177,0.554,0.82,142.39,synthetic_geological_survey
4639,Mine_04639,Sandstone,0.431,0.517,0.72,2.21,124.51,synthetic_geological_survey
4640,Mine_04640,Sand,0.34,0.907,0.565,4.77,34.28,synthetic_geological_survey
4641,Mine_04641,Limestone,0.681,0.567,0.276,4.1,100.06,synthetic_geological_survey
4642,Mine_04642,Sandstone,0.456,0.547,0.201,1.51,55.95,synthetic_geological_survey
4643,Mine_04643,Marble,0.86,0.401,0.427,2.5,68.27,synthetic_geological_survey
4644,Mine_04644,Silica Sand,0.407,0.712,0.669,1.21,161.88,synthetic_geological_survey
4645,Mine_04645,Iron Ore,0.626,0.358,0.313,4.8,42.88,synthetic_geological_survey
4646,Mine_04646,Sandstone,0.591,0.709,0.55,2.34,21.8,synthetic_geological_survey
4647,Mine_04647,Limestone,0.513,0.427,0.437,3.39,28.08,synthetic_geological_survey
4648,Mine_04648,Limestone,0.673,0.561,0.647,2.06,68.99,synthetic_geological_survey
4649,Mine_04649,Salt,0.871,0.193,0.443,0.97,34.84,synthetic_geological_survey
4650,Mine_04650,Sandstone,0.477,0.572,0.375,2.26,52.34,synthetic_geological_survey
4651,Mine_04651,Silica Sand,0.457,0.8,0.532,3.74,120.64,synthetic_geological_survey
4652,Mine_04652,Granite,0.786,0.295,0.201,0.68,194.37,synthetic_geological_survey
4653,Mine_04653,Silica Sand,0.475,0.832,0.292,1.53,49.96,synthetic_geological_survey
4654,Mine_04654,Salt,0.98,0.218,0.252,1.36,92.27,synthetic_geological_survey
4655,Mine_04655,Limestone,0.568,0.474,0.759,1.24,80.22,synthetic_geological_survey
4656,Mine_04656,Iron Ore,0.578,0.33,0.608,2.98,155.03,synthetic_geological_survey
4657,Mine_04657,Sandstone,0.421,0.506,0.316,1.54,164.57,synthetic_geological_survey
4658,Mine_04658,Sandstone,0.43,0.516,0.638,0.93,118.97,synthetic_geological_survey
4659,Mine_04659,Silica Sand,0.451,0.789,0.227,4.94,179.51,synthetic_geological_survey
4660,Mine_04660,Granite,0.891,0.334,0.425,2.07,96.16,synthetic_geological_survey
4661,Mine_04661,Salt,1.058,0.235,0.202,4.6,63.79,synthetic_geological_survey
4662,Mine_04662,Limestone,0.615,0.513,0.492,1.99,133.37,synthetic_geological_survey
4663,Mine_04663,Silica Sand,0.44,0.771,0.653,3.62,144.13,synthetic_geological_survey
4664,Mine_04664,Granite,0.91,0.341,0.431,1.73,182.27,synthetic_geological_survey
4665,Mine_04665,Granite,0.752,0.282,0.236,2.44,112.78,synthetic_geological_survey
4666,Mine_04666,Sand,0.255,0.679,0.663,1.65,72.96,synthetic_geological_survey
4667,Mine_04667,Limestone,0.584,0.486,0.63,4.79,30.25,synthetic_geological_survey
4668,Mine_04668,Sand,0.306,0.816,0.468,1.87,180.5,synthetic_geological_survey
4669,Mine_04669,Limestone,0.687,0.573,0.553,4.11,181.12,synthetic_geological_survey
4670,Mine_04670,Granite,0.756,0.284,0.573,2.76,91.53,synthetic_geological_survey
4671,Mine_04671,Granite,0.851,0.319,0.786,2.41,70.21,synthetic_geological_survey
4672,Mine_04672,Salt,0.961,0.214,0.444,2.15,28.95,synthetic_geological_survey
4673,Mine_04673,Sand,0.344,0.918,0.666,4.75,133.76,synthetic_geological_survey
4674,Mine_04674,Silica Sand,0.409,0.715,0.266,0.85,193.63,synthetic_geological_survey
4675,Mine_04675,Sand,0.27,0.719,0.716,2.55,138.65,synthetic_geological_survey
4676,Mine_04676,Marble,0.686,0.32,0.676,3.58,185.36,synthetic_geological_survey
4677,Mine_04677,Marble,0.868,0.405,0.586,1.77,190.54,synthetic_geological_survey
4678,Mine_04678,Sandstone,0.429,0.514,0.431,3.15,46.79,synthetic_geological_survey
4679,Mine_04679,Iron Ore,0.638,0.365,0.262,3.97,181.99,synthetic_geological_survey
4680,Mine_04680,Iron Ore,0.573,0.328,0.252,3.04,102.74,synthetic_geological_survey
4681,Mine_04681,Sand,0.293,0.782,0.319,3.79,26.25,synthetic_geological_survey
4682,Mine_04682,Sandstone,0.548,0.657,0.716,4.48,90.44,synthetic_geological_survey
4683,Mine_04683,Iron Ore,0.633,0.362,0.511,1.4,143.07,synthetic_geological_survey
4684,Mine_04684,Sandstone,0.419,0.503,0.246,1.9,30.81,synthetic_geological_survey
4685,Mine_04685,Granite,0.936,0.351,0.222,4.44,193.66,synthetic_geological_survey
4686,Mine_04686,Sandstone,0.459,0.551,0.237,2.41,21.61,synthetic_geological_survey
4687,Mine_04687,Limestone,0.631,0.526,0.687,3.15,36.3,synthetic_geological_survey
4688,Mine_04688,Limestone,0.522,0.435,0.775,0.93,166.52,synthetic_geological_survey
4689,Mine_04689,Sand,0.353,0.942,0.399,0.97,68.58,synthetic_geological_survey
4690,Mine_04690,Granite,0.86,0.323,0.316,4.03,22.4,synthetic_geological_survey
4691,Mine_04691,Marble,0.611,0.285,0.792,3.28,197.59,synthetic_geological_survey
4692,Mine_04692,Sand,0.253,0.674,0.669,3.56,25.93,synthetic_geological_survey
4693,Mine_04693,Limestone,0.516,0.43,0.616,1.01,99.6,synthetic_geological_survey
4694,Mine_04694,Silica Sand,0.473,0.827,0.503,5.0,162.52,synthetic_geological_survey
4695,Mine_04695,Salt,0.971,0.216,0.425,2.92,192.37,synthetic_geological_survey
4696,Mine_04696,Sand,0.274,0.731,0.404,2.3,28.96,synthetic_geological_survey
4697,Mine_04697,Silica Sand,0.458,0.801,0.701,3.78,74.72,synthetic_geological_survey
4698,Mine_04698,Sandstone,0.44,0.528,0.3,3.2,20.79,synthetic_geological_survey
4699,Mine_04699,Limestone,0.631,0.525,0.558,4.08,20.12,synthetic_geological_survey
4700,Mine_04700,Limestone,0.603,0.502,0.25,0.87,30.84,synthetic_geological_survey
4701,Mine_04701,Limestone,0.585,0.488,0.288,0.82,68.77,synthetic_geological_survey
4702,Mine_04702,Iron Ore,0.775,0.443,0.233,2.18,101.86,synthetic_geological_survey
4703,Mine_04703,Sand,0.353,0.94,0.511,3.76,194.99,synthetic_geological_survey
4704,Mine_04704,Granite,0.793,0.298,0.325,0.78,164.39,synthetic_geological_survey
4705,Mine_04705,Limestone,0.707,0.589,0.381,3.41,174.58,synthetic_geological_survey
4706,Mine_04706,Sandstone,0.496,0.596,0.306,3.73,75.75,synthetic_geological_survey
4707,Mine_04707,Salt,0.952,0.212,0.579,1.67,65.96,synthetic_geological_survey
4708,Mine_04708,Granite,0.816,0.306,0.549,2.56,105.0,synthetic_geological_survey
4709,Mine_04709,Sand,0.356,0.95,0.3,2.12,88.58,synthetic_geological_survey
4710,Mine_04710,Marble,0.874,0.408,0.61,2.71,77.88,synthetic_geological_survey
4711,Mine_04711,Salt,0.77,0.171,0.39,0.89,91.05,synthetic_geological_survey
4712,Mine_04712,Salt,0.879,0.195,0.301,4.39,180.87,synthetic_geological_survey
4713,Mine_04713,Silica Sand,0.443,0.775,0.235,1.75,62.84,synthetic_geological_survey
4714,Mine_04714,Granite,0.875,0.328,0.295,4.92,26.63,synthetic_geological_survey
4715,Mine_04715,Iron Ore,0.765,0.437,0.342,2.88,93.24,synthetic_geological_survey
4716,Mine_04716,Marble,0.884,0.412,0.201,4.19,103.52,synthetic_geological_survey
4717,Mine_04717,Limestone,0.602,0.501,0.629,1.73,52.91,synthetic_geological_survey
4718,Mine_04718,Granite,0.711,0.266,0.523,0.91,135.95,synthetic_geological_survey
4719,Mine_04719,Marble,0.751,0.351,0.264,1.62,153.26,synthetic_geological_survey
4720,Mine_04720,Limestone,0.499,0.416,0.481,1.52,113.16,synthetic_geological_survey
4721,Mine_04721,Marble,0.882,0.412,0.309,1.29,139.78,synthetic_geological_survey
4722,Mine_04722,Limestone,0.6,0.5,0.449,2.65,140.82,synthetic_geological_survey
4723,Mine_04723,Sand,0.336,0.895,0.581,1.36,160.41,synthetic_geological_survey
4724,Mine_04724,Salt,0.954,0.212,0.219,3.09,79.02,synthetic_geological_survey
4725,Mine_04725,Limestone,0.582,0.485,0.225,4.05,128.89,synthetic_geological_survey
4726,Mine_04726,Iron Ore,0.728,0.416,0.457,4.41,151.35,synthetic_geological_survey
4727,Mine_04727,Limestone,0.635,0.529,0.502,1.68,117.8,synthetic_geological_survey
4728,Mine_04728,Granite,0.812,0.305,0.38,2.62,45.01,synthetic_geological_survey
4729,Mine_04729,Silica Sand,0.428,0.749,0.635,2.79,109.41,synthetic_geological_survey
4730,Mine_04730,Limestone,0.646,0.538,0.484,3.38,183.64,synthetic_geological_survey
4731,Mine_04731,Marble,0.859,0.401,0.792,1.45,21.97,synthetic_geological_survey
4732,Mine_04732,Sandstone,0.555,0.666,0.416,4.55,71.67,synthetic_geological_survey
4733,Mine_04733,Sand,0.346,0.923,0.697,3.05,122.42,synthetic_geological_survey
4734,Mine_04734,Silica Sand,0.464,0.812,0.468,3.03,77.3,synthetic_geological_survey
4735,Mine_04735,Limestone,0.634,0.528,0.626,3.51,164.07,synthetic_geological_survey
4736,Mine_04736,Iron Ore,0.705,0.403,0.483,4.49,71.19,synthetic_geological_survey
4737,Mine_04737,Granite,0.829,0.311,0.566,4.72,120.84,synthetic_geological_survey
4738,Mine_04738,Sandstone,0.464,0.556,0.294,1.26,46.2,synthetic_geological_survey
4739,Mine_04739,Sandstone,0.534,0.64,0.322,4.69,198.35,synthetic_geological_survey
4740,Mine_04740,Sandstone,0.462,0.554,0.37,3.16,20.73,synthetic_geological_survey
4741,Mine_04741,Limestone,0.674,0.562,0.638,3.21,91.92,synthetic_geological_survey
4742,Mine_04742,Iron Ore,0.612,0.35,0.226,3.98,113.78,synthetic_geological_survey
4743,Mine_04743,Sand,0.325,0.867,0.659,2.73,191.22,synthetic_geological_survey
4744,Mine_04744,Salt,0.757,0.168,0.593,1.94,60.4,synthetic_geological_survey
4745,Mine_04745,Marble,0.819,0.382,0.558,2.94,175.54,synthetic_geological_survey
4746,Mine_04746,Silica Sand,0.329,0.576,0.7,3.98,45.86,synthetic_geological_survey
4747,Mine_04747,Granite,0.814,0.305,0.209,3.33,143.5,synthetic_geological_survey
4748,Mine_04748,Iron Ore,0.698,0.399,0.589,3.8,58.6,synthetic_geological_survey
4749,Mine_04749,Iron Ore,0.666,0.381,0.246,1.51,94.77,synthetic_geological_survey
4750,Mine_04750,Marble,0.627,0.293,0.468,3.27,188.36,synthetic_geological_survey
4751,Mine_04751,Salt,1.067,0.237,0.259,3.23,93.24,synthetic_geological_survey
4752,Mine_04752,Iron Ore,0.678,0.388,0.325,2.44,52.11,synthetic_geological_survey
4753,Mine_04753,Marble,0.699,0.326,0.587,1.97,83.26,synthetic_geological_survey
4754,Mine_04754,Granite,0.728,0.273,0.559,0.81,176.09,synthetic_geological_survey
4755,Mine_04755,Marble,0.641,0.299,0.506,2.26,160.08,synthetic_geological_survey
4756,Mine_04756,Sand,0.282,0.753,0.676,4.35,148.91,synthetic_geological_survey
4757,Mine_04757,Sandstone,0.437,0.525,0.767,2.96,150.56,synthetic_geological_survey
4758,Mine_04758,Iron Ore,0.699,0.4,0.74,1.51,22.2,synthetic_geological_survey
4759,Mine_04759,Iron Ore,0.68,0.389,0.246,3.31,81.04,synthetic_geological_survey
4760,Mine_04760,Limestone,0.523,0.436,0.537,1.56,125.15,synthetic_geological_survey
4761,Mine_04761,Marble,0.828,0.387,0.217,1.34,172.05,synthetic_geological_survey
4762,Mine_04762,Sand,0.284,0.756,0.372,1.71,82.89,synthetic_geological_survey
4763,Mine_04763,Marble,0.62,0.289,0.633,3.53,183.82,synthetic_geological_survey
4764,Mine_04764,Sandstone,0.435,0.521,0.681,1.42,66.24,synthetic_geological_survey
4765,Mine_04765,Granite,0.756,0.284,0.72,3.54,141.41,synthetic_geological_survey
4766,Mine_04766,Sand,0.357,0.952,0.208,4.49,167.77,synthetic_geological_survey
4767,Mine_04767,Sand,0.306,0.815,0.26,3.47,21.45,synthetic_geological_survey
4768,Mine_04768,Salt,0.881,0.196,0.24,3.19,133.44,synthetic_geological_survey
4769,Mine_04769,Limestone,0.508,0.423,0.299,2.38,108.27,synthetic_geological_survey
4770,Mine_04770,Granite,0.669,0.251,0.553,4.99,45.91,synthetic_geological_survey
4771,Mine_04771,Sandstone,0.426,0.511,0.742,2.88,40.53,synthetic_geological_survey
4772,Mine_04772,Silica Sand,0.464,0.811,0.504,4.22,198.88,synthetic_geological_survey
4773,Mine_04773,Silica Sand,0.464,0.811,0.48,4.34,33.18,synthetic_geological_survey
4774,Mine_04774,Iron Ore,0.809,0.462,0.394,2.66,115.46,synthetic_geological_survey
4775,Mine_04775,Marble,0.64,0.299,0.368,1.86,170.73,synthetic_geological_survey
4776,Mine_04776,Granite,0.708,0.265,0.62,3.58,126.37,synthetic_geological_survey
4777,Mine_04777,Iron Ore,0.638,0.364,0.636,2.58,195.67,synthetic_geological_survey
4778,Mine_04778,Silica Sand,0.449,0.786,0.256,4.98,148.04,synthetic_geological_survey
4779,Mine_04779,Iron Ore,0.738,0.422,0.227,2.86,194.62,synthetic_geological_survey
4780,Mine_04780,Silica Sand,0.403,0.706,0.235,3.31,106.38,synthetic_geological_survey
4781,Mine_04781,Granite,0.716,0.269,0.554,1.54,102.35,synthetic_geological_survey
4782,Mine_04782,Marble,0.855,0.399,0.238,1.29,89.94,synthetic_geological_survey
4783,Mine_04783,Salt,0.825,0.183,0.775,1.36,23.48,synthetic_geological_survey
4784,Mine_04784,Iron Ore,0.655,0.374,0.338,1.48,40.57,synthetic_geological_survey
4785,Mine_04785,Iron Ore,0.63,0.36,0.633,2.23,131.81,synthetic_geological_survey
4786,Mine_04786,Iron Ore,0.601,0.343,0.52,4.08,72.68,synthetic_geological_survey
4787,Mine_04787,Marble,0.734,0.343,0.732,4.3,142.8,synthetic_geological_survey
4788,Mine_04788,Iron Ore,0.67,0.383,0.273,0.64,143.12,synthetic_geological_survey
4789,Mine_04789,Iron Ore,0.757,0.433,0.655,3.22,196.49,synthetic_geological_survey
4790,Mine_04790,Granite,0.805,0.302,0.223,3.61,167.99,synthetic_geological_survey
4791,Mine_04791,Sand,0.249,0.664,0.263,4.72,40.58,synthetic_geological_survey
4792,Mine_04792,Silica Sand,0.362,0.634,0.245,3.75,79.81,synthetic_geological_survey
4793,Mine_04793,Marble,0.748,0.349,0.561,2.12,58.61,synthetic_geological_survey
4794,Mine_04794,Salt,0.976,0.217,0.274,2.96,188.4,synthetic_geological_survey
4795,Mine_04795,Salt,0.854,0.19,0.572,3.26,145.75,synthetic_geological_survey
4796,Mine_04796,Limestone,0.683,0.569,0.642,2.9,92.46,synthetic_geological_survey
4797,Mine_04797,Silica Sand,0.39,0.682,0.295,2.23,51.82,synthetic_geological_survey
4798,Mine_04798,Silica Sand,0.395,0.691,0.314,3.23,30.79,synthetic_geological_survey
4799,Mine_04799,Limestone,0.555,0.462,0.521,1.05,103.74,synthetic_geological_survey
4800,Mine_04800,Iron Ore,0.613,0.35,0.422,0.69,102.4,synthetic_geological_survey
4801,Mine_04801,Silica Sand,0.416,0.728,0.333,2.86,178.31,synthetic_geological_survey
4802,Mine_04802,Sand,0.281,0.75,0.531,4.2,37.1,synthetic_geological_survey
4803,Mine_04803,Limestone,0.527,0.439,0.236,1.75,187.36,synthetic_geological_survey
4804,Mine_04804,Silica Sand,0.456,0.798,0.697,2.51,194.7,synthetic_geological_survey
4805,Mine_04805,Marble,0.807,0.377,0.207,3.84,125.33,synthetic_geological_survey
4806,Mine_04806,Salt,0.942,0.209,0.593,4.05,37.83,synthetic_geological_survey
4807,Mine_04807,Marble,0.876,0.409,0.534,3.31,176.86,synthetic_geological_survey
4808,Mine_04808,Sand,0.285,0.759,0.391,1.45,128.28,synthetic_geological_survey
4809,Mine_04809,Granite,0.854,0.32,0.324,1.28,76.63,synthetic_geological_survey
4810,Mine_04810,Salt,1.038,0.231,0.721,1.5,152.98,synthetic_geological_survey
4811,Mine_04811,Marble,0.651,0.304,0.76,0.57,99.43,synthetic_geological_survey
4812,Mine_04812,Salt,0.747,0.166,0.32,3.74,155.62,synthetic_geological_survey
4813,Mine_04813,Salt,0.968,0.215,0.358,4.86,35.48,synthetic_geological_survey
4814,Mine_04814,Granite,0.856,0.321,0.282,3.79,166.12,synthetic_geological_survey
4815,Mine_04815,Marble,0.752,0.351,0.5,4.37,101.68,synthetic_geological_survey
4816,Mine_04816,Sandstone,0.577,0.693,0.455,3.19,173.63,synthetic_geological_survey
4817,Mine_04817,Limestone,0.601,0.501,0.379,1.89,162.05,synthetic_geological_survey
4818,Mine_04818,Iron Ore,0.732,0.418,0.767,1.44,75.61,synthetic_geological_survey
4819,Mine_04819,Sand,0.267,0.711,0.623,2.05,109.02,synthetic_geological_survey
4820,Mine_04820,Limestone,0.66,0.55,0.226,3.6,83.37,synthetic_geological_survey
4821,Mine_04821,Sandstone,0.525,0.63,0.337,0.82,112.82,synthetic_geological_survey
4822,Mine_04822,Sand,0.305,0.815,0.299,1.02,97.28,synthetic_geological_survey
4823,Mine_04823,Iron Ore,0.7,0.4,0.27,2.29,112.49,synthetic_geological_survey
4824,Mine_04824,Marble,0.681,0.318,0.364,4.28,68.96,synthetic_geological_survey
4825,Mine_04825,Salt,0.774,0.172,0.339,4.42,117.29,synthetic_geological_survey
4826,Mine_04826,Limestone,0.629,0.524,0.691,3.06,46.18,synthetic_geological_survey
4827,Mine_04827,Sandstone,0.453,0.544,0.202,3.31,45.8,synthetic_geological_survey
4828,Mine_04828,Silica Sand,0.379,0.663,0.389,1.99,53.22,synthetic_geological_survey
4829,Mine_04829,Sand,0.352,0.939,0.395,1.41,75.86,synthetic_geological_survey
4830,Mine_04830,Limestone,0.489,0.407,0.232,2.31,141.94,synthetic_geological_survey
4831,Mine_04831,Marble,0.71,0.331,0.599,1.83,29.17,synthetic_geological_survey
4832,Mine_04832,Silica Sand,0.415,0.727,0.51,4.99,57.68,synthetic_geological_survey
4833,Mine_04833,Marble,0.855,0.399,0.496,4.9,75.85,synthetic_geological_survey
4834,Mine_04834,Salt,1.0,0.222,0.738,3.65,170.06,synthetic_geological_survey
4835,Mine_04835,Sand,0.286,0.764,0.335,0.54,45.35,synthetic_geological_survey
4836,Mine_04836,Sandstone,0.428,0.513,0.256,3.11,91.88,synthetic_geological_survey
4837,Mine_04837,Sandstone,0.445,0.533,0.466,2.93,97.13,synthetic_geological_survey
4838,Mine_04838,Sandstone,0.569,0.683,0.243,4.32,75.87,synthetic_geological_survey
4839,Mine_04839,Granite,0.826,0.31,0.369,4.24,122.26,synthetic_geological_survey
4840,Mine_04840,Granite,0.735,0.275,0.405,3.33,171.33,synthetic_geological_survey
4841,Mine_04841,Sandstone,0.428,0.513,0.579,1.78,191.76,synthetic_geological_survey
4842,Mine_04842,Limestone,0.6,0.5,0.563,1.17,134.25,synthetic_geological_survey
4843,Mine_04843,Sandstone,0.421,0.505,0.674,2.42,70.66,synthetic_geological_survey
4844,Mine_04844,Silica Sand,0.447,0.782,0.461,4.28,42.34,synthetic_geological_survey
4845,Mine_04845,Limestone,0.519,0.432,0.559,0.81,169.33,synthetic_geological_survey
4846,Mine_04846,Iron Ore,0.748,0.427,0.583,1.86,105.78,synthetic_geological_survey
4847,Mine_04847,Sandstone,0.552,0.662,0.251,3.56,44.56,synthetic_geological_survey
4848,Mine_04848,Marble,0.789,0.368,0.718,2.13,48.66,synthetic_geological_survey
4849,Mine_04849,Sandstone,0.424,0.508,0.635,4.38,170.76,synthetic_geological_survey
4850,Mine_04850,Sand,0.322,0.859,0.773,4.71,106.19,synthetic_geological_survey
4851,Mine_04851,Limestone,0.632,0.527,0.625,1.22,196.3,synthetic_geological_survey
4852,Mine_04852,Marble,0.805,0.376,0.458,3.13,162.29,synthetic_geological_survey
4853,Mine_04853,Sand,0.248,0.662,0.38,2.02,159.65,synthetic_geological_survey
4854,Mine_04854,Granite,0.716,0.268,0.621,2.09,123.45,synthetic_geological_survey
4855,Mine_04855,Limestone,0.562,0.468,0.392,3.57,170.85,synthetic_geological_survey
4856,Mine_04856,Limestone,0.701,0.584,0.233,3.53,49.92,synthetic_geological_survey
4857,Mine_04857,Iron Ore,0.61,0.348,0.618,3.93,58.37,synthetic_geological_survey
4858,Mine_04858,Sandstone,0.525,0.63,0.57,1.49,154.89,synthetic_geological_survey
4859,Mine_04859,Sand,0.243,0.649,0.68,2.91,73.37,synthetic_geological_survey
4860,Mine_04860,Iron Ore,0.608,0.347,0.553,2.27,121.54,synthetic_geological_survey
4861,Mine_04861,Silica Sand,0.408,0.713,0.523,0.52,72.0,synthetic_geological_survey
4862,Mine_04862,Salt,0.868,0.193,0.76,3.06,26.53,synthetic_geological_survey
4863,Mine_04863,Iron Ore,0.706,0.403,0.609,1.76,76.97,synthetic_geological_survey
4864,Mine_04864,Marble,0.713,0.333,0.592,2.82,153.12,synthetic_geological_survey
4865,Mine_04865,Iron Ore,0.689,0.394,0.39,2.3,189.67,synthetic_geological_survey
4866,Mine_04866,Marble,0.851,0.397,0.363,3.97,111.53,synthetic_geological_survey
4867,Mine_04867,Silica Sand,0.405,0.709,0.217,3.21,152.26,synthetic_geological_survey
4868,Mine_04868,Limestone,0.683,0.569,0.208,3.42,61.35,synthetic_geological_survey
4869,Mine_04869,Silica Sand,0.432,0.756,0.262,1.22,180.92,synthetic_geological_survey
4870,Mine_04870,Granite,0.785,0.295,0.486,1.51,111.46,synthetic_geological_survey
4871,Mine_04871,Granite,0.916,0.344,0.762,4.48,163.46,synthetic_geological_survey
4872,Mine_04872,Sand,0.352,0.939,0.259,2.84,144.98,synthetic_geological_survey
4873,Mine_04873,Sand,0.338,0.902,0.708,4.26,89.46,synthetic_geological_survey
4874,Mine_04874,Sandstone,0.403,0.484,0.4,3.78,116.62,synthetic_geological_survey
4875,Mine_04875,Sandstone,0.411,0.493,0.71,1.86,126.83,synthetic_geological_survey
4876,Mine_04876,Salt,0.811,0.18,0.552,4.31,95.33,synthetic_geological_survey
4877,Mine_04877,Sandstone,0.567,0.68,0.327,1.27,144.53,synthetic_geological_survey
4878,Mine_04878,Limestone,0.595,0.496,0.764,3.27,24.1,synthetic_geological_survey
4879,Mine_04879,Marble,0.665,0.311,0.677,1.78,153.8,synthetic_geological_survey
4880,Mine_04880,Sand,0.249,0.665,0.701,1.06,117.72,synthetic_geological_survey
4881,Mine_04881,Salt,0.796,0.177,0.48,1.83,125.19,synthetic_geological_survey
4882,Mine_04882,Limestone,0.494,0.412,0.47,2.45,191.67,synthetic_geological_survey
4883,Mine_04883,Limestone,0.594,0.495,0.305,3.31,36.08,synthetic_geological_survey
4884,Mine_04884,Salt,1.016,0.226,0.543,4.12,36.68,synthetic_geological_survey
4885,Mine_04885,Sandstone,0.541,0.649,0.377,0.62,141.26,synthetic_geological_survey
4886,Mine_04886,Limestone,0.605,0.504,0.314,4.08,65.53,synthetic_geological_survey
4887,Mine_04887,Sandstone,0.414,0.496,0.517,4.15,111.06,synthetic_geological_survey
4888,Mine_04888,Granite,0.702,0.263,0.294,1.75,158.21,synthetic_geological_survey
4889,Mine_04889,Marble,0.619,0.289,0.637,3.2,80.86,synthetic_geological_survey
4890,Mine_04890,Limestone,0.602,0.501,0.293,4.43,166.55,synthetic_geological_survey
4891,Mine_04891,Silica Sand,0.38,0.665,0.791,4.15,133.18,synthetic_geological_survey
4892,Mine_04892,Iron Ore,0.634,0.363,0.415,1.91,45.36,synthetic_geological_survey
4893,Mine_04893,Sand,0.287,0.765,0.247,0.6,161.96,synthetic_geological_survey
4894,Mine_04894,Sand,0.315,0.84,0.71,2.12,55.61,synthetic_geological_survey
4895,Mine_04895,Silica Sand,0.367,0.642,0.419,4.79,164.82,synthetic_geological_survey
4896,Mine_04896,Sandstone,0.454,0.545,0.645,4.56,24.43,synthetic_geological_survey
4897,Mine_04897,Marble,0.64,0.298,0.353,3.11,47.31,synthetic_geological_survey
4898,Mine_04898,Sandstone,0.579,0.695,0.356,2.62,96.91,synthetic_geological_survey
4899,Mine_04899,Iron Ore,0.712,0.407,0.439,3.51,160.48,synthetic_geological_survey
4900,Mine_04900,Salt,0.894,0.199,0.412,1.35,132.41,synthetic_geological_survey
4901,Mine_04901,Silica Sand,0.325,0.569,0.268,3.14,136.18,synthetic_geological_survey
4902,Mine_04902,Limestone,0.572,0.476,0.304,4.75,192.55,synthetic_geological_survey
4903,Mine_04903,Salt,0.819,0.182,0.347,1.61,53.57,synthetic_geological_survey
4904,Mine_04904,Iron Ore,0.664,0.38,0.77,2.99,112.58,synthetic_geological_survey
4905,Mine_04905,Sandstone,0.584,0.701,0.571,4.97,98.47,synthetic_geological_survey
4906,Mine_04906,Sand,0.322,0.858,0.523,2.26,78.45,synthetic_geological_survey
4907,Mine_04907,Marble,0.697,0.325,0.717,3.17,102.86,synthetic_geological_survey
4908,Mine_04908,Iron Ore,0.7,0.4,0.301,0.91,191.48,synthetic_geological_survey
4909,Mine_04909,Sandstone,0.581,0.697,0.259,0.92,182.59,synthetic_geological_survey
4910,Mine_04910,Marble,0.621,0.29,0.757,2.39,21.12,synthetic_geological_survey
4911,Mine_04911,Sandstone,0.516,0.619,0.682,2.79,89.11,synthetic_geological_survey
4912,Mine_04912,Iron Ore,0.61,0.349,0.561,2.67,147.56,synthetic_geological_survey
4913,Mine_04913,Limestone,0.708,0.59,0.317,4.17,70.98,synthetic_geological_survey
4914,Mine_04914,Silica Sand,0.343,0.599,0.314,1.17,136.94,synthetic_geological_survey
4915,Mine_04915,Limestone,0.487,0.406,0.634,3.84,97.35,synthetic_geological_survey
4916,Mine_04916,Silica Sand,0.398,0.696,0.627,4.2,179.91,synthetic_geological_survey
4917,Mine_04917,Silica Sand,0.449,0.786,0.518,0.97,58.0,synthetic_geological_survey
4918,Mine_04918,Limestone,0.583,0.485,0.601,1.33,25.76,synthetic_geological_survey
4919,Mine_04919,Marble,0.609,0.284,0.783,2.88,172.06,synthetic_geological_survey
4920,Mine_04920,Sandstone,0.52,0.624,0.615,0.64,87.31,synthetic_geological_survey
4921,Mine_04921,Sand,0.252,0.672,0.306,4.57,148.63,synthetic_geological_survey
4922,Mine_04922,Marble,0.83,0.387,0.492,1.9,180.28,synthetic_geological_survey
4923,Mine_04923,Salt,0.849,0.189,0.762,4.09,67.9,synthetic_geological_survey
4924,Mine_04924,Sandstone,0.527,0.633,0.533,4.5,194.33,synthetic_geological_survey
4925,Mine_04925,Silica Sand,0.423,0.741,0.482,4.18,170.17,synthetic_geological_survey
4926,Mine_04926,Salt,1.038,0.231,0.516,0.54,81.97,synthetic_geological_survey
4927,Mine_04927,Granite,0.815,0.306,0.289,4.05,198.83,synthetic_geological_survey
4928,Mine_04928,Sandstone,0.51,0.613,0.756,0.82,140.14,synthetic_geological_survey
4929,Mine_04929,Granite,0.888,0.333,0.498,4.36,142.83,synthetic_geological_survey
4930,Mine_04930,Salt,0.974,0.217,0.621,3.77,42.31,synthetic_geological_survey
4931,Mine_04931,Marble,0.65,0.303,0.796,4.99,28.41,synthetic_geological_survey
4932,Mine_04932,Sandstone,0.476,0.571,0.748,1.6,117.88,synthetic_geological_survey
4933,Mine_04933,Sand,0.244,0.651,0.232,3.83,86.54,synthetic_geological_survey
4934,Mine_04934,Iron Ore,0.599,0.342,0.33,1.22,22.08,synthetic_geological_survey
4935,Mine_04935,Sand,0.296,0.789,0.411,1.28,181.09,synthetic_geological_survey
4936,Mine_04936,Sand,0.256,0.683,0.414,1.1,24.97,synthetic_geological_survey
4937,Mine_04937,Sand,0.345,0.919,0.36,0.88,119.66,synthetic_geological_survey
4938,Mine_04938,Marble,0.616,0.288,0.281,1.06,86.99,synthetic_geological_survey
4939,Mine_04939,Granite,0.753,0.282,0.485,3.11,122.06,synthetic_geological_survey
4940,Mine_04940,Iron Ore,0.816,0.466,0.616,3.87,153.23,synthetic_geological_survey
4941,Mine_04941,Sandstone,0.503,0.604,0.662,3.77,108.14,synthetic_geological_survey
4942,Mine_04942,Granite,0.76,0.285,0.491,4.94,86.57,synthetic_geological_survey
4943,Mine_04943,Sand,0.3,0.8,0.535,3.39,33.4,synthetic_geological_survey
4944,Mine_04944,Iron Ore,0.585,0.335,0.432,0.62,125.27,synthetic_geological_survey
4945,Mine_04945,Sand,0.291,0.777,0.635,4.57,98.09,synthetic_geological_survey
4946,Mine_04946,Marble,0.639,0.298,0.276,4.2,139.71,synthetic_geological_survey
4947,Mine_04947,Silica Sand,0.468,0.819,0.355,3.93,108.62,synthetic_geological_survey
4948,Mine_04948,Silica Sand,0.357,0.625,0.632,1.8,21.82,synthetic_geological_survey
4949,Mine_04949,Sandstone,0.432,0.518,0.636,0.83,109.05,synthetic_geological_survey
4950,Mine_04950,Granite,0.688,0.258,0.273,3.91,89.97,synthetic_geological_survey
4951,Mine_04951,Silica Sand,0.355,0.622,0.745,4.63,101.63,synthetic_geological_survey
4952,Mine_04952,Sand,0.245,0.654,0.792,4.06,176.35,synthetic_geological_survey
4953,Mine_04953,Salt,1.027,0.228,0.435,1.36,39.94,synthetic_geological_survey
4954,Mine_04954,Limestone,0.524,0.436,0.329,2.18,79.82,synthetic_geological_survey
4955,Mine_04955,Iron Ore,0.628,0.359,0.266,4.15,180.11,synthetic_geological_survey
4956,Mine_04956,Iron Ore,0.82,0.469,0.383,4.36,87.58,synthetic_geological_survey
4957,Mine_04957,Granite,0.835,0.313,0.25,1.9,70.64,synthetic_geological_survey
4958,Mine_04958,Limestone,0.693,0.577,0.485,2.28,154.8,synthetic_geological_survey
4959,Mine_04959,Silica Sand,0.358,0.627,0.776,4.3,149.92,synthetic_geological_survey
4960,Mine_04960,Iron Ore,0.654,0.374,0.474,2.61,40.71,synthetic_geological_survey
4961,Mine_04961,Iron Ore,0.83,0.475,0.484,4.27,67.77,synthetic_geological_survey
4962,Mine_04962,Sandstone,0.524,0.628,0.303,4.07,80.23,synthetic_geological_survey
4963,Mine_04963,Salt,1.072,0.238,0.365,3.45,158.07,synthetic_geological_survey
4964,Mine_04964,Marble,0.706,0.329,0.643,3.25,59.32,synthetic_geological_survey
4965,Mine_04965,Marble,0.739,0.345,0.387,3.87,145.5,synthetic_geological_survey
4966,Mine_04966,Sandstone,0.411,0.493,0.319,1.44,103.63,synthetic_geological_survey
4967,Mine_04967,Salt,0.728,0.162,0.677,4.63,104.67,synthetic_geological_survey
4968,Mine_04968,Sandstone,0.593,0.711,0.242,4.16,22.73,synthetic_geological_survey
4969,Mine_04969,Marble,0.787,0.367,0.316,0.57,43.37,synthetic_geological_survey
4970,Mine_04970,Limestone,0.568,0.473,0.378,2.97,124.49,synthetic_geological_survey
4971,Mine_04971,Salt,0.833,0.185,0.637,4.34,120.77,synthetic_geological_survey
4972,Mine_04972,Iron Ore,0.697,0.398,0.653,2.93,105.64,synthetic_geological_survey
4973,Mine_04973,Silica Sand,0.452,0.791,0.212,0.68,123.36,synthetic_geological_survey
4974,Mine_04974,Sandstone,0.566,0.679,0.71,0.82,176.49,synthetic_geological_survey
4975,Mine_04975,Salt,0.996,0.221,0.21,3.18,108.48,synthetic_geological_survey
4976,Mine_04976,Sandstone,0.559,0.671,0.424,1.93,126.83,synthetic_geological_survey
4977,Mine_04977,Sandstone,0.492,0.591,0.73,0.62,69.44,synthetic_geological_survey
4978,Mine_04978,Limestone,0.699,0.582,0.551,2.7,184.79,synthetic_geological_survey
4979,Mine_04979,Silica Sand,0.378,0.661,0.771,1.07,182.85,synthetic_geological_survey
4980,Mine_04980,Marble,0.608,0.284,0.459,4.35,74.02,synthetic_geological_survey
4981,Mine_04981,Sandstone,0.449,0.539,0.772,3.88,150.16,synthetic_geological_survey
4982,Mine_04982,Iron Ore,0.756,0.432,0.499,2.65,54.59,synthetic_geological_survey
4983,Mine_04983,Sand,0.34,0.908,0.302,4.63,24.65,synthetic_geological_survey
4984,Mine_04984,Silica Sand,0.338,0.591,0.472,3.77,175.15,synthetic_geological_survey
4985,Mine_04985,Limestone,0.527,0.439,0.612,4.87,145.7,synthetic_geological_survey
4986,Mine_04986,Iron Ore,0.676,0.386,0.474,4.4,176.81,synthetic_geological_survey
4987,Mine_04987,Sandstone,0.515,0.618,0.247,1.4,105.44,synthetic_geological_survey
4988,Mine_04988,Granite,0.77,0.289,0.575,4.45,192.19,synthetic_geological_survey
4989,Mine_04989,Iron Ore,0.671,0.383,0.227,4.25,128.57,synthetic_geological_survey
4990,Mine_04990,Sandstone,0.509,0.61,0.449,1.52,182.58,synthetic_geological_survey
4991,Mine_04991,Sand,0.243,0.649,0.378,2.95,179.11,synthetic_geological_survey
4992,Mine_04992,Silica Sand,0.398,0.696,0.788,4.59,33.34,synthetic_geological_survey
4993,Mine_04993,Sand,0.268,0.715,0.482,4.06,24.6,synthetic_geological_survey
4994,Mine_04994,Salt,0.774,0.172,0.295,3.58,183.55,synthetic_geological_survey
4995,Mine_04995,Granite,0.859,0.322,0.37,2.63,181.59,synthetic_geological_survey
4996,Mine_04996,Sand,0.334,0.892,0.67,3.88,176.07,synthetic_geological_survey
4997,Mine_04997,Salt,0.923,0.205,0.774,3.94,60.33,synthetic_geological_survey
4998,Mine_04998,Granite,0.672,0.252,0.328,1.7,57.44,synthetic_geological_survey
4999,Mine_04999,Sand,0.281,0.75,0.337,2.6,189.12,synthetic_geological_survey
5000,Mine_05000,Marble,0.797,0.372,0.51,1.39,157.75,synthetic_geological_survey
5001,Mine_05001,Salt,1.002,0.223,0.424,2.97,57.25,synthetic_geological_survey
5002,Mine_05002,Silica Sand,0.446,0.781,0.74,3.58,177.97,synthetic_geological_survey
5003,Mine_05003,Limestone,0.699,0.582,0.598,1.14,26.58,synthetic_geological_survey
5004,Mine_05004,Limestone,0.584,0.486,0.583,3.07,104.03,synthetic_geological_survey
5005,Mine_05005,Granite,0.68,0.255,0.563,3.1,41.97,synthetic_geological_survey
5006,Mine_05006,Silica Sand,0.358,0.627,0.416,4.89,199.51,synthetic_geological_survey
5007,Mine_05007,Iron Ore,0.687,0.393,0.702,3.57,184.6,synthetic_geological_survey
5008,Mine_05008,Limestone,0.569,0.474,0.386,0.74,63.54,synthetic_geological_survey
5009,Mine_05009,Granite,0.689,0.258,0.249,3.84,139.41,synthetic_geological_survey
5010,Mine_05010,Marble,0.868,0.405,0.548,0.85,87.05,synthetic_geological_survey
5011,Mine_05011,Sand,0.308,0.822,0.641,4.28,186.05,synthetic_geological_survey
5012,Mine_05012,Silica Sand,0.466,0.816,0.748,1.22,88.62,synthetic_geological_survey
5013,Mine_05013,Granite,0.934,0.35,0.226,0.82,162.41,synthetic_geological_survey
5014,Mine_05014,Sand,0.326,0.869,0.329,1.1,63.01,synthetic_geological_survey
5015,Mine_05015,Limestone,0.555,0.462,0.226,4.78,106.95,synthetic_geological_survey
5016,Mine_05016,Limestone,0.557,0.464,0.561,2.99,178.69,synthetic_geological_survey
5017,Mine_05017,Granite,0.668,0.25,0.761,1.93,159.75,synthetic_geological_survey
5018,Mine_05018,Marble,0.833,0.389,0.378,0.88,57.96,synthetic_geological_survey
5019,Mine_05019,Sand,0.277,0.739,0.477,4.86,59.77,synthetic_geological_survey
5020,Mine_05020,Granite,0.913,0.342,0.448,3.34,123.85,synthetic_geological_survey
5021,Mine_05021,Limestone,0.506,0.421,0.674,0.78,197.2,synthetic_geological_survey
5022,Mine_05022,Silica Sand,0.455,0.796,0.283,1.85,50.87,synthetic_geological_survey
5023,Mine_05023,Limestone,0.604,0.504,0.753,0.8,186.07,synthetic_geological_survey
5024,Mine_05024,Sandstone,0.499,0.599,0.59,2.88,57.03,synthetic_geological_survey
5025,Mine_05025,Marble,0.795,0.371,0.551,2.6,68.07,synthetic_geological_survey
5026,Mine_05026,Sand,0.281,0.75,0.503,0.69,80.3,synthetic_geological_survey
5027,Mine_05027,Iron Ore,0.688,0.393,0.259,3.75,117.23,synthetic_geological_survey
5028,Mine_05028,Salt,0.861,0.191,0.476,4.46,71.74,synthetic_geological_survey
5029,Mine_05029,Marble,0.664,0.31,0.443,2.17,28.68,synthetic_geological_survey
5030,Mine_05030,Silica Sand,0.344,0.602,0.268,1.24,56.91,synthetic_geological_survey
5031,Mine_05031,Limestone,0.646,0.538,0.751,3.51,63.55,synthetic_geological_survey
5032,Mine_05032,Silica Sand,0.346,0.605,0.407,2.43,134.49,synthetic_geological_survey
5033,Mine_05033,Iron Ore,0.811,0.463,0.708,4.6,128.21,synthetic_geological_survey
5034,Mine_05034,Iron Ore,0.567,0.324,0.687,1.0,38.97,synthetic_geological_survey
5035,Mine_05035,Marble,0.643,0.3,0.219,4.31,121.02,synthetic_geological_survey
5036,Mine_05036,Iron Ore,0.755,0.431,0.278,4.58,190.08,synthetic_geological_survey
5037,Mine_05037,Sand,0.336,0.896,0.794,2.42,64.95,synthetic_geological_survey
5038,Mine_05038,Marble,0.888,0.414,0.749,4.74,173.26,synthetic_geological_survey
5039,Mine_05039,Salt,0.766,0.17,0.573,0.99,151.11,synthetic_geological_survey
5040,Mine_05040,Limestone,0.579,0.483,0.603,0.53,69.21,synthetic_geological_survey
5041,Mine_05041,Limestone,0.66,0.55,0.585,4.55,60.5,synthetic_geological_survey
5042,Mine_05042,Sandstone,0.542,0.651,0.677,4.82,41.74,synthetic_geological_survey
5043,Mine_05043,Marble,0.767,0.358,0.633,4.21,25.58,synthetic_geological_survey
5044,Mine_05044,Sandstone,0.482,0.578,0.284,5.0,59.6,synthetic_geological_survey
5045,Mine_05045,Granite,0.67,0.251,0.799,1.86,58.85,synthetic_geological_survey
5046,Mine_05046,Silica Sand,0.466,0.816,0.745,1.5,42.58,synthetic_geological_survey
5047,Mine_05047,Marble,0.678,0.316,0.599,2.76,30.66,synthetic_geological_survey
5048,Mine_05048,Silica Sand,0.43,0.753,0.612,2.73,177.62,synthetic_geological_survey
5049,Mine_05049,Sand,0.321,0.857,0.699,2.47,60.35,synthetic_geological_survey
5050,Mine_05050,Limestone,0.649,0.541,0.303,3.82,39.54,synthetic_geological_survey
5051,Mine_05051,Sandstone,0.408,0.49,0.643,3.84,49.28,synthetic_geological_survey
5052,Mine_05052,Marble,0.607,0.283,0.403,2.18,170.47,synthetic_geological_survey
5053,Mine_05053,Limestone,0.627,0.522,0.586,1.7,94.96,synthetic_geological_survey
5054,Mine_05054,Silica Sand,0.47,0.822,0.47,3.53,182.15,synthetic_geological_survey
5055,Mine_05055,Marble,0.843,0.393,0.651,1.25,89.86,synthetic_geological_survey
5056,Mine_05056,Sandstone,0.599,0.718,0.256,2.45,41.15,synthetic_geological_survey
5057,Mine_05057,Granite,0.776,0.291,0.332,2.45,147.27,synthetic_geological_survey
5058,Mine_05058,Marble,0.619,0.289,0.434,1.39,131.36,synthetic_geological_survey
5059,Mine_05059,Sandstone,0.594,0.712,0.58,1.39,56.07,synthetic_geological_survey
5060,Mine_05060,Iron Ore,0.805,0.46,0.328,4.8,76.76,synthetic_geological_survey
5061,Mine_05061,Silica Sand,0.431,0.754,0.263,3.9,55.65,synthetic_geological_survey
5062,Mine_05062,Sandstone,0.566,0.679,0.521,4.14,181.7,synthetic_geological_survey
5063,Mine_05063,Salt,0.783,0.174,0.66,4.66,32.7,synthetic_geological_survey
5064,Mine_05064,Marble,0.765,0.357,0.395,4.45,43.25,synthetic_geological_survey
5065,Mine_05065,Marble,0.897,0.419,0.663,3.22,38.47,synthetic_geological_survey
5066,Mine_05066,Limestone,0.68,0.567,0.798,1.65,149.98,synthetic_geological_survey
5067,Mine_05067,Salt,0.978,0.217,0.371,0.52,175.6,synthetic_geological_survey
5068,Mine_05068,Sandstone,0.443,0.531,0.664,4.53,128.48,synthetic_geological_survey
5069,Mine_05069,Iron Ore,0.704,0.402,0.742,3.54,21.51,synthetic_geological_survey
5070,Mine_05070,Iron Ore,0.69,0.395,0.489,4.52,168.72,synthetic_geological_survey
5071,Mine_05071,Sandstone,0.499,0.598,0.517,3.44,199.01,synthetic_geological_survey
5072,Mine_05072,Limestone,0.611,0.509,0.432,3.08,170.79,synthetic_geological_survey
5073,Mine_05073,Silica Sand,0.329,0.576,0.435,0.84,63.96,synthetic_geological_survey
5074,Mine_05074,Salt,0.936,0.208,0.577,2.02,69.21,synthetic_geological_survey
5075,Mine_05075,Granite,0.752,0.282,0.233,4.78,137.94,synthetic_geological_survey
5076,Mine_05076,Silica Sand,0.328,0.575,0.749,2.32,23.28,synthetic_geological_survey
5077,Mine_05077,Granite,0.787,0.295,0.366,2.1,93.61,synthetic_geological_survey
5078,Mine_05078,Iron Ore,0.665,0.38,0.311,1.65,40.81,synthetic_geological_survey
5079,Mine_05079,Limestone,0.505,0.421,0.344,3.84,119.01,synthetic_geological_survey
5080,Mine_05080,Limestone,0.564,0.47,0.224,2.25,101.57,synthetic_geological_survey
5081,Mine_05081,Marble,0.654,0.305,0.788,4.41,20.67,synthetic_geological_survey
5082,Mine_05082,Silica Sand,0.353,0.618,0.297,2.06,143.92,synthetic_geological_survey
5083,Mine_05083,Silica Sand,0.372,0.651,0.419,3.22,99.57,synthetic_geological_survey
5084,Mine_05084,Sand,0.257,0.685,0.765,3.68,147.43,synthetic_geological_survey
5085,Mine_05085,Marble,0.606,0.283,0.382,3.72,20.95,synthetic_geological_survey
5086,Mine_05086,Marble,0.676,0.315,0.741,1.28,94.16,synthetic_geological_survey
5087,Mine_05087,Sand,0.279,0.745,0.333,1.5,146.65,synthetic_geological_survey
5088,Mine_05088,Silica Sand,0.448,0.783,0.77,4.63,86.33,synthetic_geological_survey
5089,Mine_05089,Iron Ore,0.659,0.377,0.303,1.28,147.52,synthetic_geological_survey
5090,Mine_05090,Sandstone,0.59,0.708,0.661,1.32,161.75,synthetic_geological_survey
5091,Mine_05091,Salt,0.812,0.18,0.57,4.19,152.76,synthetic_geological_survey
5092,Mine_05092,Marble,0.845,0.394,0.585,4.14,34.47,synthetic_geological_survey
5093,Mine_05093,Salt,1.024,0.228,0.292,3.34,158.31,synthetic_geological_survey
5094,Mine_05094,Salt,0.777,0.173,0.341,4.59,45.24,synthetic_geological_survey
5095,Mine_05095,Salt,0.866,0.193,0.794,0.92,88.66,synthetic_geological_survey
5096,Mine_05096,Iron Ore,0.827,0.472,0.547,3.04,199.8,synthetic_geological_survey
5097,Mine_05097,Limestone,0.504,0.42,0.658,2.07,99.14,synthetic_geological_survey
5098,Mine_05098,Sandstone,0.429,0.515,0.203,3.71,73.68,synthetic_geological_survey
5099,Mine_05099,Sandstone,0.513,0.616,0.478,3.35,154.82,synthetic_geological_survey
5100,Mine_05100,Granite,0.865,0.324,0.209,1.12,97.21,synthetic_geological_survey
5101,Mine_05101,Silica Sand,0.453,0.793,0.546,3.95,149.52,synthetic_geological_survey
5102,Mine_05102,Limestone,0.568,0.473,0.798,3.14,42.21,synthetic_geological_survey
5103,Mine_05103,Marble,0.851,0.397,0.422,4.88,29.35,synthetic_geological_survey
5104,Mine_05104,Sandstone,0.573,0.688,0.208,0.86,172.86,synthetic_geological_survey
5105,Mine_05105,Limestone,0.664,0.553,0.358,0.61,126.32,synthetic_geological_survey
5106,Mine_05106,Sandstone,0.509,0.611,0.417,1.47,65.48,synthetic_geological_survey
5107,Mine_05107,Iron Ore,0.696,0.398,0.62,3.38,126.31,synthetic_geological_survey
5108,Mine_05108,Sand,0.278,0.742,0.714,1.27,64.04,synthetic_geological_survey
5109,Mine_05109,Iron Ore,0.703,0.402,0.505,4.11,127.48,synthetic_geological_survey
5110,Mine_05110,Granite,0.816,0.306,0.74,4.22,115.13,synthetic_geological_survey
5111,Mine_05111,Sand,0.293,0.782,0.742,0.53,193.34,synthetic_geological_survey
5112,Mine_05112,Sandstone,0.497,0.597,0.585,1.25,155.17,synthetic_geological_survey
5113,Mine_05113,Marble,0.803,0.375,0.488,2.39,149.8,synthetic_geological_survey
5114,Mine_05114,Sandstone,0.452,0.542,0.739,0.57,161.98,synthetic_geological_survey
5115,Mine_05115,Silica Sand,0.322,0.564,0.292,3.85,91.41,synthetic_geological_survey
5116,Mine_05116,Sand,0.274,0.73,0.763,2.0,143.41,synthetic_geological_survey
5117,Mine_05117,Iron Ore,0.825,0.472,0.65,4.94,117.88,synthetic_geological_survey
5118,Mine_05118,Silica Sand,0.393,0.688,0.361,1.8,160.2,synthetic_geological_survey
5119,Mine_05119,Sand,0.249,0.665,0.429,2.63,133.89,synthetic_geological_survey
5120,Mine_05120,Silica Sand,0.431,0.755,0.275,3.53,68.76,synthetic_geological_survey
5121,Mine_05121,Silica Sand,0.478,0.837,0.747,2.49,118.82,synthetic_geological_survey
5122,Mine_05122,Granite,0.866,0.325,0.499,1.07,190.88,synthetic_geological_survey
5123,Mine_05123,Sandstone,0.596,0.715,0.576,0.58,129.77,synthetic_geological_survey
5124,Mine_05124,Sand,0.324,0.865,0.232,4.32,193.36,synthetic_geological_survey
5125,Mine_05125,Silica Sand,0.369,0.646,0.743,0.82,150.85,synthetic_geological_survey
5126,Mine_05126,Granite,0.743,0.278,0.247,1.06,173.98,synthetic_geological_survey
5127,Mine_05127,Iron Ore,0.795,0.454,0.259,2.82,67.5,synthetic_geological_survey
5128,Mine_05128,Salt,0.909,0.202,0.33,2.68,43.66,synthetic_geological_survey
5129,Mine_05129,Granite,0.739,0.277,0.571,2.55,47.53,synthetic_geological_survey
5130,Mine_05130,Limestone,0.525,0.438,0.49,1.52,119.43,synthetic_geological_survey
5131,Mine_05131,Granite,0.656,0.246,0.299,0.61,40.48,synthetic_geological_survey
5132,Mine_05132,Silica Sand,0.338,0.591,0.588,3.61,94.61,synthetic_geological_survey
5133,Mine_05133,Limestone,0.57,0.475,0.668,3.16,194.78,synthetic_geological_survey
5134,Mine_05134,Marble,0.718,0.335,0.362,4.64,24.62,synthetic_geological_survey
5135,Mine_05135,Salt,0.97,0.216,0.273,3.86,65.87,synthetic_geological_survey
5136,Mine_05136,Sand,0.255,0.681,0.452,4.52,81.16,synthetic_geological_survey
5137,Mine_05137,Sandstone,0.575,0.69,0.481,4.42,178.71,synthetic_geological_survey
5138,Mine_05138,Iron Ore,0.625,0.357,0.68,0.62,109.6,synthetic_geological_survey
5139,Mine_05139,Sand,0.278,0.74,0.426,3.09,92.28,synthetic_geological_survey
5140,Mine_05140,Iron Ore,0.823,0.47,0.551,2.4,141.16,synthetic_geological_survey
5141,Mine_05141,Sand,0.249,0.664,0.678,1.86,192.08,synthetic_geological_survey
5142,Mine_05142,Sandstone,0.535,0.642,0.526,4.69,118.93,synthetic_geological_survey
5143,Mine_05143,Salt,0.869,0.193,0.251,2.81,65.31,synthetic_geological_survey
5144,Mine_05144,Silica Sand,0.348,0.61,0.495,4.2,87.88,synthetic_geological_survey
5145,Mine_05145,Limestone,0.509,0.424,0.451,3.44,82.5,synthetic_geological_survey
5146,Mine_05146,Marble,0.689,0.322,0.214,4.82,167.72,synthetic_geological_survey
5147,Mine_05147,Iron Ore,0.752,0.43,0.217,3.14,61.76,synthetic_geological_survey
5148,Mine_05148,Sand,0.245,0.654,0.517,0.91,196.67,synthetic_geological_survey
5149,Mine_05149,Silica Sand,0.395,0.691,0.456,3.76,26.75,synthetic_geological_survey
5150,Mine_05150,Salt,0.856,0.19,0.315,4.29,39.75,synthetic_geological_survey
5151,Mine_05151,Silica Sand,0.333,0.583,0.38,2.6,181.14,synthetic_geological_survey
5152,Mine_05152,Granite,0.96,0.36,0.445,0.9,113.15,synthetic_geological_survey
5153,Mine_05153,Sand,0.26,0.692,0.419,4.01,32.77,synthetic_geological_survey
5154,Mine_05154,Sand,0.357,0.951,0.697,2.81,92.02,synthetic_geological_survey
5155,Mine_05155,Sandstone,0.409,0.491,0.431,3.73,127.33,synthetic_geological_survey
5156,Mine_05156,Salt,0.816,0.181,0.793,0.83,181.65,synthetic_geological_survey
5157,Mine_05157,Granite,0.672,0.252,0.488,2.17,139.9,synthetic_geological_survey
5158,Mine_05158,Iron Ore,0.773,0.442,0.374,0.7,84.88,synthetic_geological_survey
5159,Mine_05159,Iron Ore,0.828,0.473,0.441,4.98,163.65,synthetic_geological_survey
5160,Mine_05160,Limestone,0.515,0.429,0.451,1.89,150.8,synthetic_geological_survey
5161,Mine_05161,Granite,0.685,0.257,0.479,3.63,125.6,synthetic_geological_survey
5162,Mine_05162,Salt,0.858,0.191,0.4,0.89,60.79,synthetic_geological_survey
5163,Mine_05163,Granite,0.718,0.269,0.64,2.55,106.84,synthetic_geological_survey
5164,Mine_05164,Iron Ore,0.83,0.474,0.667,2.47,145.58,synthetic_geological_survey
5165,Mine_05165,Limestone,0.54,0.45,0.355,2.45,119.64,synthetic_geological_survey
5166,Mine_05166,Silica Sand,0.323,0.565,0.682,1.46,181.44,synthetic_geological_survey
5167,Mine_05167,Sandstone,0.491,0.589,0.215,1.69,89.69,synthetic_geological_survey
5168,Mine_05168,Salt,1.074,0.239,0.634,1.58,40.59,synthetic_geological_survey
5169,Mine_05169,Salt,0.829,0.184,0.561,3.52,135.46,synthetic_geological_survey
5170,Mine_05170,Iron Ore,0.696,0.398,0.337,4.57,143.15,synthetic_geological_survey
5171,Mine_05171,Salt,1.048,0.233,0.416,2.21,45.3,synthetic_geological_survey
5172,Mine_05172,Limestone,0.51,0.425,0.212,4.41,105.86,synthetic_geological_survey
5173,Mine_05173,Granite,0.775,0.291,0.791,0.53,30.66,synthetic_geological_survey
5174,Mine_05174,Marble,0.87,0.406,0.421,2.96,42.47,synthetic_geological_survey
5175,Mine_05175,Sand,0.314,0.837,0.636,2.71,128.0,synthetic_geological_survey
5176,Mine_05176,Limestone,0.554,0.462,0.602,1.92,104.07,synthetic_geological_survey
5177,Mine_05177,Salt,1.064,0.236,0.342,1.21,40.07,synthetic_geological_survey
5178,Mine_05178,Salt,1.018,0.226,0.747,3.5,125.85,synthetic_geological_survey
5179,Mine_05179,Sandstone,0.484,0.581,0.413,2.66,178.91,synthetic_geological_survey
5180,Mine_05180,Granite,0.754,0.283,0.657,2.1,118.19,synthetic_geological_survey
5181,Mine_05181,Salt,0.813,0.181,0.359,0.75,97.91,synthetic_geological_survey
5182,Mine_05182,Sandstone,0.535,0.641,0.607,2.49,147.53,synthetic_geological_survey
5183,Mine_05183,Sand,0.268,0.714,0.472,4.63,106.22,synthetic_geological_survey
5184,Mine_05184,Marble,0.893,0.417,0.274,0.93,128.37,synthetic_geological_survey
5185,Mine_05185,Silica Sand,0.345,0.604,0.57,3.74,105.8,synthetic_geological_survey
5186,Mine_05186,Granite,0.752,0.282,0.784,4.81,158.44,synthetic_geological_survey
5187,Mine_05187,Salt,0.975,0.217,0.375,2.15,157.93,synthetic_geological_survey
5188,Mine_05188,Sandstone,0.437,0.524,0.409,3.77,130.98,synthetic_geological_survey
5189,Mine_05189,Marble,0.643,0.3,0.257,2.71,198.8,synthetic_geological_survey
5190,Mine_05190,Sand,0.256,0.682,0.571,2.73,113.71,synthetic_geological_survey
5191,Mine_05191,Marble,0.71,0.331,0.609,2.51,84.17,synthetic_geological_survey
5192,Mine_05192,Sandstone,0.514,0.617,0.254,1.87,196.64,synthetic_geological_survey
5193,Mine_05193,Limestone,0.662,0.552,0.226,1.49,142.37,synthetic_geological_survey
5194,Mine_05194,Salt,1.022,0.227,0.661,2.74,107.08,synthetic_geological_survey
5195,Mine_05195,Granite,0.692,0.26,0.314,4.71,184.01,synthetic_geological_survey
5196,Mine_05196,Sandstone,0.446,0.535,0.59,1.72,94.15,synthetic_geological_survey
5197,Mine_05197,Granite,0.67,0.251,0.765,1.59,38.83,synthetic_geological_survey
5198,Mine_05198,Salt,0.921,0.205,0.411,0.99,21.43,synthetic_geological_survey
5199,Mine_05199,Granite,0.712,0.267,0.208,4.37,48.71,synthetic_geological_survey
5200,Mine_05200,Salt,0.761,0.169,0.362,4.62,28.26,synthetic_geological_survey
5201,Mine_05201,Iron Ore,0.746,0.426,0.754,2.74,193.14,synthetic_geological_survey
5202,Mine_05202,Granite,0.923,0.346,0.259,1.56,75.4,synthetic_geological_survey
5203,Mine_05203,Sand,0.304,0.811,0.42,3.2,92.47,synthetic_geological_survey
5204,Mine_05204,Marble,0.815,0.381,0.652,0.73,48.82,synthetic_geological_survey
5205,Mine_05205,Sand,0.336,0.897,0.39,2.98,165.7,synthetic_geological_survey
5206,Mine_05206,Iron Ore,0.713,0.407,0.35,1.0,61.28,synthetic_geological_survey
5207,Mine_05207,Silica Sand,0.374,0.654,0.571,1.87,89.14,synthetic_geological_survey
5208,Mine_05208,Granite,0.71,0.266,0.323,3.04,127.5,synthetic_geological_survey
5209,Mine_05209,Sand,0.311,0.83,0.659,3.48,59.86,synthetic_geological_survey
5210,Mine_05210,Iron Ore,0.8,0.457,0.639,2.9,133.44,synthetic_geological_survey
5211,Mine_05211,Salt,0.974,0.216,0.344,1.99,114.89,synthetic_geological_survey
5212,Mine_05212,Salt,0.998,0.222,0.577,1.63,74.4,synthetic_geological_survey
5213,Mine_05213,Granite,0.77,0.289,0.363,1.49,126.4,synthetic_geological_survey
5214,Mine_05214,Marble,0.851,0.397,0.775,3.22,35.07,synthetic_geological_survey
5215,Mine_05215,Marble,0.633,0.295,0.406,3.31,77.96,synthetic_geological_survey
5216,Mine_05216,Marble,0.859,0.401,0.583,0.59,98.69,synthetic_geological_survey
5217,Mine_05217,Silica Sand,0.411,0.72,0.692,2.44,60.66,synthetic_geological_survey
5218,Mine_05218,Sandstone,0.423,0.508,0.77,3.99,84.76,synthetic_geological_survey
5219,Mine_05219,Marble,0.876,0.409,0.749,1.57,174.0,synthetic_geological_survey
5220,Mine_05220,Limestone,0.594,0.495,0.744,2.73,132.44,synthetic_geological_survey
5221,Mine_05221,Granite,0.917,0.344,0.425,3.41,29.2,synthetic_geological_survey
5222,Mine_05222,Salt,1.017,0.226,0.369,3.06,139.55,synthetic_geological_survey
5223,Mine_05223,Limestone,0.596,0.497,0.591,3.1,88.27,synthetic_geological_survey
5224,Mine_05224,Limestone,0.556,0.464,0.668,0.6,158.17,synthetic_geological_survey
5225,Mine_05225,Iron Ore,0.784,0.448,0.218,3.69,108.89,synthetic_geological_survey
5226,Mine_05226,Granite,0.878,0.329,0.206,1.97,84.42,synthetic_geological_survey
5227,Mine_05227,Marble,0.717,0.335,0.571,1.94,79.97,synthetic_geological_survey
5228,Mine_05228,Iron Ore,0.809,0.462,0.624,1.56,72.17,synthetic_geological_survey
5229,Mine_05229,Silica Sand,0.423,0.74,0.227,2.44,78.67,synthetic_geological_survey
5230,Mine_05230,Limestone,0.599,0.499,0.695,3.64,69.48,synthetic_geological_survey
5231,Mine_05231,Sandstone,0.463,0.556,0.516,3.02,62.41,synthetic_geological_survey
5232,Mine_05232,Granite,0.87,0.326,0.432,4.11,74.71,synthetic_geological_survey
5233,Mine_05233,Salt,0.964,0.214,0.302,4.85,128.66,synthetic_geological_survey
5234,Mine_05234,Granite,0.648,0.243,0.788,2.34,64.93,synthetic_geological_survey
5235,Mine_05235,Salt,0.889,0.197,0.249,2.57,86.49,synthetic_geological_survey
5236,Mine_05236,Silica Sand,0.405,0.71,0.257,4.02,106.5,synthetic_geological_survey
5237,Mine_05237,Granite,0.83,0.311,0.587,4.93,73.58,synthetic_geological_survey
5238,Mine_05238,Silica Sand,0.362,0.634,0.259,3.53,68.71,synthetic_geological_survey
5239,Mine_05239,Silica Sand,0.376,0.658,0.724,2.7,157.03,synthetic_geological_survey
5240,Mine_05240,Iron Ore,0.789,0.451,0.658,4.15,39.82,synthetic_geological_survey
5241,Mine_05241,Granite,0.904,0.339,0.492,4.03,132.93,synthetic_geological_survey
5242,Mine_05242,Limestone,0.617,0.514,0.301,3.37,150.94,synthetic_geological_survey
5243,Mine_05243,Sand,0.349,0.93,0.339,0.72,34.95,synthetic_geological_survey
5244,Mine_05244,Silica Sand,0.436,0.763,0.46,4.29,67.56,synthetic_geological_survey
5245,Mine_05245,Sand,0.269,0.717,0.293,1.75,110.28,synthetic_geological_survey
5246,Mine_05246,Sand,0.263,0.7,0.514,0.73,95.78,synthetic_geological_survey
5247,Mine_05247,Granite,0.868,0.326,0.407,4.77,122.12,synthetic_geological_survey
5248,Mine_05248,Sand,0.339,0.905,0.44,2.3,171.63,synthetic_geological_survey
5249,Mine_05249,Sandstone,0.407,0.488,0.219,0.6,28.53,synthetic_geological_survey
5250,Mine_05250,Silica Sand,0.397,0.695,0.637,4.08,158.02,synthetic_geological_survey
5251,Mine_05251,Sandstone,0.539,0.646,0.477,3.02,28.92,synthetic_geological_survey
5252,Mine_05252,Salt,0.829,0.184,0.263,4.14,69.54,synthetic_geological_survey
5253,Mine_05253,Sandstone,0.404,0.485,0.77,0.96,37.55,synthetic_geological_survey
5254,Mine_05254,Salt,0.887,0.197,0.759,2.41,48.59,synthetic_geological_survey
5255,Mine_05255,Salt,0.818,0.182,0.47,4.35,197.23,synthetic_geological_survey
5256,Mine_05256,Granite,0.936,0.351,0.392,3.78,35.14,synthetic_geological_survey
5257,Mine_05257,Salt,1.028,0.228,0.616,3.25,170.9,synthetic_geological_survey
5258,Mine_05258,Iron Ore,0.584,0.334,0.307,0.7,144.12,synthetic_geological_survey
5259,Mine_05259,Sandstone,0.566,0.679,0.614,1.84,93.57,synthetic_geological_survey
5260,Mine_05260,Sand,0.283,0.755,0.768,3.61,57.03,synthetic_geological_survey
5261,Mine_05261,Sand,0.306,0.815,0.29,4.73,174.6,synthetic_geological_survey
5262,Mine_05262,Iron Ore,0.734,0.419,0.594,0.59,90.28,synthetic_geological_survey
5263,Mine_05263,Silica Sand,0.396,0.693,0.306,3.56,104.53,synthetic_geological_survey
5264,Mine_05264,Sand,0.36,0.96,0.781,3.1,183.37,synthetic_geological_survey
5265,Mine_05265,Sand,0.258,0.687,0.575,0.91,91.62,synthetic_geological_survey
5266,Mine_05266,Granite,0.829,0.311,0.469,4.9,179.31,synthetic_geological_survey
5267,Mine_05267,Granite,0.791,0.297,0.284,2.45,158.91,synthetic_geological_survey
5268,Mine_05268,Iron Ore,0.682,0.39,0.687,1.32,89.88,synthetic_geological_survey
5269,Mine_05269,Sandstone,0.528,0.633,0.488,2.76,165.9,synthetic_geological_survey
5270,Mine_05270,Sandstone,0.577,0.692,0.26,1.77,69.11,synthetic_geological_survey
5271,Mine_05271,Marble,0.758,0.354,0.63,4.21,49.38,synthetic_geological_survey
5272,Mine_05272,Sand,0.348,0.928,0.263,1.88,127.33,synthetic_geological_survey
5273,Mine_05273,Sandstone,0.573,0.687,0.592,0.57,79.84,synthetic_geological_survey
5274,Mine_05274,Sandstone,0.448,0.538,0.219,4.54,41.47,synthetic_geological_survey
5275,Mine_05275,Sand,0.352,0.938,0.393,4.8,42.08,synthetic_geological_survey
5276,Mine_05276,Sandstone,0.512,0.615,0.223,2.3,144.56,synthetic_geological_survey
5277,Mine_05277,Silica Sand,0.347,0.608,0.673,2.99,166.56,synthetic_geological_survey
5278,Mine_05278,Iron Ore,0.561,0.32,0.443,3.18,131.68,synthetic_geological_survey
5279,Mine_05279,Marble,0.604,0.282,0.336,2.03,172.02,synthetic_geological_survey
5280,Mine_05280,Silica Sand,0.367,0.643,0.329,4.38,71.74,synthetic_geological_survey
5281,Mine_05281,Granite,0.875,0.328,0.465,2.86,160.48,synthetic_geological_survey
5282,Mine_05282,Silica Sand,0.381,0.666,0.623,2.73,156.28,synthetic_geological_survey
5283,Mine_05283,Granite,0.839,0.314,0.398,4.21,174.78,synthetic_geological_survey
5284,Mine_05284,Silica Sand,0.377,0.66,0.674,3.99,91.51,synthetic_geological_survey
5285,Mine_05285,Sandstone,0.431,0.517,0.364,1.98,28.46,synthetic_geological_survey
5286,Mine_05286,Silica Sand,0.326,0.57,0.633,2.29,130.06,synthetic_geological_survey
5287,Mine_05287,Limestone,0.697,0.581,0.512,2.68,25.81,synthetic_geological_survey
5288,Mine_05288,Silica Sand,0.389,0.68,0.723,3.86,62.62,synthetic_geological_survey
5289,Mine_05289,Granite,0.847,0.317,0.541,0.73,120.59,synthetic_geological_survey
5290,Mine_05290,Sandstone,0.576,0.692,0.464,3.4,128.01,synthetic_geological_survey
5291,Mine_05291,Salt,0.972,0.216,0.706,0.67,56.34,synthetic_geological_survey
5292,Mine_05292,Limestone,0.556,0.463,0.264,4.75,43.47,synthetic_geological_survey
5293,Mine_05293,Iron Ore,0.748,0.427,0.428,4.52,139.72,synthetic_geological_survey
5294,Mine_05294,Sand,0.29,0.773,0.287,0.98,43.54,synthetic_geological_survey
5295,Mine_05295,Marble,0.653,0.305,0.705,2.65,49.45,synthetic_geological_survey
5296,Mine_05296,Salt,0.955,0.212,0.433,1.79,174.13,synthetic_geological_survey
5297,Mine_05297,Sand,0.327,0.873,0.31,4.05,109.71,synthetic_geological_survey
5298,Mine_05298,Sand,0.304,0.81,0.746,3.43,131.65,synthetic_geological_survey
5299,Mine_05299,Granite,0.838,0.314,0.517,0.81,116.76,synthetic_geological_survey
5300,Mine_05300,Sand,0.355,0.946,0.585,2.97,122.48,synthetic_geological_survey
5301,Mine_05301,Salt,0.8,0.178,0.697,3.15,198.05,synthetic_geological_survey
5302,Mine_05302,Limestone,0.626,0.522,0.578,3.25,76.01,synthetic_geological_survey
5303,Mine_05303,Sand,0.288,0.767,0.258,4.98,43.57,synthetic_geological_survey
5304,Mine_05304,Iron Ore,0.703,0.402,0.398,4.55,113.41,synthetic_geological_survey
5305,Mine_05305,Iron Ore,0.644,0.368,0.729,0.92,22.12,synthetic_geological_survey
5306,Mine_05306,Marble,0.658,0.307,0.669,3.87,29.56,synthetic_geological_survey
5307,Mine_05307,Limestone,0.674,0.562,0.631,4.25,43.15,synthetic_geological_survey
5308,Mine_05308,Marble,0.697,0.325,0.332,1.29,88.46,synthetic_geological_survey
5309,Mine_05309,Limestone,0.625,0.521,0.461,1.34,56.57,synthetic_geological_survey
5310,Mine_05310,Limestone,0.589,0.491,0.71,1.7,120.68,synthetic_geological_survey
5311,Mine_05311,Sandstone,0.409,0.49,0.782,2.27,59.22,synthetic_geological_survey
5312,Mine_05312,Iron Ore,0.723,0.413,0.47,3.29,66.98,synthetic_geological_survey
5313,Mine_05313,Limestone,0.575,0.479,0.555,1.03,196.56,synthetic_geological_survey
5314,Mine_05314,Sandstone,0.581,0.697,0.453,1.94,196.85,synthetic_geological_survey
5315,Mine_05315,Limestone,0.694,0.579,0.734,4.02,70.31,synthetic_geological_survey
5316,Mine_05316,Silica Sand,0.461,0.806,0.436,2.55,188.68,synthetic_geological_survey
5317,Mine_05317,Salt,0.793,0.176,0.487,1.72,108.88,synthetic_geological_survey
5318,Mine_05318,Granite,0.71,0.266,0.348,1.53,110.71,synthetic_geological_survey
5319,Mine_05319,Granite,0.718,0.269,0.566,4.05,104.32,synthetic_geological_survey
5320,Mine_05320,Limestone,0.491,0.409,0.669,4.78,79.51,synthetic_geological_survey
5321,Mine_05321,Limestone,0.689,0.574,0.481,4.58,170.61,synthetic_geological_survey
5322,Mine_05322,Salt,0.77,0.171,0.352,3.2,67.21,synthetic_geological_survey
5323,Mine_05323,Limestone,0.677,0.564,0.238,2.13,142.25,synthetic_geological_survey
5324,Mine_05324,Marble,0.636,0.297,0.666,2.85,173.73,synthetic_geological_survey
5325,Mine_05325,Marble,0.884,0.413,0.651,4.73,151.97,synthetic_geological_survey
5326,Mine_05326,Limestone,0.621,0.517,0.377,0.63,85.59,synthetic_geological_survey
5327,Mine_05327,Silica Sand,0.324,0.567,0.628,1.8,83.56,synthetic_geological_survey
5328,Mine_05328,Silica Sand,0.406,0.71,0.225,3.05,60.39,synthetic_geological_survey
5329,Mine_05329,Marble,0.797,0.372,0.288,2.21,43.0,synthetic_geological_survey
5330,Mine_05330,Marble,0.882,0.412,0.355,4.21,198.39,synthetic_geological_survey
5331,Mine_05331,Granite,0.85,0.319,0.541,3.29,133.76,synthetic_geological_survey
5332,Mine_05332,Sandstone,0.426,0.512,0.447,1.38,109.44,synthetic_geological_survey
5333,Mine_05333,Limestone,0.7,0.584,0.269,0.92,22.93,synthetic_geological_survey
5334,Mine_05334,Granite,0.782,0.293,0.304,4.02,75.34,synthetic_geological_survey
5335,Mine_05335,Marble,0.602,0.281,0.358,0.96,73.89,synthetic_geological_survey
5336,Mine_05336,Granite,0.653,0.245,0.326,1.38,63.39,synthetic_geological_survey
5337,Mine_05337,Limestone,0.607,0.506,0.433,4.29,86.14,synthetic_geological_survey
5338,Mine_05338,Marble,0.708,0.33,0.798,3.36,181.89,synthetic_geological_survey
5339,Mine_05339,Silica Sand,0.473,0.828,0.452,0.81,160.33,synthetic_geological_survey
5340,Mine_05340,Sandstone,0.589,0.706,0.615,2.04,181.05,synthetic_geological_survey
5341,Mine_05341,Silica Sand,0.42,0.735,0.505,4.59,176.24,synthetic_geological_survey
5342,Mine_05342,Sand,0.27,0.719,0.785,2.75,176.2,synthetic_geological_survey
5343,Mine_05343,Granite,0.921,0.345,0.566,3.74,120.58,synthetic_geological_survey
5344,Mine_05344,Sandstone,0.515,0.618,0.652,4.68,150.05,synthetic_geological_survey
5345,Mine_05345,Sandstone,0.52,0.624,0.37,3.92,162.76,synthetic_geological_survey
5346,Mine_05346,Granite,0.728,0.273,0.505,1.66,58.64,synthetic_geological_survey
5347,Mine_05347,Granite,0.855,0.321,0.508,3.47,53.71,synthetic_geological_survey
5348,Mine_05348,Marble,0.632,0.295,0.752,0.82,147.22,synthetic_geological_survey
5349,Mine_05349,Granite,0.891,0.334,0.77,2.86,58.32,synthetic_geological_survey
5350,Mine_05350,Marble,0.771,0.36,0.776,4.73,115.98,synthetic_geological_survey
5351,Mine_05351,Sandstone,0.511,0.614,0.503,4.7,73.7,synthetic_geological_survey
5352,Mine_05352,Silica Sand,0.366,0.641,0.571,3.74,110.88,synthetic_geological_survey
5353,Mine_05353,Granite,0.845,0.317,0.58,3.78,118.27,synthetic_geological_survey
5354,Mine_05354,Limestone,0.571,0.476,0.715,0.67,193.79,synthetic_geological_survey
5355,Mine_05355,Sandstone,0.545,0.654,0.482,2.35,160.75,synthetic_geological_survey
5356,Mine_05356,Sand,0.312,0.832,0.387,4.71,128.86,synthetic_geological_survey
5357,Mine_05357,Granite,0.949,0.356,0.429,3.8,73.71,synthetic_geological_survey
5358,Mine_05358,Salt,1.025,0.228,0.253,4.47,81.7,synthetic_geological_survey
5359,Mine_05359,Marble,0.795,0.371,0.694,4.77,116.76,synthetic_geological_survey
5360,Mine_05360,Iron Ore,0.758,0.433,0.488,2.77,179.56,synthetic_geological_survey
5361,Mine_05361,Marble,0.726,0.339,0.287,1.8,70.86,synthetic_geological_survey
5362,Mine_05362,Limestone,0.576,0.48,0.771,4.6,183.56,synthetic_geological_survey
5363,Mine_05363,Limestone,0.529,0.441,0.591,1.7,41.08,synthetic_geological_survey
5364,Mine_05364,Iron Ore,0.583,0.333,0.628,1.11,64.97,synthetic_geological_survey
5365,Mine_05365,Sandstone,0.591,0.709,0.533,4.9,26.58,synthetic_geological_survey
5366,Mine_05366,Sandstone,0.547,0.657,0.698,1.6,147.68,synthetic_geological_survey
5367,Mine_05367,Silica Sand,0.456,0.799,0.623,0.68,131.28,synthetic_geological_survey
5368,Mine_05368,Salt,1.042,0.232,0.591,4.43,152.25,synthetic_geological_survey
5369,Mine_05369,Marble,0.77,0.359,0.644,3.39,154.64,synthetic_geological_survey
5370,Mine_05370,Sand,0.286,0.763,0.643,4.43,55.36,synthetic_geological_survey
5371,Mine_05371,Sandstone,0.499,0.598,0.341,1.51,192.45,synthetic_geological_survey
5372,Mine_05372,Sand,0.257,0.686,0.506,3.98,24.69,synthetic_geological_survey
5373,Mine_05373,Sand,0.295,0.788,0.201,2.14,170.86,synthetic_geological_survey
5374,Mine_05374,Limestone,0.531,0.443,0.547,3.52,82.32,synthetic_geological_survey
5375,Mine_05375,Iron Ore,0.838,0.479,0.504,4.68,92.3,synthetic_geological_survey
5376,Mine_05376,Limestone,0.59,0.492,0.293,4.09,21.64,synthetic_geological_survey
5377,Mine_05377,Marble,0.711,0.332,0.592,3.2,66.61,synthetic_geological_survey
5378,Mine_05378,Limestone,0.491,0.409,0.677,4.27,108.0,synthetic_geological_survey
5379,Mine_05379,Silica Sand,0.326,0.571,0.328,4.11,183.88,synthetic_geological_survey
5380,Mine_05380,Salt,0.722,0.161,0.604,1.0,104.61,synthetic_geological_survey
5381,Mine_05381,Iron Ore,0.591,0.338,0.38,2.73,142.47,synthetic_geological_survey
5382,Mine_05382,Marble,0.807,0.377,0.448,4.38,142.21,synthetic_geological_survey
5383,Mine_05383,Silica Sand,0.361,0.632,0.211,2.49,170.77,synthetic_geological_survey
5384,Mine_05384,Granite,0.724,0.272,0.488,4.74,94.28,synthetic_geological_survey
5385,Mine_05385,Salt,1.041,0.231,0.488,4.87,115.14,synthetic_geological_survey
5386,Mine_05386,Marble,0.699,0.326,0.782,3.43,69.15,synthetic_geological_survey
5387,Mine_05387,Salt,0.968,0.215,0.521,3.83,63.75,synthetic_geological_survey
5388,Mine_05388,Sand,0.244,0.651,0.262,1.6,101.13,synthetic_geological_survey
5389,Mine_05389,Iron Ore,0.767,0.438,0.271,0.87,75.38,synthetic_geological_survey
5390,Mine_05390,Silica Sand,0.346,0.605,0.399,0.71,133.89,synthetic_geological_survey
5391,Mine_05391,Marble,0.674,0.315,0.284,2.65,76.44,synthetic_geological_survey
5392,Mine_05392,Sand,0.347,0.926,0.207,3.86,109.49,synthetic_geological_survey
5393,Mine_05393,Silica Sand,0.39,0.682,0.466,3.27,144.18,synthetic_geological_survey
5394,Mine_05394,Silica Sand,0.325,0.569,0.426,3.8,45.52,synthetic_geological_survey
5395,Mine_05395,Silica Sand,0.437,0.766,0.388,3.59,146.02,synthetic_geological_survey
5396,Mine_05396,Marble,0.724,0.338,0.775,4.15,68.22,synthetic_geological_survey
5397,Mine_05397,Limestone,0.509,0.424,0.52,2.25,189.77,synthetic_geological_survey
5398,Mine_05398,Marble,0.758,0.354,0.701,1.74,65.18,synthetic_geological_survey
5399,Mine_05399,Sandstone,0.409,0.491,0.796,2.84,143.97,synthetic_geological_survey
5400,Mine_05400,Salt,0.907,0.201,0.673,1.64,109.44,synthetic_geological_survey
5401,Mine_05401,Sandstone,0.413,0.496,0.682,2.54,109.23,synthetic_geological_survey
5402,Mine_05402,Sand,0.323,0.861,0.763,2.13,92.58,synthetic_geological_survey
5403,Mine_05403,Iron Ore,0.756,0.432,0.261,3.07,41.87,synthetic_geological_survey
5404,Mine_05404,Salt,1.01,0.224,0.266,2.91,177.23,synthetic_geological_survey
5405,Mine_05405,Granite,0.947,0.355,0.347,4.23,43.42,synthetic_geological_survey
5406,Mine_05406,Salt,0.952,0.211,0.587,3.53,27.25,synthetic_geological_survey
5407,Mine_05407,Iron Ore,0.828,0.473,0.227,1.66,56.41,synthetic_geological_survey
5408,Mine_05408,Iron Ore,0.698,0.399,0.645,1.65,59.37,synthetic_geological_survey
5409,Mine_05409,Limestone,0.564,0.47,0.239,3.52,80.25,synthetic_geological_survey
5410,Mine_05410,Silica Sand,0.429,0.751,0.516,1.16,188.85,synthetic_geological_survey
5411,Mine_05411,Salt,0.759,0.169,0.79,2.16,199.09,synthetic_geological_survey
5412,Mine_05412,Granite,0.649,0.243,0.734,4.28,68.36,synthetic_geological_survey
5413,Mine_05413,Silica Sand,0.444,0.778,0.359,2.32,116.74,synthetic_geological_survey
5414,Mine_05414,Silica Sand,0.328,0.574,0.414,2.8,123.76,synthetic_geological_survey
5415,Mine_05415,Sand,0.335,0.893,0.743,4.98,54.19,synthetic_geological_survey
5416,Mine_05416,Silica Sand,0.373,0.653,0.797,0.96,160.73,synthetic_geological_survey
5417,Mine_05417,Sand,0.334,0.892,0.357,2.19,122.26,synthetic_geological_survey
5418,Mine_05418,Granite,0.84,0.315,0.481,2.39,189.51,synthetic_geological_survey
5419,Mine_05419,Sandstone,0.468,0.562,0.777,1.8,135.63,synthetic_geological_survey
5420,Mine_05420,Silica Sand,0.353,0.618,0.55,3.63,156.22,synthetic_geological_survey
5421,Mine_05421,Salt,0.979,0.218,0.346,3.63,87.06,synthetic_geological_survey
5422,Mine_05422,Granite,0.655,0.246,0.633,3.57,146.4,synthetic_geological_survey
5423,Mine_05423,Limestone,0.702,0.585,0.523,3.25,162.05,synthetic_geological_survey
5424,Mine_05424,Marble,0.896,0.418,0.506,1.18,48.47,synthetic_geological_survey
5425,Mine_05425,Marble,0.837,0.391,0.676,3.66,43.77,synthetic_geological_survey
5426,Mine_05426,Marble,0.86,0.401,0.266,1.59,160.67,synthetic_geological_survey
5427,Mine_05427,Limestone,0.535,0.446,0.281,0.94,93.08,synthetic_geological_survey
5428,Mine_05428,Limestone,0.56,0.466,0.213,4.57,100.82,synthetic_geological_survey
5429,Mine_05429,Granite,0.681,0.256,0.435,3.96,164.22,synthetic_geological_survey
5430,Mine_05430,Marble,0.617,0.288,0.617,1.14,178.77,synthetic_geological_survey
5431,Mine_05431,Sand,0.359,0.958,0.212,2.43,54.88,synthetic_geological_survey
5432,Mine_05432,Salt,0.739,0.164,0.795,4.83,97.11,synthetic_geological_survey
5433,Mine_05433,Salt,0.725,0.161,0.66,4.39,44.1,synthetic_geological_survey
5434,Mine_05434,Sandstone,0.407,0.488,0.6,0.9,90.66,synthetic_geological_survey
5435,Mine_05435,Silica Sand,0.349,0.61,0.228,2.6,47.77,synthetic_geological_survey
5436,Mine_05436,Salt,1.073,0.239,0.349,3.1,106.16,synthetic_geological_survey
5437,Mine_05437,Limestone,0.517,0.431,0.698,1.65,81.56,synthetic_geological_survey
5438,Mine_05438,Sand,0.342,0.911,0.41,4.79,42.97,synthetic_geological_survey
5439,Mine_05439,Iron Ore,0.825,0.472,0.505,3.72,162.52,synthetic_geological_survey
5440,Mine_05440,Limestone,0.575,0.479,0.228,4.06,148.06,synthetic_geological_survey
5441,Mine_05441,Granite,0.925,0.347,0.772,3.52,144.0,synthetic_geological_survey
5442,Mine_05442,Silica Sand,0.388,0.679,0.461,4.17,150.37,synthetic_geological_survey
5443,Mine_05443,Silica Sand,0.412,0.721,0.581,2.06,21.26,synthetic_geological_survey
5444,Mine_05444,Limestone,0.71,0.592,0.607,1.68,161.18,synthetic_geological_survey
5445,Mine_05445,Silica Sand,0.322,0.564,0.67,1.92,124.32,synthetic_geological_survey
5446,Mine_05446,Limestone,0.609,0.508,0.371,2.26,26.37,synthetic_geological_survey
5447,Mine_05447,Sandstone,0.543,0.651,0.788,3.64,129.16,synthetic_geological_survey
5448,Mine_05448,Iron Ore,0.772,0.441,0.213,2.59,182.42,synthetic_geological_survey
5449,Mine_05449,Granite,0.787,0.295,0.3,0.62,54.16,synthetic_geological_survey
5450,Mine_05450,Limestone,0.535,0.446,0.624,4.09,135.63,synthetic_geological_survey
5451,Mine_05451,Sand,0.252,0.672,0.396,0.83,114.35,synthetic_geological_survey
5452,Mine_05452,Sandstone,0.509,0.61,0.292,4.62,160.0,synthetic_geological_survey
5453,Mine_05453,Salt,0.749,0.166,0.379,3.77,25.61,synthetic_geological_survey
5454,Mine_05454,Limestone,0.65,0.541,0.753,2.96,140.18,synthetic_geological_survey
5455,Mine_05455,Salt,1.005,0.223,0.734,3.67,82.01,synthetic_geological_survey
5456,Mine_05456,Limestone,0.719,0.599,0.492,1.75,151.0,synthetic_geological_survey
5457,Mine_05457,Limestone,0.594,0.495,0.547,3.1,24.32,synthetic_geological_survey
5458,Mine_05458,Sandstone,0.452,0.542,0.777,2.39,122.11,synthetic_geological_survey
5459,Mine_05459,Salt,0.929,0.207,0.442,3.17,179.93,synthetic_geological_survey
5460,Mine_05460,Sand,0.308,0.822,0.2,1.92,118.91,synthetic_geological_survey
5461,Mine_05461,Silica Sand,0.448,0.784,0.617,1.29,80.92,synthetic_geological_survey
5462,Mine_05462,Marble,0.854,0.399,0.583,4.73,162.11,synthetic_geological_survey
5463,Mine_05463,Sand,0.33,0.881,0.41,4.73,29.02,synthetic_geological_survey
5464,Mine_05464,Marble,0.67,0.313,0.67,2.57,190.2,synthetic_geological_survey
5465,Mine_05465,Salt,0.764,0.17,0.668,0.53,89.92,synthetic_geological_survey
5466,Mine_05466,Silica Sand,0.36,0.631,0.665,2.15,166.85,synthetic_geological_survey
5467,Mine_05467,Sandstone,0.43,0.515,0.428,4.77,152.41,synthetic_geological_survey
5468,Mine_05468,Sandstone,0.43,0.516,0.314,1.33,39.92,synthetic_geological_survey
5469,Mine_05469,Marble,0.631,0.295,0.208,2.73,160.89,synthetic_geological_survey
5470,Mine_05470,Sand,0.284,0.758,0.597,3.37,134.53,synthetic_geological_survey
5471,Mine_05471,Granite,0.835,0.313,0.326,4.89,54.0,synthetic_geological_survey
5472,Mine_05472,Limestone,0.585,0.487,0.213,1.75,104.21,synthetic_geological_survey
5473,Mine_05473,Granite,0.663,0.249,0.311,0.61,197.94,synthetic_geological_survey
5474,Mine_05474,Marble,0.671,0.313,0.683,3.75,64.97,synthetic_geological_survey
5475,Mine_05475,Salt,0.885,0.197,0.508,1.85,99.62,synthetic_geological_survey
5476,Mine_05476,Silica Sand,0.418,0.732,0.209,3.43,170.31,synthetic_geological_survey
5477,Mine_05477,Salt,0.962,0.214,0.312,0.63,198.43,synthetic_geological_survey
5478,Mine_05478,Salt,0.805,0.179,0.715,3.95,170.58,synthetic_geological_survey
5479,Mine_05479,Limestone,0.676,0.563,0.303,0.57,34.35,synthetic_geological_survey
5480,Mine_05480,Sandstone,0.413,0.495,0.772,1.14,161.67,synthetic_geological_survey
5481,Mine_05481,Sand,0.355,0.948,0.58,2.76,158.12,synthetic_geological_survey
5482,Mine_05482,Marble,0.604,0.282,0.52,1.53,164.44,synthetic_geological_survey
5483,Mine_05483,Granite,0.823,0.309,0.512,1.21,113.18,synthetic_geological_survey
5484,Mine_05484,Sandstone,0.538,0.645,0.206,4.6,95.38,synthetic_geological_survey
5485,Mine_05485,Marble,0.748,0.349,0.235,1.75,167.16,synthetic_geological_survey
5486,Mine_05486,Marble,0.847,0.395,0.52,3.45,80.51,synthetic_geological_survey
5487,Mine_05487,Marble,0.833,0.389,0.727,4.96,193.81,synthetic_geological_survey
5488,Mine_05488,Granite,0.958,0.359,0.359,0.88,105.35,synthetic_geological_survey
5489,Mine_05489,Silica Sand,0.339,0.593,0.664,2.81,183.35,synthetic_geological_survey
5490,Mine_05490,Sand,0.343,0.916,0.408,5.0,187.27,synthetic_geological_survey
5491,Mine_05491,Limestone,0.624,0.52,0.671,3.08,162.41,synthetic_geological_survey
5492,Mine_05492,Granite,0.902,0.338,0.501,2.59,172.88,synthetic_geological_survey
5493,Mine_05493,Limestone,0.625,0.521,0.495,3.25,140.18,synthetic_geological_survey
5494,Mine_05494,Iron Ore,0.574,0.328,0.491,3.05,28.32,synthetic_geological_survey
5495,Mine_05495,Silica Sand,0.432,0.756,0.28,1.82,79.78,synthetic_geological_survey
5496,Mine_05496,Limestone,0.64,0.534,0.378,0.93,62.9,synthetic_geological_survey
5497,Mine_05497,Sand,0.252,0.671,0.358,3.6,179.92,synthetic_geological_survey
5498,Mine_05498,Marble,0.69,0.322,0.385,4.65,36.48,synthetic_geological_survey
5499,Mine_05499,Silica Sand,0.358,0.626,0.58,3.55,137.52,synthetic_geological_survey
5500,Mine_05500,Sandstone,0.567,0.681,0.741,4.64,63.18,synthetic_geological_survey
5501,Mine_05501,Silica Sand,0.367,0.642,0.505,4.17,68.49,synthetic_geological_survey
5502,Mine_05502,Sandstone,0.583,0.699,0.648,2.89,151.41,synthetic_geological_survey
5503,Mine_05503,Marble,0.663,0.309,0.718,1.08,34.13,synthetic_geological_survey
5504,Mine_05504,Silica Sand,0.359,0.628,0.485,1.08,26.23,synthetic_geological_survey
5505,Mine_05505,Sandstone,0.425,0.51,0.751,1.14,37.83,synthetic_geological_survey
5506,Mine_05506,Silica Sand,0.374,0.654,0.709,2.08,109.53,synthetic_geological_survey
5507,Mine_05507,Salt,0.784,0.174,0.594,1.71,124.52,synthetic_geological_survey
5508,Mine_05508,Iron Ore,0.79,0.451,0.513,4.46,102.65,synthetic_geological_survey
5509,Mine_05509,Limestone,0.635,0.529,0.788,1.42,107.15,synthetic_geological_survey
5510,Mine_05510,Marble,0.837,0.391,0.408,3.82,126.86,synthetic_geological_survey
5511,Mine_05511,Marble,0.641,0.299,0.467,1.51,58.84,synthetic_geological_survey
5512,Mine_05512,Limestone,0.613,0.511,0.751,3.03,193.92,synthetic_geological_survey
5513,Mine_05513,Marble,0.724,0.338,0.311,4.7,153.43,synthetic_geological_survey
5514,Mine_05514,Granite,0.909,0.341,0.694,0.56,35.36,synthetic_geological_survey
5515,Mine_05515,Limestone,0.505,0.421,0.51,2.18,45.34,synthetic_geological_survey
5516,Mine_05516,Sand,0.315,0.84,0.352,1.59,112.96,synthetic_geological_survey
5517,Mine_05517,Marble,0.746,0.348,0.586,4.93,59.42,synthetic_geological_survey
5518,Mine_05518,Iron Ore,0.633,0.362,0.292,3.05,186.87,synthetic_geological_survey
5519,Mine_05519,Silica Sand,0.426,0.746,0.67,3.96,34.36,synthetic_geological_survey
5520,Mine_05520,Sandstone,0.572,0.686,0.792,1.57,166.79,synthetic_geological_survey
5521,Mine_05521,Sandstone,0.587,0.704,0.783,3.55,152.76,synthetic_geological_survey
5522,Mine_05522,Salt,0.733,0.163,0.377,2.1,141.54,synthetic_geological_survey
5523,Mine_05523,Silica Sand,0.384,0.671,0.408,4.07,157.55,synthetic_geological_survey
5524,Mine_05524,Marble,0.739,0.345,0.636,1.72,85.94,synthetic_geological_survey
5525,Mine_05525,Sandstone,0.441,0.529,0.655,1.63,22.06,synthetic_geological_survey
5526,Mine_05526,Marble,0.876,0.409,0.612,2.0,52.65,synthetic_geological_survey
5527,Mine_05527,Marble,0.704,0.328,0.717,3.16,191.32,synthetic_geological_survey
5528,Mine_05528,Limestone,0.615,0.513,0.363,3.76,106.73,synthetic_geological_survey
5529,Mine_05529,Iron Ore,0.591,0.338,0.449,2.22,70.75,synthetic_geological_survey
5530,Mine_05530,Granite,0.839,0.315,0.735,4.49,191.66,synthetic_geological_survey
5531,Mine_05531,Granite,0.946,0.355,0.499,4.97,165.86,synthetic_geological_survey
5532,Mine_05532,Sand,0.28,0.747,0.375,2.69,121.34,synthetic_geological_survey
5533,Mine_05533,Granite,0.759,0.284,0.788,1.0,141.6,synthetic_geological_survey
5534,Mine_05534,Granite,0.933,0.35,0.631,2.74,183.99,synthetic_geological_survey
5535,Mine_05535,Sand,0.327,0.871,0.472,2.2,120.55,synthetic_geological_survey
5536,Mine_05536,Iron Ore,0.713,0.407,0.622,4.47,135.96,synthetic_geological_survey
5537,Mine_05537,Limestone,0.687,0.573,0.368,2.54,122.65,synthetic_geological_survey
5538,Mine_05538,Granite,0.817,0.306,0.372,3.99,36.0,synthetic_geological_survey
5539,Mine_05539,Marble,0.823,0.384,0.439,2.84,190.52,synthetic_geological_survey
5540,Mine_05540,Sand,0.333,0.888,0.44,2.59,113.05,synthetic_geological_survey
5541,Mine_05541,Salt,0.941,0.209,0.408,3.15,69.7,synthetic_geological_survey
5542,Mine_05542,Iron Ore,0.705,0.403,0.344,2.14,97.17,synthetic_geological_survey
5543,Mine_05543,Sandstone,0.542,0.65,0.354,1.08,195.73,synthetic_geological_survey
5544,Mine_05544,Marble,0.812,0.379,0.586,2.78,156.59,synthetic_geological_survey
5545,Mine_05545,Limestone,0.543,0.453,0.61,3.06,64.78,synthetic_geological_survey
5546,Mine_05546,Limestone,0.622,0.519,0.666,4.11,186.19,synthetic_geological_survey
5547,Mine_05547,Iron Ore,0.697,0.398,0.667,3.93,195.53,synthetic_geological_survey
5548,Mine_05548,Sand,0.278,0.74,0.574,1.2,54.02,synthetic_geological_survey
5549,Mine_05549,Sandstone,0.419,0.503,0.278,2.22,130.46,synthetic_geological_survey
5550,Mine_05550,Marble,0.626,0.292,0.297,1.66,163.49,synthetic_geological_survey
5551,Mine_05551,Salt,1.03,0.229,0.345,3.34,82.84,synthetic_geological_survey
5552,Mine_05552,Granite,0.835,0.313,0.755,0.68,28.99,synthetic_geological_survey
5553,Mine_05553,Silica Sand,0.469,0.821,0.372,3.04,114.02,synthetic_geological_survey
5554,Mine_05554,Marble,0.753,0.351,0.238,3.5,87.62,synthetic_geological_survey
5555,Mine_05555,Silica Sand,0.456,0.799,0.383,0.95,199.23,synthetic_geological_survey
5556,Mine_05556,Limestone,0.541,0.451,0.466,2.06,110.09,synthetic_geological_survey
5557,Mine_05557,Salt,1.055,0.235,0.421,4.54,147.07,synthetic_geological_survey
5558,Mine_05558,Sandstone,0.597,0.717,0.626,1.72,81.92,synthetic_geological_survey
5559,Mine_05559,Salt,0.889,0.198,0.517,1.54,124.91,synthetic_geological_survey
5560,Mine_05560,Salt,1.025,0.228,0.649,1.98,175.34,synthetic_geological_survey
5561,Mine_05561,Sand,0.319,0.852,0.347,2.03,180.74,synthetic_geological_survey
5562,Mine_05562,Sand,0.335,0.893,0.315,1.67,146.7,synthetic_geological_survey
5563,Mine_05563,Sandstone,0.468,0.562,0.542,3.58,172.94,synthetic_geological_survey
5564,Mine_05564,Limestone,0.715,0.596,0.552,2.23,88.7,synthetic_geological_survey
5565,Mine_05565,Salt,0.891,0.198,0.238,2.6,108.87,synthetic_geological_survey
5566,Mine_05566,Granite,0.813,0.305,0.281,4.59,174.17,synthetic_geological_survey
5567,Mine_05567,Salt,0.886,0.197,0.622,3.23,193.98,synthetic_geological_survey
5568,Mine_05568,Limestone,0.551,0.459,0.648,4.68,74.41,synthetic_geological_survey
5569,Mine_05569,Iron Ore,0.79,0.451,0.597,1.47,158.08,synthetic_geological_survey
5570,Mine_05570,Salt,0.954,0.212,0.217,3.91,178.44,synthetic_geological_survey
5571,Mine_05571,Silica Sand,0.322,0.563,0.422,3.45,146.67,synthetic_geological_survey
5572,Mine_05572,Sandstone,0.459,0.551,0.243,1.55,136.46,synthetic_geological_survey
5573,Mine_05573,Iron Ore,0.563,0.322,0.322,0.84,84.19,synthetic_geological_survey
5574,Mine_05574,Silica Sand,0.478,0.836,0.272,4.62,155.23,synthetic_geological_survey
5575,Mine_05575,Marble,0.636,0.297,0.477,3.33,123.07,synthetic_geological_survey
5576,Mine_05576,Granite,0.64,0.24,0.708,1.15,69.74,synthetic_geological_survey
5577,Mine_05577,Iron Ore,0.727,0.416,0.246,3.93,154.85,synthetic_geological_survey
5578,Mine_05578,Sand,0.274,0.732,0.324,2.07,22.04,synthetic_geological_survey
5579,Mine_05579,Iron Ore,0.804,0.459,0.568,0.69,155.27,synthetic_geological_survey
5580,Mine_05580,Granite,0.642,0.241,0.413,0.99,22.03,synthetic_geological_survey
5581,Mine_05581,Marble,0.762,0.356,0.526,2.09,155.39,synthetic_geological_survey
5582,Mine_05582,Granite,0.813,0.305,0.341,4.79,107.73,synthetic_geological_survey
5583,Mine_05583,Salt,0.87,0.193,0.661,3.0,74.15,synthetic_geological_survey
5584,Mine_05584,Sand,0.329,0.876,0.591,3.72,131.65,synthetic_geological_survey
5585,Mine_05585,Salt,0.937,0.208,0.259,4.1,153.51,synthetic_geological_survey
5586,Mine_05586,Sand,0.315,0.839,0.72,2.95,88.83,synthetic_geological_survey
5587,Mine_05587,Sand,0.295,0.787,0.428,4.02,161.86,synthetic_geological_survey
5588,Mine_05588,Marble,0.77,0.359,0.37,3.8,176.59,synthetic_geological_survey
5589,Mine_05589,Granite,0.684,0.257,0.201,0.71,179.75,synthetic_geological_survey
5590,Mine_05590,Silica Sand,0.346,0.605,0.46,2.3,67.36,synthetic_geological_survey
5591,Mine_05591,Granite,0.707,0.265,0.29,3.43,134.95,synthetic_geological_survey
5592,Mine_05592,Granite,0.835,0.313,0.672,2.55,151.78,synthetic_geological_survey
5593,Mine_05593,Silica Sand,0.429,0.752,0.774,4.86,41.91,synthetic_geological_survey
5594,Mine_05594,Sandstone,0.476,0.572,0.465,1.79,70.73,synthetic_geological_survey
5595,Mine_05595,Marble,0.702,0.327,0.684,3.34,157.1,synthetic_geological_survey
5596,Mine_05596,Sandstone,0.475,0.569,0.314,3.01,117.78,synthetic_geological_survey
5597,Mine_05597,Sandstone,0.492,0.59,0.376,2.01,100.03,synthetic_geological_survey
5598,Mine_05598,Limestone,0.584,0.487,0.407,4.34,71.57,synthetic_geological_survey
5599,Mine_05599,Salt,0.825,0.183,0.581,2.71,161.53,synthetic_geological_survey
5600,Mine_05600,Salt,0.796,0.177,0.38,1.44,166.21,synthetic_geological_survey
5601,Mine_05601,Salt,0.726,0.161,0.35,3.55,199.37,synthetic_geological_survey
5602,Mine_05602,Sand,0.315,0.84,0.333,2.5,62.83,synthetic_geological_survey
5603,Mine_05603,Limestone,0.606,0.505,0.736,2.42,164.56,synthetic_geological_survey
5604,Mine_05604,Salt,0.745,0.166,0.671,1.68,151.23,synthetic_geological_survey
5605,Mine_05605,Limestone,0.634,0.528,0.625,4.72,114.24,synthetic_geological_survey
5606,Mine_05606,Iron Ore,0.716,0.409,0.6,3.72,189.01,synthetic_geological_survey
5607,Mine_05607,Iron Ore,0.749,0.428,0.65,3.8,154.94,synthetic_geological_survey
5608,Mine_05608,Silica Sand,0.381,0.668,0.406,1.26,163.26,synthetic_geological_survey
5609,Mine_05609,Limestone,0.563,0.469,0.317,1.87,159.62,synthetic_geological_survey
5610,Mine_05610,Sand,0.345,0.92,0.561,4.99,157.29,synthetic_geological_survey
5611,Mine_05611,Silica Sand,0.42,0.735,0.736,1.28,83.65,synthetic_geological_survey
5612,Mine_05612,Limestone,0.698,0.582,0.419,3.26,36.45,synthetic_geological_survey
5613,Mine_05613,Silica Sand,0.381,0.668,0.593,2.97,163.53,synthetic_geological_survey
5614,Mine_05614,Sandstone,0.445,0.534,0.631,4.27,122.14,synthetic_geological_survey
5615,Mine_05615,Marble,0.773,0.361,0.624,2.59,154.74,synthetic_geological_survey
5616,Mine_05616,Silica Sand,0.351,0.614,0.6,2.23,27.37,synthetic_geological_survey
5617,Mine_05617,Salt,0.873,0.194,0.702,4.62,102.79,synthetic_geological_survey
5618,Mine_05618,Salt,0.876,0.195,0.659,1.65,75.19,synthetic_geological_survey
5619,Mine_05619,Silica Sand,0.441,0.772,0.444,4.77,132.46,synthetic_geological_survey
5620,Mine_05620,Sand,0.33,0.879,0.429,1.16,44.9,synthetic_geological_survey
5621,Mine_05621,Iron Ore,0.704,0.402,0.342,4.8,191.84,synthetic_geological_survey
5622,Mine_05622,Sand,0.268,0.713,0.386,1.34,52.38,synthetic_geological_survey
5623,Mine_05623,Silica Sand,0.421,0.736,0.371,4.57,112.05,synthetic_geological_survey
5624,Mine_05624,Marble,0.859,0.401,0.335,0.88,144.33,synthetic_geological_survey
5625,Mine_05625,Marble,0.818,0.382,0.648,3.01,90.45,synthetic_geological_survey
5626,Mine_05626,Granite,0.699,0.262,0.76,3.63,108.75,synthetic_geological_survey
5627,Mine_05627,Salt,0.849,0.189,0.252,4.04,72.35,synthetic_geological_survey
5628,Mine_05628,Salt,0.858,0.191,0.643,4.84,47.39,synthetic_geological_survey
5629,Mine_05629,Sandstone,0.455,0.546,0.325,2.18,163.74,synthetic_geological_survey
5630,Mine_05630,Limestone,0.713,0.594,0.539,3.74,98.3,synthetic_geological_survey
5631,Mine_05631,Iron Ore,0.756,0.432,0.207,4.74,197.07,synthetic_geological_survey
5632,Mine_05632,Silica Sand,0.343,0.601,0.625,3.56,132.34,synthetic_geological_survey
5633,Mine_05633,Salt,0.865,0.192,0.449,1.42,105.23,synthetic_geological_survey
5634,Mine_05634,Granite,0.867,0.325,0.518,0.73,174.55,synthetic_geological_survey
5635,Mine_05635,Sand,0.265,0.706,0.577,0.83,148.31,synthetic_geological_survey
5636,Mine_05636,Sand,0.25,0.667,0.463,4.44,161.49,synthetic_geological_survey
5637,Mine_05637,Sand,0.311,0.829,0.766,3.39,108.99,synthetic_geological_survey
5638,Mine_05638,Sand,0.337,0.898,0.217,3.94,172.32,synthetic_geological_survey
5639,Mine_05639,Sand,0.348,0.929,0.701,4.77,112.34,synthetic_geological_survey
5640,Mine_05640,Salt,1.051,0.233,0.365,2.23,156.89,synthetic_geological_survey
5641,Mine_05641,Granite,0.883,0.331,0.597,1.07,139.14,synthetic_geological_survey
5642,Mine_05642,Sandstone,0.437,0.524,0.718,1.53,22.74,synthetic_geological_survey
5643,Mine_05643,Granite,0.915,0.343,0.673,3.81,171.46,synthetic_geological_survey
5644,Mine_05644,Sandstone,0.475,0.57,0.751,2.99,145.14,synthetic_geological_survey
5645,Mine_05645,Marble,0.819,0.382,0.441,1.27,134.72,synthetic_geological_survey
5646,Mine_05646,Limestone,0.585,0.488,0.771,3.98,154.03,synthetic_geological_survey
5647,Mine_05647,Silica Sand,0.384,0.673,0.33,3.65,132.01,synthetic_geological_survey
5648,Mine_05648,Iron Ore,0.771,0.44,0.404,2.17,199.46,synthetic_geological_survey
5649,Mine_05649,Limestone,0.638,0.531,0.603,4.29,191.64,synthetic_geological_survey
5650,Mine_05650,Silica Sand,0.374,0.655,0.731,4.35,172.79,synthetic_geological_survey
5651,Mine_05651,Silica Sand,0.364,0.637,0.21,2.73,173.35,synthetic_geological_survey
5652,Mine_05652,Granite,0.752,0.282,0.659,2.7,86.57,synthetic_geological_survey
5653,Mine_05653,Limestone,0.657,0.548,0.504,4.09,139.43,synthetic_geological_survey
5654,Mine_05654,Sand,0.256,0.683,0.779,2.78,77.26,synthetic_geological_survey
5655,Mine_05655,Silica Sand,0.336,0.587,0.676,2.26,26.33,synthetic_geological_survey
5656,Mine_05656,Limestone,0.695,0.579,0.638,3.77,25.07,synthetic_geological_survey
5657,Mine_05657,Granite,0.674,0.253,0.76,0.91,72.24,synthetic_geological_survey
5658,Mine_05658,Sand,0.275,0.733,0.34,1.0,54.87,synthetic_geological_survey
5659,Mine_05659,Silica Sand,0.434,0.759,0.546,2.3,183.68,synthetic_geological_survey
5660,Mine_05660,Sand,0.32,0.853,0.532,4.24,79.18,synthetic_geological_survey
5661,Mine_05661,Silica Sand,0.448,0.785,0.242,1.42,84.34,synthetic_geological_survey
5662,Mine_05662,Silica Sand,0.408,0.714,0.584,2.07,56.41,synthetic_geological_survey
5663,Mine_05663,Granite,0.749,0.281,0.489,0.93,89.55,synthetic_geological_survey
5664,Mine_05664,Iron Ore,0.678,0.387,0.694,1.45,48.39,synthetic_geological_survey
5665,Mine_05665,Granite,0.951,0.357,0.793,0.8,191.49,synthetic_geological_survey
5666,Mine_05666,Granite,0.748,0.28,0.326,3.28,178.05,synthetic_geological_survey
5667,Mine_05667,Marble,0.727,0.339,0.633,3.06,32.9,synthetic_geological_survey
5668,Mine_05668,Sandstone,0.507,0.609,0.745,4.65,176.84,synthetic_geological_survey
5669,Mine_05669,Limestone,0.485,0.404,0.553,0.93,178.28,synthetic_geological_survey
5670,Mine_05670,Granite,0.837,0.314,0.767,2.0,167.55,synthetic_geological_survey
5671,Mine_05671,Granite,0.879,0.33,0.227,2.22,85.73,synthetic_geological_survey
5672,Mine_05672,Salt,0.784,0.174,0.598,1.41,124.82,synthetic_geological_survey
5673,Mine_05673,Silica Sand,0.405,0.709,0.605,3.62,156.0,synthetic_geological_survey
5674,Mine_05674,Granite,0.661,0.248,0.435,1.22,195.27,synthetic_geological_survey
5675,Mine_05675,Marble,0.63,0.294,0.27,3.85,156.73,synthetic_geological_survey
5676,Mine_05676,Iron Ore,0.665,0.38,0.567,0.67,52.05,synthetic_geological_survey
5677,Mine_05677,Sand,0.317,0.846,0.683,3.33,177.73,synthetic_geological_survey
5678,Mine_05678,Limestone,0.719,0.599,0.422,4.12,113.31,synthetic_geological_survey
5679,Mine_05679,Sand,0.344,0.918,0.229,1.15,47.88,synthetic_geological_survey
5680,Mine_05680,Salt,0.963,0.214,0.435,1.88,92.45,synthetic_geological_survey
5681,Mine_05681,Granite,0.746,0.28,0.422,2.18,76.69,synthetic_geological_survey
5682,Mine_05682,Sand,0.317,0.844,0.534,0.72,38.71,synthetic_geological_survey
5683,Mine_05683,Silica Sand,0.44,0.771,0.407,4.69,82.49,synthetic_geological_survey
5684,Mine_05684,Marble,0.753,0.351,0.639,4.04,140.78,synthetic_geological_survey
5685,Mine_05685,Marble,0.721,0.337,0.726,4.99,30.44,synthetic_geological_survey
5686,Mine_05686,Marble,0.691,0.322,0.707,3.79,176.69,synthetic_geological_survey
5687,Mine_05687,Salt,0.72,0.16,0.775,2.89,67.76,synthetic_geological_survey
5688,Mine_05688,Silica Sand,0.336,0.588,0.374,2.41,195.26,synthetic_geological_survey
5689,Mine_05689,Limestone,0.564,0.47,0.581,3.72,59.16,synthetic_geological_survey
5690,Mine_05690,Sandstone,0.437,0.525,0.622,4.76,22.52,synthetic_geological_survey
5691,Mine_05691,Iron Ore,0.698,0.399,0.444,1.4,73.07,synthetic_geological_survey
5692,Mine_05692,Salt,0.931,0.207,0.449,1.39,143.4,synthetic_geological_survey
5693,Mine_05693,Salt,0.957,0.213,0.228,4.42,155.95,synthetic_geological_survey
5694,Mine_05694,Sandstone,0.564,0.677,0.543,2.33,88.58,synthetic_geological_survey
5695,Mine_05695,Limestone,0.51,0.425,0.345,1.28,111.01,synthetic_geological_survey
5696,Mine_05696,Salt,0.757,0.168,0.43,1.38,127.37,synthetic_geological_survey
5697,Mine_05697,Marble,0.85,0.396,0.402,0.75,121.36,synthetic_geological_survey
5698,Mine_05698,Marble,0.747,0.349,0.301,3.15,31.96,synthetic_geological_survey
5699,Mine_05699,Sandstone,0.465,0.558,0.461,3.88,185.76,synthetic_geological_survey
5700,Mine_05700,Sandstone,0.482,0.579,0.363,4.11,22.28,synthetic_geological_survey
5701,Mine_05701,Sand,0.298,0.795,0.257,2.26,27.81,synthetic_geological_survey
5702,Mine_05702,Sandstone,0.555,0.666,0.631,2.63,140.57,synthetic_geological_survey
5703,Mine_05703,Marble,0.774,0.361,0.518,2.1,76.06,synthetic_geological_survey
5704,Mine_05704,Iron Ore,0.791,0.452,0.772,2.21,52.91,synthetic_geological_survey
5705,Mine_05705,Silica Sand,0.428,0.749,0.307,3.45,189.73,synthetic_geological_survey
5706,Mine_05706,Sand,0.267,0.712,0.223,1.73,119.03,synthetic_geological_survey
5707,Mine_05707,Silica Sand,0.343,0.601,0.43,2.43,167.7,synthetic_geological_survey
5708,Mine_05708,Granite,0.771,0.289,0.781,1.66,170.34,synthetic_geological_survey
5709,Mine_05709,Sand,0.284,0.757,0.776,0.63,70.17,synthetic_geological_survey
5710,Mine_05710,Limestone,0.698,0.581,0.283,2.52,38.77,synthetic_geological_survey
5711,Mine_05711,Salt,1.05,0.233,0.747,3.2,137.38,synthetic_geological_survey
5712,Mine_05712,Marble,0.679,0.317,0.669,0.94,140.3,synthetic_geological_survey
5713,Mine_05713,Salt,1.059,0.235,0.388,4.36,123.64,synthetic_geological_survey
5714,Mine_05714,Sand,0.292,0.779,0.74,1.64,165.42,synthetic_geological_survey
5715,Mine_05715,Silica Sand,0.422,0.738,0.756,0.94,121.25,synthetic_geological_survey
5716,Mine_05716,Sandstone,0.592,0.711,0.451,4.56,155.37,synthetic_geological_survey
5717,Mine_05717,Limestone,0.651,0.543,0.741,3.45,60.27,synthetic_geological_survey
5718,Mine_05718,Limestone,0.532,0.443,0.274,4.22,196.11,synthetic_geological_survey
5719,Mine_05719,Salt,1.01,0.224,0.48,4.49,146.66,synthetic_geological_survey
5720,Mine_05720,Marble,0.773,0.361,0.768,1.59,162.95,synthetic_geological_survey
5721,Mine_05721,Sandstone,0.531,0.637,0.606,3.54,58.99,synthetic_geological_survey
5722,Mine_05722,Salt,1.061,0.236,0.606,4.53,116.24,synthetic_geological_survey
5723,Mine_05723,Sand,0.314,0.837,0.635,2.49,88.02,synthetic_geological_survey
5724,Mine_05724,Salt,0.78,0.173,0.613,4.24,164.04,synthetic_geological_survey
5725,Mine_05725,Sand,0.355,0.948,0.449,4.77,46.29,synthetic_geological_survey
5726,Mine_05726,Marble,0.752,0.351,0.557,1.05,184.39,synthetic_geological_survey
5727,Mine_05727,Sandstone,0.416,0.5,0.389,4.99,114.12,synthetic_geological_survey
5728,Mine_05728,Sand,0.344,0.917,0.203,4.97,146.34,synthetic_geological_survey
5729,Mine_05729,Limestone,0.648,0.54,0.548,0.64,102.85,synthetic_geological_survey
5730,Mine_05730,Salt,0.88,0.195,0.237,2.53,167.12,synthetic_geological_survey
5731,Mine_05731,Salt,0.893,0.199,0.603,0.75,169.72,synthetic_geological_survey
5732,Mine_05732,Limestone,0.666,0.555,0.384,2.02,82.22,synthetic_geological_survey
5733,Mine_05733,Sandstone,0.574,0.689,0.616,2.27,92.85,synthetic_geological_survey
5734,Mine_05734,Salt,0.722,0.161,0.6,3.19,84.54,synthetic_geological_survey
5735,Mine_05735,Sand,0.256,0.681,0.424,2.56,68.63,synthetic_geological_survey
5736,Mine_05736,Sandstone,0.497,0.597,0.663,1.42,113.32,synthetic_geological_survey
5737,Mine_05737,Sandstone,0.41,0.492,0.539,1.57,199.41,synthetic_geological_survey
5738,Mine_05738,Limestone,0.591,0.493,0.673,1.77,184.17,synthetic_geological_survey
5739,Mine_05739,Iron Ore,0.722,0.412,0.506,4.67,59.16,synthetic_geological_survey
5740,Mine_05740,Iron Ore,0.755,0.431,0.673,3.94,91.99,synthetic_geological_survey
5741,Mine_05741,Silica Sand,0.441,0.772,0.719,2.6,103.49,synthetic_geological_survey
5742,Mine_05742,Salt,0.833,0.185,0.358,1.19,85.11,synthetic_geological_survey
5743,Mine_05743,Sandstone,0.508,0.61,0.629,4.81,172.26,synthetic_geological_survey
5744,Mine_05744,Silica Sand,0.406,0.711,0.405,0.55,94.21,synthetic_geological_survey
5745,Mine_05745,Marble,0.724,0.338,0.408,4.21,152.16,synthetic_geological_survey
5746,Mine_05746,Sand,0.327,0.873,0.609,4.21,106.18,synthetic_geological_survey
5747,Mine_05747,Iron Ore,0.768,0.439,0.684,3.91,169.81,synthetic_geological_survey
5748,Mine_05748,Sandstone,0.499,0.599,0.445,0.58,47.05,synthetic_geological_survey
5749,Mine_05749,Granite,0.71,0.266,0.332,0.86,23.38,synthetic_geological_survey
5750,Mine_05750,Sandstone,0.533,0.64,0.429,1.73,71.57,synthetic_geological_survey
5751,Mine_05751,Marble,0.727,0.339,0.527,3.91,57.45,synthetic_geological_survey
5752,Mine_05752,Iron Ore,0.711,0.407,0.762,1.62,136.26,synthetic_geological_survey
5753,Mine_05753,Limestone,0.653,0.545,0.596,3.29,27.65,synthetic_geological_survey
5754,Mine_05754,Iron Ore,0.765,0.437,0.472,4.52,192.2,synthetic_geological_survey
5755,Mine_05755,Sand,0.247,0.659,0.397,3.1,152.78,synthetic_geological_survey
5756,Mine_05756,Marble,0.742,0.346,0.496,3.98,70.78,synthetic_geological_survey
5757,Mine_05757,Granite,0.959,0.36,0.64,1.31,139.2,synthetic_geological_survey
5758,Mine_05758,Salt,0.837,0.186,0.41,4.31,110.78,synthetic_geological_survey
5759,Mine_05759,Silica Sand,0.454,0.794,0.557,3.19,52.76,synthetic_geological_survey
5760,Mine_05760,Sand,0.333,0.888,0.437,1.58,93.54,synthetic_geological_survey
5761,Mine_05761,Salt,0.96,0.213,0.503,3.1,110.43,synthetic_geological_survey
5762,Mine_05762,Sandstone,0.405,0.486,0.44,3.14,45.09,synthetic_geological_survey
5763,Mine_05763,Sand,0.277,0.74,0.662,2.35,175.96,synthetic_geological_survey
5764,Mine_05764,Granite,0.64,0.24,0.58,4.56,51.38,synthetic_geological_survey
5765,Mine_05765,Sandstone,0.44,0.528,0.66,4.45,110.71,synthetic_geological_survey
5766,Mine_05766,Sand,0.29,0.772,0.459,2.21,159.35,synthetic_geological_survey
5767,Mine_05767,Salt,0.785,0.174,0.753,2.64,33.67,synthetic_geological_survey
5768,Mine_05768,Sandstone,0.43,0.516,0.407,3.88,74.81,synthetic_geological_survey
5769,Mine_05769,Limestone,0.687,0.573,0.547,1.36,171.27,synthetic_geological_survey
5770,Mine_05770,Limestone,0.614,0.511,0.651,2.17,156.43,synthetic_geological_survey
5771,Mine_05771,Silica Sand,0.422,0.738,0.234,1.39,28.82,synthetic_geological_survey
5772,Mine_05772,Silica Sand,0.368,0.643,0.644,4.62,52.21,synthetic_geological_survey
5773,Mine_05773,Iron Ore,0.77,0.44,0.551,4.82,81.87,synthetic_geological_survey
5774,Mine_05774,Limestone,0.576,0.48,0.746,4.65,184.5,synthetic_geological_survey
5775,Mine_05775,Iron Ore,0.672,0.384,0.505,3.24,34.78,synthetic_geological_survey
5776,Mine_05776,Granite,0.763,0.286,0.565,2.94,83.75,synthetic_geological_survey
5777,Mine_05777,Silica Sand,0.337,0.59,0.532,4.23,24.33,synthetic_geological_survey
5778,Mine_05778,Granite,0.785,0.294,0.437,0.73,110.89,synthetic_geological_survey
5779,Mine_05779,Marble,0.664,0.31,0.21,1.93,37.44,synthetic_geological_survey
5780,Mine_05780,Salt,0.842,0.187,0.3,4.35,96.75,synthetic_geological_survey
5781,Mine_05781,Iron Ore,0.738,0.421,0.396,1.87,25.46,synthetic_geological_survey
5782,Mine_05782,Iron Ore,0.582,0.333,0.471,4.45,174.62,synthetic_geological_survey
5783,Mine_05783,Limestone,0.486,0.405,0.363,4.08,178.07,synthetic_geological_survey
5784,Mine_05784,Silica Sand,0.444,0.777,0.538,2.27,136.6,synthetic_geological_survey
5785,Mine_05785,Granite,0.935,0.351,0.328,2.42,136.79,synthetic_geological_survey
5786,Mine_05786,Limestone,0.57,0.475,0.474,2.3,124.41,synthetic_geological_survey
5787,Mine_05787,Granite,0.772,0.29,0.594,3.47,59.19,synthetic_geological_survey
5788,Mine_05788,Salt,1.056,0.235,0.22,2.88,138.79,synthetic_geological_survey
5789,Mine_05789,Limestone,0.714,0.595,0.621,2.09,165.65,synthetic_geological_survey
5790,Mine_05790,Sand,0.338,0.901,0.321,1.63,86.2,synthetic_geological_survey
5791,Mine_05791,Silica Sand,0.451,0.789,0.445,1.92,29.11,synthetic_geological_survey
5792,Mine_05792,Granite,0.738,0.277,0.659,1.54,92.91,synthetic_geological_survey
5793,Mine_05793,Sand,0.273,0.728,0.226,1.38,77.16,synthetic_geological_survey
5794,Mine_05794,Sand,0.343,0.916,0.732,4.35,46.52,synthetic_geological_survey
5795,Mine_05795,Granite,0.7,0.263,0.449,1.0,101.15,synthetic_geological_survey
5796,Mine_05796,Sandstone,0.404,0.485,0.752,4.31,198.29,synthetic_geological_survey
5797,Mine_05797,Salt,1.043,0.232,0.618,1.97,66.07,synthetic_geological_survey
5798,Mine_05798,Marble,0.883,0.412,0.617,1.9,54.55,synthetic_geological_survey
5799,Mine_05799,Sand,0.278,0.742,0.798,0.96,79.05,synthetic_geological_survey
5800,Mine_05800,Silica Sand,0.463,0.811,0.725,3.47,196.2,synthetic_geological_survey
5801,Mine_05801,Granite,0.863,0.324,0.32,0.59,97.41,synthetic_geological_survey
5802,Mine_05802,Limestone,0.673,0.56,0.421,1.92,32.62,synthetic_geological_survey
5803,Mine_05803,Marble,0.899,0.42,0.543,4.52,106.48,synthetic_geological_survey
5804,Mine_05804,Limestone,0.581,0.484,0.766,3.14,195.65,synthetic_geological_survey
5805,Mine_05805,Marble,0.83,0.387,0.662,2.49,52.42,synthetic_geological_survey
5806,Mine_05806,Iron Ore,0.697,0.398,0.497,3.89,160.01,synthetic_geological_survey
5807,Mine_05807,Sand,0.333,0.889,0.648,1.76,124.41,synthetic_geological_survey
5808,Mine_05808,Marble,0.837,0.391,0.789,2.81,183.06,synthetic_geological_survey
5809,Mine_05809,Iron Ore,0.835,0.477,0.237,3.53,50.06,synthetic_geological_survey
5810,Mine_05810,Marble,0.804,0.375,0.345,1.57,193.51,synthetic_geological_survey
5811,Mine_05811,Salt,1.013,0.225,0.359,0.82,146.9,synthetic_geological_survey
5812,Mine_05812,Limestone,0.503,0.419,0.47,4.23,198.73,synthetic_geological_survey
5813,Mine_05813,Silica Sand,0.476,0.833,0.387,1.49,196.24,synthetic_geological_survey
5814,Mine_05814,Sandstone,0.582,0.699,0.271,1.96,89.11,synthetic_geological_survey
5815,Mine_05815,Granite,0.778,0.292,0.684,2.79,127.0,synthetic_geological_survey
5816,Mine_05816,Sandstone,0.502,0.603,0.257,4.68,93.35,synthetic_geological_survey
5817,Mine_05817,Marble,0.619,0.289,0.247,4.09,100.57,synthetic_geological_survey
5818,Mine_05818,Sandstone,0.481,0.577,0.613,3.86,114.29,synthetic_geological_survey
5819,Mine_05819,Marble,0.605,0.282,0.537,1.04,195.07,synthetic_geological_survey
5820,Mine_05820,Marble,0.655,0.306,0.263,2.27,56.18,synthetic_geological_survey
5821,Mine_05821,Marble,0.771,0.36,0.33,3.97,171.61,synthetic_geological_survey
5822,Mine_05822,Salt,0.873,0.194,0.49,3.22,21.49,synthetic_geological_survey
5823,Mine_05823,Granite,0.913,0.342,0.654,2.85,100.68,synthetic_geological_survey
5824,Mine_05824,Iron Ore,0.728,0.416,0.588,3.54,42.32,synthetic_geological_survey
5825,Mine_05825,Iron Ore,0.731,0.418,0.715,4.25,129.82,synthetic_geological_survey
5826,Mine_05826,Granite,0.919,0.345,0.588,4.34,174.51,synthetic_geological_survey
5827,Mine_05827,Iron Ore,0.607,0.347,0.556,3.18,86.14,synthetic_geological_survey
5828,Mine_05828,Salt,0.984,0.219,0.661,1.26,160.74,synthetic_geological_survey
5829,Mine_05829,Salt,0.918,0.204,0.769,3.1,111.22,synthetic_geological_survey
5830,Mine_05830,Iron Ore,0.739,0.422,0.798,2.87,113.27,synthetic_geological_survey
5831,Mine_05831,Iron Ore,0.748,0.428,0.576,4.77,153.59,synthetic_geological_survey
5832,Mine_05832,Sandstone,0.457,0.548,0.642,4.78,189.73,synthetic_geological_survey
5833,Mine_05833,Granite,0.659,0.247,0.354,1.45,60.13,synthetic_geological_survey
5834,Mine_05834,Marble,0.846,0.395,0.277,1.67,187.11,synthetic_geological_survey
5835,Mine_05835,Silica Sand,0.379,0.663,0.596,2.74,88.2,synthetic_geological_survey
5836,Mine_05836,Sandstone,0.502,0.602,0.252,3.63,164.28,synthetic_geological_survey
5837,Mine_05837,Sand,0.3,0.799,0.787,4.49,194.05,synthetic_geological_survey
5838,Mine_05838,Salt,0.996,0.221,0.64,4.02,184.69,synthetic_geological_survey
5839,Mine_05839,Sandstone,0.422,0.507,0.752,3.15,122.0,synthetic_geological_survey
5840,Mine_05840,Sand,0.298,0.794,0.683,1.12,144.83,synthetic_geological_survey
5841,Mine_05841,Sandstone,0.569,0.682,0.391,3.46,59.64,synthetic_geological_survey
5842,Mine_05842,Limestone,0.501,0.418,0.342,1.02,183.82,synthetic_geological_survey
5843,Mine_05843,Sand,0.317,0.844,0.762,4.72,120.95,synthetic_geological_survey
5844,Mine_05844,Silica Sand,0.32,0.56,0.281,2.83,84.76,synthetic_geological_survey
5845,Mine_05845,Iron Ore,0.786,0.449,0.337,0.65,194.47,synthetic_geological_survey
5846,Mine_05846,Limestone,0.56,0.467,0.531,3.48,124.11,synthetic_geological_survey
5847,Mine_05847,Marble,0.784,0.366,0.281,1.76,77.41,synthetic_geological_survey
5848,Mine_05848,Granite,0.716,0.268,0.757,4.02,115.5,synthetic_geological_survey
5849,Mine_05849,Granite,0.786,0.295,0.753,3.96,185.3,synthetic_geological_survey
5850,Mine_05850,Marble,0.633,0.296,0.508,0.79,191.32,synthetic_geological_survey
5851,Mine_05851,Granite,0.751,0.282,0.537,1.4,80.82,synthetic_geological_survey
5852,Mine_05852,Sand,0.287,0.765,0.574,1.19,179.44,synthetic_geological_survey
5853,Mine_05853,Sandstone,0.409,0.491,0.337,2.58,98.04,synthetic_geological_survey
5854,Mine_05854,Sandstone,0.555,0.666,0.374,3.56,59.75,synthetic_geological_survey
5855,Mine_05855,Sandstone,0.566,0.679,0.78,2.52,95.13,synthetic_geological_survey
5856,Mine_05856,Salt,0.913,0.203,0.547,2.49,80.56,synthetic_geological_survey
5857,Mine_05857,Marble,0.767,0.358,0.794,2.54,42.95,synthetic_geological_survey
5858,Mine_05858,Salt,1.049,0.233,0.336,1.63,104.59,synthetic_geological_survey
5859,Mine_05859,Granite,0.669,0.251,0.744,2.81,190.52,synthetic_geological_survey
5860,Mine_05860,Silica Sand,0.418,0.731,0.384,4.29,191.56,synthetic_geological_survey
5861,Mine_05861,Sandstone,0.481,0.577,0.363,0.63,21.78,synthetic_geological_survey
5862,Mine_05862,Marble,0.77,0.359,0.54,4.84,190.48,synthetic_geological_survey
5863,Mine_05863,Granite,0.745,0.279,0.486,4.95,36.22,synthetic_geological_survey
5864,Mine_05864,Iron Ore,0.747,0.427,0.521,4.61,23.7,synthetic_geological_survey
5865,Mine_05865,Marble,0.708,0.33,0.74,4.08,90.83,synthetic_geological_survey
5866,Mine_05866,Salt,0.913,0.203,0.377,0.96,87.16,synthetic_geological_survey
5867,Mine_05867,Sandstone,0.593,0.712,0.275,4.81,29.94,synthetic_geological_survey
5868,Mine_05868,Silica Sand,0.374,0.655,0.539,1.52,29.64,synthetic_geological_survey
5869,Mine_05869,Salt,0.935,0.208,0.772,3.67,164.49,synthetic_geological_survey
5870,Mine_05870,Salt,0.982,0.218,0.776,1.04,30.5,synthetic_geological_survey
5871,Mine_05871,Limestone,0.505,0.421,0.57,4.98,74.31,synthetic_geological_survey
5872,Mine_05872,Iron Ore,0.76,0.435,0.796,1.03,70.83,synthetic_geological_survey
5873,Mine_05873,Sand,0.357,0.952,0.792,1.04,108.13,synthetic_geological_survey
5874,Mine_05874,Limestone,0.654,0.545,0.631,1.94,192.92,synthetic_geological_survey
5875,Mine_05875,Sand,0.28,0.746,0.263,1.59,157.9,synthetic_geological_survey
5876,Mine_05876,Limestone,0.5,0.417,0.712,2.0,75.15,synthetic_geological_survey
5877,Mine_05877,Silica Sand,0.462,0.808,0.749,3.56,97.14,synthetic_geological_survey
5878,Mine_05878,Salt,0.788,0.175,0.665,3.87,155.33,synthetic_geological_survey
5879,Mine_05879,Sandstone,0.516,0.619,0.753,0.69,31.15,synthetic_geological_survey
5880,Mine_05880,Marble,0.842,0.393,0.284,1.32,126.54,synthetic_geological_survey
5881,Mine_05881,Silica Sand,0.37,0.647,0.427,4.71,83.36,synthetic_geological_survey
5882,Mine_05882,Granite,0.946,0.355,0.359,2.1,129.81,synthetic_geological_survey
5883,Mine_05883,Iron Ore,0.61,0.349,0.782,0.64,92.62,synthetic_geological_survey
5884,Mine_05884,Limestone,0.592,0.493,0.722,2.21,174.59,synthetic_geological_survey
5885,Mine_05885,Sand,0.32,0.853,0.436,1.07,88.03,synthetic_geological_survey
5886,Mine_05886,Iron Ore,0.564,0.322,0.59,0.75,86.67,synthetic_geological_survey
5887,Mine_05887,Limestone,0.622,0.518,0.63,2.31,22.43,synthetic_geological_survey
5888,Mine_05888,Sand,0.253,0.676,0.22,2.42,35.98,synthetic_geological_survey
5889,Mine_05889,Granite,0.935,0.351,0.201,4.83,124.13,synthetic_geological_survey
5890,Mine_05890,Limestone,0.541,0.451,0.795,4.26,149.67,synthetic_geological_survey
5891,Mine_05891,Sandstone,0.421,0.506,0.262,3.4,20.4,synthetic_geological_survey
5892,Mine_05892,Granite,0.699,0.262,0.224,4.47,186.61,synthetic_geological_survey
5893,Mine_05893,Silica Sand,0.438,0.766,0.605,0.65,122.77,synthetic_geological_survey
5894,Mine_05894,Granite,0.715,0.268,0.605,0.56,69.62,synthetic_geological_survey
5895,Mine_05895,Sandstone,0.423,0.507,0.442,4.04,39.8,synthetic_geological_survey
5896,Mine_05896,Sandstone,0.58,0.697,0.416,1.01,69.36,synthetic_geological_survey
5897,Mine_05897,Limestone,0.489,0.408,0.278,0.71,21.06,synthetic_geological_survey
5898,Mine_05898,Iron Ore,0.567,0.324,0.565,3.65,141.74,synthetic_geological_survey
5899,Mine_05899,Marble,0.657,0.307,0.478,4.85,148.56,synthetic_geological_survey
5900,Mine_05900,Sand,0.327,0.872,0.389,0.82,176.71,synthetic_geological_survey
5901,Mine_05901,Sandstone,0.429,0.515,0.707,1.32,151.03,synthetic_geological_survey
5902,Mine_05902,Iron Ore,0.67,0.383,0.768,3.79,144.03,synthetic_geological_survey
5903,Mine_05903,Limestone,0.567,0.473,0.519,3.93,61.53,synthetic_geological_survey
5904,Mine_05904,Salt,0.832,0.185,0.744,1.98,198.52,synthetic_geological_survey
5905,Mine_05905,Marble,0.767,0.358,0.608,4.97,156.72,synthetic_geological_survey
5906,Mine_05906,Salt,0.926,0.206,0.36,3.06,179.35,synthetic_geological_survey
5907,Mine_05907,Marble,0.629,0.293,0.454,4.28,69.18,synthetic_geological_survey
5908,Mine_05908,Salt,1.001,0.223,0.292,1.59,100.51,synthetic_geological_survey
5909,Mine_05909,Sandstone,0.561,0.673,0.336,1.08,37.64,synthetic_geological_survey
5910,Mine_05910,Silica Sand,0.405,0.708,0.524,0.77,72.0,synthetic_geological_survey
5911,Mine_05911,Silica Sand,0.418,0.731,0.289,1.81,100.22,synthetic_geological_survey
5912,Mine_05912,Iron Ore,0.661,0.378,0.344,4.83,143.35,synthetic_geological_survey
5913,Mine_05913,Iron Ore,0.728,0.416,0.586,3.19,175.63,synthetic_geological_survey
5914,Mine_05914,Marble,0.793,0.37,0.33,4.74,81.83,synthetic_geological_survey
5915,Mine_05915,Granite,0.712,0.267,0.68,1.07,42.2,synthetic_geological_survey
5916,Mine_05916,Marble,0.606,0.283,0.562,4.39,188.63,synthetic_geological_survey
5917,Mine_05917,Limestone,0.482,0.402,0.333,3.19,154.05,synthetic_geological_survey
5918,Mine_05918,Silica Sand,0.357,0.626,0.619,2.0,127.08,synthetic_geological_survey
5919,Mine_05919,Sand,0.293,0.782,0.281,1.32,43.39,synthetic_geological_survey
5920,Mine_05920,Silica Sand,0.324,0.566,0.212,4.67,182.46,synthetic_geological_survey
5921,Mine_05921,Salt,0.847,0.188,0.584,4.97,75.65,synthetic_geological_survey
5922,Mine_05922,Salt,0.944,0.21,0.212,3.34,85.89,synthetic_geological_survey
5923,Mine_05923,Silica Sand,0.394,0.69,0.21,2.11,111.92,synthetic_geological_survey
5924,Mine_05924,Limestone,0.519,0.433,0.209,0.74,159.21,synthetic_geological_survey
5925,Mine_05925,Sand,0.343,0.913,0.729,4.38,87.75,synthetic_geological_survey
5926,Mine_05926,Marble,0.86,0.401,0.625,2.74,132.35,synthetic_geological_survey
5927,Mine_05927,Iron Ore,0.671,0.383,0.791,1.68,184.45,synthetic_geological_survey
5928,Mine_05928,Limestone,0.548,0.457,0.552,3.24,23.68,synthetic_geological_survey
5929,Mine_05929,Limestone,0.627,0.522,0.765,3.63,184.69,synthetic_geological_survey
5930,Mine_05930,Limestone,0.503,0.419,0.22,0.89,160.33,synthetic_geological_survey
5931,Mine_05931,Limestone,0.708,0.59,0.749,2.89,88.88,synthetic_geological_survey
5932,Mine_05932,Sand,0.297,0.792,0.758,3.15,185.57,synthetic_geological_survey
5933,Mine_05933,Sand,0.323,0.861,0.697,1.66,157.32,synthetic_geological_survey
5934,Mine_05934,Salt,0.814,0.181,0.203,3.8,39.69,synthetic_geological_survey
5935,Mine_05935,Limestone,0.71,0.592,0.781,3.17,35.31,synthetic_geological_survey
5936,Mine_05936,Limestone,0.638,0.532,0.659,3.15,82.76,synthetic_geological_survey
5937,Mine_05937,Limestone,0.699,0.582,0.647,0.69,23.35,synthetic_geological_survey
5938,Mine_05938,Iron Ore,0.604,0.345,0.698,0.52,54.6,synthetic_geological_survey
5939,Mine_05939,Granite,0.793,0.298,0.58,0.75,83.0,synthetic_geological_survey
5940,Mine_05940,Salt,1.065,0.237,0.386,1.7,170.4,synthetic_geological_survey
5941,Mine_05941,Marble,0.723,0.338,0.351,3.86,107.06,synthetic_geological_survey
5942,Mine_05942,Granite,0.708,0.266,0.714,3.66,137.78,synthetic_geological_survey
5943,Mine_05943,Marble,0.676,0.316,0.486,4.71,110.97,synthetic_geological_survey
5944,Mine_05944,Silica Sand,0.386,0.675,0.214,2.8,163.2,synthetic_geological_survey
5945,Mine_05945,Marble,0.69,0.322,0.547,1.55,179.59,synthetic_geological_survey
5946,Mine_05946,Sandstone,0.439,0.527,0.342,1.66,151.76,synthetic_geological_survey
5947,Mine_05947,Limestone,0.675,0.562,0.537,0.56,38.54,synthetic_geological_survey
5948,Mine_05948,Marble,0.655,0.306,0.549,0.66,184.04,synthetic_geological_survey
5949,Mine_05949,Iron Ore,0.811,0.464,0.531,1.6,96.34,synthetic_geological_survey
5950,Mine_05950,Salt,0.746,0.166,0.338,0.58,31.68,synthetic_geological_survey
5951,Mine_05951,Iron Ore,0.657,0.375,0.534,0.98,146.56,synthetic_geological_survey
5952,Mine_05952,Iron Ore,0.69,0.394,0.337,4.94,111.82,synthetic_geological_survey
5953,Mine_05953,Silica Sand,0.353,0.617,0.396,3.31,196.21,synthetic_geological_survey
5954,Mine_05954,Granite,0.741,0.278,0.262,2.48,130.77,synthetic_geological_survey
5955,Mine_05955,Iron Ore,0.569,0.325,0.663,3.05,128.64,synthetic_geological_survey
5956,Mine_05956,Sand,0.245,0.653,0.795,1.35,140.72,synthetic_geological_survey
5957,Mine_05957,Marble,0.707,0.33,0.632,4.62,94.11,synthetic_geological_survey
5958,Mine_05958,Sandstone,0.555,0.666,0.679,3.43,130.32,synthetic_geological_survey
5959,Mine_05959,Limestone,0.678,0.565,0.494,2.53,58.55,synthetic_geological_survey
5960,Mine_05960,Granite,0.846,0.317,0.764,2.22,161.88,synthetic_geological_survey
5961,Mine_05961,Marble,0.674,0.315,0.327,3.46,161.35,synthetic_geological_survey
5962,Mine_05962,Sand,0.285,0.76,0.331,1.52,26.97,synthetic_geological_survey
5963,Mine_05963,Iron Ore,0.693,0.396,0.775,4.16,35.81,synthetic_geological_survey
5964,Mine_05964,Marble,0.743,0.347,0.598,3.35,94.42,synthetic_geological_survey
5965,Mine_05965,Salt,1.064,0.237,0.405,1.54,71.09,synthetic_geological_survey
5966,Mine_05966,Limestone,0.618,0.515,0.442,4.55,52.49,synthetic_geological_survey
5967,Mine_05967,Iron Ore,0.732,0.418,0.712,3.51,118.37,synthetic_geological_survey
5968,Mine_05968,Sandstone,0.505,0.607,0.441,3.45,55.2,synthetic_geological_survey
5969,Mine_05969,Iron Ore,0.806,0.46,0.473,0.82,189.98,synthetic_geological_survey
5970,Mine_05970,Iron Ore,0.693,0.396,0.643,2.46,64.99,synthetic_geological_survey
5971,Mine_05971,Marble,0.746,0.348,0.63,0.78,172.77,synthetic_geological_survey
5972,Mine_05972,Marble,0.633,0.295,0.311,1.8,124.09,synthetic_geological_survey
5973,Mine_05973,Sand,0.277,0.74,0.371,2.56,197.63,synthetic_geological_survey
5974,Mine_05974,Marble,0.794,0.37,0.703,1.64,89.28,synthetic_geological_survey
5975,Mine_05975,Marble,0.814,0.38,0.575,3.04,193.49,synthetic_geological_survey
5976,Mine_05976,Salt,0.916,0.204,0.736,3.91,113.78,synthetic_geological_survey
5977,Mine_05977,Limestone,0.533,0.445,0.364,0.86,104.67,synthetic_geological_survey
5978,Mine_05978,Iron Ore,0.714,0.408,0.606,2.24,34.38,synthetic_geological_survey
5979,Mine_05979,Limestone,0.522,0.435,0.421,2.42,161.4,synthetic_geological_survey
5980,Mine_05980,Silica Sand,0.422,0.738,0.673,3.6,51.12,synthetic_geological_survey
5981,Mine_05981,Marble,0.673,0.314,0.473,1.18,136.55,synthetic_geological_survey
5982,Mine_05982,Sandstone,0.402,0.483,0.243,1.2,167.2,synthetic_geological_survey
5983,Mine_05983,Marble,0.856,0.4,0.493,2.53,88.61,synthetic_geological_survey
5984,Mine_05984,Sandstone,0.588,0.705,0.33,3.5,170.44,synthetic_geological_survey
5985,Mine_05985,Sandstone,0.526,0.631,0.419,1.34,179.54,synthetic_geological_survey
5986,Mine_05986,Silica Sand,0.337,0.589,0.697,4.39,70.66,synthetic_geological_survey
5987,Mine_05987,Sandstone,0.442,0.531,0.331,3.1,193.69,synthetic_geological_survey
5988,Mine_05988,Iron Ore,0.612,0.349,0.231,2.97,148.05,synthetic_geological_survey
5989,Mine_05989,Limestone,0.646,0.538,0.566,3.37,85.71,synthetic_geological_survey
5990,Mine_05990,Iron Ore,0.601,0.343,0.441,4.0,93.52,synthetic_geological_survey
5991,Mine_05991,Iron Ore,0.586,0.335,0.478,4.54,57.68,synthetic_geological_survey
5992,Mine_05992,Iron Ore,0.681,0.389,0.345,2.48,129.13,synthetic_geological_survey
5993,Mine_05993,Salt,0.795,0.177,0.526,3.92,81.26,synthetic_geological_survey
5994,Mine_05994,Sand,0.302,0.804,0.527,0.61,43.05,synthetic_geological_survey
5995,Mine_05995,Limestone,0.6,0.5,0.521,2.18,29.02,synthetic_geological_survey
5996,Mine_05996,Salt,0.755,0.168,0.751,2.3,174.61,synthetic_geological_survey
5997,Mine_05997,Silica Sand,0.457,0.8,0.474,3.69,40.54,synthetic_geological_survey
5998,Mine_05998,Granite,0.95,0.356,0.68,3.56,142.36,synthetic_geological_survey
5999,Mine_05999,Limestone,0.668,0.557,0.732,3.09,82.43,synthetic_geological_survey
6000,Mine_06000,Silica Sand,0.356,0.624,0.314,2.42,193.18,synthetic_geological_survey
6001,Mine_06001,Marble,0.687,0.321,0.689,1.75,66.83,synthetic_geological_survey
6002,Mine_06002,Granite,0.735,0.276,0.792,4.07,120.75,synthetic_geological_survey
6003,Mine_06003,Granite,0.727,0.273,0.635,0.81,47.26,synthetic_geological_survey
6004,Mine_06004,Marble,0.628,0.293,0.597,2.62,149.6,synthetic_geological_survey
6005,Mine_06005,Sandstone,0.459,0.55,0.25,0.6,181.14,synthetic_geological_survey
6006,Mine_06006,Sandstone,0.422,0.507,0.776,3.53,55.69,synthetic_geological_survey
6007,Mine_06007,Sand,0.348,0.927,0.281,3.26,62.29,synthetic_geological_survey
6008,Mine_06008,Silica Sand,0.335,0.586,0.332,1.52,61.64,synthetic_geological_survey
6009,Mine_06009,Limestone,0.674,0.562,0.641,3.16,197.96,synthetic_geological_survey
6010,Mine_06010,Silica Sand,0.433,0.759,0.576,2.5,179.11,synthetic_geological_survey
6011,Mine_06011,Salt,0.991,0.22,0.716,1.14,91.72,synthetic_geological_survey
6012,Mine_06012,Sandstone,0.53,0.636,0.337,4.81,143.96,synthetic_geological_survey
6013,Mine_06013,Salt,0.887,0.197,0.547,4.81,37.68,synthetic_geological_survey
6014,Mine_06014,Silica Sand,0.421,0.738,0.78,4.53,176.78,synthetic_geological_survey
6015,Mine_06015,Granite,0.894,0.335,0.405,4.14,146.1,synthetic_geological_survey
6016,Mine_06016,Sandstone,0.421,0.505,0.635,2.62,164.0,synthetic_geological_survey
6017,Mine_06017,Sandstone,0.431,0.517,0.711,3.75,148.39,synthetic_geological_survey
6018,Mine_06018,Marble,0.897,0.419,0.499,4.61,120.54,synthetic_geological_survey
6019,Mine_06019,Granite,0.795,0.298,0.273,2.94,141.41,synthetic_geological_survey
6020,Mine_06020,Limestone,0.583,0.486,0.565,3.68,95.73,synthetic_geological_survey
6021,Mine_06021,Granite,0.655,0.245,0.564,0.63,26.65,synthetic_geological_survey
6022,Mine_06022,Iron Ore,0.706,0.404,0.396,4.88,57.8,synthetic_geological_survey
6023,Mine_06023,Sand,0.34,0.907,0.219,1.12,102.66,synthetic_geological_survey
6024,Mine_06024,Sand,0.273,0.728,0.538,2.23,137.3,synthetic_geological_survey
6025,Mine_06025,Sand,0.245,0.653,0.672,1.09,89.27,synthetic_geological_survey
6026,Mine_06026,Salt,1.045,0.232,0.346,3.83,142.86,synthetic_geological_survey
6027,Mine_06027,Silica Sand,0.422,0.739,0.255,3.78,31.51,synthetic_geological_survey
6028,Mine_06028,Silica Sand,0.458,0.802,0.795,0.96,188.74,synthetic_geological_survey
6029,Mine_06029,Sand,0.259,0.691,0.204,1.21,84.89,synthetic_geological_survey
6030,Mine_06030,Granite,0.888,0.333,0.416,3.28,49.33,synthetic_geological_survey
6031,Mine_06031,Silica Sand,0.428,0.75,0.462,2.12,117.44,synthetic_geological_survey
6032,Mine_06032,Silica Sand,0.461,0.807,0.332,2.2,93.06,synthetic_geological_survey
6033,Mine_06033,Marble,0.878,0.41,0.702,3.69,191.65,synthetic_geological_survey
6034,Mine_06034,Salt,0.725,0.161,0.629,1.58,143.21,synthetic_geological_survey
6035,Mine_06035,Sandstone,0.565,0.678,0.722,3.21,107.2,synthetic_geological_survey
6036,Mine_06036,Granite,0.746,0.28,0.562,0.54,49.72,synthetic_geological_survey
6037,Mine_06037,Limestone,0.497,0.414,0.268,4.27,119.02,synthetic_geological_survey
6038,Mine_06038,Salt,1.074,0.239,0.563,3.9,164.0,synthetic_geological_survey
6039,Mine_06039,Granite,0.724,0.271,0.425,3.76,150.26,synthetic_geological_survey
6040,Mine_06040,Granite,0.83,0.311,0.274,2.72,25.15,synthetic_geological_survey
6041,Mine_06041,Salt,1.073,0.238,0.253,0.76,135.32,synthetic_geological_survey
6042,Mine_06042,Sand,0.323,0.862,0.265,5.0,157.01,synthetic_geological_survey
6043,Mine_06043,Iron Ore,0.581,0.332,0.378,0.93,82.88,synthetic_geological_survey
6044,Mine_06044,Sand,0.275,0.734,0.366,1.08,158.27,synthetic_geological_survey
6045,Mine_06045,Marble,0.605,0.282,0.657,3.83,146.59,synthetic_geological_survey
6046,Mine_06046,Salt,0.818,0.182,0.245,1.11,192.78,synthetic_geological_survey
6047,Mine_06047,Marble,0.868,0.405,0.588,3.14,164.82,synthetic_geological_survey
6048,Mine_06048,Iron Ore,0.604,0.345,0.326,4.29,135.75,synthetic_geological_survey
6049,Mine_06049,Silica Sand,0.399,0.698,0.678,3.46,22.29,synthetic_geological_survey
6050,Mine_06050,Marble,0.753,0.351,0.552,1.26,71.58,synthetic_geological_survey
6051,Mine_06051,Limestone,0.501,0.418,0.285,2.03,196.05,synthetic_geological_survey
6052,Mine_06052,Silica Sand,0.436,0.762,0.55,2.33,88.29,synthetic_geological_survey
6053,Mine_06053,Granite,0.698,0.262,0.729,2.31,78.39,synthetic_geological_survey
6054,Mine_06054,Iron Ore,0.578,0.33,0.636,2.51,121.52,synthetic_geological_survey
6055,Mine_06055,Granite,0.685,0.257,0.703,2.67,105.37,synthetic_geological_survey
6056,Mine_06056,Sand,0.309,0.824,0.583,1.63,90.43,synthetic_geological_survey
6057,Mine_06057,Iron Ore,0.792,0.453,0.496,3.43,47.02,synthetic_geological_survey
6058,Mine_06058,Granite,0.641,0.241,0.736,1.72,96.55,synthetic_geological_survey
6059,Mine_06059,Sandstone,0.487,0.585,0.481,2.08,145.95,synthetic_geological_survey
6060,Mine_06060,Sand,0.334,0.89,0.546,2.11,91.01,synthetic_geological_survey
6061,Mine_06061,Iron Ore,0.605,0.346,0.471,3.86,29.24,synthetic_geological_survey
6062,Mine_06062,Marble,0.641,0.299,0.378,1.27,104.86,synthetic_geological_survey
6063,Mine_06063,Iron Ore,0.643,0.367,0.314,0.57,144.43,synthetic_geological_survey
6064,Mine_06064,Salt,0.763,0.17,0.258,3.76,147.61,synthetic_geological_survey
6065,Mine_06065,Salt,0.727,0.161,0.618,3.28,152.52,synthetic_geological_survey
6066,Mine_06066,Silica Sand,0.378,0.662,0.202,4.37,31.28,synthetic_geological_survey
6067,Mine_06067,Iron Ore,0.838,0.479,0.381,2.78,64.96,synthetic_geological_survey
6068,Mine_06068,Marble,0.639,0.298,0.587,2.51,109.68,synthetic_geological_survey
6069,Mine_06069,Salt,0.748,0.166,0.709,2.43,73.28,synthetic_geological_survey
6070,Mine_06070,Sandstone,0.498,0.597,0.666,2.07,189.79,synthetic_geological_survey
6071,Mine_06071,Iron Ore,0.839,0.479,0.707,4.69,177.8,synthetic_geological_survey
6072,Mine_06072,Silica Sand,0.444,0.777,0.681,4.56,197.74,synthetic_geological_survey
6073,Mine_06073,Granite,0.669,0.251,0.247,1.54,137.9,synthetic_geological_survey
6074,Mine_06074,Sand,0.288,0.768,0.729,4.84,124.83,synthetic_geological_survey
6075,Mine_06075,Limestone,0.591,0.492,0.619,2.65,59.22,synthetic_geological_survey
6076,Mine_06076,Marble,0.821,0.383,0.229,1.58,185.66,synthetic_geological_survey
6077,Mine_06077,Sand,0.267,0.712,0.651,2.21,166.25,synthetic_geological_survey
6078,Mine_06078,Sand,0.342,0.911,0.59,2.17,33.15,synthetic_geological_survey
6079,Mine_06079,Iron Ore,0.74,0.423,0.422,3.49,133.87,synthetic_geological_survey
6080,Mine_06080,Marble,0.882,0.412,0.484,1.96,42.41,synthetic_geological_survey
6081,Mine_06081,Silica Sand,0.325,0.568,0.532,4.5,148.11,synthetic_geological_survey
6082,Mine_06082,Sandstone,0.454,0.544,0.3,3.43,125.82,synthetic_geological_survey
6083,Mine_06083,Sandstone,0.541,0.65,0.586,2.25,29.05,synthetic_geological_survey
6084,Mine_06084,Marble,0.798,0.373,0.738,0.76,87.33,synthetic_geological_survey
6085,Mine_06085,Granite,0.732,0.275,0.609,4.76,131.69,synthetic_geological_survey
6086,Mine_06086,Iron Ore,0.609,0.348,0.319,1.86,34.5,synthetic_geological_survey
6087,Mine_06087,Marble,0.71,0.331,0.562,4.99,168.96,synthetic_geological_survey
6088,Mine_06088,Granite,0.721,0.27,0.346,2.02,101.31,synthetic_geological_survey
6089,Mine_06089,Iron Ore,0.735,0.42,0.487,2.79,49.01,synthetic_geological_survey
6090,Mine_06090,Iron Ore,0.688,0.393,0.579,1.01,29.88,synthetic_geological_survey
6091,Mine_06091,Sandstone,0.401,0.481,0.391,0.81,34.07,synthetic_geological_survey
6092,Mine_06092,Iron Ore,0.822,0.47,0.288,2.69,133.95,synthetic_geological_survey
6093,Mine_06093,Sandstone,0.596,0.715,0.539,1.24,124.77,synthetic_geological_survey
6094,Mine_06094,Marble,0.758,0.354,0.246,3.67,36.28,synthetic_geological_survey
6095,Mine_06095,Granite,0.721,0.27,0.353,3.61,156.18,synthetic_geological_survey
6096,Mine_06096,Granite,0.813,0.305,0.265,1.4,147.77,synthetic_geological_survey
6097,Mine_06097,Limestone,0.552,0.46,0.729,4.73,79.25,synthetic_geological_survey
6098,Mine_06098,Iron Ore,0.803,0.459,0.768,1.21,166.56,synthetic_geological_survey
6099,Mine_06099,Silica Sand,0.321,0.561,0.691,0.83,138.33,synthetic_geological_survey
6100,Mine_06100,Sand,0.356,0.949,0.777,1.52,62.43,synthetic_geological_survey
6101,Mine_06101,Granite,0.684,0.257,0.71,3.28,126.74,synthetic_geological_survey
6102,Mine_06102,Sandstone,0.433,0.519,0.496,1.86,154.98,synthetic_geological_survey
6103,Mine_06103,Marble,0.892,0.416,0.423,1.86,76.62,synthetic_geological_survey
6104,Mine_06104,Marble,0.708,0.331,0.74,4.71,144.4,synthetic_geological_survey
6105,Mine_06105,Marble,0.691,0.322,0.539,2.84,44.39,synthetic_geological_survey
6106,Mine_06106,Silica Sand,0.378,0.661,0.543,0.61,49.37,synthetic_geological_survey
6107,Mine_06107,Granite,0.931,0.349,0.337,4.75,21.8,synthetic_geological_survey
6108,Mine_06108,Marble,0.692,0.323,0.353,1.11,162.83,synthetic_geological_survey
6109,Mine_06109,Sandstone,0.473,0.567,0.367,2.41,133.15,synthetic_geological_survey
6110,Mine_06110,Limestone,0.649,0.541,0.561,4.34,105.58,synthetic_geological_survey
6111,Mine_06111,Marble,0.763,0.356,0.479,4.74,148.62,synthetic_geological_survey
6112,Mine_06112,Silica Sand,0.329,0.576,0.308,4.49,156.21,synthetic_geological_survey
6113,Mine_06113,Sand,0.36,0.959,0.333,2.03,60.44,synthetic_geological_survey
6114,Mine_06114,Marble,0.781,0.365,0.21,2.69,108.89,synthetic_geological_survey
6115,Mine_06115,Sand,0.33,0.879,0.667,2.95,131.47,synthetic_geological_survey
6116,Mine_06116,Sand,0.271,0.723,0.581,2.42,61.87,synthetic_geological_survey
6117,Mine_06117,Salt,0.732,0.163,0.241,1.87,166.28,synthetic_geological_survey
6118,Mine_06118,Granite,0.885,0.332,0.741,1.26,92.2,synthetic_geological_survey
6119,Mine_06119,Limestone,0.617,0.514,0.573,2.4,58.95,synthetic_geological_survey
6120,Mine_06120,Sandstone,0.554,0.665,0.203,3.48,102.03,synthetic_geological_survey
6121,Mine_06121,Marble,0.816,0.381,0.769,2.04,165.35,synthetic_geological_survey
6122,Mine_06122,Granite,0.845,0.317,0.584,2.61,32.54,synthetic_geological_survey
6123,Mine_06123,Limestone,0.705,0.588,0.474,4.74,35.87,synthetic_geological_survey
6124,Mine_06124,Salt,0.927,0.206,0.365,1.58,141.97,synthetic_geological_survey
6125,Mine_06125,Granite,0.823,0.309,0.356,1.04,80.42,synthetic_geological_survey
6126,Mine_06126,Sandstone,0.412,0.495,0.415,0.52,36.77,synthetic_geological_survey
6127,Mine_06127,Limestone,0.52,0.434,0.669,0.51,181.07,synthetic_geological_survey
6128,Mine_06128,Salt,0.972,0.216,0.207,3.72,79.61,synthetic_geological_survey
6129,Mine_06129,Salt,0.905,0.201,0.707,4.91,106.06,synthetic_geological_survey
6130,Mine_06130,Silica Sand,0.43,0.753,0.36,3.21,27.81,synthetic_geological_survey
6131,Mine_06131,Limestone,0.711,0.593,0.383,3.52,174.05,synthetic_geological_survey
6132,Mine_06132,Silica Sand,0.387,0.678,0.304,2.44,48.34,synthetic_geological_survey
6133,Mine_06133,Marble,0.646,0.302,0.395,1.03,100.1,synthetic_geological_survey
6134,Mine_06134,Marble,0.6,0.28,0.255,3.93,163.63,synthetic_geological_survey
6135,Mine_06135,Marble,0.64,0.298,0.778,1.39,188.49,synthetic_geological_survey
6136,Mine_06136,Silica Sand,0.468,0.819,0.352,3.17,39.11,synthetic_geological_survey
6137,Mine_06137,Granite,0.711,0.267,0.782,4.53,114.62,synthetic_geological_survey
6138,Mine_06138,Sand,0.317,0.845,0.228,3.45,125.58,synthetic_geological_survey
6139,Mine_06139,Sand,0.291,0.777,0.309,1.71,178.83,synthetic_geological_survey
6140,Mine_06140,Limestone,0.64,0.533,0.234,3.67,67.25,synthetic_geological_survey
6141,Mine_06141,Silica Sand,0.408,0.714,0.737,2.11,131.02,synthetic_geological_survey
6142,Mine_06142,Silica Sand,0.405,0.709,0.32,1.02,188.76,synthetic_geological_survey
6143,Mine_06143,Silica Sand,0.345,0.604,0.714,3.53,24.21,synthetic_geological_survey
6144,Mine_06144,Salt,0.757,0.168,0.394,0.61,194.71,synthetic_geological_survey
6145,Mine_06145,Marble,0.777,0.362,0.688,0.99,134.93,synthetic_geological_survey
6146,Mine_06146,Sandstone,0.412,0.495,0.669,1.25,199.62,synthetic_geological_survey
6147,Mine_06147,Sand,0.248,0.663,0.469,4.9,36.83,synthetic_geological_survey
6148,Mine_06148,Silica Sand,0.427,0.748,0.595,1.72,111.7,synthetic_geological_survey
6149,Mine_06149,Granite,0.87,0.326,0.224,1.23,113.69,synthetic_geological_survey
6150,Mine_06150,Marble,0.808,0.377,0.267,1.57,70.38,synthetic_geological_survey
6151,Mine_06151,Limestone,0.711,0.592,0.367,3.18,194.06,synthetic_geological_survey
6152,Mine_06152,Limestone,0.71,0.592,0.711,2.14,32.38,synthetic_geological_survey
6153,Mine_06153,Sandstone,0.583,0.699,0.766,1.92,157.37,synthetic_geological_survey
6154,Mine_06154,Salt,0.834,0.185,0.257,2.33,131.16,synthetic_geological_survey
6155,Mine_06155,Salt,0.843,0.187,0.733,0.5,154.77,synthetic_geological_survey
6156,Mine_06156,Silica Sand,0.471,0.824,0.372,1.58,67.6,synthetic_geological_survey
6157,Mine_06157,Sand,0.301,0.802,0.482,4.62,45.99,synthetic_geological_survey
6158,Mine_06158,Marble,0.628,0.293,0.524,2.38,151.45,synthetic_geological_survey
6159,Mine_06159,Limestone,0.571,0.476,0.532,2.06,55.73,synthetic_geological_survey
6160,Mine_06160,Marble,0.85,0.397,0.465,0.68,84.14,synthetic_geological_survey
6161,Mine_06161,Silica Sand,0.335,0.586,0.401,4.57,66.8,synthetic_geological_survey
6162,Mine_06162,Granite,0.748,0.281,0.425,2.17,78.91,synthetic_geological_survey
6163,Mine_06163,Marble,0.643,0.3,0.718,1.93,151.18,synthetic_geological_survey
6164,Mine_06164,Sandstone,0.572,0.686,0.579,4.29,46.31,synthetic_geological_survey
6165,Mine_06165,Limestone,0.488,0.407,0.311,4.71,195.76,synthetic_geological_survey
6166,Mine_06166,Granite,0.8,0.3,0.643,2.24,69.56,synthetic_geological_survey
6167,Mine_06167,Silica Sand,0.341,0.597,0.297,1.21,173.73,synthetic_geological_survey
6168,Mine_06168,Salt,0.876,0.195,0.267,4.35,144.12,synthetic_geological_survey
6169,Mine_06169,Iron Ore,0.672,0.384,0.439,1.76,181.41,synthetic_geological_survey
6170,Mine_06170,Sand,0.311,0.828,0.456,4.78,142.0,synthetic_geological_survey
6171,Mine_06171,Marble,0.833,0.389,0.387,1.02,77.4,synthetic_geological_survey
6172,Mine_06172,Sand,0.3,0.799,0.766,4.29,89.94,synthetic_geological_survey
6173,Mine_06173,Iron Ore,0.785,0.449,0.716,4.9,195.52,synthetic_geological_survey
6174,Mine_06174,Iron Ore,0.619,0.354,0.742,3.48,117.75,synthetic_geological_survey
6175,Mine_06175,Sandstone,0.425,0.51,0.297,3.1,35.3,synthetic_geological_survey
6176,Mine_06176,Silica Sand,0.42,0.735,0.358,3.14,127.13,synthetic_geological_survey
6177,Mine_06177,Salt,0.948,0.211,0.71,1.12,147.3,synthetic_geological_survey
6178,Mine_06178,Limestone,0.62,0.517,0.245,2.22,186.34,synthetic_geological_survey
6179,Mine_06179,Sand,0.328,0.875,0.555,3.82,42.71,synthetic_geological_survey
6180,Mine_06180,Sandstone,0.594,0.713,0.38,4.73,143.1,synthetic_geological_survey
6181,Mine_06181,Sandstone,0.484,0.581,0.705,2.49,113.66,synthetic_geological_survey
6182,Mine_06182,Sandstone,0.452,0.542,0.708,4.77,167.63,synthetic_geological_survey
6183,Mine_06183,Salt,0.854,0.19,0.627,1.13,22.91,synthetic_geological_survey
6184,Mine_06184,Silica Sand,0.417,0.729,0.214,2.68,196.4,synthetic_geological_survey
6185,Mine_06185,Limestone,0.538,0.448,0.604,4.94,93.06,synthetic_geological_survey
6186,Mine_06186,Silica Sand,0.336,0.588,0.658,2.32,80.89,synthetic_geological_survey
6187,Mine_06187,Sandstone,0.527,0.632,0.572,4.39,189.58,synthetic_geological_survey
6188,Mine_06188,Sandstone,0.525,0.63,0.546,3.53,160.66,synthetic_geological_survey
6189,Mine_06189,Granite,0.738,0.277,0.366,4.34,122.85,synthetic_geological_survey
6190,Mine_06190,Granite,0.912,0.342,0.62,1.62,197.67,synthetic_geological_survey
6191,Mine_06191,Marble,0.703,0.328,0.393,4.27,140.57,synthetic_geological_survey
6192,Mine_06192,Limestone,0.701,0.584,0.411,2.58,146.12,synthetic_geological_survey
6193,Mine_06193,Sandstone,0.544,0.652,0.362,4.75,197.61,synthetic_geological_survey
6194,Mine_06194,Sand,0.33,0.881,0.763,3.86,195.17,synthetic_geological_survey
6195,Mine_06195,Silica Sand,0.337,0.59,0.776,3.57,94.64,synthetic_geological_survey
6196,Mine_06196,Iron Ore,0.692,0.396,0.633,1.0,80.22,synthetic_geological_survey
6197,Mine_06197,Granite,0.672,0.252,0.477,3.99,194.39,synthetic_geological_survey
6198,Mine_06198,Granite,0.841,0.315,0.785,4.28,43.48,synthetic_geological_survey
6199,Mine_06199,Marble,0.835,0.39,0.651,3.49,161.67,synthetic_geological_survey
6200,Mine_06200,Granite,0.921,0.345,0.528,2.78,160.36,synthetic_geological_survey
6201,Mine_06201,Silica Sand,0.428,0.749,0.656,0.94,60.85,synthetic_geological_survey
6202,Mine_06202,Marble,0.817,0.381,0.796,0.66,128.49,synthetic_geological_survey
6203,Mine_06203,Sandstone,0.433,0.52,0.751,4.16,60.66,synthetic_geological_survey
6204,Mine_06204,Sandstone,0.561,0.673,0.316,4.37,121.49,synthetic_geological_survey
6205,Mine_06205,Granite,0.918,0.344,0.347,2.28,143.16,synthetic_geological_survey
6206,Mine_06206,Limestone,0.507,0.422,0.43,3.66,147.13,synthetic_geological_survey
6207,Mine_06207,Silica Sand,0.326,0.57,0.312,1.54,158.89,synthetic_geological_survey
6208,Mine_06208,Limestone,0.587,0.489,0.781,2.61,82.84,synthetic_geological_survey
6209,Mine_06209,Granite,0.685,0.257,0.304,1.8,162.68,synthetic_geological_survey
6210,Mine_06210,Salt,0.776,0.172,0.659,3.08,124.84,synthetic_geological_survey
6211,Mine_06211,Iron Ore,0.704,0.402,0.684,2.61,151.92,synthetic_geological_survey
6212,Mine_06212,Limestone,0.557,0.465,0.654,4.98,147.04,synthetic_geological_survey
6213,Mine_06213,Limestone,0.527,0.439,0.63,3.05,191.61,synthetic_geological_survey
6214,Mine_06214,Marble,0.69,0.322,0.303,2.11,127.53,synthetic_geological_survey
6215,Mine_06215,Sand,0.332,0.884,0.429,4.81,103.62,synthetic_geological_survey
6216,Mine_06216,Iron Ore,0.707,0.404,0.241,4.48,37.7,synthetic_geological_survey
6217,Mine_06217,Sandstone,0.468,0.561,0.571,3.08,187.95,synthetic_geological_survey
6218,Mine_06218,Salt,0.992,0.22,0.796,4.67,118.61,synthetic_geological_survey
6219,Mine_06219,Iron Ore,0.755,0.432,0.291,4.95,69.72,synthetic_geological_survey
6220,Mine_06220,Salt,1.002,0.223,0.334,2.47,158.85,synthetic_geological_survey
6221,Mine_06221,Marble,0.702,0.327,0.791,4.25,29.75,synthetic_geological_survey
6222,Mine_06222,Sandstone,0.407,0.488,0.482,3.97,151.8,synthetic_geological_survey
6223,Mine_06223,Sandstone,0.566,0.679,0.27,4.31,183.13,synthetic_geological_survey
6224,Mine_06224,Sand,0.27,0.72,0.664,1.34,21.95,synthetic_geological_survey
6225,Mine_06225,Silica Sand,0.404,0.707,0.387,3.97,103.18,synthetic_geological_survey
6226,Mine_06226,Granite,0.768,0.288,0.366,2.37,116.38,synthetic_geological_survey
6227,Mine_06227,Silica Sand,0.464,0.812,0.782,1.68,101.32,synthetic_geological_survey
6228,Mine_06228,Salt,0.874,0.194,0.732,2.08,79.36,synthetic_geological_survey
6229,Mine_06229,Granite,0.846,0.317,0.654,2.83,45.44,synthetic_geological_survey
6230,Mine_06230,Marble,0.866,0.404,0.39,4.92,113.17,synthetic_geological_survey
6231,Mine_06231,Marble,0.635,0.296,0.228,0.78,180.41,synthetic_geological_survey
6232,Mine_06232,Granite,0.698,0.262,0.769,0.5,39.91,synthetic_geological_survey
6233,Mine_06233,Limestone,0.634,0.528,0.75,3.4,179.59,synthetic_geological_survey
6234,Mine_06234,Iron Ore,0.668,0.382,0.356,2.48,143.95,synthetic_geological_survey
6235,Mine_06235,Granite,0.835,0.313,0.34,4.49,67.92,synthetic_geological_survey
6236,Mine_06236,Granite,0.734,0.275,0.356,2.24,115.91,synthetic_geological_survey
6237,Mine_06237,Marble,0.786,0.367,0.475,0.94,100.71,synthetic_geological_survey
6238,Mine_06238,Iron Ore,0.735,0.42,0.561,4.07,157.02,synthetic_geological_survey
6239,Mine_06239,Silica Sand,0.449,0.786,0.666,0.63,137.0,synthetic_geological_survey
6240,Mine_06240,Salt,0.777,0.173,0.618,2.41,51.53,synthetic_geological_survey
6241,Mine_06241,Granite,0.72,0.27,0.64,1.51,59.5,synthetic_geological_survey
6242,Mine_06242,Marble,0.641,0.299,0.767,3.28,55.64,synthetic_geological_survey
6243,Mine_06243,Salt,1.014,0.225,0.706,2.9,166.48,synthetic_geological_survey
6244,Mine_06244,Sand,0.334,0.891,0.481,1.12,142.04,synthetic_geological_survey
6245,Mine_06245,Limestone,0.58,0.483,0.567,1.33,163.87,synthetic_geological_survey
6246,Mine_06246,Sandstone,0.474,0.569,0.402,4.35,48.15,synthetic_geological_survey
6247,Mine_06247,Marble,0.801,0.374,0.302,0.69,141.43,synthetic_geological_survey
6248,Mine_06248,Sandstone,0.531,0.638,0.487,3.21,172.89,synthetic_geological_survey
6249,Mine_06249,Sandstone,0.427,0.513,0.325,4.95,83.22,synthetic_geological_survey
6250,Mine_06250,Silica Sand,0.457,0.799,0.478,4.97,149.52,synthetic_geological_survey
6251,Mine_06251,Granite,0.802,0.301,0.5,2.42,77.88,synthetic_geological_survey
6252,Mine_06252,Salt,0.871,0.193,0.367,2.63,147.75,synthetic_geological_survey
6253,Mine_06253,Sandstone,0.422,0.506,0.523,2.01,24.59,synthetic_geological_survey
6254,Mine_06254,Sandstone,0.594,0.712,0.579,3.87,51.18,synthetic_geological_survey
6255,Mine_06255,Salt,0.937,0.208,0.547,2.55,40.8,synthetic_geological_survey
6256,Mine_06256,Sand,0.349,0.931,0.542,0.74,43.57,synthetic_geological_survey
6257,Mine_06257,Silica Sand,0.433,0.758,0.32,1.11,138.74,synthetic_geological_survey
6258,Mine_06258,Silica Sand,0.392,0.686,0.467,2.81,32.99,synthetic_geological_survey
6259,Mine_06259,Granite,0.785,0.294,0.43,2.04,114.98,synthetic_geological_survey
6260,Mine_06260,Sand,0.32,0.855,0.616,4.04,195.7,synthetic_geological_survey
6261,Mine_06261,Sand,0.34,0.906,0.493,2.09,102.68,synthetic_geological_survey
6262,Mine_06262,Granite,0.826,0.31,0.654,4.77,144.73,synthetic_geological_survey
6263,Mine_06263,Limestone,0.694,0.578,0.547,4.79,139.67,synthetic_geological_survey
6264,Mine_06264,Limestone,0.66,0.55,0.753,4.67,152.57,synthetic_geological_survey
6265,Mine_06265,Iron Ore,0.796,0.455,0.244,0.62,196.79,synthetic_geological_survey
6266,Mine_06266,Sand,0.259,0.69,0.79,2.35,151.41,synthetic_geological_survey
6267,Mine_06267,Silica Sand,0.458,0.802,0.398,3.02,182.3,synthetic_geological_survey
6268,Mine_06268,Silica Sand,0.393,0.688,0.592,2.93,95.8,synthetic_geological_survey
6269,Mine_06269,Sand,0.298,0.795,0.748,4.76,67.08,synthetic_geological_survey
6270,Mine_06270,Marble,0.821,0.383,0.214,1.11,178.69,synthetic_geological_survey
6271,Mine_06271,Limestone,0.543,0.453,0.747,0.59,36.63,synthetic_geological_survey
6272,Mine_06272,Limestone,0.655,0.546,0.54,1.28,49.98,synthetic_geological_survey
6273,Mine_06273,Limestone,0.664,0.554,0.635,4.68,127.32,synthetic_geological_survey
6274,Mine_06274,Silica Sand,0.326,0.571,0.263,2.91,143.89,synthetic_geological_survey
6275,Mine_06275,Salt,1.022,0.227,0.767,2.03,99.39,synthetic_geological_survey
6276,Mine_06276,Sandstone,0.451,0.541,0.3,3.98,112.72,synthetic_geological_survey
6277,Mine_06277,Granite,0.892,0.335,0.209,3.39,187.76,synthetic_geological_survey
6278,Mine_06278,Limestone,0.581,0.484,0.343,0.83,78.74,synthetic_geological_survey
6279,Mine_06279,Limestone,0.72,0.6,0.516,2.16,161.53,synthetic_geological_survey
6280,Mine_06280,Iron Ore,0.599,0.342,0.454,4.25,185.56,synthetic_geological_survey
6281,Mine_06281,Limestone,0.485,0.404,0.727,0.87,24.21,synthetic_geological_survey
6282,Mine_06282,Limestone,0.607,0.506,0.731,4.07,130.08,synthetic_geological_survey
6283,Mine_06283,Sandstone,0.524,0.628,0.321,4.5,151.86,synthetic_geological_survey
6284,Mine_06284,Granite,0.889,0.333,0.527,2.25,86.09,synthetic_geological_survey
6285,Mine_06285,Iron Ore,0.763,0.436,0.255,3.74,61.25,synthetic_geological_survey
6286,Mine_06286,Limestone,0.52,0.433,0.74,2.71,190.64,synthetic_geological_survey
6287,Mine_06287,Silica Sand,0.475,0.831,0.646,2.18,180.94,synthetic_geological_survey
6288,Mine_06288,Sand,0.255,0.68,0.576,1.75,70.71,synthetic_geological_survey
6289,Mine_06289,Iron Ore,0.649,0.371,0.268,4.35,93.74,synthetic_geological_survey
6290,Mine_06290,Silica Sand,0.412,0.721,0.517,3.64,181.48,synthetic_geological_survey
6291,Mine_06291,Marble,0.745,0.348,0.732,4.3,115.08,synthetic_geological_survey
6292,Mine_06292,Sandstone,0.594,0.713,0.402,1.29,154.96,synthetic_geological_survey
6293,Mine_06293,Marble,0.77,0.359,0.592,1.52,32.87,synthetic_geological_survey
6294,Mine_06294,Salt,1.014,0.225,0.338,3.31,22.57,synthetic_geological_survey
6295,Mine_06295,Marble,0.692,0.323,0.597,4.23,34.02,synthetic_geological_survey
6296,Mine_06296,Sand,0.304,0.812,0.753,1.63,136.75,synthetic_geological_survey
6297,Mine_06297,Sand,0.326,0.868,0.734,1.4,93.44,synthetic_geological_survey
6298,Mine_06298,Limestone,0.559,0.466,0.278,2.74,183.83,synthetic_geological_survey
6299,Mine_06299,Iron Ore,0.72,0.412,0.303,2.68,112.92,synthetic_geological_survey
6300,Mine_06300,Silica Sand,0.376,0.658,0.725,1.19,50.04,synthetic_geological_survey
6301,Mine_06301,Marble,0.729,0.34,0.202,1.62,163.59,synthetic_geological_survey
6302,Mine_06302,Granite,0.808,0.303,0.51,1.11,59.87,synthetic_geological_survey
6303,Mine_06303,Limestone,0.599,0.499,0.668,2.23,31.92,synthetic_geological_survey
6304,Mine_06304,Salt,0.745,0.166,0.279,4.83,41.24,synthetic_geological_survey
6305,Mine_06305,Sand,0.318,0.847,0.768,0.77,133.56,synthetic_geological_survey
6306,Mine_06306,Limestone,0.675,0.563,0.65,3.73,114.2,synthetic_geological_survey
6307,Mine_06307,Iron Ore,0.703,0.402,0.407,4.19,140.16,synthetic_geological_survey
6308,Mine_06308,Limestone,0.684,0.57,0.431,2.46,36.67,synthetic_geological_survey
6309,Mine_06309,Salt,1.038,0.231,0.665,2.37,62.86,synthetic_geological_survey
6310,Mine_06310,Granite,0.735,0.276,0.208,2.68,152.43,synthetic_geological_survey
6311,Mine_06311,Limestone,0.491,0.409,0.316,4.1,31.15,synthetic_geological_survey
6312,Mine_06312,Granite,0.764,0.287,0.67,1.13,161.27,synthetic_geological_survey
6313,Mine_06313,Sand,0.303,0.809,0.742,0.65,46.09,synthetic_geological_survey
6314,Mine_06314,Iron Ore,0.579,0.331,0.213,1.79,111.49,synthetic_geological_survey
6315,Mine_06315,Marble,0.79,0.369,0.381,4.47,49.21,synthetic_geological_survey
6316,Mine_06316,Salt,1.068,0.237,0.412,3.78,20.6,synthetic_geological_survey
6317,Mine_06317,Limestone,0.529,0.441,0.73,3.8,161.5,synthetic_geological_survey
6318,Mine_06318,Salt,0.837,0.186,0.603,3.96,170.48,synthetic_geological_survey
6319,Mine_06319,Silica Sand,0.446,0.78,0.517,0.57,149.83,synthetic_geological_survey
6320,Mine_06320,Marble,0.788,0.368,0.298,3.78,50.88,synthetic_geological_survey
6321,Mine_06321,Iron Ore,0.613,0.35,0.229,3.27,126.86,synthetic_geological_survey
6322,Mine_06322,Marble,0.806,0.376,0.262,0.65,63.91,synthetic_geological_survey
6323,Mine_06323,Limestone,0.495,0.413,0.638,4.03,70.03,synthetic_geological_survey
6324,Mine_06324,Salt,1.076,0.239,0.563,4.84,31.25,synthetic_geological_survey
6325,Mine_06325,Limestone,0.538,0.448,0.625,4.1,84.18,synthetic_geological_survey
6326,Mine_06326,Sandstone,0.571,0.685,0.408,1.98,75.65,synthetic_geological_survey
6327,Mine_06327,Silica Sand,0.429,0.751,0.393,1.29,97.12,synthetic_geological_survey
6328,Mine_06328,Granite,0.832,0.312,0.711,1.1,107.55,synthetic_geological_survey
6329,Mine_06329,Sand,0.356,0.95,0.261,1.85,91.66,synthetic_geological_survey
6330,Mine_06330,Sandstone,0.488,0.586,0.282,0.73,167.0,synthetic_geological_survey
6331,Mine_06331,Salt,0.793,0.176,0.477,2.49,120.56,synthetic_geological_survey
6332,Mine_06332,Granite,0.939,0.352,0.409,4.04,64.23,synthetic_geological_survey
6333,Mine_06333,Granite,0.683,0.256,0.371,2.6,179.52,synthetic_geological_survey
6334,Mine_06334,Salt,0.789,0.175,0.554,1.63,113.31,synthetic_geological_survey
6335,Mine_06335,Limestone,0.538,0.448,0.728,1.26,145.7,synthetic_geological_survey
6336,Mine_06336,Granite,0.937,0.351,0.519,2.96,88.33,synthetic_geological_survey
6337,Mine_06337,Granite,0.784,0.294,0.33,2.46,137.55,synthetic_geological_survey
6338,Mine_06338,Salt,0.973,0.216,0.517,1.12,142.94,synthetic_geological_survey
6339,Mine_06339,Silica Sand,0.408,0.715,0.742,2.35,124.32,synthetic_geological_survey
6340,Mine_06340,Limestone,0.485,0.404,0.736,4.04,47.67,synthetic_geological_survey
6341,Mine_06341,Sand,0.34,0.907,0.313,4.31,118.56,synthetic_geological_survey
6342,Mine_06342,Marble,0.67,0.313,0.208,2.37,21.03,synthetic_geological_survey
6343,Mine_06343,Salt,0.939,0.209,0.245,3.35,54.29,synthetic_geological_survey
6344,Mine_06344,Salt,1.029,0.229,0.49,4.41,23.79,synthetic_geological_survey
6345,Mine_06345,Sandstone,0.564,0.677,0.717,2.28,53.61,synthetic_geological_survey
6346,Mine_06346,Salt,0.847,0.188,0.799,3.99,123.72,synthetic_geological_survey
6347,Mine_06347,Sand,0.326,0.87,0.226,1.88,132.6,synthetic_geological_survey
6348,Mine_06348,Limestone,0.544,0.453,0.315,2.79,106.7,synthetic_geological_survey
6349,Mine_06349,Limestone,0.567,0.472,0.419,3.44,60.3,synthetic_geological_survey
6350,Mine_06350,Sandstone,0.549,0.659,0.596,0.67,101.82,synthetic_geological_survey
6351,Mine_06351,Granite,0.868,0.325,0.345,3.29,96.53,synthetic_geological_survey
6352,Mine_06352,Granite,0.895,0.335,0.542,4.71,66.08,synthetic_geological_survey
6353,Mine_06353,Marble,0.793,0.37,0.696,1.43,123.51,synthetic_geological_survey
6354,Mine_06354,Limestone,0.563,0.469,0.269,3.55,176.59,synthetic_geological_survey
6355,Mine_06355,Iron Ore,0.723,0.413,0.738,0.92,71.26,synthetic_geological_survey
6356,Mine_06356,Iron Ore,0.651,0.372,0.477,2.39,39.38,synthetic_geological_survey
6357,Mine_06357,Granite,0.735,0.276,0.266,1.78,170.09,synthetic_geological_survey
6358,Mine_06358,Sand,0.286,0.764,0.337,1.97,25.88,synthetic_geological_survey
6359,Mine_06359,Limestone,0.625,0.521,0.741,1.2,185.1,synthetic_geological_survey
6360,Mine_06360,Sand,0.247,0.659,0.517,2.5,34.16,synthetic_geological_survey
6361,Mine_06361,Sand,0.301,0.802,0.357,1.3,94.53,synthetic_geological_survey
6362,Mine_06362,Sand,0.242,0.645,0.734,2.4,68.9,synthetic_geological_survey
6363,Mine_06363,Silica Sand,0.405,0.708,0.541,1.39,50.62,synthetic_geological_survey
6364,Mine_06364,Granite,0.939,0.352,0.251,4.53,153.88,synthetic_geological_survey
6365,Mine_06365,Marble,0.884,0.413,0.697,1.57,44.57,synthetic_geological_survey
6366,Mine_06366,Marble,0.685,0.32,0.406,4.46,51.12,synthetic_geological_survey
6367,Mine_06367,Granite,0.678,0.254,0.737,4.27,169.61,synthetic_geological_survey
6368,Mine_06368,Sandstone,0.48,0.575,0.756,3.08,189.55,synthetic_geological_survey
6369,Mine_06369,Silica Sand,0.414,0.725,0.675,4.74,70.11,synthetic_geological_survey
6370,Mine_06370,Marble,0.644,0.3,0.313,3.95,28.1,synthetic_geological_survey
6371,Mine_06371,Sand,0.249,0.665,0.575,2.78,196.96,synthetic_geological_survey
6372,Mine_06372,Limestone,0.671,0.559,0.219,1.02,135.55,synthetic_geological_survey
6373,Mine_06373,Sand,0.301,0.804,0.557,0.55,87.36,synthetic_geological_survey
6374,Mine_06374,Sand,0.305,0.814,0.663,2.98,58.8,synthetic_geological_survey
6375,Mine_06375,Iron Ore,0.775,0.443,0.424,2.07,166.81,synthetic_geological_survey
6376,Mine_06376,Limestone,0.496,0.413,0.716,0.87,155.09,synthetic_geological_survey
6377,Mine_06377,Marble,0.86,0.401,0.45,4.97,32.2,synthetic_geological_survey
6378,Mine_06378,Limestone,0.504,0.42,0.259,3.44,168.42,synthetic_geological_survey
6379,Mine_06379,Sandstone,0.519,0.623,0.536,3.17,99.54,synthetic_geological_survey
6380,Mine_06380,Salt,0.8,0.178,0.747,2.25,152.86,synthetic_geological_survey
6381,Mine_06381,Marble,0.626,0.292,0.579,2.45,136.76,synthetic_geological_survey
6382,Mine_06382,Limestone,0.564,0.47,0.245,1.91,71.05,synthetic_geological_survey
6383,Mine_06383,Limestone,0.5,0.417,0.586,2.92,113.63,synthetic_geological_survey
6384,Mine_06384,Iron Ore,0.78,0.445,0.528,3.21,163.85,synthetic_geological_survey
6385,Mine_06385,Sandstone,0.437,0.524,0.7,2.77,197.39,synthetic_geological_survey
6386,Mine_06386,Iron Ore,0.804,0.459,0.619,1.48,105.21,synthetic_geological_survey
6387,Mine_06387,Marble,0.748,0.349,0.682,1.28,134.32,synthetic_geological_survey
6388,Mine_06388,Iron Ore,0.752,0.43,0.724,4.12,105.13,synthetic_geological_survey
6389,Mine_06389,Granite,0.799,0.299,0.516,0.73,58.82,synthetic_geological_survey
6390,Mine_06390,Sand,0.348,0.928,0.462,4.11,71.6,synthetic_geological_survey
6391,Mine_06391,Sandstone,0.574,0.688,0.65,4.42,29.4,synthetic_geological_survey
6392,Mine_06392,Sand,0.267,0.711,0.748,1.28,191.79,synthetic_geological_survey
6393,Mine_06393,Sandstone,0.469,0.563,0.434,3.32,160.59,synthetic_geological_survey
6394,Mine_06394,Silica Sand,0.474,0.83,0.616,1.51,127.55,synthetic_geological_survey
6395,Mine_06395,Salt,0.766,0.17,0.257,4.49,87.03,synthetic_geological_survey
6396,Mine_06396,Silica Sand,0.405,0.709,0.632,3.79,186.42,synthetic_geological_survey
6397,Mine_06397,Iron Ore,0.682,0.39,0.799,0.83,118.02,synthetic_geological_survey
6398,Mine_06398,Sand,0.327,0.873,0.766,3.94,183.18,synthetic_geological_survey
6399,Mine_06399,Sandstone,0.435,0.522,0.658,3.97,33.04,synthetic_geological_survey
6400,Mine_06400,Silica Sand,0.466,0.815,0.282,2.72,121.74,synthetic_geological_survey
6401,Mine_06401,Iron Ore,0.59,0.337,0.447,2.8,39.7,synthetic_geological_survey
6402,Mine_06402,Marble,0.783,0.365,0.275,0.73,103.4,synthetic_geological_survey
6403,Mine_06403,Granite,0.793,0.298,0.593,1.29,48.92,synthetic_geological_survey
6404,Mine_06404,Salt,0.902,0.2,0.221,4.04,74.13,synthetic_geological_survey
6405,Mine_06405,Limestone,0.516,0.43,0.384,4.37,54.8,synthetic_geological_survey
6406,Mine_06406,Marble,0.684,0.319,0.537,1.45,175.8,synthetic_geological_survey
6407,Mine_06407,Iron Ore,0.586,0.335,0.469,1.09,99.03,synthetic_geological_survey
6408,Mine_06408,Silica Sand,0.385,0.673,0.266,0.92,92.19,synthetic_geological_survey
6409,Mine_06409,Sand,0.283,0.754,0.595,1.24,81.62,synthetic_geological_survey
6410,Mine_06410,Silica Sand,0.478,0.836,0.29,2.23,152.81,synthetic_geological_survey
6411,Mine_06411,Sandstone,0.546,0.655,0.307,3.68,109.37,synthetic_geological_survey
6412,Mine_06412,Silica Sand,0.392,0.686,0.696,1.14,150.31,synthetic_geological_survey
6413,Mine_06413,Granite,0.928,0.348,0.798,2.24,145.98,synthetic_geological_survey
6414,Mine_06414,Sandstone,0.47,0.564,0.21,2.59,104.38,synthetic_geological_survey
6415,Mine_06415,Iron Ore,0.785,0.448,0.502,3.64,51.73,synthetic_geological_survey
6416,Mine_06416,Limestone,0.651,0.543,0.25,3.22,121.26,synthetic_geological_survey
6417,Mine_06417,Salt,0.858,0.191,0.317,3.23,119.55,synthetic_geological_survey
6418,Mine_06418,Iron Ore,0.809,0.462,0.652,4.21,27.88,synthetic_geological_survey
6419,Mine_06419,Silica Sand,0.347,0.607,0.702,4.03,189.49,synthetic_geological_survey
6420,Mine_06420,Silica Sand,0.455,0.797,0.711,1.75,56.03,synthetic_geological_survey
6421,Mine_06421,Sandstone,0.498,0.597,0.763,2.98,154.05,synthetic_geological_survey
6422,Mine_06422,Limestone,0.706,0.588,0.336,1.81,145.64,synthetic_geological_survey
6423,Mine_06423,Granite,0.822,0.308,0.376,2.04,111.43,synthetic_geological_survey
6424,Mine_06424,Silica Sand,0.369,0.646,0.497,2.29,180.23,synthetic_geological_survey
6425,Mine_06425,Iron Ore,0.626,0.357,0.309,4.94,40.09,synthetic_geological_survey
6426,Mine_06426,Sand,0.261,0.696,0.574,1.4,66.48,synthetic_geological_survey
6427,Mine_06427,Iron Ore,0.657,0.375,0.652,4.78,148.53,synthetic_geological_survey
6428,Mine_06428,Marble,0.851,0.397,0.453,2.38,144.09,synthetic_geological_survey
6429,Mine_06429,Salt,1.006,0.224,0.3,4.74,85.68,synthetic_geological_survey
6430,Mine_06430,Sandstone,0.449,0.539,0.654,2.99,194.57,synthetic_geological_survey
6431,Mine_06431,Sandstone,0.545,0.654,0.3,4.25,130.59,synthetic_geological_survey
6432,Mine_06432,Iron Ore,0.767,0.438,0.705,1.33,62.05,synthetic_geological_survey
6433,Mine_06433,Sandstone,0.431,0.517,0.593,3.12,197.77,synthetic_geological_survey
6434,Mine_06434,Marble,0.705,0.329,0.22,1.82,78.78,synthetic_geological_survey
6435,Mine_06435,Sand,0.272,0.727,0.306,3.76,73.39,synthetic_geological_survey
6436,Mine_06436,Sandstone,0.491,0.59,0.343,3.57,153.25,synthetic_geological_survey
6437,Mine_06437,Marble,0.872,0.407,0.452,1.55,198.03,synthetic_geological_survey
6438,Mine_06438,Sandstone,0.512,0.614,0.74,3.14,50.12,synthetic_geological_survey
6439,Mine_06439,Limestone,0.586,0.488,0.613,0.87,74.85,synthetic_geological_survey
6440,Mine_06440,Salt,1.077,0.239,0.689,4.5,50.91,synthetic_geological_survey
6441,Mine_06441,Sand,0.307,0.819,0.425,4.72,88.5,synthetic_geological_survey
6442,Mine_06442,Sand,0.328,0.876,0.695,1.82,97.64,synthetic_geological_survey
6443,Mine_06443,Silica Sand,0.365,0.639,0.263,3.43,157.61,synthetic_geological_survey
6444,Mine_06444,Granite,0.831,0.311,0.232,2.69,99.23,synthetic_geological_survey
6445,Mine_06445,Marble,0.811,0.378,0.35,2.23,111.62,synthetic_geological_survey
6446,Mine_06446,Salt,0.981,0.218,0.605,1.12,104.04,synthetic_geological_survey
6447,Mine_06447,Sand,0.266,0.709,0.744,1.4,71.91,synthetic_geological_survey
6448,Mine_06448,Granite,0.838,0.314,0.607,0.67,85.93,synthetic_geological_survey
6449,Mine_06449,Limestone,0.49,0.408,0.74,3.72,175.82,synthetic_geological_survey
6450,Mine_06450,Granite,0.929,0.349,0.625,2.81,77.2,synthetic_geological_survey
6451,Mine_06451,Sand,0.284,0.758,0.396,3.61,21.3,synthetic_geological_survey
6452,Mine_06452,Sand,0.26,0.694,0.665,0.77,183.01,synthetic_geological_survey
6453,Mine_06453,Sandstone,0.402,0.483,0.685,2.88,187.79,synthetic_geological_survey
6454,Mine_06454,Marble,0.701,0.327,0.686,1.38,165.78,synthetic_geological_survey
6455,Mine_06455,Granite,0.828,0.311,0.399,4.94,103.52,synthetic_geological_survey
6456,Mine_06456,Salt,0.918,0.204,0.404,2.14,188.29,synthetic_geological_survey
6457,Mine_06457,Granite,0.756,0.283,0.655,4.31,104.58,synthetic_geological_survey
6458,Mine_06458,Iron Ore,0.634,0.362,0.305,4.17,71.84,synthetic_geological_survey
6459,Mine_06459,Iron Ore,0.783,0.447,0.401,4.49,139.09,synthetic_geological_survey
6460,Mine_06460,Limestone,0.555,0.462,0.449,2.33,23.86,synthetic_geological_survey
6461,Mine_06461,Sandstone,0.468,0.561,0.58,4.73,36.52,synthetic_geological_survey
6462,Mine_06462,Granite,0.729,0.273,0.233,4.86,191.3,synthetic_geological_survey
6463,Mine_06463,Sandstone,0.406,0.487,0.41,0.94,89.41,synthetic_geological_survey
6464,Mine_06464,Iron Ore,0.575,0.329,0.425,1.71,24.34,synthetic_geological_survey
6465,Mine_06465,Iron Ore,0.711,0.406,0.38,1.58,131.65,synthetic_geological_survey
6466,Mine_06466,Iron Ore,0.596,0.341,0.59,4.37,149.58,synthetic_geological_survey
6467,Mine_06467,Granite,0.912,0.342,0.541,3.36,24.27,synthetic_geological_survey
6468,Mine_06468,Iron Ore,0.576,0.329,0.547,2.18,110.42,synthetic_geological_survey
6469,Mine_06469,Granite,0.873,0.327,0.593,2.54,57.64,synthetic_geological_survey
6470,Mine_06470,Sandstone,0.5,0.6,0.574,4.25,152.94,synthetic_geological_survey
6471,Mine_06471,Marble,0.674,0.315,0.795,3.1,120.33,synthetic_geological_survey
6472,Mine_06472,Salt,1.039,0.231,0.427,3.46,81.86,synthetic_geological_survey
6473,Mine_06473,Sandstone,0.466,0.56,0.505,4.13,164.82,synthetic_geological_survey
6474,Mine_06474,Silica Sand,0.467,0.816,0.588,3.65,30.2,synthetic_geological_survey
6475,Mine_06475,Marble,0.682,0.318,0.275,2.97,38.51,synthetic_geological_survey
6476,Mine_06476,Granite,0.761,0.285,0.598,4.08,95.39,synthetic_geological_survey
6477,Mine_06477,Marble,0.629,0.294,0.676,4.11,110.49,synthetic_geological_survey
6478,Mine_06478,Iron Ore,0.659,0.377,0.345,3.58,49.46,synthetic_geological_survey
6479,Mine_06479,Limestone,0.664,0.553,0.603,1.84,199.46,synthetic_geological_survey
6480,Mine_06480,Salt,0.986,0.219,0.534,4.0,23.69,synthetic_geological_survey
6481,Mine_06481,Salt,0.734,0.163,0.595,3.33,161.77,synthetic_geological_survey
6482,Mine_06482,Limestone,0.566,0.472,0.597,4.87,99.25,synthetic_geological_survey
6483,Mine_06483,Sandstone,0.582,0.699,0.376,3.8,55.97,synthetic_geological_survey
6484,Mine_06484,Limestone,0.593,0.494,0.758,1.26,140.43,synthetic_geological_survey
6485,Mine_06485,Marble,0.877,0.409,0.394,1.09,193.91,synthetic_geological_survey
6486,Mine_06486,Salt,1.055,0.234,0.648,1.64,191.42,synthetic_geological_survey
6487,Mine_06487,Sand,0.347,0.925,0.763,3.1,59.32,synthetic_geological_survey
6488,Mine_06488,Sand,0.293,0.782,0.659,3.88,22.3,synthetic_geological_survey
6489,Mine_06489,Marble,0.753,0.352,0.263,4.1,57.93,synthetic_geological_survey
6490,Mine_06490,Sand,0.338,0.901,0.752,0.77,60.37,synthetic_geological_survey
6491,Mine_06491,Marble,0.796,0.372,0.788,1.33,71.98,synthetic_geological_survey
6492,Mine_06492,Silica Sand,0.372,0.651,0.551,0.62,167.52,synthetic_geological_survey
6493,Mine_06493,Granite,0.922,0.346,0.628,4.16,159.51,synthetic_geological_survey
6494,Mine_06494,Iron Ore,0.785,0.449,0.547,4.05,37.35,synthetic_geological_survey
6495,Mine_06495,Iron Ore,0.568,0.325,0.213,2.91,163.23,synthetic_geological_survey
6496,Mine_06496,Limestone,0.546,0.455,0.505,4.83,133.76,synthetic_geological_survey
6497,Mine_06497,Iron Ore,0.734,0.42,0.32,1.38,63.15,synthetic_geological_survey
6498,Mine_06498,Limestone,0.576,0.48,0.224,3.67,94.97,synthetic_geological_survey
6499,Mine_06499,Sand,0.302,0.805,0.523,0.51,149.23,synthetic_geological_survey
6500,Mine_06500,Sand,0.334,0.89,0.777,3.16,63.68,synthetic_geological_survey
6501,Mine_06501,Silica Sand,0.473,0.827,0.673,4.01,27.66,synthetic_geological_survey
6502,Mine_06502,Limestone,0.532,0.443,0.622,4.06,176.95,synthetic_geological_survey
6503,Mine_06503,Salt,0.847,0.188,0.468,3.31,55.36,synthetic_geological_survey
6504,Mine_06504,Salt,0.946,0.21,0.741,2.72,84.38,synthetic_geological_survey
6505,Mine_06505,Limestone,0.539,0.45,0.781,4.51,137.43,synthetic_geological_survey
6506,Mine_06506,Silica Sand,0.423,0.741,0.32,2.67,36.62,synthetic_geological_survey
6507,Mine_06507,Marble,0.723,0.338,0.343,1.64,188.44,synthetic_geological_survey
6508,Mine_06508,Sand,0.341,0.908,0.253,0.67,163.03,synthetic_geological_survey
6509,Mine_06509,Salt,0.993,0.221,0.399,4.62,159.6,synthetic_geological_survey
6510,Mine_06510,Salt,1.04,0.231,0.294,2.73,182.43,synthetic_geological_survey
6511,Mine_06511,Sandstone,0.55,0.66,0.5,4.09,179.11,synthetic_geological_survey
6512,Mine_06512,Salt,0.877,0.195,0.733,0.67,120.96,synthetic_geological_survey
6513,Mine_06513,Iron Ore,0.673,0.385,0.316,2.94,134.73,synthetic_geological_survey
6514,Mine_06514,Sandstone,0.554,0.665,0.435,4.73,103.75,synthetic_geological_survey
6515,Mine_06515,Iron Ore,0.647,0.37,0.395,3.69,173.97,synthetic_geological_survey
6516,Mine_06516,Limestone,0.512,0.427,0.262,2.09,54.52,synthetic_geological_survey
6517,Mine_06517,Sand,0.252,0.672,0.743,2.23,98.94,synthetic_geological_survey
6518,Mine_06518,Marble,0.801,0.374,0.545,3.83,113.63,synthetic_geological_survey
6519,Mine_06519,Sand,0.253,0.675,0.697,1.46,47.38,synthetic_geological_survey
6520,Mine_06520,Sandstone,0.494,0.593,0.64,3.66,30.8,synthetic_geological_survey
6521,Mine_06521,Limestone,0.519,0.432,0.202,3.96,173.68,synthetic_geological_survey
6522,Mine_06522,Sand,0.276,0.737,0.382,0.87,100.77,synthetic_geological_survey
6523,Mine_06523,Sandstone,0.575,0.69,0.439,2.42,173.45,synthetic_geological_survey
6524,Mine_06524,Sand,0.26,0.693,0.292,3.25,45.15,synthetic_geological_survey
6525,Mine_06525,Marble,0.71,0.332,0.759,3.42,46.24,synthetic_geological_survey
6526,Mine_06526,Sand,0.337,0.898,0.648,4.51,24.19,synthetic_geological_survey
6527,Mine_06527,Marble,0.82,0.383,0.671,4.15,90.14,synthetic_geological_survey
6528,Mine_06528,Silica Sand,0.325,0.568,0.771,0.72,54.19,synthetic_geological_survey
6529,Mine_06529,Salt,0.777,0.173,0.244,1.17,60.06,synthetic_geological_survey
6530,Mine_06530,Granite,0.94,0.352,0.606,3.8,123.82,synthetic_geological_survey
6531,Mine_06531,Salt,1.026,0.228,0.269,4.5,59.88,synthetic_geological_survey
6532,Mine_06532,Limestone,0.486,0.405,0.746,4.89,193.37,synthetic_geological_survey
6533,Mine_06533,Limestone,0.698,0.582,0.492,3.54,154.61,synthetic_geological_survey
6534,Mine_06534,Granite,0.658,0.247,0.765,3.49,40.77,synthetic_geological_survey
6535,Mine_06535,Limestone,0.694,0.578,0.222,1.95,90.76,synthetic_geological_survey
6536,Mine_06536,Granite,0.958,0.359,0.448,1.64,148.87,synthetic_geological_survey
6537,Mine_06537,Salt,0.736,0.164,0.3,1.5,93.72,synthetic_geological_survey
6538,Mine_06538,Granite,0.715,0.268,0.438,0.91,36.47,synthetic_geological_survey
6539,Mine_06539,Iron Ore,0.612,0.35,0.539,2.49,167.71,synthetic_geological_survey
6540,Mine_06540,Salt,1.074,0.239,0.281,0.82,26.22,synthetic_geological_survey
6541,Mine_06541,Sand,0.324,0.864,0.456,4.28,119.67,synthetic_geological_survey
6542,Mine_06542,Sandstone,0.594,0.712,0.494,4.02,30.18,synthetic_geological_survey
6543,Mine_06543,Marble,0.72,0.336,0.559,4.01,34.52,synthetic_geological_survey
6544,Mine_06544,Iron Ore,0.781,0.446,0.677,1.15,66.13,synthetic_geological_survey
6545,Mine_06545,Sandstone,0.522,0.627,0.268,1.83,134.31,synthetic_geological_survey
6546,Mine_06546,Silica Sand,0.381,0.667,0.721,4.68,32.23,synthetic_geological_survey
6547,Mine_06547,Sand,0.263,0.701,0.719,3.38,177.82,synthetic_geological_survey
6548,Mine_06548,Granite,0.897,0.336,0.486,0.54,186.09,synthetic_geological_survey
6549,Mine_06549,Silica Sand,0.47,0.823,0.335,4.77,56.9,synthetic_geological_survey
6550,Mine_06550,Granite,0.822,0.308,0.229,1.36,135.3,synthetic_geological_survey
6551,Mine_06551,Sandstone,0.501,0.601,0.215,0.59,56.57,synthetic_geological_survey
6552,Mine_06552,Sandstone,0.597,0.717,0.576,4.49,48.96,synthetic_geological_survey
6553,Mine_06553,Limestone,0.597,0.498,0.599,2.05,157.79,synthetic_geological_survey
6554,Mine_06554,Marble,0.618,0.288,0.784,3.27,56.96,synthetic_geological_survey
6555,Mine_06555,Salt,0.993,0.221,0.281,1.06,68.52,synthetic_geological_survey
6556,Mine_06556,Marble,0.689,0.321,0.417,4.21,32.21,synthetic_geological_survey
6557,Mine_06557,Sandstone,0.553,0.663,0.523,2.69,132.95,synthetic_geological_survey
6558,Mine_06558,Limestone,0.569,0.474,0.589,2.54,21.67,synthetic_geological_survey
6559,Mine_06559,Marble,0.857,0.4,0.533,0.89,128.39,synthetic_geological_survey
6560,Mine_06560,Salt,0.868,0.193,0.446,0.7,197.05,synthetic_geological_survey
6561,Mine_06561,Marble,0.682,0.318,0.544,0.74,162.19,synthetic_geological_survey
6562,Mine_06562,Marble,0.621,0.29,0.201,1.09,65.63,synthetic_geological_survey
6563,Mine_06563,Salt,0.973,0.216,0.522,1.71,54.37,synthetic_geological_survey
6564,Mine_06564,Sandstone,0.52,0.624,0.462,4.14,178.32,synthetic_geological_survey
6565,Mine_06565,Salt,0.764,0.17,0.784,4.26,24.07,synthetic_geological_survey
6566,Mine_06566,Granite,0.734,0.275,0.631,2.02,166.62,synthetic_geological_survey
6567,Mine_06567,Iron Ore,0.796,0.455,0.364,3.46,118.38,synthetic_geological_survey
6568,Mine_06568,Salt,1.075,0.239,0.792,4.76,48.1,synthetic_geological_survey
6569,Mine_06569,Marble,0.893,0.417,0.491,0.99,75.8,synthetic_geological_survey
6570,Mine_06570,Sand,0.244,0.65,0.446,4.9,61.96,synthetic_geological_survey
6571,Mine_06571,Sand,0.351,0.937,0.665,1.35,63.64,synthetic_geological_survey
6572,Mine_06572,Sandstone,0.538,0.646,0.604,3.99,38.24,synthetic_geological_survey
6573,Mine_06573,Iron Ore,0.637,0.364,0.233,2.14,48.57,synthetic_geological_survey
6574,Mine_06574,Iron Ore,0.748,0.428,0.651,1.69,194.9,synthetic_geological_survey
6575,Mine_06575,Iron Ore,0.795,0.454,0.724,0.52,85.47,synthetic_geological_survey
6576,Mine_06576,Sand,0.267,0.712,0.5,3.35,54.61,synthetic_geological_survey
6577,Mine_06577,Silica Sand,0.471,0.824,0.677,1.97,78.62,synthetic_geological_survey
6578,Mine_06578,Granite,0.872,0.327,0.761,2.92,66.06,synthetic_geological_survey
6579,Mine_06579,Marble,0.843,0.393,0.75,4.05,170.23,synthetic_geological_survey
6580,Mine_06580,Sand,0.244,0.65,0.595,1.13,63.22,synthetic_geological_survey
6581,Mine_06581,Marble,0.664,0.31,0.444,0.77,170.47,synthetic_geological_survey
6582,Mine_06582,Sandstone,0.518,0.622,0.343,4.61,144.8,synthetic_geological_survey
6583,Mine_06583,Salt,1.029,0.229,0.767,2.37,98.14,synthetic_geological_survey
6584,Mine_06584,Marble,0.784,0.366,0.38,3.37,183.79,synthetic_geological_survey
6585,Mine_06585,Iron Ore,0.769,0.44,0.291,4.76,33.04,synthetic_geological_survey
6586,Mine_06586,Iron Ore,0.59,0.337,0.695,4.45,40.71,synthetic_geological_survey
6587,Mine_06587,Iron Ore,0.8,0.457,0.686,2.88,180.24,synthetic_geological_survey
6588,Mine_06588,Sandstone,0.493,0.592,0.316,4.25,57.49,synthetic_geological_survey
6589,Mine_06589,Salt,0.78,0.173,0.506,2.81,124.32,synthetic_geological_survey
6590,Mine_06590,Silica Sand,0.446,0.78,0.363,0.91,194.72,synthetic_geological_survey
6591,Mine_06591,Marble,0.701,0.327,0.468,0.99,132.65,synthetic_geological_survey
6592,Mine_06592,Sandstone,0.57,0.683,0.597,4.54,196.75,synthetic_geological_survey
6593,Mine_06593,Silica Sand,0.37,0.648,0.563,4.77,23.46,synthetic_geological_survey
6594,Mine_06594,Granite,0.704,0.264,0.364,4.37,94.24,synthetic_geological_survey
6595,Mine_06595,Salt,0.905,0.201,0.556,1.1,31.96,synthetic_geological_survey
6596,Mine_06596,Salt,0.732,0.163,0.751,3.78,195.12,synthetic_geological_survey
6597,Mine_06597,Sand,0.263,0.702,0.344,4.01,93.48,synthetic_geological_survey
6598,Mine_06598,Sand,0.281,0.749,0.584,1.52,102.86,synthetic_geological_survey
6599,Mine_06599,Marble,0.697,0.325,0.54,3.96,128.64,synthetic_geological_survey
6600,Mine_06600,Granite,0.74,0.277,0.791,3.33,120.45,synthetic_geological_survey
6601,Mine_06601,Marble,0.686,0.32,0.641,3.59,124.78,synthetic_geological_survey
6602,Mine_06602,Marble,0.836,0.39,0.659,4.42,88.11,synthetic_geological_survey
6603,Mine_06603,Limestone,0.585,0.487,0.716,4.11,117.78,synthetic_geological_survey
6604,Mine_06604,Limestone,0.578,0.481,0.577,4.45,42.72,synthetic_geological_survey
6605,Mine_06605,Sand,0.304,0.812,0.212,2.12,85.3,synthetic_geological_survey
6606,Mine_06606,Silica Sand,0.446,0.78,0.5,3.33,94.23,synthetic_geological_survey
6607,Mine_06607,Limestone,0.63,0.525,0.791,1.76,42.47,synthetic_geological_survey
6608,Mine_06608,Salt,1.059,0.235,0.734,2.53,31.61,synthetic_geological_survey
6609,Mine_06609,Salt,0.949,0.211,0.729,3.17,61.9,synthetic_geological_survey
6610,Mine_06610,Sandstone,0.437,0.524,0.748,1.48,83.85,synthetic_geological_survey
6611,Mine_06611,Limestone,0.51,0.425,0.35,3.3,160.1,synthetic_geological_survey
6612,Mine_06612,Granite,0.851,0.319,0.767,2.94,45.18,synthetic_geological_survey
6613,Mine_06613,Silica Sand,0.443,0.775,0.608,4.82,59.01,synthetic_geological_survey
6614,Mine_06614,Iron Ore,0.77,0.44,0.223,2.75,104.96,synthetic_geological_survey
6615,Mine_06615,Limestone,0.512,0.427,0.205,3.85,38.46,synthetic_geological_survey
6616,Mine_06616,Limestone,0.63,0.525,0.416,2.69,105.93,synthetic_geological_survey
6617,Mine_06617,Marble,0.656,0.306,0.231,3.6,134.84,synthetic_geological_survey
6618,Mine_06618,Sand,0.327,0.871,0.646,3.64,60.6,synthetic_geological_survey
6619,Mine_06619,Marble,0.783,0.366,0.793,3.11,178.13,synthetic_geological_survey
6620,Mine_06620,Sandstone,0.465,0.558,0.592,1.42,126.07,synthetic_geological_survey
6621,Mine_06621,Limestone,0.684,0.57,0.413,3.23,183.86,synthetic_geological_survey
6622,Mine_06622,Marble,0.733,0.342,0.707,1.01,194.0,synthetic_geological_survey
6623,Mine_06623,Granite,0.921,0.345,0.262,2.93,71.9,synthetic_geological_survey
6624,Mine_06624,Iron Ore,0.627,0.359,0.675,4.96,172.68,synthetic_geological_survey
6625,Mine_06625,Iron Ore,0.612,0.35,0.452,3.34,82.86,synthetic_geological_survey
6626,Mine_06626,Salt,0.867,0.193,0.462,4.55,23.53,synthetic_geological_survey
6627,Mine_06627,Silica Sand,0.335,0.587,0.647,2.7,85.82,synthetic_geological_survey
6628,Mine_06628,Iron Ore,0.638,0.365,0.263,4.55,157.52,synthetic_geological_survey
6629,Mine_06629,Sand,0.243,0.648,0.401,1.37,72.27,synthetic_geological_survey
6630,Mine_06630,Granite,0.809,0.304,0.253,3.72,20.53,synthetic_geological_survey
6631,Mine_06631,Silica Sand,0.417,0.73,0.33,3.99,104.16,synthetic_geological_survey
6632,Mine_06632,Sand,0.26,0.692,0.371,2.66,83.69,synthetic_geological_survey
6633,Mine_06633,Sandstone,0.474,0.569,0.486,3.67,112.68,synthetic_geological_survey
6634,Mine_06634,Limestone,0.665,0.554,0.497,3.75,104.69,synthetic_geological_survey
6635,Mine_06635,Limestone,0.532,0.443,0.531,3.76,154.22,synthetic_geological_survey
6636,Mine_06636,Marble,0.818,0.382,0.367,4.44,125.68,synthetic_geological_survey
6637,Mine_06637,Salt,0.922,0.205,0.724,3.77,75.01,synthetic_geological_survey
6638,Mine_06638,Silica Sand,0.344,0.602,0.764,2.82,94.52,synthetic_geological_survey
6639,Mine_06639,Sandstone,0.529,0.635,0.45,3.26,58.61,synthetic_geological_survey
6640,Mine_06640,Sand,0.259,0.691,0.734,2.48,25.19,synthetic_geological_survey
6641,Mine_06641,Sand,0.347,0.925,0.7,3.05,30.17,synthetic_geological_survey
6642,Mine_06642,Iron Ore,0.773,0.442,0.33,1.42,36.27,synthetic_geological_survey
6643,Mine_06643,Silica Sand,0.455,0.797,0.519,3.1,92.08,synthetic_geological_survey
6644,Mine_06644,Sandstone,0.594,0.712,0.508,4.74,102.18,synthetic_geological_survey
6645,Mine_06645,Iron Ore,0.814,0.465,0.679,1.14,145.1,synthetic_geological_survey
6646,Mine_06646,Granite,0.858,0.322,0.208,1.64,98.6,synthetic_geological_survey
6647,Mine_06647,Limestone,0.657,0.548,0.61,3.37,22.28,synthetic_geological_survey
6648,Mine_06648,Salt,0.863,0.192,0.349,0.84,96.18,synthetic_geological_survey
6649,Mine_06649,Limestone,0.63,0.525,0.304,0.6,79.08,synthetic_geological_survey
6650,Mine_06650,Granite,0.835,0.313,0.621,1.15,146.05,synthetic_geological_survey
6651,Mine_06651,Sandstone,0.594,0.712,0.271,0.93,115.17,synthetic_geological_survey
6652,Mine_06652,Silica Sand,0.347,0.608,0.696,1.96,128.51,synthetic_geological_survey
6653,Mine_06653,Limestone,0.67,0.558,0.634,0.67,96.07,synthetic_geological_survey
6654,Mine_06654,Granite,0.771,0.289,0.628,2.03,128.73,synthetic_geological_survey
6655,Mine_06655,Salt,0.81,0.18,0.551,3.95,175.13,synthetic_geological_survey
6656,Mine_06656,Silica Sand,0.364,0.637,0.581,1.66,136.42,synthetic_geological_survey
6657,Mine_06657,Granite,0.795,0.298,0.765,1.09,91.04,synthetic_geological_survey
6658,Mine_06658,Sandstone,0.447,0.536,0.244,0.63,111.21,synthetic_geological_survey
6659,Mine_06659,Limestone,0.499,0.416,0.69,2.19,102.63,synthetic_geological_survey
6660,Mine_06660,Sand,0.252,0.673,0.415,3.05,117.26,synthetic_geological_survey
6661,Mine_06661,Iron Ore,0.763,0.436,0.324,1.2,170.01,synthetic_geological_survey
6662,Mine_06662,Granite,0.808,0.303,0.499,2.16,198.35,synthetic_geological_survey
6663,Mine_06663,Iron Ore,0.574,0.328,0.695,1.99,29.23,synthetic_geological_survey
6664,Mine_06664,Granite,0.752,0.282,0.539,3.83,71.5,synthetic_geological_survey
6665,Mine_06665,Silica Sand,0.329,0.575,0.275,3.88,85.98,synthetic_geological_survey
6666,Mine_06666,Iron Ore,0.677,0.387,0.277,3.29,27.95,synthetic_geological_survey
6667,Mine_06667,Marble,0.753,0.351,0.299,2.16,199.43,synthetic_geological_survey
6668,Mine_06668,Granite,0.762,0.286,0.762,1.15,29.14,synthetic_geological_survey
6669,Mine_06669,Granite,0.804,0.302,0.368,2.46,87.27,synthetic_geological_survey
6670,Mine_06670,Limestone,0.632,0.527,0.531,2.73,68.9,synthetic_geological_survey
6671,Mine_06671,Marble,0.687,0.321,0.674,2.83,175.18,synthetic_geological_survey
6672,Mine_06672,Sandstone,0.419,0.502,0.746,1.07,114.41,synthetic_geological_survey
6673,Mine_06673,Limestone,0.683,0.569,0.794,3.89,101.27,synthetic_geological_survey
6674,Mine_06674,Granite,0.694,0.26,0.569,1.51,181.5,synthetic_geological_survey
6675,Mine_06675,Sand,0.335,0.894,0.238,4.23,93.8,synthetic_geological_survey
6676,Mine_06676,Iron Ore,0.832,0.475,0.795,3.86,101.14,synthetic_geological_survey
6677,Mine_06677,Iron Ore,0.789,0.451,0.383,2.26,88.83,synthetic_geological_survey
6678,Mine_06678,Salt,0.828,0.184,0.214,3.2,25.05,synthetic_geological_survey
6679,Mine_06679,Marble,0.637,0.297,0.464,2.03,149.85,synthetic_geological_survey
6680,Mine_06680,Silica Sand,0.468,0.818,0.754,4.43,110.89,synthetic_geological_survey
6681,Mine_06681,Sand,0.31,0.827,0.553,1.2,155.98,synthetic_geological_survey
6682,Mine_06682,Sand,0.249,0.664,0.519,2.59,178.84,synthetic_geological_survey
6683,Mine_06683,Iron Ore,0.596,0.341,0.656,2.25,197.08,synthetic_geological_survey
6684,Mine_06684,Marble,0.643,0.3,0.381,4.18,132.54,synthetic_geological_survey
6685,Mine_06685,Silica Sand,0.332,0.582,0.743,1.24,39.57,synthetic_geological_survey
6686,Mine_06686,Limestone,0.606,0.505,0.58,2.7,69.77,synthetic_geological_survey
6687,Mine_06687,Marble,0.882,0.412,0.579,4.95,50.67,synthetic_geological_survey
6688,Mine_06688,Sand,0.321,0.855,0.324,4.77,98.67,synthetic_geological_survey
6689,Mine_06689,Marble,0.671,0.313,0.272,2.56,73.9,synthetic_geological_survey
6690,Mine_06690,Salt,1.028,0.229,0.378,3.13,100.33,synthetic_geological_survey
6691,Mine_06691,Sand,0.248,0.661,0.407,3.0,74.43,synthetic_geological_survey
6692,Mine_06692,Sandstone,0.514,0.617,0.31,4.82,74.11,synthetic_geological_survey
6693,Mine_06693,Sand,0.279,0.743,0.431,0.69,60.84,synthetic_geological_survey
6694,Mine_06694,Limestone,0.621,0.518,0.224,1.74,109.15,synthetic_geological_survey
6695,Mine_06695,Silica Sand,0.438,0.767,0.463,1.06,187.28,synthetic_geological_survey
6696,Mine_06696,Sand,0.246,0.655,0.24,2.46,94.36,synthetic_geological_survey
6697,Mine_06697,Sand,0.353,0.94,0.463,4.54,186.4,synthetic_geological_survey
6698,Mine_06698,Silica Sand,0.329,0.576,0.266,2.92,55.38,synthetic_geological_survey
6699,Mine_06699,Granite,0.719,0.27,0.539,4.76,191.69,synthetic_geological_survey
6700,Mine_06700,Marble,0.817,0.381,0.463,4.37,33.08,synthetic_geological_survey
6701,Mine_06701,Iron Ore,0.585,0.334,0.434,3.95,117.83,synthetic_geological_survey
6702,Mine_06702,Sand,0.317,0.846,0.519,4.99,197.17,synthetic_geological_survey
6703,Mine_06703,Silica Sand,0.431,0.754,0.453,0.81,63.9,synthetic_geological_survey
6704,Mine_06704,Limestone,0.714,0.595,0.265,2.35,96.59,synthetic_geological_survey
6705,Mine_06705,Silica Sand,0.374,0.654,0.552,0.54,196.8,synthetic_geological_survey
6706,Mine_06706,Granite,0.818,0.307,0.657,0.89,109.46,synthetic_geological_survey
6707,Mine_06707,Iron Ore,0.808,0.462,0.746,2.53,141.39,synthetic_geological_survey
6708,Mine_06708,Sandstone,0.478,0.574,0.584,1.65,63.33,synthetic_geological_survey
6709,Mine_06709,Salt,0.842,0.187,0.692,2.53,67.61,synthetic_geological_survey
6710,Mine_06710,Iron Ore,0.755,0.431,0.643,4.69,82.24,synthetic_geological_survey
6711,Mine_06711,Sandstone,0.411,0.494,0.465,1.19,145.29,synthetic_geological_survey
6712,Mine_06712,Iron Ore,0.718,0.41,0.689,2.9,138.8,synthetic_geological_survey
6713,Mine_06713,Granite,0.817,0.306,0.268,3.07,41.08,synthetic_geological_survey
6714,Mine_06714,Iron Ore,0.688,0.393,0.25,1.06,147.42,synthetic_geological_survey
6715,Mine_06715,Granite,0.896,0.336,0.496,4.48,131.59,synthetic_geological_survey
6716,Mine_06716,Silica Sand,0.477,0.835,0.353,1.09,26.9,synthetic_geological_survey
6717,Mine_06717,Sand,0.347,0.925,0.76,2.07,86.25,synthetic_geological_survey
6718,Mine_06718,Marble,0.737,0.344,0.641,4.64,41.89,synthetic_geological_survey
6719,Mine_06719,Sandstone,0.479,0.575,0.256,2.62,43.51,synthetic_geological_survey
6720,Mine_06720,Sand,0.293,0.781,0.749,3.95,28.9,synthetic_geological_survey
6721,Mine_06721,Marble,0.626,0.292,0.321,1.5,163.54,synthetic_geological_survey
6722,Mine_06722,Limestone,0.524,0.437,0.517,1.51,114.95,synthetic_geological_survey
6723,Mine_06723,Sand,0.312,0.832,0.282,1.85,39.25,synthetic_geological_survey
6724,Mine_06724,Limestone,0.619,0.516,0.756,2.75,69.05,synthetic_geological_survey
6725,Mine_06725,Iron Ore,0.717,0.41,0.426,1.28,72.31,synthetic_geological_survey
6726,Mine_06726,Salt,0.94,0.209,0.705,1.24,39.6,synthetic_geological_survey
6727,Mine_06727,Granite,0.932,0.35,0.23,1.92,118.55,synthetic_geological_survey
6728,Mine_06728,Silica Sand,0.397,0.695,0.515,1.36,51.15,synthetic_geological_survey
6729,Mine_06729,Sand,0.286,0.761,0.603,2.98,45.16,synthetic_geological_survey
6730,Mine_06730,Granite,0.661,0.248,0.394,2.73,32.9,synthetic_geological_survey
6731,Mine_06731,Sandstone,0.518,0.621,0.222,1.22,78.86,synthetic_geological_survey
6732,Mine_06732,Marble,0.777,0.362,0.259,4.68,163.78,synthetic_geological_survey
6733,Mine_06733,Iron Ore,0.726,0.415,0.661,2.83,145.98,synthetic_geological_survey
6734,Mine_06734,Salt,1.066,0.237,0.543,1.26,115.93,synthetic_geological_survey
6735,Mine_06735,Limestone,0.654,0.545,0.613,1.71,23.55,synthetic_geological_survey
6736,Mine_06736,Limestone,0.532,0.443,0.456,1.78,161.57,synthetic_geological_survey
6737,Mine_06737,Sandstone,0.452,0.543,0.698,3.4,146.51,synthetic_geological_survey
6738,Mine_06738,Limestone,0.492,0.41,0.416,1.56,145.47,synthetic_geological_survey
6739,Mine_06739,Iron Ore,0.777,0.444,0.78,3.36,81.13,synthetic_geological_survey
6740,Mine_06740,Salt,0.902,0.2,0.645,0.54,116.44,synthetic_geological_survey
6741,Mine_06741,Limestone,0.633,0.527,0.454,4.52,126.05,synthetic_geological_survey
6742,Mine_06742,Salt,0.828,0.184,0.371,4.5,152.63,synthetic_geological_survey
6743,Mine_06743,Granite,0.842,0.316,0.221,2.15,194.39,synthetic_geological_survey
6744,Mine_06744,Marble,0.738,0.344,0.317,3.18,72.09,synthetic_geological_survey
6745,Mine_06745,Limestone,0.572,0.477,0.647,3.67,42.89,synthetic_geological_survey
6746,Mine_06746,Salt,1.023,0.227,0.53,4.01,37.51,synthetic_geological_survey
6747,Mine_06747,Salt,1.011,0.225,0.55,0.55,136.46,synthetic_geological_survey
6748,Mine_06748,Sand,0.311,0.829,0.324,1.49,152.41,synthetic_geological_survey
6749,Mine_06749,Sand,0.262,0.699,0.675,0.88,135.82,synthetic_geological_survey
6750,Mine_06750,Salt,0.814,0.181,0.603,4.88,28.63,synthetic_geological_survey
6751,Mine_06751,Sandstone,0.598,0.717,0.365,4.89,73.19,synthetic_geological_survey
6752,Mine_06752,Iron Ore,0.687,0.393,0.644,4.89,81.95,synthetic_geological_survey
6753,Mine_06753,Salt,1.011,0.225,0.399,2.3,131.61,synthetic_geological_survey
6754,Mine_06754,Granite,0.772,0.289,0.554,1.51,179.55,synthetic_geological_survey
6755,Mine_06755,Marble,0.843,0.394,0.222,1.37,140.99,synthetic_geological_survey
6756,Mine_06756,Silica Sand,0.369,0.646,0.364,2.98,49.02,synthetic_geological_survey
6757,Mine_06757,Sandstone,0.403,0.483,0.337,2.57,187.42,synthetic_geological_survey
6758,Mine_06758,Iron Ore,0.831,0.475,0.666,3.58,116.33,synthetic_geological_survey
6759,Mine_06759,Sandstone,0.567,0.68,0.5,2.53,110.59,synthetic_geological_survey
6760,Mine_06760,Marble,0.886,0.413,0.347,2.54,31.25,synthetic_geological_survey
6761,Mine_06761,Iron Ore,0.562,0.321,0.553,2.89,166.45,synthetic_geological_survey
6762,Mine_06762,Salt,0.729,0.162,0.757,1.73,20.71,synthetic_geological_survey
6763,Mine_06763,Sandstone,0.498,0.597,0.33,1.61,95.21,synthetic_geological_survey
6764,Mine_06764,Limestone,0.676,0.563,0.663,2.08,138.09,synthetic_geological_survey
6765,Mine_06765,Sand,0.283,0.754,0.356,3.53,131.03,synthetic_geological_survey
6766,Mine_06766,Iron Ore,0.738,0.422,0.79,4.52,72.23,synthetic_geological_survey
6767,Mine_06767,Marble,0.711,0.332,0.381,1.58,27.35,synthetic_geological_survey
6768,Mine_06768,Marble,0.776,0.362,0.725,3.05,162.26,synthetic_geological_survey
6769,Mine_06769,Granite,0.673,0.252,0.729,0.69,43.27,synthetic_geological_survey
6770,Mine_06770,Marble,0.819,0.382,0.462,2.03,86.22,synthetic_geological_survey
6771,Mine_06771,Sand,0.262,0.699,0.606,3.14,122.14,synthetic_geological_survey
6772,Mine_06772,Limestone,0.659,0.549,0.291,0.7,44.63,synthetic_geological_survey
6773,Mine_06773,Sand,0.256,0.683,0.436,4.8,165.72,synthetic_geological_survey
6774,Mine_06774,Limestone,0.547,0.455,0.259,1.17,123.37,synthetic_geological_survey
6775,Mine_06775,Iron Ore,0.585,0.335,0.549,4.36,66.12,synthetic_geological_survey
6776,Mine_06776,Sand,0.323,0.861,0.401,4.81,82.46,synthetic_geological_survey
6777,Mine_06777,Silica Sand,0.446,0.781,0.225,1.34,31.49,synthetic_geological_survey
6778,Mine_06778,Sand,0.345,0.919,0.311,3.7,107.96,synthetic_geological_survey
6779,Mine_06779,Silica Sand,0.358,0.627,0.752,4.23,166.33,synthetic_geological_survey
6780,Mine_06780,Sandstone,0.401,0.481,0.709,4.59,70.32,synthetic_geological_survey
6781,Mine_06781,Granite,0.811,0.304,0.209,3.48,30.62,synthetic_geological_survey
6782,Mine_06782,Silica Sand,0.348,0.609,0.758,3.72,157.2,synthetic_geological_survey
6783,Mine_06783,Salt,1.059,0.235,0.238,4.33,174.81,synthetic_geological_survey
6784,Mine_06784,Iron Ore,0.61,0.348,0.281,1.26,23.11,synthetic_geological_survey
6785,Mine_06785,Sandstone,0.574,0.689,0.225,4.51,39.13,synthetic_geological_survey
6786,Mine_06786,Iron Ore,0.619,0.353,0.459,0.81,100.71,synthetic_geological_survey
6787,Mine_06787,Sand,0.258,0.688,0.462,2.3,155.34,synthetic_geological_survey
6788,Mine_06788,Limestone,0.606,0.505,0.75,1.27,23.86,synthetic_geological_survey
6789,Mine_06789,Iron Ore,0.804,0.459,0.303,4.05,37.54,synthetic_geological_survey
6790,Mine_06790,Sand,0.31,0.828,0.34,4.39,157.21,synthetic_geological_survey
6791,Mine_06791,Marble,0.663,0.309,0.552,4.7,135.16,synthetic_geological_survey
6792,Mine_06792,Marble,0.79,0.369,0.737,4.11,136.61,synthetic_geological_survey
6793,Mine_06793,Granite,0.759,0.285,0.499,1.63,195.59,synthetic_geological_survey
6794,Mine_06794,Iron Ore,0.591,0.338,0.311,2.39,90.77,synthetic_geological_survey
6795,Mine_06795,Granite,0.797,0.299,0.759,0.95,123.94,synthetic_geological_survey
6796,Mine_06796,Granite,0.645,0.242,0.616,3.22,24.08,synthetic_geological_survey
6797,Mine_06797,Iron Ore,0.614,0.351,0.338,4.73,20.71,synthetic_geological_survey
6798,Mine_06798,Salt,0.874,0.194,0.302,3.83,46.93,synthetic_geological_survey
6799,Mine_06799,Sand,0.301,0.802,0.645,3.17,175.83,synthetic_geological_survey
6800,Mine_06800,Salt,1.07,0.238,0.266,1.32,102.11,synthetic_geological_survey
6801,Mine_06801,Sandstone,0.459,0.55,0.381,3.66,161.48,synthetic_geological_survey
6802,Mine_06802,Salt,0.929,0.206,0.486,4.21,95.98,synthetic_geological_survey
6803,Mine_06803,Salt,1.037,0.23,0.36,0.9,77.84,synthetic_geological_survey
6804,Mine_06804,Silica Sand,0.441,0.772,0.326,0.82,126.47,synthetic_geological_survey
6805,Mine_06805,Iron Ore,0.828,0.473,0.282,1.02,48.84,synthetic_geological_survey
6806,Mine_06806,Salt,0.994,0.221,0.688,3.3,116.29,synthetic_geological_survey
6807,Mine_06807,Limestone,0.58,0.483,0.358,3.69,72.93,synthetic_geological_survey
6808,Mine_06808,Limestone,0.624,0.52,0.375,2.45,61.85,synthetic_geological_survey
6809,Mine_06809,Limestone,0.599,0.499,0.668,1.78,37.12,synthetic_geological_survey
6810,Mine_06810,Sandstone,0.552,0.663,0.425,1.36,148.74,synthetic_geological_survey
6811,Mine_06811,Sand,0.348,0.929,0.301,0.66,113.68,synthetic_geological_survey
6812,Mine_06812,Iron Ore,0.727,0.416,0.795,4.65,145.47,synthetic_geological_survey
6813,Mine_06813,Sandstone,0.494,0.593,0.748,0.93,49.27,synthetic_geological_survey
6814,Mine_06814,Sandstone,0.437,0.525,0.751,1.66,27.19,synthetic_geological_survey
6815,Mine_06815,Granite,0.775,0.291,0.749,2.6,143.43,synthetic_geological_survey
6816,Mine_06816,Sand,0.263,0.701,0.77,1.15,123.24,synthetic_geological_survey
6817,Mine_06817,Salt,0.752,0.167,0.381,1.75,74.63,synthetic_geological_survey
6818,Mine_06818,Sandstone,0.487,0.584,0.371,2.76,189.52,synthetic_geological_survey
6819,Mine_06819,Limestone,0.704,0.587,0.683,3.95,125.71,synthetic_geological_survey
6820,Mine_06820,Sandstone,0.526,0.632,0.524,4.49,170.88,synthetic_geological_survey
6821,Mine_06821,Limestone,0.509,0.424,0.327,4.39,161.72,synthetic_geological_survey
6822,Mine_06822,Silica Sand,0.395,0.691,0.744,0.85,131.71,synthetic_geological_survey
6823,Mine_06823,Salt,1.023,0.227,0.36,0.87,51.42,synthetic_geological_survey
6824,Mine_06824,Sandstone,0.427,0.512,0.347,2.72,126.78,synthetic_geological_survey
6825,Mine_06825,Salt,0.851,0.189,0.583,1.37,68.45,synthetic_geological_survey
6826,Mine_06826,Salt,0.852,0.189,0.63,0.68,116.17,synthetic_geological_survey
6827,Mine_06827,Salt,0.796,0.177,0.605,4.79,115.34,synthetic_geological_survey
6828,Mine_06828,Iron Ore,0.578,0.33,0.33,1.17,22.3,synthetic_geological_survey
6829,Mine_06829,Granite,0.876,0.329,0.766,1.02,41.46,synthetic_geological_survey
6830,Mine_06830,Salt,0.991,0.22,0.699,4.32,88.9,synthetic_geological_survey
6831,Mine_06831,Sand,0.342,0.911,0.732,4.89,57.51,synthetic_geological_survey
6832,Mine_06832,Marble,0.809,0.378,0.664,1.49,68.72,synthetic_geological_survey
6833,Mine_06833,Salt,0.915,0.203,0.701,3.82,61.26,synthetic_geological_survey
6834,Mine_06834,Silica Sand,0.423,0.74,0.226,1.03,107.88,synthetic_geological_survey
6835,Mine_06835,Limestone,0.511,0.426,0.645,0.76,94.74,synthetic_geological_survey
6836,Mine_06836,Sand,0.258,0.689,0.531,4.48,84.94,synthetic_geological_survey
6837,Mine_06837,Sandstone,0.481,0.577,0.754,4.9,146.66,synthetic_geological_survey
6838,Mine_06838,Sand,0.241,0.642,0.668,4.56,104.96,synthetic_geological_survey
6839,Mine_06839,Silica Sand,0.365,0.639,0.45,1.64,173.1,synthetic_geological_survey
6840,Mine_06840,Limestone,0.567,0.473,0.535,2.96,171.17,synthetic_geological_survey
6841,Mine_06841,Silica Sand,0.404,0.706,0.459,4.59,145.36,synthetic_geological_survey
6842,Mine_06842,Salt,0.814,0.181,0.796,0.71,105.07,synthetic_geological_survey
6843,Mine_06843,Sand,0.26,0.692,0.659,2.73,121.41,synthetic_geological_survey
6844,Mine_06844,Sandstone,0.571,0.685,0.331,2.5,197.94,synthetic_geological_survey
6845,Mine_06845,Limestone,0.638,0.532,0.471,4.58,48.13,synthetic_geological_survey
6846,Mine_06846,Sandstone,0.496,0.595,0.28,0.79,149.18,synthetic_geological_survey
6847,Mine_06847,Limestone,0.649,0.541,0.384,1.83,182.82,synthetic_geological_survey
6848,Mine_06848,Salt,0.96,0.213,0.547,3.44,37.12,synthetic_geological_survey
6849,Mine_06849,Granite,0.656,0.246,0.78,1.89,40.02,synthetic_geological_survey
6850,Mine_06850,Marble,0.739,0.345,0.267,0.84,138.92,synthetic_geological_survey
6851,Mine_06851,Sandstone,0.508,0.609,0.437,3.47,120.53,synthetic_geological_survey
6852,Mine_06852,Salt,1.07,0.238,0.538,3.49,150.75,synthetic_geological_survey
6853,Mine_06853,Sand,0.336,0.895,0.615,3.28,128.28,synthetic_geological_survey
6854,Mine_06854,Iron Ore,0.694,0.397,0.484,1.64,81.37,synthetic_geological_survey
6855,Mine_06855,Limestone,0.567,0.473,0.473,2.45,163.5,synthetic_geological_survey
6856,Mine_06856,Iron Ore,0.738,0.422,0.338,1.88,71.67,synthetic_geological_survey
6857,Mine_06857,Granite,0.867,0.325,0.678,1.19,134.01,synthetic_geological_survey
6858,Mine_06858,Sandstone,0.558,0.669,0.66,3.93,105.71,synthetic_geological_survey
6859,Mine_06859,Silica Sand,0.418,0.732,0.753,1.15,59.93,synthetic_geological_survey
6860,Mine_06860,Granite,0.644,0.242,0.752,1.45,162.45,synthetic_geological_survey
6861,Mine_06861,Limestone,0.712,0.594,0.723,4.33,133.55,synthetic_geological_survey
6862,Mine_06862,Salt,0.83,0.185,0.313,1.9,106.0,synthetic_geological_survey
6863,Mine_06863,Marble,0.876,0.409,0.383,1.43,136.76,synthetic_geological_survey
6864,Mine_06864,Limestone,0.595,0.495,0.374,2.09,110.22,synthetic_geological_survey
6865,Mine_06865,Limestone,0.683,0.569,0.669,1.05,34.64,synthetic_geological_survey
6866,Mine_06866,Sandstone,0.586,0.703,0.629,0.56,74.6,synthetic_geological_survey
6867,Mine_06867,Salt,0.779,0.173,0.499,3.31,175.69,synthetic_geological_survey
6868,Mine_06868,Marble,0.868,0.405,0.439,1.97,115.34,synthetic_geological_survey
6869,Mine_06869,Silica Sand,0.335,0.586,0.504,2.88,181.6,synthetic_geological_survey
6870,Mine_06870,Salt,1.064,0.236,0.486,3.89,172.61,synthetic_geological_survey
6871,Mine_06871,Limestone,0.552,0.46,0.29,4.2,36.37,synthetic_geological_survey
6872,Mine_06872,Granite,0.854,0.32,0.486,1.82,86.99,synthetic_geological_survey
6873,Mine_06873,Sand,0.332,0.886,0.609,4.44,71.86,synthetic_geological_survey
6874,Mine_06874,Limestone,0.483,0.402,0.621,3.87,23.99,synthetic_geological_survey
6875,Mine_06875,Sandstone,0.53,0.636,0.56,3.09,41.72,synthetic_geological_survey
6876,Mine_06876,Iron Ore,0.608,0.347,0.599,3.61,158.5,synthetic_geological_survey
6877,Mine_06877,Iron Ore,0.599,0.342,0.762,3.66,60.9,synthetic_geological_survey
6878,Mine_06878,Sandstone,0.512,0.614,0.545,2.52,192.94,synthetic_geological_survey
6879,Mine_06879,Sand,0.255,0.679,0.228,4.24,143.65,synthetic_geological_survey
6880,Mine_06880,Salt,1.02,0.227,0.496,4.97,61.23,synthetic_geological_survey
6881,Mine_06881,Sandstone,0.595,0.713,0.304,3.29,110.85,synthetic_geological_survey
6882,Mine_06882,Granite,0.915,0.343,0.504,1.81,185.44,synthetic_geological_survey
6883,Mine_06883,Limestone,0.555,0.462,0.446,4.7,196.78,synthetic_geological_survey
6884,Mine_06884,Sand,0.308,0.82,0.415,3.57,161.95,synthetic_geological_survey
6885,Mine_06885,Granite,0.831,0.312,0.39,4.73,123.89,synthetic_geological_survey
6886,Mine_06886,Silica Sand,0.443,0.776,0.468,4.79,39.22,synthetic_geological_survey
6887,Mine_06887,Sandstone,0.536,0.643,0.454,3.99,189.32,synthetic_geological_survey
6888,Mine_06888,Marble,0.843,0.394,0.544,3.09,127.13,synthetic_geological_survey
6889,Mine_06889,Sandstone,0.483,0.579,0.617,3.58,86.33,synthetic_geological_survey
6890,Mine_06890,Marble,0.669,0.312,0.718,4.18,68.78,synthetic_geological_survey
6891,Mine_06891,Granite,0.853,0.32,0.433,4.22,74.75,synthetic_geological_survey
6892,Mine_06892,Sandstone,0.41,0.492,0.548,1.12,113.06,synthetic_geological_survey
6893,Mine_06893,Silica Sand,0.436,0.764,0.719,4.48,152.43,synthetic_geological_survey
6894,Mine_06894,Limestone,0.598,0.498,0.679,1.16,150.36,synthetic_geological_survey
6895,Mine_06895,Silica Sand,0.345,0.603,0.3,2.89,155.63,synthetic_geological_survey
6896,Mine_06896,Marble,0.635,0.296,0.284,4.26,40.09,synthetic_geological_survey
6897,Mine_06897,Sand,0.347,0.924,0.202,2.12,138.65,synthetic_geological_survey
6898,Mine_06898,Marble,0.69,0.322,0.641,3.09,59.51,synthetic_geological_survey
6899,Mine_06899,Silica Sand,0.454,0.794,0.592,2.28,103.0,synthetic_geological_survey
6900,Mine_06900,Silica Sand,0.405,0.709,0.319,0.69,24.84,synthetic_geological_survey
6901,Mine_06901,Salt,0.798,0.177,0.469,4.87,192.39,synthetic_geological_survey
6902,Mine_06902,Sand,0.286,0.764,0.477,4.8,165.61,synthetic_geological_survey
6903,Mine_06903,Salt,0.748,0.166,0.334,4.49,173.72,synthetic_geological_survey
6904,Mine_06904,Salt,1.001,0.223,0.641,1.34,93.87,synthetic_geological_survey
6905,Mine_06905,Marble,0.686,0.32,0.537,2.48,62.98,synthetic_geological_survey
6906,Mine_06906,Marble,0.826,0.386,0.799,3.94,26.32,synthetic_geological_survey
6907,Mine_06907,Silica Sand,0.42,0.734,0.543,1.05,91.58,synthetic_geological_survey
6908,Mine_06908,Granite,0.75,0.281,0.239,1.72,111.31,synthetic_geological_survey
6909,Mine_06909,Iron Ore,0.724,0.414,0.419,4.84,57.9,synthetic_geological_survey
6910,Mine_06910,Marble,0.77,0.359,0.689,4.86,75.82,synthetic_geological_survey
6911,Mine_06911,Silica Sand,0.357,0.624,0.719,2.85,160.72,synthetic_geological_survey
6912,Mine_06912,Sandstone,0.444,0.533,0.54,2.73,114.18,synthetic_geological_survey
6913,Mine_06913,Iron Ore,0.682,0.39,0.671,3.36,79.24,synthetic_geological_survey
6914,Mine_06914,Sandstone,0.55,0.66,0.667,1.1,20.72,synthetic_geological_survey
6915,Mine_06915,Sand,0.251,0.669,0.214,4.7,69.38,synthetic_geological_survey
6916,Mine_06916,Sandstone,0.556,0.667,0.539,2.17,147.87,synthetic_geological_survey
6917,Mine_06917,Silica Sand,0.457,0.8,0.401,3.79,30.83,synthetic_geological_survey
6918,Mine_06918,Marble,0.753,0.351,0.354,1.9,103.72,synthetic_geological_survey
6919,Mine_06919,Salt,0.81,0.18,0.765,3.48,64.44,synthetic_geological_survey
6920,Mine_06920,Sand,0.331,0.882,0.704,3.08,121.27,synthetic_geological_survey
6921,Mine_06921,Iron Ore,0.689,0.394,0.695,0.93,181.76,synthetic_geological_survey
6922,Mine_06922,Silica Sand,0.458,0.801,0.335,4.93,193.66,synthetic_geological_survey
6923,Mine_06923,Salt,1.004,0.223,0.797,3.2,151.09,synthetic_geological_survey
6924,Mine_06924,Marble,0.805,0.376,0.409,3.95,29.1,synthetic_geological_survey
6925,Mine_06925,Iron Ore,0.627,0.359,0.757,1.11,50.22,synthetic_geological_survey
6926,Mine_06926,Iron Ore,0.658,0.376,0.26,2.91,68.35,synthetic_geological_survey
6927,Mine_06927,Iron Ore,0.611,0.349,0.681,2.04,158.85,synthetic_geological_survey
6928,Mine_06928,Granite,0.668,0.25,0.413,3.76,71.93,synthetic_geological_survey
6929,Mine_06929,Iron Ore,0.673,0.384,0.413,4.25,189.87,synthetic_geological_survey
6930,Mine_06930,Sandstone,0.593,0.712,0.223,3.79,112.91,synthetic_geological_survey
6931,Mine_06931,Salt,0.863,0.192,0.648,3.67,105.4,synthetic_geological_survey
6932,Mine_06932,Iron Ore,0.817,0.467,0.509,1.05,64.08,synthetic_geological_survey
6933,Mine_06933,Marble,0.617,0.288,0.281,3.91,179.88,synthetic_geological_survey
6934,Mine_06934,Limestone,0.697,0.581,0.578,1.57,169.44,synthetic_geological_survey
6935,Mine_06935,Silica Sand,0.459,0.803,0.678,3.22,23.88,synthetic_geological_survey
6936,Mine_06936,Sandstone,0.483,0.58,0.294,2.67,97.15,synthetic_geological_survey
6937,Mine_06937,Granite,0.643,0.241,0.693,1.57,137.26,synthetic_geological_survey
6938,Mine_06938,Granite,0.898,0.337,0.499,1.49,99.34,synthetic_geological_survey
6939,Mine_06939,Sandstone,0.415,0.497,0.795,4.17,137.59,synthetic_geological_survey
6940,Mine_06940,Salt,0.724,0.161,0.331,0.79,56.62,synthetic_geological_survey
6941,Mine_06941,Iron Ore,0.814,0.465,0.722,1.44,99.29,synthetic_geological_survey
6942,Mine_06942,Silica Sand,0.384,0.672,0.495,0.52,159.77,synthetic_geological_survey
6943,Mine_06943,Sandstone,0.599,0.719,0.464,0.55,103.82,synthetic_geological_survey
6944,Mine_06944,Granite,0.769,0.288,0.667,3.63,156.66,synthetic_geological_survey
6945,Mine_06945,Salt,0.982,0.218,0.436,2.4,182.58,synthetic_geological_survey
6946,Mine_06946,Salt,0.925,0.205,0.567,5.0,62.82,synthetic_geological_survey
6947,Mine_06947,Marble,0.697,0.325,0.719,3.31,145.45,synthetic_geological_survey
6948,Mine_06948,Granite,0.787,0.295,0.36,4.3,75.37,synthetic_geological_survey
6949,Mine_06949,Sand,0.296,0.788,0.611,2.62,153.75,synthetic_geological_survey
6950,Mine_06950,Iron Ore,0.785,0.449,0.354,3.38,145.05,synthetic_geological_survey
6951,Mine_06951,Iron Ore,0.593,0.339,0.662,1.92,53.46,synthetic_geological_survey
6952,Mine_06952,Salt,0.834,0.185,0.486,1.31,196.48,synthetic_geological_survey
6953,Mine_06953,Sand,0.308,0.82,0.629,1.42,139.08,synthetic_geological_survey
6954,Mine_06954,Limestone,0.573,0.477,0.497,1.16,96.54,synthetic_geological_survey
6955,Mine_06955,Marble,0.717,0.335,0.278,2.56,43.8,synthetic_geological_survey
6956,Mine_06956,Marble,0.732,0.341,0.236,1.38,123.05,synthetic_geological_survey
6957,Mine_06957,Sandstone,0.466,0.56,0.352,3.19,100.8,synthetic_geological_survey
6958,Mine_06958,Sand,0.283,0.754,0.774,4.68,20.75,synthetic_geological_survey
6959,Mine_06959,Marble,0.634,0.296,0.547,1.89,157.85,synthetic_geological_survey
6960,Mine_06960,Sandstone,0.449,0.539,0.721,1.77,187.97,synthetic_geological_survey
6961,Mine_06961,Granite,0.723,0.271,0.265,3.83,76.51,synthetic_geological_survey
6962,Mine_06962,Iron Ore,0.652,0.372,0.735,4.33,170.03,synthetic_geological_survey
6963,Mine_06963,Limestone,0.67,0.558,0.348,2.11,186.08,synthetic_geological_survey
6964,Mine_06964,Iron Ore,0.762,0.435,0.69,3.69,111.2,synthetic_geological_survey
6965,Mine_06965,Marble,0.855,0.399,0.781,0.92,143.52,synthetic_geological_survey
6966,Mine_06966,Silica Sand,0.474,0.829,0.774,3.77,157.7,synthetic_geological_survey
6967,Mine_06967,Limestone,0.551,0.459,0.281,3.16,95.25,synthetic_geological_survey
6968,Mine_06968,Granite,0.674,0.253,0.742,1.78,95.35,synthetic_geological_survey
6969,Mine_06969,Sand,0.324,0.864,0.23,3.14,20.48,synthetic_geological_survey
6970,Mine_06970,Granite,0.804,0.301,0.252,2.63,63.42,synthetic_geological_survey
6971,Mine_06971,Iron Ore,0.563,0.322,0.249,1.59,101.94,synthetic_geological_survey
6972,Mine_06972,Iron Ore,0.573,0.328,0.529,1.41,73.31,synthetic_geological_survey
6973,Mine_06973,Marble,0.76,0.355,0.614,1.9,53.59,synthetic_geological_survey
6974,Mine_06974,Iron Ore,0.696,0.397,0.231,2.82,159.04,synthetic_geological_survey
6975,Mine_06975,Sandstone,0.593,0.712,0.414,0.82,60.49,synthetic_geological_survey
6976,Mine_06976,Limestone,0.588,0.49,0.702,1.21,26.87,synthetic_geological_survey
6977,Mine_06977,Sand,0.267,0.711,0.579,1.49,48.81,synthetic_geological_survey
6978,Mine_06978,Silica Sand,0.457,0.799,0.617,1.44,34.21,synthetic_geological_survey
6979,Mine_06979,Granite,0.829,0.311,0.5,4.26,79.81,synthetic_geological_survey
6980,Mine_06980,Sand,0.326,0.869,0.737,2.72,28.23,synthetic_geological_survey
6981,Mine_06981,Salt,0.739,0.164,0.595,2.87,25.33,synthetic_geological_survey
6982,Mine_06982,Iron Ore,0.824,0.471,0.255,3.66,73.48,synthetic_geological_survey
6983,Mine_06983,Silica Sand,0.339,0.593,0.648,3.22,36.25,synthetic_geological_survey
6984,Mine_06984,Sand,0.335,0.893,0.257,1.83,193.84,synthetic_geological_survey
6985,Mine_06985,Salt,1.001,0.223,0.667,4.78,111.46,synthetic_geological_survey
6986,Mine_06986,Salt,0.965,0.214,0.45,1.17,189.88,synthetic_geological_survey
6987,Mine_06987,Granite,0.713,0.267,0.382,2.0,131.88,synthetic_geological_survey
6988,Mine_06988,Sand,0.274,0.732,0.406,3.77,102.81,synthetic_geological_survey
6989,Mine_06989,Sandstone,0.493,0.592,0.307,3.88,72.93,synthetic_geological_survey
6990,Mine_06990,Granite,0.873,0.328,0.614,4.85,29.67,synthetic_geological_survey
6991,Mine_06991,Silica Sand,0.449,0.786,0.503,2.31,75.62,synthetic_geological_survey
6992,Mine_06992,Limestone,0.585,0.487,0.791,1.9,72.27,synthetic_geological_survey
6993,Mine_06993,Sandstone,0.482,0.579,0.538,1.62,75.42,synthetic_geological_survey
6994,Mine_06994,Granite,0.681,0.256,0.578,3.21,63.24,synthetic_geological_survey
6995,Mine_06995,Salt,0.821,0.183,0.571,1.4,48.14,synthetic_geological_survey
6996,Mine_06996,Limestone,0.653,0.544,0.713,3.4,124.15,synthetic_geological_survey
6997,Mine_06997,Granite,0.812,0.304,0.583,1.62,104.31,synthetic_geological_survey
6998,Mine_06998,Sandstone,0.534,0.641,0.347,1.36,68.38,synthetic_geological_survey
6999,Mine_06999,Salt,0.868,0.193,0.796,1.65,150.78,synthetic_geological_survey
7000,Mine_07000,Sand,0.352,0.939,0.493,2.24,122.17,synthetic_geological_survey
7001,Mine_07001,Iron Ore,0.84,0.48,0.684,3.31,77.59,synthetic_geological_survey
7002,Mine_07002,Granite,0.662,0.248,0.216,4.08,143.2,synthetic_geological_survey
7003,Mine_07003,Sandstone,0.544,0.653,0.66,1.68,28.12,synthetic_geological_survey
7004,Mine_07004,Sandstone,0.595,0.714,0.363,3.51,91.05,synthetic_geological_survey
7005,Mine_07005,Sand,0.261,0.697,0.416,4.87,60.09,synthetic_geological_survey
7006,Mine_07006,Salt,0.894,0.199,0.505,3.72,109.57,synthetic_geological_survey
7007,Mine_07007,Sandstone,0.43,0.516,0.623,1.74,148.68,synthetic_geological_survey
7008,Mine_07008,Iron Ore,0.827,0.472,0.703,2.99,55.21,synthetic_geological_survey
7009,Mine_07009,Silica Sand,0.373,0.654,0.382,0.8,110.85,synthetic_geological_survey
7010,Mine_07010,Granite,0.83,0.311,0.612,0.96,85.09,synthetic_geological_survey
7011,Mine_07011,Silica Sand,0.414,0.725,0.381,3.62,197.54,synthetic_geological_survey
7012,Mine_07012,Sandstone,0.562,0.675,0.345,4.3,75.39,synthetic_geological_survey
7013,Mine_07013,Granite,0.847,0.318,0.717,0.91,50.97,synthetic_geological_survey
7014,Mine_07014,Sandstone,0.408,0.49,0.277,1.41,28.23,synthetic_geological_survey
7015,Mine_07015,Marble,0.64,0.299,0.49,4.98,152.83,synthetic_geological_survey
7016,Mine_07016,Limestone,0.657,0.547,0.309,3.27,119.85,synthetic_geological_survey
7017,Mine_07017,Marble,0.63,0.294,0.55,2.63,141.55,synthetic_geological_survey
7018,Mine_07018,Salt,1.079,0.24,0.27,1.99,119.26,synthetic_geological_survey
7019,Mine_07019,Limestone,0.686,0.571,0.317,4.74,87.88,synthetic_geological_survey
7020,Mine_07020,Limestone,0.649,0.541,0.342,3.45,124.36,synthetic_geological_survey
7021,Mine_07021,Iron Ore,0.626,0.357,0.507,0.72,26.52,synthetic_geological_survey
7022,Mine_07022,Silica Sand,0.462,0.808,0.399,4.54,137.58,synthetic_geological_survey
7023,Mine_07023,Granite,0.688,0.258,0.776,4.43,46.83,synthetic_geological_survey
7024,Mine_07024,Limestone,0.513,0.428,0.724,0.96,66.64,synthetic_geological_survey
7025,Mine_07025,Silica Sand,0.346,0.606,0.662,4.78,38.22,synthetic_geological_survey
7026,Mine_07026,Iron Ore,0.638,0.365,0.646,1.12,124.26,synthetic_geological_survey
7027,Mine_07027,Sand,0.351,0.935,0.535,4.4,165.74,synthetic_geological_survey
7028,Mine_07028,Limestone,0.718,0.598,0.405,4.06,139.38,synthetic_geological_survey
7029,Mine_07029,Salt,1.058,0.235,0.403,4.5,60.0,synthetic_geological_survey
7030,Mine_07030,Iron Ore,0.809,0.462,0.795,3.5,199.87,synthetic_geological_survey
7031,Mine_07031,Silica Sand,0.467,0.818,0.37,3.4,131.09,synthetic_geological_survey
7032,Mine_07032,Sandstone,0.435,0.521,0.457,2.37,155.29,synthetic_geological_survey
7033,Mine_07033,Iron Ore,0.797,0.455,0.207,1.92,175.97,synthetic_geological_survey
7034,Mine_07034,Salt,1.032,0.229,0.703,3.56,81.55,synthetic_geological_survey
7035,Mine_07035,Limestone,0.702,0.585,0.526,3.74,39.41,synthetic_geological_survey
7036,Mine_07036,Sandstone,0.44,0.528,0.793,2.55,111.81,synthetic_geological_survey
7037,Mine_07037,Sandstone,0.513,0.616,0.701,0.86,99.87,synthetic_geological_survey
7038,Mine_07038,Sand,0.3,0.799,0.422,0.57,105.56,synthetic_geological_survey
7039,Mine_07039,Limestone,0.689,0.574,0.669,4.06,184.58,synthetic_geological_survey
7040,Mine_07040,Sandstone,0.599,0.718,0.471,2.29,180.31,synthetic_geological_survey
7041,Mine_07041,Sand,0.338,0.901,0.712,3.62,91.8,synthetic_geological_survey
7042,Mine_07042,Sand,0.256,0.683,0.353,2.12,87.44,synthetic_geological_survey
7043,Mine_07043,Limestone,0.556,0.463,0.267,4.06,155.06,synthetic_geological_survey
7044,Mine_07044,Marble,0.683,0.319,0.76,0.58,43.53,synthetic_geological_survey
7045,Mine_07045,Sandstone,0.585,0.702,0.782,4.35,20.44,synthetic_geological_survey
7046,Mine_07046,Marble,0.737,0.344,0.533,2.24,161.25,synthetic_geological_survey
7047,Mine_07047,Granite,0.885,0.332,0.288,1.84,111.83,synthetic_geological_survey
7048,Mine_07048,Silica Sand,0.41,0.717,0.217,2.89,181.4,synthetic_geological_survey
7049,Mine_07049,Salt,0.988,0.22,0.273,2.62,172.76,synthetic_geological_survey
7050,Mine_07050,Salt,0.901,0.2,0.471,4.29,38.29,synthetic_geological_survey
7051,Mine_07051,Granite,0.66,0.247,0.449,3.05,94.48,synthetic_geological_survey
7052,Mine_07052,Iron Ore,0.699,0.4,0.748,1.67,45.98,synthetic_geological_survey
7053,Mine_07053,Sand,0.263,0.7,0.285,0.81,145.58,synthetic_geological_survey
7054,Mine_07054,Salt,1.061,0.236,0.764,3.71,115.7,synthetic_geological_survey
7055,Mine_07055,Salt,0.75,0.167,0.252,4.69,71.17,synthetic_geological_survey
7056,Mine_07056,Iron Ore,0.617,0.353,0.228,2.71,127.73,synthetic_geological_survey
7057,Mine_07057,Salt,1.062,0.236,0.463,4.76,49.85,synthetic_geological_survey
7058,Mine_07058,Limestone,0.584,0.486,0.585,2.95,59.29,synthetic_geological_survey
7059,Mine_07059,Iron Ore,0.628,0.359,0.325,0.56,158.93,synthetic_geological_survey
7060,Mine_07060,Granite,0.865,0.324,0.251,1.29,163.17,synthetic_geological_survey
7061,Mine_07061,Marble,0.899,0.419,0.554,1.8,98.49,synthetic_geological_survey
7062,Mine_07062,Marble,0.819,0.382,0.231,1.17,178.9,synthetic_geological_survey
7063,Mine_07063,Marble,0.767,0.358,0.618,0.75,149.25,synthetic_geological_survey
7064,Mine_07064,Sandstone,0.458,0.55,0.437,3.24,150.37,synthetic_geological_survey
7065,Mine_07065,Limestone,0.532,0.443,0.212,1.68,57.67,synthetic_geological_survey
7066,Mine_07066,Granite,0.77,0.289,0.461,2.09,113.04,synthetic_geological_survey
7067,Mine_07067,Sand,0.304,0.812,0.482,1.28,78.36,synthetic_geological_survey
7068,Mine_07068,Marble,0.764,0.356,0.337,1.59,140.26,synthetic_geological_survey
7069,Mine_07069,Sand,0.305,0.814,0.401,0.81,119.94,synthetic_geological_survey
7070,Mine_07070,Sand,0.349,0.93,0.502,4.94,176.16,synthetic_geological_survey
7071,Mine_07071,Marble,0.729,0.34,0.213,1.1,53.95,synthetic_geological_survey
7072,Mine_07072,Silica Sand,0.388,0.679,0.62,3.58,27.53,synthetic_geological_survey
7073,Mine_07073,Sandstone,0.463,0.556,0.307,2.11,86.79,synthetic_geological_survey
7074,Mine_07074,Silica Sand,0.408,0.714,0.301,3.07,153.51,synthetic_geological_survey
7075,Mine_07075,Sand,0.347,0.926,0.271,3.2,186.65,synthetic_geological_survey
7076,Mine_07076,Marble,0.748,0.349,0.231,4.88,123.11,synthetic_geological_survey
7077,Mine_07077,Limestone,0.572,0.477,0.569,1.99,131.32,synthetic_geological_survey
7078,Mine_07078,Marble,0.732,0.342,0.692,0.85,175.08,synthetic_geological_survey
7079,Mine_07079,Limestone,0.494,0.411,0.369,4.74,123.34,synthetic_geological_survey
7080,Mine_07080,Granite,0.822,0.308,0.563,3.67,91.7,synthetic_geological_survey
7081,Mine_07081,Sand,0.36,0.96,0.633,3.82,107.6,synthetic_geological_survey
7082,Mine_07082,Sandstone,0.42,0.504,0.531,4.38,38.05,synthetic_geological_survey
7083,Mine_07083,Salt,0.801,0.178,0.628,4.34,96.89,synthetic_geological_survey
7084,Mine_07084,Sand,0.305,0.814,0.38,3.19,28.81,synthetic_geological_survey
7085,Mine_07085,Sandstone,0.412,0.494,0.552,3.83,198.21,synthetic_geological_survey
7086,Mine_07086,Granite,0.703,0.264,0.576,2.95,198.16,synthetic_geological_survey
7087,Mine_07087,Silica Sand,0.388,0.679,0.718,1.79,150.08,synthetic_geological_survey
7088,Mine_07088,Marble,0.895,0.417,0.57,1.6,170.57,synthetic_geological_survey
7089,Mine_07089,Marble,0.848,0.396,0.301,2.05,183.23,synthetic_geological_survey
7090,Mine_07090,Granite,0.806,0.302,0.3,4.56,174.96,synthetic_geological_survey
7091,Mine_07091,Salt,0.809,0.18,0.584,1.12,132.29,synthetic_geological_survey
7092,Mine_07092,Sandstone,0.409,0.49,0.721,1.25,185.81,synthetic_geological_survey
7093,Mine_07093,Granite,0.874,0.328,0.632,2.73,28.18,synthetic_geological_survey
7094,Mine_07094,Sand,0.342,0.913,0.641,0.76,186.54,synthetic_geological_survey
7095,Mine_07095,Marble,0.8,0.373,0.329,1.92,97.09,synthetic_geological_survey
7096,Mine_07096,Sandstone,0.517,0.62,0.578,3.02,29.97,synthetic_geological_survey
7097,Mine_07097,Sand,0.246,0.655,0.592,2.11,138.09,synthetic_geological_survey
7098,Mine_07098,Iron Ore,0.819,0.468,0.242,2.68,107.04,synthetic_geological_survey
7099,Mine_07099,Salt,1.04,0.231,0.597,3.64,141.23,synthetic_geological_survey
7100,Mine_07100,Granite,0.956,0.359,0.466,2.35,142.53,synthetic_geological_survey
7101,Mine_07101,Limestone,0.626,0.521,0.286,1.19,59.78,synthetic_geological_survey
7102,Mine_07102,Limestone,0.592,0.494,0.361,0.85,130.82,synthetic_geological_survey
7103,Mine_07103,Granite,0.944,0.354,0.584,1.68,190.04,synthetic_geological_survey
7104,Mine_07104,Marble,0.721,0.337,0.756,1.09,162.58,synthetic_geological_survey
7105,Mine_07105,Limestone,0.592,0.493,0.458,4.8,57.72,synthetic_geological_survey
7106,Mine_07106,Sand,0.275,0.733,0.361,2.55,140.5,synthetic_geological_survey
7107,Mine_07107,Marble,0.693,0.323,0.788,4.12,138.31,synthetic_geological_survey
7108,Mine_07108,Limestone,0.546,0.455,0.771,1.4,128.33,synthetic_geological_survey
7109,Mine_07109,Marble,0.882,0.411,0.285,4.5,177.68,synthetic_geological_survey
7110,Mine_07110,Granite,0.918,0.344,0.324,3.16,164.66,synthetic_geological_survey
7111,Mine_07111,Silica Sand,0.43,0.753,0.343,0.76,37.94,synthetic_geological_survey
7112,Mine_07112,Granite,0.653,0.245,0.318,2.51,32.85,synthetic_geological_survey
7113,Mine_07113,Salt,0.853,0.189,0.499,1.7,98.31,synthetic_geological_survey
7114,Mine_07114,Salt,0.731,0.162,0.618,3.82,66.73,synthetic_geological_survey
7115,Mine_07115,Silica Sand,0.4,0.7,0.362,3.13,177.63,synthetic_geological_survey
7116,Mine_07116,Sand,0.247,0.658,0.418,1.25,117.95,synthetic_geological_survey
7117,Mine_07117,Silica Sand,0.336,0.587,0.637,3.87,126.48,synthetic_geological_survey
7118,Mine_07118,Salt,0.912,0.203,0.535,1.2,78.21,synthetic_geological_survey
7119,Mine_07119,Sandstone,0.505,0.606,0.78,2.85,197.31,synthetic_geological_survey
7120,Mine_07120,Sand,0.289,0.771,0.749,4.75,180.52,synthetic_geological_survey
7121,Mine_07121,Salt,0.839,0.186,0.425,2.54,32.73,synthetic_geological_survey
7122,Mine_07122,Salt,0.77,0.171,0.31,3.93,121.44,synthetic_geological_survey
7123,Mine_07123,Marble,0.681,0.318,0.697,2.23,89.19,synthetic_geological_survey
7124,Mine_07124,Sandstone,0.43,0.516,0.786,2.96,189.28,synthetic_geological_survey
7125,Mine_07125,Granite,0.868,0.325,0.331,4.68,157.42,synthetic_geological_survey
7126,Mine_07126,Salt,1.076,0.239,0.428,3.37,101.42,synthetic_geological_survey
7127,Mine_07127,Sand,0.28,0.746,0.618,0.59,76.26,synthetic_geological_survey
7128,Mine_07128,Salt,0.922,0.205,0.285,4.59,95.48,synthetic_geological_survey
7129,Mine_07129,Granite,0.771,0.289,0.791,2.22,116.84,synthetic_geological_survey
7130,Mine_07130,Limestone,0.635,0.529,0.765,2.97,186.17,synthetic_geological_survey
7131,Mine_07131,Sandstone,0.516,0.619,0.678,3.84,50.14,synthetic_geological_survey
7132,Mine_07132,Marble,0.854,0.398,0.612,3.1,141.88,synthetic_geological_survey
7133,Mine_07133,Marble,0.662,0.309,0.502,2.69,26.06,synthetic_geological_survey
7134,Mine_07134,Granite,0.933,0.35,0.616,4.65,149.61,synthetic_geological_survey
7135,Mine_07135,Silica Sand,0.441,0.772,0.274,4.43,150.96,synthetic_geological_survey
7136,Mine_07136,Marble,0.766,0.357,0.497,3.62,176.73,synthetic_geological_survey
7137,Mine_07137,Silica Sand,0.386,0.676,0.493,2.48,175.86,synthetic_geological_survey
7138,Mine_07138,Sand,0.318,0.847,0.246,1.91,125.94,synthetic_geological_survey
7139,Mine_07139,Iron Ore,0.679,0.388,0.518,0.87,102.3,synthetic_geological_survey
7140,Mine_07140,Iron Ore,0.781,0.446,0.263,0.88,82.2,synthetic_geological_survey
7141,Mine_07141,Sandstone,0.5,0.6,0.664,3.72,50.72,synthetic_geological_survey
7142,Mine_07142,Limestone,0.547,0.456,0.255,1.75,177.01,synthetic_geological_survey
7143,Mine_07143,Limestone,0.481,0.401,0.711,2.08,102.26,synthetic_geological_survey
7144,Mine_07144,Iron Ore,0.726,0.415,0.203,4.64,160.16,synthetic_geological_survey
7145,Mine_07145,Salt,0.793,0.176,0.748,1.32,149.21,synthetic_geological_survey
7146,Mine_07146,Sandstone,0.548,0.658,0.68,1.83,127.56,synthetic_geological_survey
7147,Mine_07147,Granite,0.667,0.25,0.297,1.99,131.53,synthetic_geological_survey
7148,Mine_07148,Salt,1.056,0.235,0.527,0.93,54.75,synthetic_geological_survey
7149,Mine_07149,Iron Ore,0.681,0.389,0.429,0.52,99.92,synthetic_geological_survey
7150,Mine_07150,Silica Sand,0.362,0.634,0.445,2.36,152.8,synthetic_geological_survey
7151,Mine_07151,Marble,0.805,0.376,0.23,2.21,66.25,synthetic_geological_survey
7152,Mine_07152,Granite,0.802,0.301,0.203,4.4,125.12,synthetic_geological_survey
7153,Mine_07153,Limestone,0.566,0.472,0.612,3.55,136.57,synthetic_geological_survey
7154,Mine_07154,Sandstone,0.595,0.714,0.795,2.74,78.04,synthetic_geological_survey
7155,Mine_07155,Granite,0.916,0.344,0.521,1.6,170.87,synthetic_geological_survey
7156,Mine_07156,Silica Sand,0.36,0.63,0.505,0.75,71.96,synthetic_geological_survey
7157,Mine_07157,Salt,1.057,0.235,0.425,0.62,123.21,synthetic_geological_survey
7158,Mine_07158,Iron Ore,0.838,0.479,0.437,2.57,39.58,synthetic_geological_survey
7159,Mine_07159,Salt,0.804,0.179,0.627,3.73,82.65,synthetic_geological_survey
7160,Mine_07160,Sandstone,0.435,0.522,0.42,2.18,51.1,synthetic_geological_survey
7161,Mine_07161,Sandstone,0.581,0.697,0.739,2.62,120.08,synthetic_geological_survey
7162,Mine_07162,Sand,0.269,0.719,0.525,0.66,177.61,synthetic_geological_survey
7163,Mine_07163,Limestone,0.71,0.592,0.596,3.46,90.3,synthetic_geological_survey
7164,Mine_07164,Silica Sand,0.352,0.615,0.232,4.28,47.9,synthetic_geological_survey
7165,Mine_07165,Sand,0.35,0.932,0.366,1.55,166.06,synthetic_geological_survey
7166,Mine_07166,Salt,1.075,0.239,0.776,1.17,54.46,synthetic_geological_survey
7167,Mine_07167,Sand,0.278,0.741,0.758,4.37,54.97,synthetic_geological_survey
7168,Mine_07168,Salt,0.805,0.179,0.725,4.45,167.79,synthetic_geological_survey
7169,Mine_07169,Sandstone,0.44,0.528,0.707,3.17,102.71,synthetic_geological_survey
7170,Mine_07170,Marble,0.743,0.347,0.557,4.4,110.26,synthetic_geological_survey
7171,Mine_07171,Salt,0.749,0.167,0.207,3.26,73.58,synthetic_geological_survey
7172,Mine_07172,Silica Sand,0.339,0.593,0.214,2.43,166.42,synthetic_geological_survey
7173,Mine_07173,Granite,0.829,0.311,0.743,2.37,106.63,synthetic_geological_survey
7174,Mine_07174,Iron Ore,0.652,0.373,0.492,3.34,154.36,synthetic_geological_survey
7175,Mine_07175,Iron Ore,0.677,0.387,0.634,1.51,60.97,synthetic_geological_survey
7176,Mine_07176,Limestone,0.684,0.57,0.525,0.76,191.23,synthetic_geological_survey
7177,Mine_07177,Salt,0.92,0.205,0.624,2.9,65.25,synthetic_geological_survey
7178,Mine_07178,Sand,0.293,0.782,0.519,4.93,29.23,synthetic_geological_survey
7179,Mine_07179,Granite,0.859,0.322,0.267,2.51,75.12,synthetic_geological_survey
7180,Mine_07180,Iron Ore,0.634,0.362,0.581,4.3,80.76,synthetic_geological_survey
7181,Mine_07181,Granite,0.752,0.282,0.481,3.31,168.34,synthetic_geological_survey
7182,Mine_07182,Sandstone,0.405,0.487,0.731,3.3,138.58,synthetic_geological_survey
7183,Mine_07183,Sand,0.253,0.675,0.404,2.55,45.89,synthetic_geological_survey
7184,Mine_07184,Marble,0.76,0.355,0.43,0.86,20.14,synthetic_geological_survey
7185,Mine_07185,Sand,0.348,0.929,0.297,1.95,87.22,synthetic_geological_survey
7186,Mine_07186,Silica Sand,0.426,0.745,0.257,1.91,22.05,synthetic_geological_survey
7187,Mine_07187,Marble,0.885,0.413,0.308,4.07,80.62,synthetic_geological_survey
7188,Mine_07188,Silica Sand,0.329,0.576,0.58,3.3,122.74,synthetic_geological_survey
7189,Mine_07189,Sand,0.283,0.755,0.453,2.22,23.45,synthetic_geological_survey
7190,Mine_07190,Silica Sand,0.425,0.744,0.602,2.8,198.65,synthetic_geological_survey
7191,Mine_07191,Granite,0.867,0.325,0.783,4.25,158.4,synthetic_geological_survey
7192,Mine_07192,Sand,0.324,0.864,0.74,3.15,188.74,synthetic_geological_survey
7193,Mine_07193,Sand,0.3,0.801,0.663,2.64,158.51,synthetic_geological_survey
7194,Mine_07194,Granite,0.907,0.34,0.243,3.32,159.77,synthetic_geological_survey
7195,Mine_07195,Salt,1.028,0.228,0.275,1.65,197.77,synthetic_geological_survey
7196,Mine_07196,Limestone,0.589,0.491,0.694,3.83,98.29,synthetic_geological_survey
7197,Mine_07197,Salt,0.953,0.212,0.449,3.66,85.95,synthetic_geological_survey
7198,Mine_07198,Granite,0.716,0.268,0.735,1.09,197.89,synthetic_geological_survey
7199,Mine_07199,Granite,0.851,0.319,0.294,2.57,197.49,synthetic_geological_survey
7200,Mine_07200,Limestone,0.711,0.592,0.718,2.39,172.32,synthetic_geological_survey
7201,Mine_07201,Silica Sand,0.374,0.655,0.571,3.67,26.26,synthetic_geological_survey
7202,Mine_07202,Limestone,0.621,0.518,0.536,2.74,175.84,synthetic_geological_survey
7203,Mine_07203,Sand,0.346,0.923,0.363,3.42,46.96,synthetic_geological_survey
7204,Mine_07204,Silica Sand,0.358,0.627,0.346,3.09,37.53,synthetic_geological_survey
7205,Mine_07205,Iron Ore,0.646,0.369,0.392,1.4,47.24,synthetic_geological_survey
7206,Mine_07206,Salt,0.912,0.203,0.303,1.34,128.87,synthetic_geological_survey
7207,Mine_07207,Salt,0.856,0.19,0.368,4.55,97.48,synthetic_geological_survey
7208,Mine_07208,Salt,0.859,0.191,0.547,4.58,24.56,synthetic_geological_survey
7209,Mine_07209,Silica Sand,0.342,0.599,0.391,1.31,75.07,synthetic_geological_survey
7210,Mine_07210,Granite,0.936,0.351,0.644,1.31,104.18,synthetic_geological_survey
7211,Mine_07211,Salt,0.897,0.199,0.621,3.64,21.75,synthetic_geological_survey
7212,Mine_07212,Sandstone,0.449,0.539,0.54,1.03,42.36,synthetic_geological_survey
7213,Mine_07213,Iron Ore,0.757,0.432,0.466,2.68,161.29,synthetic_geological_survey
7214,Mine_07214,Salt,0.744,0.165,0.696,3.41,58.5,synthetic_geological_survey
7215,Mine_07215,Iron Ore,0.701,0.4,0.365,0.54,181.05,synthetic_geological_survey
7216,Mine_07216,Granite,0.724,0.271,0.339,3.52,113.63,synthetic_geological_survey
7217,Mine_07217,Granite,0.734,0.275,0.42,0.75,67.22,synthetic_geological_survey
7218,Mine_07218,Salt,1.006,0.223,0.48,3.55,167.18,synthetic_geological_survey
7219,Mine_07219,Silica Sand,0.448,0.784,0.586,3.9,115.36,synthetic_geological_survey
7220,Mine_07220,Iron Ore,0.803,0.459,0.38,1.91,32.33,synthetic_geological_survey
7221,Mine_07221,Limestone,0.604,0.503,0.784,2.16,65.83,synthetic_geological_survey
7222,Mine_07222,Limestone,0.574,0.478,0.579,1.9,147.93,synthetic_geological_survey
7223,Mine_07223,Granite,0.65,0.244,0.261,1.46,48.26,synthetic_geological_survey
7224,Mine_07224,Salt,0.815,0.181,0.397,0.51,117.94,synthetic_geological_survey
7225,Mine_07225,Silica Sand,0.442,0.774,0.716,2.07,122.3,synthetic_geological_survey
7226,Mine_07226,Marble,0.733,0.342,0.261,1.46,125.16,synthetic_geological_survey
7227,Mine_07227,Silica Sand,0.447,0.783,0.732,3.89,44.89,synthetic_geological_survey
7228,Mine_07228,Salt,0.862,0.191,0.287,2.62,161.88,synthetic_geological_survey
7229,Mine_07229,Salt,0.983,0.219,0.749,4.32,114.23,synthetic_geological_survey
7230,Mine_07230,Marble,0.636,0.297,0.227,1.48,124.07,synthetic_geological_survey
7231,Mine_07231,Sandstone,0.507,0.608,0.699,0.94,196.26,synthetic_geological_survey
7232,Mine_07232,Silica Sand,0.392,0.687,0.489,1.48,39.46,synthetic_geological_survey
7233,Mine_07233,Iron Ore,0.646,0.369,0.64,2.51,46.76,synthetic_geological_survey
7234,Mine_07234,Sand,0.272,0.724,0.776,3.84,41.06,synthetic_geological_survey
7235,Mine_07235,Iron Ore,0.803,0.459,0.276,2.91,77.42,synthetic_geological_survey
7236,Mine_07236,Salt,0.727,0.162,0.512,4.09,193.78,synthetic_geological_survey
7237,Mine_07237,Iron Ore,0.594,0.339,0.673,2.01,150.34,synthetic_geological_survey
7238,Mine_07238,Limestone,0.516,0.43,0.768,2.77,138.0,synthetic_geological_survey
7239,Mine_07239,Granite,0.874,0.328,0.437,4.33,136.39,synthetic_geological_survey
7240,Mine_07240,Iron Ore,0.71,0.406,0.209,1.37,97.67,synthetic_geological_survey
7241,Mine_07241,Granite,0.91,0.341,0.529,4.01,59.9,synthetic_geological_survey
7242,Mine_07242,Iron Ore,0.636,0.364,0.57,4.21,50.92,synthetic_geological_survey
7243,Mine_07243,Granite,0.705,0.264,0.584,4.49,150.58,synthetic_geological_survey
7244,Mine_07244,Limestone,0.597,0.498,0.201,2.79,116.12,synthetic_geological_survey
7245,Mine_07245,Sandstone,0.454,0.545,0.404,2.1,93.17,synthetic_geological_survey
7246,Mine_07246,Marble,0.893,0.417,0.357,2.05,126.28,synthetic_geological_survey
7247,Mine_07247,Limestone,0.501,0.417,0.291,4.0,165.26,synthetic_geological_survey
7248,Mine_07248,Salt,0.766,0.17,0.246,1.98,79.27,synthetic_geological_survey
7249,Mine_07249,Marble,0.844,0.394,0.602,1.37,184.2,synthetic_geological_survey
7250,Mine_07250,Silica Sand,0.432,0.757,0.349,2.31,49.72,synthetic_geological_survey
7251,Mine_07251,Sandstone,0.511,0.613,0.72,1.06,50.6,synthetic_geological_survey
7252,Mine_07252,Sand,0.288,0.767,0.558,4.1,147.62,synthetic_geological_survey
7253,Mine_07253,Marble,0.714,0.333,0.202,2.84,165.03,synthetic_geological_survey
7254,Mine_07254,Silica Sand,0.429,0.751,0.769,3.03,172.42,synthetic_geological_survey
7255,Mine_07255,Granite,0.779,0.292,0.245,4.7,74.3,synthetic_geological_survey
7256,Mine_07256,Sandstone,0.418,0.501,0.744,3.78,108.74,synthetic_geological_survey
7257,Mine_07257,Limestone,0.526,0.438,0.294,0.57,97.25,synthetic_geological_survey
7258,Mine_07258,Sandstone,0.503,0.603,0.504,3.96,185.93,synthetic_geological_survey
7259,Mine_07259,Silica Sand,0.375,0.656,0.643,3.82,72.52,synthetic_geological_survey
7260,Mine_07260,Iron Ore,0.667,0.381,0.587,3.3,185.4,synthetic_geological_survey
7261,Mine_07261,Limestone,0.488,0.406,0.21,2.88,158.55,synthetic_geological_survey
7262,Mine_07262,Granite,0.668,0.251,0.263,1.11,156.55,synthetic_geological_survey
7263,Mine_07263,Limestone,0.608,0.507,0.236,4.87,143.05,synthetic_geological_survey
7264,Mine_07264,Salt,1.076,0.239,0.757,4.88,168.34,synthetic_geological_survey
7265,Mine_07265,Sandstone,0.526,0.632,0.627,0.63,121.61,synthetic_geological_survey
7266,Mine_07266,Iron Ore,0.722,0.413,0.303,2.5,143.37,synthetic_geological_survey
7267,Mine_07267,Sand,0.307,0.82,0.45,1.82,138.17,synthetic_geological_survey
7268,Mine_07268,Salt,1.015,0.226,0.222,0.98,188.82,synthetic_geological_survey
7269,Mine_07269,Silica Sand,0.376,0.658,0.704,2.4,35.12,synthetic_geological_survey
7270,Mine_07270,Iron Ore,0.685,0.391,0.529,2.63,159.83,synthetic_geological_survey
7271,Mine_07271,Sandstone,0.524,0.629,0.393,3.69,149.57,synthetic_geological_survey
7272,Mine_07272,Iron Ore,0.741,0.423,0.797,3.99,50.25,synthetic_geological_survey
7273,Mine_07273,Limestone,0.606,0.505,0.381,2.06,24.29,synthetic_geological_survey
7274,Mine_07274,Granite,0.903,0.339,0.57,1.7,174.73,synthetic_geological_survey
7275,Mine_07275,Marble,0.866,0.404,0.384,1.21,83.51,synthetic_geological_survey
7276,Mine_07276,Sand,0.328,0.873,0.708,0.71,40.57,synthetic_geological_survey
7277,Mine_07277,Sand,0.331,0.882,0.35,1.73,29.53,synthetic_geological_survey
7278,Mine_07278,Iron Ore,0.638,0.365,0.284,4.97,62.74,synthetic_geological_survey
7279,Mine_07279,Salt,1.028,0.228,0.46,2.32,170.91,synthetic_geological_survey
7280,Mine_07280,Marble,0.709,0.331,0.374,2.17,135.54,synthetic_geological_survey
7281,Mine_07281,Granite,0.827,0.31,0.655,1.73,23.45,synthetic_geological_survey
7282,Mine_07282,Sandstone,0.483,0.58,0.799,4.43,30.05,synthetic_geological_survey
7283,Mine_07283,Sandstone,0.563,0.675,0.208,0.86,93.71,synthetic_geological_survey
7284,Mine_07284,Iron Ore,0.733,0.419,0.655,2.74,54.33,synthetic_geological_survey
7285,Mine_07285,Limestone,0.558,0.465,0.717,1.53,59.9,synthetic_geological_survey
7286,Mine_07286,Salt,0.941,0.209,0.44,3.04,166.26,synthetic_geological_survey
7287,Mine_07287,Iron Ore,0.832,0.475,0.624,4.05,58.69,synthetic_geological_survey
7288,Mine_07288,Sand,0.322,0.859,0.483,1.52,127.77,synthetic_geological_survey
7289,Mine_07289,Marble,0.698,0.326,0.224,3.85,87.29,synthetic_geological_survey
7290,Mine_07290,Iron Ore,0.643,0.368,0.224,1.79,192.34,synthetic_geological_survey
7291,Mine_07291,Iron Ore,0.664,0.38,0.39,2.52,134.95,synthetic_geological_survey
7292,Mine_07292,Salt,0.957,0.213,0.797,2.08,172.19,synthetic_geological_survey
7293,Mine_07293,Granite,0.728,0.273,0.572,0.99,39.68,synthetic_geological_survey
7294,Mine_07294,Salt,1.044,0.232,0.635,3.14,176.92,synthetic_geological_survey
7295,Mine_07295,Sandstone,0.471,0.566,0.256,2.14,91.79,synthetic_geological_survey
7296,Mine_07296,Limestone,0.693,0.578,0.309,1.52,88.33,synthetic_geological_survey
7297,Mine_07297,Limestone,0.552,0.46,0.516,4.66,156.93,synthetic_geological_survey
7298,Mine_07298,Marble,0.798,0.372,0.726,2.47,108.66,synthetic_geological_survey
7299,Mine_07299,Granite,0.941,0.353,0.469,4.42,118.49,synthetic_geological_survey
7300,Mine_07300,Sandstone,0.556,0.668,0.478,2.0,52.95,synthetic_geological_survey
7301,Mine_07301,Sandstone,0.575,0.69,0.553,4.99,47.31,synthetic_geological_survey
7302,Mine_07302,Sand,0.306,0.816,0.274,3.38,132.21,synthetic_geological_survey
7303,Mine_07303,Sandstone,0.439,0.527,0.726,3.21,35.68,synthetic_geological_survey
7304,Mine_07304,Sandstone,0.561,0.674,0.401,3.4,59.97,synthetic_geological_survey
7305,Mine_07305,Sandstone,0.524,0.629,0.509,1.58,120.56,synthetic_geological_survey
7306,Mine_07306,Iron Ore,0.668,0.382,0.454,4.35,131.73,synthetic_geological_survey
7307,Mine_07307,Marble,0.742,0.346,0.269,4.62,155.53,synthetic_geological_survey
7308,Mine_07308,Sand,0.272,0.726,0.375,3.05,143.16,synthetic_geological_survey
7309,Mine_07309,Sandstone,0.405,0.486,0.388,1.8,168.36,synthetic_geological_survey
7310,Mine_07310,Granite,0.758,0.284,0.413,1.66,142.57,synthetic_geological_survey
7311,Mine_07311,Limestone,0.652,0.543,0.205,1.36,78.85,synthetic_geological_survey
7312,Mine_07312,Limestone,0.661,0.551,0.303,3.66,196.66,synthetic_geological_survey
7313,Mine_07313,Salt,1.036,0.23,0.466,3.12,36.66,synthetic_geological_survey
7314,Mine_07314,Marble,0.711,0.332,0.658,4.6,91.63,synthetic_geological_survey
7315,Mine_07315,Sand,0.338,0.9,0.718,4.11,121.47,synthetic_geological_survey
7316,Mine_07316,Silica Sand,0.339,0.592,0.732,4.77,73.73,synthetic_geological_survey
7317,Mine_07317,Sand,0.272,0.725,0.742,2.92,132.67,synthetic_geological_survey
7318,Mine_07318,Sandstone,0.574,0.689,0.255,3.08,58.44,synthetic_geological_survey
7319,Mine_07319,Granite,0.806,0.302,0.44,3.62,30.28,synthetic_geological_survey
7320,Mine_07320,Silica Sand,0.384,0.672,0.519,4.15,75.25,synthetic_geological_survey
7321,Mine_07321,Granite,0.749,0.281,0.378,2.48,100.73,synthetic_geological_survey
7322,Mine_07322,Marble,0.86,0.401,0.273,0.6,198.04,synthetic_geological_survey
7323,Mine_07323,Granite,0.712,0.267,0.58,3.48,173.9,synthetic_geological_survey
7324,Mine_07324,Sand,0.355,0.948,0.597,4.26,48.65,synthetic_geological_survey
7325,Mine_07325,Iron Ore,0.788,0.451,0.779,3.83,163.99,synthetic_geological_survey
7326,Mine_07326,Granite,0.92,0.345,0.602,4.85,85.96,synthetic_geological_survey
7327,Mine_07327,Sand,0.264,0.703,0.763,3.29,146.35,synthetic_geological_survey
7328,Mine_07328,Iron Ore,0.707,0.404,0.46,4.2,69.9,synthetic_geological_survey
7329,Mine_07329,Salt,0.908,0.202,0.77,1.8,109.19,synthetic_geological_survey
7330,Mine_07330,Silica Sand,0.326,0.571,0.246,4.94,188.81,synthetic_geological_survey
7331,Mine_07331,Iron Ore,0.793,0.453,0.237,3.56,195.34,synthetic_geological_survey
7332,Mine_07332,Sandstone,0.457,0.548,0.735,3.6,137.97,synthetic_geological_survey
7333,Mine_07333,Sandstone,0.405,0.487,0.204,4.68,189.13,synthetic_geological_survey
7334,Mine_07334,Sand,0.359,0.958,0.413,2.34,44.89,synthetic_geological_survey
7335,Mine_07335,Granite,0.791,0.297,0.531,1.07,20.72,synthetic_geological_survey
7336,Mine_07336,Limestone,0.664,0.553,0.713,3.6,181.03,synthetic_geological_survey
7337,Mine_07337,Marble,0.754,0.352,0.404,1.81,40.67,synthetic_geological_survey
7338,Mine_07338,Iron Ore,0.785,0.448,0.253,4.32,63.04,synthetic_geological_survey
7339,Mine_07339,Marble,0.705,0.329,0.381,2.01,169.21,synthetic_geological_survey
7340,Mine_07340,Iron Ore,0.791,0.452,0.658,4.92,31.67,synthetic_geological_survey
7341,Mine_07341,Granite,0.739,0.277,0.788,0.72,101.11,synthetic_geological_survey
7342,Mine_07342,Sand,0.325,0.868,0.766,3.52,48.46,synthetic_geological_survey
7343,Mine_07343,Silica Sand,0.356,0.624,0.469,2.71,141.09,synthetic_geological_survey
7344,Mine_07344,Sandstone,0.44,0.528,0.787,0.91,42.98,synthetic_geological_survey
7345,Mine_07345,Limestone,0.642,0.535,0.384,4.85,116.69,synthetic_geological_survey
7346,Mine_07346,Sand,0.318,0.848,0.579,3.5,126.43,synthetic_geological_survey
7347,Mine_07347,Salt,0.974,0.216,0.337,3.22,169.4,synthetic_geological_survey
7348,Mine_07348,Marble,0.852,0.398,0.23,3.16,176.34,synthetic_geological_survey
7349,Mine_07349,Sandstone,0.547,0.657,0.373,2.95,71.62,synthetic_geological_survey
7350,Mine_07350,Sand,0.338,0.902,0.459,1.82,166.39,synthetic_geological_survey
7351,Mine_07351,Silica Sand,0.41,0.717,0.656,2.64,55.74,synthetic_geological_survey
7352,Mine_07352,Salt,0.982,0.218,0.661,1.34,194.3,synthetic_geological_survey
7353,Mine_07353,Iron Ore,0.698,0.399,0.516,1.98,30.99,synthetic_geological_survey
7354,Mine_07354,Granite,0.837,0.314,0.371,1.34,111.38,synthetic_geological_survey
7355,Mine_07355,Sandstone,0.471,0.565,0.347,0.94,153.11,synthetic_geological_survey
7356,Mine_07356,Salt,0.721,0.16,0.317,4.5,118.03,synthetic_geological_survey
7357,Mine_07357,Sand,0.269,0.718,0.794,0.85,157.15,synthetic_geological_survey
7358,Mine_07358,Sand,0.335,0.894,0.532,4.63,87.73,synthetic_geological_survey
7359,Mine_07359,Sand,0.312,0.833,0.646,0.74,116.26,synthetic_geological_survey
7360,Mine_07360,Marble,0.716,0.334,0.362,1.13,105.89,synthetic_geological_survey
7361,Mine_07361,Sand,0.313,0.834,0.543,2.14,127.02,synthetic_geological_survey
7362,Mine_07362,Iron Ore,0.623,0.356,0.755,1.36,33.75,synthetic_geological_survey
7363,Mine_07363,Silica Sand,0.426,0.746,0.369,3.58,33.25,synthetic_geological_survey
7364,Mine_07364,Sand,0.333,0.888,0.483,1.19,116.63,synthetic_geological_survey
7365,Mine_07365,Iron Ore,0.807,0.461,0.699,1.52,87.01,synthetic_geological_survey
7366,Mine_07366,Limestone,0.504,0.42,0.319,2.82,101.27,synthetic_geological_survey
7367,Mine_07367,Granite,0.747,0.28,0.374,3.68,36.97,synthetic_geological_survey
7368,Mine_07368,Limestone,0.58,0.483,0.656,2.3,33.64,synthetic_geological_survey
7369,Mine_07369,Silica Sand,0.398,0.696,0.266,0.74,186.08,synthetic_geological_survey
7370,Mine_07370,Sandstone,0.495,0.594,0.685,1.98,95.05,synthetic_geological_survey
7371,Mine_07371,Sand,0.253,0.675,0.628,1.32,74.1,synthetic_geological_survey
7372,Mine_07372,Silica Sand,0.41,0.718,0.202,2.81,54.55,synthetic_geological_survey
7373,Mine_07373,Granite,0.917,0.344,0.332,2.1,100.6,synthetic_geological_survey
7374,Mine_07374,Granite,0.765,0.287,0.55,0.97,25.4,synthetic_geological_survey
7375,Mine_07375,Salt,1.012,0.225,0.759,0.67,146.6,synthetic_geological_survey
7376,Mine_07376,Sandstone,0.512,0.614,0.623,4.63,50.93,synthetic_geological_survey
7377,Mine_07377,Silica Sand,0.397,0.695,0.412,2.94,85.24,synthetic_geological_survey
7378,Mine_07378,Silica Sand,0.35,0.613,0.427,3.76,104.91,synthetic_geological_survey
7379,Mine_07379,Sandstone,0.454,0.545,0.226,1.53,195.3,synthetic_geological_survey
7380,Mine_07380,Silica Sand,0.414,0.724,0.336,1.56,144.14,synthetic_geological_survey
7381,Mine_07381,Sand,0.335,0.893,0.533,3.96,52.69,synthetic_geological_survey
7382,Mine_07382,Sand,0.269,0.717,0.429,3.5,170.38,synthetic_geological_survey
7383,Mine_07383,Iron Ore,0.665,0.38,0.652,1.61,151.54,synthetic_geological_survey
7384,Mine_07384,Granite,0.769,0.288,0.381,2.82,51.89,synthetic_geological_survey
7385,Mine_07385,Sandstone,0.405,0.487,0.486,3.01,39.76,synthetic_geological_survey
7386,Mine_07386,Silica Sand,0.356,0.623,0.277,0.82,185.76,synthetic_geological_survey
7387,Mine_07387,Marble,0.807,0.377,0.256,3.05,192.19,synthetic_geological_survey
7388,Mine_07388,Granite,0.958,0.359,0.535,1.68,82.43,synthetic_geological_survey
7389,Mine_07389,Sandstone,0.427,0.513,0.642,2.76,176.58,synthetic_geological_survey
7390,Mine_07390,Iron Ore,0.755,0.431,0.768,2.4,86.47,synthetic_geological_survey
7391,Mine_07391,Sand,0.321,0.857,0.354,4.98,81.14,synthetic_geological_survey
7392,Mine_07392,Salt,0.817,0.182,0.215,4.04,92.46,synthetic_geological_survey
7393,Mine_07393,Salt,0.815,0.181,0.268,3.26,110.55,synthetic_geological_survey
7394,Mine_07394,Marble,0.722,0.337,0.527,0.8,117.33,synthetic_geological_survey
7395,Mine_07395,Sand,0.317,0.846,0.456,2.29,128.68,synthetic_geological_survey
7396,Mine_07396,Iron Ore,0.735,0.42,0.666,3.73,73.29,synthetic_geological_survey
7397,Mine_07397,Silica Sand,0.416,0.728,0.726,2.32,21.08,synthetic_geological_survey
7398,Mine_07398,Salt,0.821,0.182,0.776,2.19,140.47,synthetic_geological_survey
7399,Mine_07399,Iron Ore,0.78,0.445,0.661,2.32,152.75,synthetic_geological_survey
7400,Mine_07400,Salt,0.94,0.209,0.432,2.07,150.8,synthetic_geological_survey
7401,Mine_07401,Marble,0.669,0.312,0.678,3.23,192.77,synthetic_geological_survey
7402,Mine_07402,Iron Ore,0.606,0.346,0.314,3.36,49.74,synthetic_geological_survey
7403,Mine_07403,Granite,0.709,0.266,0.527,2.29,140.32,synthetic_geological_survey
7404,Mine_07404,Salt,1.076,0.239,0.616,2.9,143.39,synthetic_geological_survey
7405,Mine_07405,Sand,0.267,0.713,0.728,2.6,137.69,synthetic_geological_survey
7406,Mine_07406,Silica Sand,0.407,0.713,0.602,4.37,41.82,synthetic_geological_survey
7407,Mine_07407,Sandstone,0.526,0.631,0.235,2.0,101.5,synthetic_geological_survey
7408,Mine_07408,Sand,0.283,0.754,0.427,4.44,91.46,synthetic_geological_survey
7409,Mine_07409,Granite,0.704,0.264,0.591,3.92,165.89,synthetic_geological_survey
7410,Mine_07410,Sand,0.245,0.653,0.533,3.16,62.25,synthetic_geological_survey
7411,Mine_07411,Sandstone,0.501,0.601,0.308,2.13,107.4,synthetic_geological_survey
7412,Mine_07412,Silica Sand,0.397,0.694,0.471,4.64,128.89,synthetic_geological_survey
7413,Mine_07413,Iron Ore,0.613,0.35,0.408,2.38,24.78,synthetic_geological_survey
7414,Mine_07414,Silica Sand,0.48,0.84,0.514,4.08,103.6,synthetic_geological_survey
7415,Mine_07415,Salt,0.799,0.178,0.28,0.84,140.16,synthetic_geological_survey
7416,Mine_07416,Salt,1.034,0.23,0.724,1.12,137.3,synthetic_geological_survey
7417,Mine_07417,Salt,0.822,0.183,0.582,4.84,90.71,synthetic_geological_survey
7418,Mine_07418,Sand,0.292,0.778,0.411,0.81,76.74,synthetic_geological_survey
7419,Mine_07419,Sand,0.291,0.775,0.36,1.89,143.76,synthetic_geological_survey
7420,Mine_07420,Marble,0.823,0.384,0.477,0.68,109.97,synthetic_geological_survey
7421,Mine_07421,Sand,0.328,0.875,0.755,0.76,96.24,synthetic_geological_survey
7422,Mine_07422,Silica Sand,0.451,0.788,0.502,2.5,24.42,synthetic_geological_survey
7423,Mine_07423,Granite,0.743,0.279,0.344,3.61,100.13,synthetic_geological_survey
7424,Mine_07424,Marble,0.644,0.301,0.512,4.85,49.14,synthetic_geological_survey
7425,Mine_07425,Iron Ore,0.604,0.345,0.697,2.49,191.58,synthetic_geological_survey
7426,Mine_07426,Silica Sand,0.349,0.611,0.652,4.28,169.52,synthetic_geological_survey
7427,Mine_07427,Sandstone,0.459,0.551,0.396,4.93,169.06,synthetic_geological_survey
7428,Mine_07428,Granite,0.711,0.267,0.492,2.38,28.64,synthetic_geological_survey
7429,Mine_07429,Marble,0.841,0.392,0.505,1.87,34.43,synthetic_geological_survey
7430,Mine_07430,Iron Ore,0.618,0.353,0.799,3.78,189.54,synthetic_geological_survey
7431,Mine_07431,Granite,0.695,0.261,0.671,0.73,79.25,synthetic_geological_survey
7432,Mine_07432,Granite,0.766,0.287,0.26,4.74,173.82,synthetic_geological_survey
7433,Mine_07433,Marble,0.9,0.42,0.467,3.61,119.31,synthetic_geological_survey
7434,Mine_07434,Salt,1.013,0.225,0.331,2.71,131.06,synthetic_geological_survey
7435,Mine_07435,Iron Ore,0.62,0.354,0.215,1.88,84.17,synthetic_geological_survey
7436,Mine_07436,Silica Sand,0.334,0.584,0.43,2.68,198.9,synthetic_geological_survey
7437,Mine_07437,Iron Ore,0.63,0.36,0.57,0.51,180.62,synthetic_geological_survey
7438,Mine_07438,Marble,0.651,0.304,0.321,3.27,78.42,synthetic_geological_survey
7439,Mine_07439,Sandstone,0.581,0.697,0.368,4.97,143.58,synthetic_geological_survey
7440,Mine_07440,Marble,0.724,0.338,0.729,4.43,86.04,synthetic_geological_survey
7441,Mine_07441,Sand,0.319,0.85,0.32,2.56,71.28,synthetic_geological_survey
7442,Mine_07442,Sandstone,0.534,0.641,0.652,4.44,116.55,synthetic_geological_survey
7443,Mine_07443,Limestone,0.5,0.416,0.761,3.54,68.26,synthetic_geological_survey
7444,Mine_07444,Sand,0.302,0.804,0.744,2.5,132.03,synthetic_geological_survey
7445,Mine_07445,Sand,0.251,0.671,0.769,1.42,102.35,synthetic_geological_survey
7446,Mine_07446,Granite,0.865,0.325,0.698,1.78,108.34,synthetic_geological_survey
7447,Mine_07447,Sandstone,0.524,0.629,0.584,0.61,91.86,synthetic_geological_survey
7448,Mine_07448,Silica Sand,0.429,0.751,0.519,1.46,131.36,synthetic_geological_survey
7449,Mine_07449,Limestone,0.653,0.544,0.507,4.85,93.41,synthetic_geological_survey
7450,Mine_07450,Iron Ore,0.821,0.469,0.348,4.08,70.05,synthetic_geological_survey
7451,Mine_07451,Marble,0.675,0.315,0.567,4.93,103.05,synthetic_geological_survey
7452,Mine_07452,Iron Ore,0.818,0.468,0.354,2.19,162.33,synthetic_geological_survey
7453,Mine_07453,Sandstone,0.553,0.664,0.623,2.91,181.14,synthetic_geological_survey
7454,Mine_07454,Marble,0.71,0.332,0.611,2.36,25.3,synthetic_geological_survey
7455,Mine_07455,Silica Sand,0.443,0.774,0.74,0.64,186.52,synthetic_geological_survey
7456,Mine_07456,Sandstone,0.521,0.625,0.716,4.73,194.16,synthetic_geological_survey
7457,Mine_07457,Sand,0.283,0.755,0.38,2.16,67.6,synthetic_geological_survey
7458,Mine_07458,Iron Ore,0.756,0.432,0.769,3.39,63.77,synthetic_geological_survey
7459,Mine_07459,Limestone,0.55,0.458,0.718,1.92,81.73,synthetic_geological_survey
7460,Mine_07460,Silica Sand,0.445,0.778,0.454,2.3,128.11,synthetic_geological_survey
7461,Mine_07461,Marble,0.676,0.315,0.272,2.22,52.44,synthetic_geological_survey
7462,Mine_07462,Salt,0.764,0.17,0.405,3.39,115.74,synthetic_geological_survey
7463,Mine_07463,Limestone,0.556,0.463,0.568,0.92,97.29,synthetic_geological_survey
7464,Mine_07464,Silica Sand,0.351,0.615,0.246,1.18,115.22,synthetic_geological_survey
7465,Mine_07465,Iron Ore,0.804,0.46,0.48,3.35,143.99,synthetic_geological_survey
7466,Mine_07466,Silica Sand,0.45,0.788,0.67,3.0,78.6,synthetic_geological_survey
7467,Mine_07467,Marble,0.729,0.34,0.757,0.97,58.44,synthetic_geological_survey
7468,Mine_07468,Limestone,0.685,0.571,0.745,2.4,142.98,synthetic_geological_survey
7469,Mine_07469,Sandstone,0.488,0.585,0.468,4.57,130.07,synthetic_geological_survey
7470,Mine_07470,Salt,1.055,0.234,0.29,1.34,96.06,synthetic_geological_survey
7471,Mine_07471,Iron Ore,0.815,0.466,0.348,3.77,111.39,synthetic_geological_survey
7472,Mine_07472,Granite,0.842,0.316,0.787,4.68,161.97,synthetic_geological_survey
7473,Mine_07473,Salt,0.754,0.168,0.755,0.85,191.24,synthetic_geological_survey
7474,Mine_07474,Silica Sand,0.476,0.833,0.375,4.23,116.67,synthetic_geological_survey
7475,Mine_07475,Granite,0.744,0.279,0.651,3.17,101.7,synthetic_geological_survey
7476,Mine_07476,Sandstone,0.433,0.52,0.233,3.11,65.91,synthetic_geological_survey
7477,Mine_07477,Limestone,0.501,0.417,0.668,1.8,127.27,synthetic_geological_survey
7478,Mine_07478,Iron Ore,0.771,0.441,0.714,0.64,144.12,synthetic_geological_survey
7479,Mine_07479,Salt,0.845,0.188,0.368,4.9,24.58,synthetic_geological_survey
7480,Mine_07480,Limestone,0.573,0.478,0.466,2.17,58.18,synthetic_geological_survey
7481,Mine_07481,Iron Ore,0.697,0.398,0.61,4.04,57.26,synthetic_geological_survey
7482,Mine_07482,Silica Sand,0.364,0.638,0.615,1.69,148.94,synthetic_geological_survey
7483,Mine_07483,Silica Sand,0.473,0.828,0.461,4.98,142.36,synthetic_geological_survey
7484,Mine_07484,Iron Ore,0.563,0.321,0.339,4.99,47.67,synthetic_geological_survey
7485,Mine_07485,Granite,0.933,0.35,0.32,3.39,146.18,synthetic_geological_survey
7486,Mine_07486,Marble,0.7,0.327,0.447,3.82,84.08,synthetic_geological_survey
7487,Mine_07487,Sand,0.283,0.754,0.418,1.28,192.6,synthetic_geological_survey
7488,Mine_07488,Silica Sand,0.399,0.698,0.8,2.59,127.14,synthetic_geological_survey
7489,Mine_07489,Sand,0.31,0.827,0.245,2.87,154.59,synthetic_geological_survey
7490,Mine_07490,Sandstone,0.588,0.706,0.796,3.88,163.32,synthetic_geological_survey
7491,Mine_07491,Sand,0.245,0.652,0.532,2.61,192.12,synthetic_geological_survey
7492,Mine_07492,Silica Sand,0.464,0.813,0.385,0.72,29.48,synthetic_geological_survey
7493,Mine_07493,Iron Ore,0.619,0.354,0.428,3.71,134.24,synthetic_geological_survey
7494,Mine_07494,Silica Sand,0.452,0.791,0.473,2.58,52.02,synthetic_geological_survey
7495,Mine_07495,Sand,0.29,0.773,0.215,1.62,155.35,synthetic_geological_survey
7496,Mine_07496,Silica Sand,0.356,0.623,0.369,2.04,90.17,synthetic_geological_survey
7497,Mine_07497,Iron Ore,0.669,0.382,0.695,2.96,147.8,synthetic_geological_survey
7498,Mine_07498,Limestone,0.554,0.461,0.454,4.17,165.31,synthetic_geological_survey
7499,Mine_07499,Sand,0.322,0.858,0.614,4.68,121.68,synthetic_geological_survey
7500,Mine_07500,Sandstone,0.579,0.695,0.416,1.14,74.45,synthetic_geological_survey
7501,Mine_07501,Marble,0.624,0.291,0.614,4.97,58.93,synthetic_geological_survey
7502,Mine_07502,Salt,0.827,0.184,0.762,3.83,32.1,synthetic_geological_survey
7503,Mine_07503,Sand,0.293,0.781,0.579,3.09,185.72,synthetic_geological_survey
7504,Mine_07504,Sandstone,0.504,0.605,0.505,1.59,120.55,synthetic_geological_survey
7505,Mine_07505,Sand,0.294,0.784,0.53,1.32,138.93,synthetic_geological_survey
7506,Mine_07506,Granite,0.698,0.262,0.444,1.81,109.39,synthetic_geological_survey
7507,Mine_07507,Sand,0.324,0.865,0.314,0.98,154.09,synthetic_geological_survey
7508,Mine_07508,Silica Sand,0.476,0.832,0.703,3.28,47.38,synthetic_geological_survey
7509,Mine_07509,Salt,0.812,0.181,0.594,1.05,153.37,synthetic_geological_survey
7510,Mine_07510,Sand,0.303,0.809,0.512,0.97,117.3,synthetic_geological_survey
7511,Mine_07511,Silica Sand,0.343,0.601,0.599,4.5,157.22,synthetic_geological_survey
7512,Mine_07512,Sand,0.251,0.67,0.767,4.39,182.57,synthetic_geological_survey
7513,Mine_07513,Sand,0.343,0.914,0.472,1.47,194.95,synthetic_geological_survey
7514,Mine_07514,Limestone,0.612,0.51,0.758,2.72,23.72,synthetic_geological_survey
7515,Mine_07515,Sand,0.322,0.858,0.717,0.95,121.47,synthetic_geological_survey
7516,Mine_07516,Sand,0.301,0.803,0.252,4.16,113.95,synthetic_geological_survey
7517,Mine_07517,Marble,0.63,0.294,0.347,3.46,192.3,synthetic_geological_survey
7518,Mine_07518,Sandstone,0.451,0.541,0.795,3.27,44.86,synthetic_geological_survey
7519,Mine_07519,Silica Sand,0.443,0.775,0.474,0.69,63.09,synthetic_geological_survey
7520,Mine_07520,Limestone,0.667,0.556,0.8,4.32,109.57,synthetic_geological_survey
7521,Mine_07521,Sand,0.272,0.726,0.444,3.74,176.0,synthetic_geological_survey
7522,Mine_07522,Silica Sand,0.373,0.653,0.451,1.16,172.92,synthetic_geological_survey
7523,Mine_07523,Salt,0.815,0.181,0.326,2.11,38.48,synthetic_geological_survey
7524,Mine_07524,Silica Sand,0.453,0.793,0.574,0.86,119.42,synthetic_geological_survey
7525,Mine_07525,Sand,0.243,0.647,0.462,1.22,104.22,synthetic_geological_survey
7526,Mine_07526,Iron Ore,0.599,0.342,0.261,0.93,153.55,synthetic_geological_survey
7527,Mine_07527,Salt,1.065,0.237,0.633,1.3,54.21,synthetic_geological_survey
7528,Mine_07528,Limestone,0.57,0.475,0.472,3.46,66.67,synthetic_geological_survey
7529,Mine_07529,Silica Sand,0.322,0.564,0.457,4.0,84.28,synthetic_geological_survey
7530,Mine_07530,Limestone,0.596,0.496,0.756,2.49,184.35,synthetic_geological_survey
7531,Mine_07531,Granite,0.852,0.32,0.267,1.82,113.4,synthetic_geological_survey
7532,Mine_07532,Iron Ore,0.826,0.472,0.639,2.16,189.69,synthetic_geological_survey
7533,Mine_07533,Granite,0.79,0.296,0.301,2.43,94.51,synthetic_geological_survey
7534,Mine_07534,Granite,0.677,0.254,0.563,3.82,130.62,synthetic_geological_survey
7535,Mine_07535,Marble,0.694,0.324,0.209,0.56,162.32,synthetic_geological_survey
7536,Mine_07536,Sand,0.311,0.83,0.206,2.36,32.05,synthetic_geological_survey
7537,Mine_07537,Iron Ore,0.733,0.419,0.534,2.71,50.32,synthetic_geological_survey
7538,Mine_07538,Sandstone,0.483,0.579,0.412,2.89,157.19,synthetic_geological_survey
7539,Mine_07539,Sand,0.335,0.893,0.369,2.17,97.4,synthetic_geological_survey
7540,Mine_07540,Silica Sand,0.344,0.601,0.685,3.08,109.61,synthetic_geological_survey
7541,Mine_07541,Granite,0.713,0.267,0.681,3.94,28.26,synthetic_geological_survey
7542,Mine_07542,Iron Ore,0.762,0.436,0.56,3.63,55.26,synthetic_geological_survey
7543,Mine_07543,Salt,0.907,0.202,0.257,1.68,151.97,synthetic_geological_survey
7544,Mine_07544,Iron Ore,0.565,0.323,0.716,4.93,181.05,synthetic_geological_survey
7545,Mine_07545,Granite,0.861,0.323,0.316,2.17,172.93,synthetic_geological_survey
7546,Mine_07546,Salt,1.004,0.223,0.698,4.66,129.46,synthetic_geological_survey
7547,Mine_07547,Silica Sand,0.437,0.765,0.447,2.8,197.56,synthetic_geological_survey
7548,Mine_07548,Marble,0.82,0.383,0.612,0.88,52.46,synthetic_geological_survey
7549,Mine_07549,Granite,0.928,0.348,0.548,3.29,135.96,synthetic_geological_survey
7550,Mine_07550,Marble,0.765,0.357,0.358,2.34,73.66,synthetic_geological_survey
7551,Mine_07551,Marble,0.843,0.394,0.224,0.98,42.24,synthetic_geological_survey
7552,Mine_07552,Silica Sand,0.448,0.785,0.703,3.99,109.23,synthetic_geological_survey
7553,Mine_07553,Granite,0.939,0.352,0.242,2.6,155.8,synthetic_geological_survey
7554,Mine_07554,Marble,0.633,0.296,0.543,2.21,169.93,synthetic_geological_survey
7555,Mine_07555,Marble,0.757,0.353,0.723,4.62,90.52,synthetic_geological_survey
7556,Mine_07556,Silica Sand,0.421,0.737,0.2,2.44,198.3,synthetic_geological_survey
7557,Mine_07557,Iron Ore,0.769,0.439,0.797,3.75,109.82,synthetic_geological_survey
7558,Mine_07558,Salt,0.813,0.181,0.715,4.14,83.76,synthetic_geological_survey
7559,Mine_07559,Limestone,0.688,0.573,0.397,2.85,124.47,synthetic_geological_survey
7560,Mine_07560,Sand,0.257,0.685,0.6,3.38,128.01,synthetic_geological_survey
7561,Mine_07561,Marble,0.732,0.342,0.67,1.33,153.9,synthetic_geological_survey
7562,Mine_07562,Iron Ore,0.633,0.362,0.499,4.61,151.77,synthetic_geological_survey
7563,Mine_07563,Salt,0.793,0.176,0.722,0.72,55.77,synthetic_geological_survey
7564,Mine_07564,Limestone,0.511,0.426,0.341,4.92,32.97,synthetic_geological_survey
7565,Mine_07565,Iron Ore,0.588,0.336,0.298,2.85,133.74,synthetic_geological_survey
7566,Mine_07566,Sandstone,0.548,0.658,0.615,1.88,153.87,synthetic_geological_survey
7567,Mine_07567,Sand,0.308,0.822,0.769,4.21,23.59,synthetic_geological_survey
7568,Mine_07568,Sandstone,0.595,0.714,0.578,3.67,174.07,synthetic_geological_survey
7569,Mine_07569,Marble,0.695,0.324,0.778,3.84,165.14,synthetic_geological_survey
7570,Mine_07570,Sandstone,0.456,0.547,0.529,2.71,192.56,synthetic_geological_survey
7571,Mine_07571,Limestone,0.67,0.558,0.626,4.52,64.75,synthetic_geological_survey
7572,Mine_07572,Iron Ore,0.714,0.408,0.568,0.96,65.42,synthetic_geological_survey
7573,Mine_07573,Marble,0.82,0.383,0.794,1.59,61.06,synthetic_geological_survey
7574,Mine_07574,Salt,0.918,0.204,0.396,1.53,77.5,synthetic_geological_survey
7575,Mine_07575,Sand,0.31,0.828,0.497,3.12,177.46,synthetic_geological_survey
7576,Mine_07576,Limestone,0.624,0.52,0.427,3.54,29.69,synthetic_geological_survey
7577,Mine_07577,Sand,0.296,0.79,0.751,3.72,91.58,synthetic_geological_survey
7578,Mine_07578,Marble,0.736,0.344,0.358,3.72,168.45,synthetic_geological_survey
7579,Mine_07579,Sandstone,0.42,0.503,0.49,4.03,22.45,synthetic_geological_survey
7580,Mine_07580,Sand,0.297,0.793,0.779,4.34,151.16,synthetic_geological_survey
7581,Mine_07581,Marble,0.621,0.29,0.515,1.18,38.31,synthetic_geological_survey
7582,Mine_07582,Granite,0.818,0.307,0.467,1.64,91.26,synthetic_geological_survey
7583,Mine_07583,Sand,0.324,0.865,0.419,3.49,169.38,synthetic_geological_survey
7584,Mine_07584,Iron Ore,0.681,0.389,0.312,4.35,137.03,synthetic_geological_survey
7585,Mine_07585,Salt,0.947,0.21,0.397,0.73,122.42,synthetic_geological_survey
7586,Mine_07586,Sand,0.255,0.681,0.23,0.75,53.34,synthetic_geological_survey
7587,Mine_07587,Salt,0.798,0.177,0.502,4.79,134.23,synthetic_geological_survey
7588,Mine_07588,Granite,0.922,0.346,0.418,2.04,154.05,synthetic_geological_survey
7589,Mine_07589,Sandstone,0.452,0.542,0.338,1.24,57.59,synthetic_geological_survey
7590,Mine_07590,Silica Sand,0.362,0.633,0.726,1.4,86.26,synthetic_geological_survey
7591,Mine_07591,Salt,0.989,0.22,0.418,2.82,112.8,synthetic_geological_survey
7592,Mine_07592,Sandstone,0.596,0.715,0.483,5.0,106.96,synthetic_geological_survey
7593,Mine_07593,Iron Ore,0.63,0.36,0.344,4.82,46.94,synthetic_geological_survey
7594,Mine_07594,Sand,0.257,0.685,0.295,3.68,96.2,synthetic_geological_survey
7595,Mine_07595,Granite,0.88,0.33,0.491,2.52,179.81,synthetic_geological_survey
7596,Mine_07596,Sandstone,0.436,0.523,0.297,0.54,125.79,synthetic_geological_survey
7597,Mine_07597,Salt,0.908,0.202,0.694,1.48,135.1,synthetic_geological_survey
7598,Mine_07598,Limestone,0.561,0.467,0.359,2.64,46.4,synthetic_geological_survey
7599,Mine_07599,Sand,0.359,0.956,0.676,3.01,92.07,synthetic_geological_survey
7600,Mine_07600,Limestone,0.584,0.487,0.702,4.2,105.38,synthetic_geological_survey
7601,Mine_07601,Marble,0.756,0.353,0.66,4.86,91.44,synthetic_geological_survey
7602,Mine_07602,Limestone,0.605,0.504,0.255,4.07,141.69,synthetic_geological_survey
7603,Mine_07603,Sandstone,0.426,0.511,0.377,2.16,96.45,synthetic_geological_survey
7604,Mine_07604,Marble,0.627,0.293,0.441,3.45,182.46,synthetic_geological_survey
7605,Mine_07605,Sandstone,0.4,0.481,0.356,1.35,103.63,synthetic_geological_survey
7606,Mine_07606,Sandstone,0.45,0.541,0.773,3.29,101.0,synthetic_geological_survey
7607,Mine_07607,Limestone,0.604,0.503,0.646,4.03,89.18,synthetic_geological_survey
7608,Mine_07608,Silica Sand,0.368,0.644,0.29,4.21,128.45,synthetic_geological_survey
7609,Mine_07609,Salt,0.865,0.192,0.338,4.11,146.34,synthetic_geological_survey
7610,Mine_07610,Sand,0.297,0.792,0.649,1.7,193.85,synthetic_geological_survey
7611,Mine_07611,Silica Sand,0.452,0.792,0.412,2.78,182.6,synthetic_geological_survey
7612,Mine_07612,Sand,0.275,0.732,0.318,1.5,133.65,synthetic_geological_survey
7613,Mine_07613,Marble,0.876,0.409,0.524,2.86,183.74,synthetic_geological_survey
7614,Mine_07614,Iron Ore,0.566,0.324,0.751,1.7,172.99,synthetic_geological_survey
7615,Mine_07615,Salt,0.934,0.208,0.518,3.28,158.01,synthetic_geological_survey
7616,Mine_07616,Silica Sand,0.456,0.798,0.283,4.76,120.76,synthetic_geological_survey
7617,Mine_07617,Sand,0.341,0.908,0.424,1.26,23.48,synthetic_geological_survey
7618,Mine_07618,Sand,0.31,0.827,0.321,4.51,58.51,synthetic_geological_survey
7619,Mine_07619,Silica Sand,0.355,0.621,0.704,1.16,131.38,synthetic_geological_survey
7620,Mine_07620,Silica Sand,0.45,0.788,0.488,2.33,177.68,synthetic_geological_survey
7621,Mine_07621,Limestone,0.561,0.467,0.363,1.01,105.94,synthetic_geological_survey
7622,Mine_07622,Silica Sand,0.333,0.583,0.58,4.05,37.48,synthetic_geological_survey
7623,Mine_07623,Granite,0.837,0.314,0.417,1.92,197.04,synthetic_geological_survey
7624,Mine_07624,Iron Ore,0.7,0.4,0.56,1.5,84.98,synthetic_geological_survey
7625,Mine_07625,Salt,0.927,0.206,0.217,4.08,107.59,synthetic_geological_survey
7626,Mine_07626,Limestone,0.555,0.463,0.381,0.91,65.77,synthetic_geological_survey
7627,Mine_07627,Iron Ore,0.7,0.4,0.214,3.56,131.27,synthetic_geological_survey
7628,Mine_07628,Sand,0.316,0.842,0.597,3.28,115.92,synthetic_geological_survey
7629,Mine_07629,Sandstone,0.416,0.499,0.605,1.59,142.43,synthetic_geological_survey
7630,Mine_07630,Marble,0.63,0.294,0.727,0.79,134.71,synthetic_geological_survey
7631,Mine_07631,Salt,0.863,0.192,0.254,2.28,43.75,synthetic_geological_survey
7632,Mine_07632,Silica Sand,0.35,0.612,0.475,2.91,153.85,synthetic_geological_survey
7633,Mine_07633,Salt,0.853,0.19,0.291,2.65,47.95,synthetic_geological_survey
7634,Mine_07634,Iron Ore,0.784,0.448,0.499,3.73,26.65,synthetic_geological_survey
7635,Mine_07635,Sand,0.314,0.836,0.346,4.3,71.05,synthetic_geological_survey
7636,Mine_07636,Iron Ore,0.692,0.396,0.712,1.85,25.66,synthetic_geological_survey
7637,Mine_07637,Salt,0.952,0.211,0.477,2.11,172.09,synthetic_geological_survey
7638,Mine_07638,Silica Sand,0.382,0.668,0.539,4.3,156.65,synthetic_geological_survey
7639,Mine_07639,Iron Ore,0.56,0.32,0.65,2.33,24.48,synthetic_geological_survey
7640,Mine_07640,Silica Sand,0.376,0.659,0.422,2.54,173.8,synthetic_geological_survey
7641,Mine_07641,Granite,0.693,0.26,0.678,4.27,28.22,synthetic_geological_survey
7642,Mine_07642,Silica Sand,0.363,0.636,0.49,1.56,162.52,synthetic_geological_survey
7643,Mine_07643,Marble,0.773,0.361,0.642,1.74,114.83,synthetic_geological_survey
7644,Mine_07644,Iron Ore,0.584,0.334,0.438,0.76,134.04,synthetic_geological_survey
7645,Mine_07645,Granite,0.955,0.358,0.562,3.76,97.25,synthetic_geological_survey
7646,Mine_07646,Iron Ore,0.719,0.411,0.717,2.56,81.49,synthetic_geological_survey
7647,Mine_07647,Marble,0.676,0.315,0.723,1.14,171.42,synthetic_geological_survey
7648,Mine_07648,Silica Sand,0.351,0.615,0.488,3.14,47.95,synthetic_geological_survey
7649,Mine_07649,Granite,0.753,0.282,0.209,3.03,93.65,synthetic_geological_survey
7650,Mine_07650,Iron Ore,0.631,0.36,0.444,3.2,161.49,synthetic_geological_survey
7651,Mine_07651,Salt,0.866,0.193,0.355,2.26,49.48,synthetic_geological_survey
7652,Mine_07652,Granite,0.75,0.281,0.644,4.92,60.9,synthetic_geological_survey
7653,Mine_07653,Salt,1.038,0.231,0.503,1.16,123.11,synthetic_geological_survey
7654,Mine_07654,Sand,0.267,0.712,0.234,2.23,106.42,synthetic_geological_survey
7655,Mine_07655,Silica Sand,0.437,0.764,0.573,2.4,122.41,synthetic_geological_survey
7656,Mine_07656,Limestone,0.536,0.447,0.368,1.6,95.63,synthetic_geological_survey
7657,Mine_07657,Sandstone,0.487,0.584,0.689,3.23,46.99,synthetic_geological_survey
7658,Mine_07658,Limestone,0.527,0.439,0.311,0.93,74.2,synthetic_geological_survey
7659,Mine_07659,Sand,0.325,0.866,0.725,2.63,129.3,synthetic_geological_survey
7660,Mine_07660,Iron Ore,0.768,0.439,0.307,4.58,101.08,synthetic_geological_survey
7661,Mine_07661,Salt,0.881,0.196,0.643,3.22,80.87,synthetic_geological_survey
7662,Mine_07662,Limestone,0.494,0.411,0.445,4.46,192.73,synthetic_geological_survey
7663,Mine_07663,Sand,0.306,0.815,0.521,3.89,161.19,synthetic_geological_survey
7664,Mine_07664,Sand,0.307,0.82,0.276,1.56,56.89,synthetic_geological_survey
7665,Mine_07665,Limestone,0.618,0.515,0.249,1.45,176.72,synthetic_geological_survey
7666,Mine_07666,Salt,1.025,0.228,0.491,4.46,63.83,synthetic_geological_survey
7667,Mine_07667,Silica Sand,0.348,0.609,0.657,2.28,178.16,synthetic_geological_survey
7668,Mine_07668,Salt,0.958,0.213,0.214,4.61,55.48,synthetic_geological_survey
7669,Mine_07669,Sand,0.274,0.73,0.416,4.91,65.08,synthetic_geological_survey
7670,Mine_07670,Silica Sand,0.324,0.568,0.717,0.97,183.65,synthetic_geological_survey
7671,Mine_07671,Silica Sand,0.446,0.781,0.234,1.12,20.41,synthetic_geological_survey
7672,Mine_07672,Sandstone,0.553,0.664,0.202,4.65,178.27,synthetic_geological_survey
7673,Mine_07673,Iron Ore,0.59,0.337,0.229,4.09,138.52,synthetic_geological_survey
7674,Mine_07674,Silica Sand,0.48,0.84,0.528,4.17,113.01,synthetic_geological_survey
7675,Mine_07675,Limestone,0.559,0.466,0.417,0.81,43.78,synthetic_geological_survey
7676,Mine_07676,Granite,0.901,0.338,0.493,2.86,26.96,synthetic_geological_survey
7677,Mine_07677,Granite,0.896,0.336,0.505,3.17,141.47,synthetic_geological_survey
7678,Mine_07678,Salt,0.949,0.211,0.254,4.39,125.3,synthetic_geological_survey
7679,Mine_07679,Marble,0.668,0.312,0.716,1.9,25.13,synthetic_geological_survey
7680,Mine_07680,Silica Sand,0.436,0.763,0.593,3.2,79.85,synthetic_geological_survey
7681,Mine_07681,Marble,0.823,0.384,0.683,2.69,81.18,synthetic_geological_survey
7682,Mine_07682,Limestone,0.551,0.459,0.689,1.42,146.55,synthetic_geological_survey
7683,Mine_07683,Sand,0.299,0.797,0.772,4.16,153.12,synthetic_geological_survey
7684,Mine_07684,Limestone,0.682,0.569,0.659,2.88,155.53,synthetic_geological_survey
7685,Mine_07685,Sandstone,0.564,0.677,0.237,0.91,29.68,synthetic_geological_survey
7686,Mine_07686,Iron Ore,0.829,0.474,0.754,4.87,197.99,synthetic_geological_survey
7687,Mine_07687,Limestone,0.675,0.562,0.634,0.82,198.66,synthetic_geological_survey
7688,Mine_07688,Limestone,0.536,0.447,0.616,4.02,37.64,synthetic_geological_survey
7689,Mine_07689,Iron Ore,0.819,0.468,0.557,4.71,32.35,synthetic_geological_survey
7690,Mine_07690,Salt,1.009,0.224,0.643,3.5,127.42,synthetic_geological_survey
7691,Mine_07691,Sandstone,0.425,0.51,0.294,1.22,188.26,synthetic_geological_survey
7692,Mine_07692,Sandstone,0.584,0.7,0.343,0.98,174.57,synthetic_geological_survey
7693,Mine_07693,Sand,0.314,0.837,0.668,3.31,163.16,synthetic_geological_survey
7694,Mine_07694,Salt,0.746,0.166,0.264,1.26,96.25,synthetic_geological_survey
7695,Mine_07695,Marble,0.765,0.357,0.743,2.61,101.78,synthetic_geological_survey
7696,Mine_07696,Sand,0.253,0.676,0.496,3.09,58.73,synthetic_geological_survey
7697,Mine_07697,Marble,0.775,0.362,0.324,2.82,59.07,synthetic_geological_survey
7698,Mine_07698,Limestone,0.529,0.441,0.79,0.71,50.6,synthetic_geological_survey
7699,Mine_07699,Iron Ore,0.803,0.459,0.248,1.45,60.45,synthetic_geological_survey
7700,Mine_07700,Salt,0.75,0.167,0.338,2.85,152.25,synthetic_geological_survey
7701,Mine_07701,Silica Sand,0.362,0.633,0.624,3.7,118.5,synthetic_geological_survey
7702,Mine_07702,Silica Sand,0.433,0.758,0.553,3.99,194.94,synthetic_geological_survey
7703,Mine_07703,Sandstone,0.41,0.491,0.674,1.05,63.14,synthetic_geological_survey
7704,Mine_07704,Sandstone,0.413,0.495,0.493,1.2,38.02,synthetic_geological_survey
7705,Mine_07705,Sand,0.34,0.906,0.243,2.62,186.31,synthetic_geological_survey
7706,Mine_07706,Sand,0.354,0.944,0.335,2.66,120.63,synthetic_geological_survey
7707,Mine_07707,Sandstone,0.417,0.501,0.576,3.96,105.02,synthetic_geological_survey
7708,Mine_07708,Sandstone,0.587,0.704,0.381,1.94,190.5,synthetic_geological_survey
7709,Mine_07709,Salt,0.763,0.17,0.28,2.8,70.84,synthetic_geological_survey
7710,Mine_07710,Limestone,0.522,0.435,0.777,1.24,20.36,synthetic_geological_survey
7711,Mine_07711,Sand,0.343,0.914,0.562,2.74,195.13,synthetic_geological_survey
7712,Mine_07712,Silica Sand,0.341,0.597,0.335,3.71,173.08,synthetic_geological_survey
7713,Mine_07713,Sandstone,0.473,0.567,0.697,3.36,180.68,synthetic_geological_survey
7714,Mine_07714,Granite,0.71,0.266,0.318,2.5,108.18,synthetic_geological_survey
7715,Mine_07715,Limestone,0.71,0.592,0.288,1.96,162.68,synthetic_geological_survey
7716,Mine_07716,Silica Sand,0.41,0.718,0.243,4.79,121.45,synthetic_geological_survey
7717,Mine_07717,Sandstone,0.531,0.638,0.432,3.41,66.81,synthetic_geological_survey
7718,Mine_07718,Silica Sand,0.477,0.836,0.227,4.13,88.76,synthetic_geological_survey
7719,Mine_07719,Iron Ore,0.822,0.47,0.268,1.8,48.53,synthetic_geological_survey
7720,Mine_07720,Salt,0.939,0.209,0.442,4.76,55.53,synthetic_geological_survey
7721,Mine_07721,Iron Ore,0.682,0.389,0.435,3.46,134.01,synthetic_geological_survey
7722,Mine_07722,Sand,0.332,0.885,0.706,2.52,125.44,synthetic_geological_survey
7723,Mine_07723,Sandstone,0.4,0.48,0.76,3.0,53.07,synthetic_geological_survey
7724,Mine_07724,Limestone,0.628,0.523,0.404,0.62,132.95,synthetic_geological_survey
7725,Mine_07725,Sandstone,0.56,0.672,0.752,1.75,67.38,synthetic_geological_survey
7726,Mine_07726,Marble,0.892,0.416,0.616,2.76,195.01,synthetic_geological_survey
7727,Mine_07727,Silica Sand,0.459,0.803,0.629,2.88,173.0,synthetic_geological_survey
7728,Mine_07728,Silica Sand,0.434,0.76,0.769,1.39,105.08,synthetic_geological_survey
7729,Mine_07729,Salt,0.773,0.172,0.535,2.45,147.62,synthetic_geological_survey
7730,Mine_07730,Granite,0.762,0.286,0.235,0.92,115.24,synthetic_geological_survey
7731,Mine_07731,Marble,0.845,0.394,0.204,1.72,133.85,synthetic_geological_survey
7732,Mine_07732,Marble,0.702,0.328,0.294,3.72,38.46,synthetic_geological_survey
7733,Mine_07733,Silica Sand,0.351,0.615,0.38,4.85,32.55,synthetic_geological_survey
7734,Mine_07734,Limestone,0.632,0.527,0.22,2.29,148.39,synthetic_geological_survey
7735,Mine_07735,Salt,0.775,0.172,0.492,3.75,104.1,synthetic_geological_survey
7736,Mine_07736,Limestone,0.715,0.596,0.659,3.49,187.13,synthetic_geological_survey
7737,Mine_07737,Iron Ore,0.58,0.331,0.439,1.18,29.99,synthetic_geological_survey
7738,Mine_07738,Silica Sand,0.449,0.786,0.479,3.94,20.97,synthetic_geological_survey
7739,Mine_07739,Silica Sand,0.48,0.84,0.391,1.47,96.6,synthetic_geological_survey
7740,Mine_07740,Sandstone,0.592,0.711,0.614,2.58,151.55,synthetic_geological_survey
7741,Mine_07741,Marble,0.632,0.295,0.594,2.7,42.21,synthetic_geological_survey
7742,Mine_07742,Iron Ore,0.593,0.339,0.528,0.63,114.66,synthetic_geological_survey
7743,Mine_07743,Limestone,0.5,0.417,0.245,2.09,98.83,synthetic_geological_survey
7744,Mine_07744,Sand,0.285,0.759,0.203,4.3,97.54,synthetic_geological_survey
7745,Mine_07745,Marble,0.851,0.397,0.248,1.21,120.05,synthetic_geological_survey
7746,Mine_07746,Silica Sand,0.405,0.71,0.772,2.7,111.31,synthetic_geological_survey
7747,Mine_07747,Sand,0.324,0.864,0.593,2.64,74.87,synthetic_geological_survey
7748,Mine_07748,Marble,0.694,0.324,0.573,1.57,41.97,synthetic_geological_survey
7749,Mine_07749,Limestone,0.574,0.479,0.285,2.84,48.81,synthetic_geological_survey
7750,Mine_07750,Marble,0.73,0.341,0.677,0.95,142.77,synthetic_geological_survey
7751,Mine_07751,Sand,0.349,0.931,0.352,4.62,51.59,synthetic_geological_survey
7752,Mine_07752,Limestone,0.691,0.575,0.582,2.17,119.69,synthetic_geological_survey
7753,Mine_07753,Iron Ore,0.669,0.383,0.505,3.07,161.62,synthetic_geological_survey
7754,Mine_07754,Granite,0.768,0.288,0.705,4.57,24.42,synthetic_geological_survey
7755,Mine_07755,Iron Ore,0.611,0.349,0.761,2.39,72.05,synthetic_geological_survey
7756,Mine_07756,Sandstone,0.6,0.72,0.479,3.23,55.16,synthetic_geological_survey
7757,Mine_07757,Silica Sand,0.442,0.774,0.258,1.12,69.75,synthetic_geological_survey
7758,Mine_07758,Granite,0.759,0.285,0.665,3.1,88.23,synthetic_geological_survey
7759,Mine_07759,Granite,0.945,0.354,0.299,0.51,70.19,synthetic_geological_survey
7760,Mine_07760,Salt,0.749,0.166,0.329,0.54,31.65,synthetic_geological_survey
7761,Mine_07761,Marble,0.744,0.347,0.464,4.75,83.28,synthetic_geological_survey
7762,Mine_07762,Salt,0.729,0.162,0.542,1.01,116.77,synthetic_geological_survey
7763,Mine_07763,Limestone,0.659,0.549,0.631,1.48,170.05,synthetic_geological_survey
7764,Mine_07764,Sandstone,0.533,0.64,0.565,2.12,88.48,synthetic_geological_survey
7765,Mine_07765,Sand,0.307,0.819,0.431,2.49,171.25,synthetic_geological_survey
7766,Mine_07766,Silica Sand,0.454,0.794,0.43,3.42,136.9,synthetic_geological_survey
7767,Mine_07767,Granite,0.695,0.261,0.56,3.09,139.62,synthetic_geological_survey
7768,Mine_07768,Granite,0.708,0.265,0.438,4.98,47.53,synthetic_geological_survey
7769,Mine_07769,Granite,0.761,0.285,0.229,2.92,20.27,synthetic_geological_survey
7770,Mine_07770,Sandstone,0.524,0.629,0.333,1.79,141.57,synthetic_geological_survey
7771,Mine_07771,Marble,0.766,0.357,0.587,4.47,165.17,synthetic_geological_survey
7772,Mine_07772,Silica Sand,0.402,0.704,0.76,1.25,194.84,synthetic_geological_survey
7773,Mine_07773,Sandstone,0.483,0.579,0.645,4.93,30.66,synthetic_geological_survey
7774,Mine_07774,Silica Sand,0.428,0.75,0.333,0.51,146.5,synthetic_geological_survey
7775,Mine_07775,Salt,0.783,0.174,0.435,2.21,24.08,synthetic_geological_survey
7776,Mine_07776,Silica Sand,0.427,0.747,0.751,2.7,174.99,synthetic_geological_survey
7777,Mine_07777,Iron Ore,0.685,0.392,0.723,3.82,55.35,synthetic_geological_survey
7778,Mine_07778,Marble,0.802,0.374,0.396,0.95,119.57,synthetic_geological_survey
7779,Mine_07779,Limestone,0.576,0.48,0.709,0.85,110.19,synthetic_geological_survey
7780,Mine_07780,Granite,0.736,0.276,0.581,3.37,103.53,synthetic_geological_survey
7781,Mine_07781,Marble,0.82,0.383,0.394,1.52,37.96,synthetic_geological_survey
7782,Mine_07782,Sand,0.254,0.678,0.42,4.84,129.67,synthetic_geological_survey
7783,Mine_07783,Sand,0.289,0.771,0.216,1.05,32.21,synthetic_geological_survey
7784,Mine_07784,Sand,0.254,0.677,0.214,4.62,175.6,synthetic_geological_survey
7785,Mine_07785,Sand,0.289,0.771,0.728,1.01,155.38,synthetic_geological_survey
7786,Mine_07786,Iron Ore,0.753,0.43,0.697,4.35,163.37,synthetic_geological_survey
7787,Mine_07787,Granite,0.786,0.295,0.548,1.06,75.48,synthetic_geological_survey
7788,Mine_07788,Marble,0.663,0.309,0.251,3.23,199.42,synthetic_geological_survey
7789,Mine_07789,Granite,0.889,0.333,0.261,0.85,194.19,synthetic_geological_survey
7790,Mine_07790,Sandstone,0.415,0.498,0.347,3.6,139.52,synthetic_geological_survey
7791,Mine_07791,Silica Sand,0.406,0.711,0.569,4.73,185.96,synthetic_geological_survey
7792,Mine_07792,Sandstone,0.479,0.575,0.345,4.62,173.24,synthetic_geological_survey
7793,Mine_07793,Marble,0.636,0.297,0.359,1.86,51.91,synthetic_geological_survey
7794,Mine_07794,Granite,0.919,0.345,0.398,0.69,36.63,synthetic_geological_survey
7795,Mine_07795,Limestone,0.5,0.417,0.378,2.04,114.25,synthetic_geological_survey
7796,Mine_07796,Salt,0.842,0.187,0.751,4.96,117.07,synthetic_geological_survey
7797,Mine_07797,Marble,0.615,0.287,0.216,1.29,171.57,synthetic_geological_survey
7798,Mine_07798,Sandstone,0.518,0.621,0.562,3.91,162.78,synthetic_geological_survey
7799,Mine_07799,Iron Ore,0.795,0.454,0.507,3.79,90.02,synthetic_geological_survey
7800,Mine_07800,Sandstone,0.534,0.64,0.625,2.78,42.96,synthetic_geological_survey
7801,Mine_07801,Salt,0.993,0.221,0.44,0.7,141.62,synthetic_geological_survey
7802,Mine_07802,Sand,0.244,0.651,0.54,1.82,188.55,synthetic_geological_survey
7803,Mine_07803,Granite,0.862,0.323,0.703,4.29,184.12,synthetic_geological_survey
7804,Mine_07804,Marble,0.875,0.408,0.699,3.37,55.0,synthetic_geological_survey
7805,Mine_07805,Limestone,0.518,0.432,0.333,0.85,34.76,synthetic_geological_survey
7806,Mine_07806,Sand,0.348,0.927,0.447,0.89,144.7,synthetic_geological_survey
7807,Mine_07807,Limestone,0.631,0.526,0.202,4.2,155.23,synthetic_geological_survey
7808,Mine_07808,Silica Sand,0.345,0.604,0.452,2.51,192.3,synthetic_geological_survey
7809,Mine_07809,Limestone,0.674,0.562,0.245,1.08,34.2,synthetic_geological_survey
7810,Mine_07810,Granite,0.885,0.332,0.728,0.82,120.93,synthetic_geological_survey
7811,Mine_07811,Sandstone,0.471,0.566,0.394,1.26,86.76,synthetic_geological_survey
7812,Mine_07812,Sand,0.307,0.819,0.535,4.26,59.4,synthetic_geological_survey
7813,Mine_07813,Sandstone,0.472,0.566,0.273,1.15,87.53,synthetic_geological_survey
7814,Mine_07814,Salt,0.802,0.178,0.268,0.95,85.62,synthetic_geological_survey
7815,Mine_07815,Limestone,0.661,0.551,0.596,2.68,123.56,synthetic_geological_survey
7816,Mine_07816,Silica Sand,0.393,0.687,0.456,3.37,96.31,synthetic_geological_survey
7817,Mine_07817,Sand,0.327,0.873,0.727,4.23,58.92,synthetic_geological_survey
7818,Mine_07818,Granite,0.83,0.311,0.227,1.17,110.97,synthetic_geological_survey
7819,Mine_07819,Limestone,0.617,0.514,0.688,2.35,118.77,synthetic_geological_survey
7820,Mine_07820,Marble,0.682,0.318,0.215,3.36,34.48,synthetic_geological_survey
7821,Mine_07821,Granite,0.83,0.311,0.332,1.11,188.93,synthetic_geological_survey
7822,Mine_07822,Salt,0.755,0.168,0.259,2.09,117.53,synthetic_geological_survey
7823,Mine_07823,Sand,0.242,0.645,0.757,0.84,155.99,synthetic_geological_survey
7824,Mine_07824,Sand,0.252,0.672,0.284,3.27,60.55,synthetic_geological_survey
7825,Mine_07825,Granite,0.655,0.246,0.58,1.27,103.11,synthetic_geological_survey
7826,Mine_07826,Sand,0.34,0.906,0.521,2.83,95.26,synthetic_geological_survey
7827,Mine_07827,Iron Ore,0.831,0.475,0.789,4.29,123.56,synthetic_geological_survey
7828,Mine_07828,Sand,0.318,0.847,0.2,4.5,115.11,synthetic_geological_survey
7829,Mine_07829,Iron Ore,0.782,0.447,0.534,3.0,189.96,synthetic_geological_survey
7830,Mine_07830,Limestone,0.559,0.466,0.348,2.04,94.0,synthetic_geological_survey
7831,Mine_07831,Sand,0.257,0.685,0.721,1.15,178.5,synthetic_geological_survey
7832,Mine_07832,Limestone,0.558,0.465,0.22,4.12,24.9,synthetic_geological_survey
7833,Mine_07833,Sandstone,0.582,0.699,0.581,3.92,52.66,synthetic_geological_survey
7834,Mine_07834,Limestone,0.72,0.6,0.341,4.88,73.9,synthetic_geological_survey
7835,Mine_07835,Marble,0.779,0.363,0.561,4.74,45.05,synthetic_geological_survey
7836,Mine_07836,Sand,0.241,0.644,0.485,4.11,49.2,synthetic_geological_survey
7837,Mine_07837,Limestone,0.58,0.484,0.502,0.61,183.78,synthetic_geological_survey
7838,Mine_07838,Iron Ore,0.778,0.445,0.69,4.78,185.24,synthetic_geological_survey
7839,Mine_07839,Granite,0.784,0.294,0.21,3.78,63.13,synthetic_geological_survey
7840,Mine_07840,Salt,0.817,0.182,0.555,1.54,61.63,synthetic_geological_survey
7841,Mine_07841,Sandstone,0.535,0.642,0.419,1.13,92.01,synthetic_geological_survey
7842,Mine_07842,Sand,0.291,0.776,0.474,2.84,123.8,synthetic_geological_survey
7843,Mine_07843,Sandstone,0.55,0.661,0.599,2.62,31.72,synthetic_geological_survey
7844,Mine_07844,Limestone,0.703,0.586,0.329,1.01,153.91,synthetic_geological_survey
7845,Mine_07845,Silica Sand,0.456,0.798,0.698,1.73,42.07,synthetic_geological_survey
7846,Mine_07846,Marble,0.838,0.391,0.313,1.41,124.77,synthetic_geological_survey
7847,Mine_07847,Salt,1.026,0.228,0.62,2.07,113.12,synthetic_geological_survey
7848,Mine_07848,Granite,0.642,0.241,0.61,3.66,59.44,synthetic_geological_survey
7849,Mine_07849,Marble,0.65,0.304,0.477,3.05,34.55,synthetic_geological_survey
7850,Mine_07850,Granite,0.814,0.305,0.31,4.98,68.43,synthetic_geological_survey
7851,Mine_07851,Sand,0.267,0.712,0.547,3.87,168.67,synthetic_geological_survey
7852,Mine_07852,Silica Sand,0.386,0.675,0.319,2.62,167.78,synthetic_geological_survey
7853,Mine_07853,Marble,0.872,0.407,0.503,4.3,75.29,synthetic_geological_survey
7854,Mine_07854,Silica Sand,0.332,0.581,0.244,1.87,110.73,synthetic_geological_survey
7855,Mine_07855,Silica Sand,0.463,0.81,0.39,3.83,51.53,synthetic_geological_survey
7856,Mine_07856,Granite,0.95,0.356,0.589,1.29,99.44,synthetic_geological_survey
7857,Mine_07857,Sand,0.344,0.917,0.368,1.99,183.58,synthetic_geological_survey
7858,Mine_07858,Sand,0.251,0.67,0.751,2.83,140.23,synthetic_geological_survey
7859,Mine_07859,Salt,1.009,0.224,0.352,4.01,80.05,synthetic_geological_survey
7860,Mine_07860,Silica Sand,0.35,0.612,0.784,3.47,183.26,synthetic_geological_survey
7861,Mine_07861,Sandstone,0.484,0.581,0.651,0.96,177.12,synthetic_geological_survey
7862,Mine_07862,Silica Sand,0.434,0.76,0.602,2.56,197.97,synthetic_geological_survey
7863,Mine_07863,Limestone,0.575,0.479,0.675,4.15,118.33,synthetic_geological_survey
7864,Mine_07864,Sand,0.291,0.776,0.249,4.05,34.64,synthetic_geological_survey
7865,Mine_07865,Iron Ore,0.779,0.445,0.482,1.19,68.04,synthetic_geological_survey
7866,Mine_07866,Granite,0.94,0.352,0.348,2.07,187.41,synthetic_geological_survey
7867,Mine_07867,Sandstone,0.469,0.562,0.459,0.83,196.88,synthetic_geological_survey
7868,Mine_07868,Salt,1.076,0.239,0.753,0.97,109.6,synthetic_geological_survey
7869,Mine_07869,Limestone,0.552,0.46,0.622,4.85,45.96,synthetic_geological_survey
7870,Mine_07870,Sand,0.321,0.857,0.294,1.21,32.11,synthetic_geological_survey
7871,Mine_07871,Silica Sand,0.451,0.789,0.652,0.63,64.23,synthetic_geological_survey
7872,Mine_07872,Granite,0.685,0.257,0.315,0.93,80.03,synthetic_geological_survey
7873,Mine_07873,Sandstone,0.442,0.531,0.314,1.69,22.96,synthetic_geological_survey
7874,Mine_07874,Granite,0.841,0.315,0.436,4.48,20.94,synthetic_geological_survey
7875,Mine_07875,Marble,0.64,0.298,0.331,4.07,61.89,synthetic_geological_survey
7876,Mine_07876,Sand,0.258,0.689,0.291,1.45,40.66,synthetic_geological_survey
7877,Mine_07877,Sand,0.307,0.817,0.492,1.22,167.06,synthetic_geological_survey
7878,Mine_07878,Sandstone,0.563,0.675,0.376,4.02,184.36,synthetic_geological_survey
7879,Mine_07879,Marble,0.756,0.353,0.6,3.18,165.05,synthetic_geological_survey
7880,Mine_07880,Granite,0.865,0.324,0.573,3.08,123.4,synthetic_geological_survey
7881,Mine_07881,Limestone,0.666,0.555,0.436,4.17,24.61,synthetic_geological_survey
7882,Mine_07882,Sandstone,0.463,0.556,0.665,1.1,79.3,synthetic_geological_survey
7883,Mine_07883,Salt,1.074,0.239,0.398,1.53,46.63,synthetic_geological_survey
7884,Mine_07884,Granite,0.645,0.242,0.258,2.25,94.8,synthetic_geological_survey
7885,Mine_07885,Sandstone,0.516,0.619,0.439,2.58,111.51,synthetic_geological_survey
7886,Mine_07886,Iron Ore,0.742,0.424,0.665,4.7,190.68,synthetic_geological_survey
7887,Mine_07887,Iron Ore,0.575,0.328,0.265,0.99,177.16,synthetic_geological_survey
7888,Mine_07888,Limestone,0.523,0.436,0.718,4.54,42.26,synthetic_geological_survey
7889,Mine_07889,Salt,0.817,0.182,0.656,4.56,122.46,synthetic_geological_survey
7890,Mine_07890,Iron Ore,0.573,0.328,0.623,3.58,98.77,synthetic_geological_survey
7891,Mine_07891,Marble,0.848,0.396,0.483,3.0,131.62,synthetic_geological_survey
7892,Mine_07892,Sand,0.255,0.681,0.284,0.95,132.72,synthetic_geological_survey
7893,Mine_07893,Marble,0.766,0.357,0.291,2.84,78.59,synthetic_geological_survey
7894,Mine_07894,Salt,0.986,0.219,0.721,0.85,62.84,synthetic_geological_survey
7895,Mine_07895,Sandstone,0.567,0.681,0.678,4.97,133.71,synthetic_geological_survey
7896,Mine_07896,Iron Ore,0.645,0.369,0.533,2.81,193.72,synthetic_geological_survey
7897,Mine_07897,Sand,0.262,0.698,0.65,1.35,110.91,synthetic_geological_survey
7898,Mine_07898,Sandstone,0.516,0.619,0.713,1.91,83.92,synthetic_geological_survey
7899,Mine_07899,Salt,0.85,0.189,0.511,0.52,92.66,synthetic_geological_survey
7900,Mine_07900,Sand,0.329,0.877,0.596,1.57,198.54,synthetic_geological_survey
7901,Mine_07901,Marble,0.807,0.377,0.649,2.69,24.5,synthetic_geological_survey
7902,Mine_07902,Sand,0.326,0.87,0.376,1.18,186.01,synthetic_geological_survey
7903,Mine_07903,Sand,0.351,0.935,0.661,4.63,21.18,synthetic_geological_survey
7904,Mine_07904,Marble,0.846,0.395,0.549,2.31,71.24,synthetic_geological_survey
7905,Mine_07905,Marble,0.873,0.407,0.654,2.34,103.48,synthetic_geological_survey
7906,Mine_07906,Salt,0.947,0.21,0.623,2.62,129.6,synthetic_geological_survey
7907,Mine_07907,Salt,0.744,0.165,0.537,1.58,40.67,synthetic_geological_survey
7908,Mine_07908,Granite,0.838,0.314,0.242,3.77,33.29,synthetic_geological_survey
7909,Mine_07909,Sandstone,0.401,0.482,0.77,0.51,101.94,synthetic_geological_survey
7910,Mine_07910,Marble,0.661,0.308,0.636,2.64,171.43,synthetic_geological_survey
7911,Mine_07911,Granite,0.743,0.279,0.305,4.97,173.2,synthetic_geological_survey
7912,Mine_07912,Marble,0.747,0.349,0.32,3.98,148.74,synthetic_geological_survey
7913,Mine_07913,Salt,0.871,0.194,0.572,4.39,28.98,synthetic_geological_survey
7914,Mine_07914,Salt,0.981,0.218,0.307,4.08,57.58,synthetic_geological_survey
7915,Mine_07915,Silica Sand,0.427,0.747,0.484,4.95,81.3,synthetic_geological_survey
7916,Mine_07916,Iron Ore,0.788,0.45,0.468,2.52,91.83,synthetic_geological_survey
7917,Mine_07917,Sandstone,0.596,0.715,0.509,0.62,55.83,synthetic_geological_survey
7918,Mine_07918,Sandstone,0.592,0.71,0.792,3.56,177.49,synthetic_geological_survey
7919,Mine_07919,Sand,0.254,0.678,0.732,4.09,169.81,synthetic_geological_survey
7920,Mine_07920,Silica Sand,0.457,0.8,0.229,4.87,53.95,synthetic_geological_survey
7921,Mine_07921,Granite,0.854,0.32,0.365,1.01,152.13,synthetic_geological_survey
7922,Mine_07922,Marble,0.759,0.354,0.542,1.76,65.06,synthetic_geological_survey
7923,Mine_07923,Granite,0.948,0.356,0.652,4.77,138.18,synthetic_geological_survey
7924,Mine_07924,Salt,1.059,0.235,0.393,4.01,77.06,synthetic_geological_survey
7925,Mine_07925,Salt,0.954,0.212,0.396,1.99,31.67,synthetic_geological_survey
7926,Mine_07926,Granite,0.749,0.281,0.783,1.27,86.73,synthetic_geological_survey
7927,Mine_07927,Silica Sand,0.374,0.654,0.313,0.7,187.59,synthetic_geological_survey
7928,Mine_07928,Sand,0.349,0.931,0.286,0.95,189.42,synthetic_geological_survey
7929,Mine_07929,Salt,0.991,0.22,0.241,2.5,150.62,synthetic_geological_survey
7930,Mine_07930,Sandstone,0.597,0.717,0.534,2.43,52.77,synthetic_geological_survey
7931,Mine_07931,Sand,0.271,0.722,0.27,3.69,99.46,synthetic_geological_survey
7932,Mine_07932,Silica Sand,0.475,0.831,0.686,4.23,22.2,synthetic_geological_survey
7933,Mine_07933,Limestone,0.704,0.587,0.6,0.71,160.36,synthetic_geological_survey
7934,Mine_07934,Limestone,0.483,0.402,0.358,3.14,164.0,synthetic_geological_survey
7935,Mine_07935,Iron Ore,0.687,0.393,0.244,1.54,152.27,synthetic_geological_survey
7936,Mine_07936,Sand,0.323,0.862,0.537,2.65,147.57,synthetic_geological_survey
7937,Mine_07937,Salt,0.89,0.198,0.529,2.97,111.92,synthetic_geological_survey
7938,Mine_07938,Sand,0.331,0.883,0.347,4.27,85.36,synthetic_geological_survey
7939,Mine_07939,Marble,0.832,0.388,0.49,2.62,129.33,synthetic_geological_survey
7940,Mine_07940,Sand,0.248,0.661,0.559,1.87,155.49,synthetic_geological_survey
7941,Mine_07941,Iron Ore,0.624,0.357,0.284,3.07,87.44,synthetic_geological_survey
7942,Mine_07942,Limestone,0.557,0.464,0.781,3.59,154.63,synthetic_geological_survey
7943,Mine_07943,Marble,0.762,0.356,0.523,1.47,149.99,synthetic_geological_survey
7944,Mine_07944,Silica Sand,0.342,0.599,0.417,1.19,78.41,synthetic_geological_survey
7945,Mine_07945,Sandstone,0.523,0.628,0.748,1.29,110.2,synthetic_geological_survey
7946,Mine_07946,Salt,0.88,0.196,0.699,2.92,87.9,synthetic_geological_survey
7947,Mine_07947,Marble,0.76,0.355,0.772,3.43,135.56,synthetic_geological_survey
7948,Mine_07948,Silica Sand,0.378,0.661,0.434,4.54,187.22,synthetic_geological_survey
7949,Mine_07949,Silica Sand,0.323,0.565,0.372,3.99,96.56,synthetic_geological_survey
7950,Mine_07950,Salt,0.756,0.168,0.278,3.04,74.69,synthetic_geological_survey
7951,Mine_07951,Salt,0.845,0.188,0.349,1.15,111.86,synthetic_geological_survey
7952,Mine_07952,Granite,0.836,0.314,0.385,2.75,145.67,synthetic_geological_survey
7953,Mine_07953,Iron Ore,0.746,0.426,0.503,2.28,91.66,synthetic_geological_survey
7954,Mine_07954,Iron Ore,0.589,0.336,0.672,2.62,121.15,synthetic_geological_survey
7955,Mine_07955,Limestone,0.647,0.539,0.423,4.73,89.98,synthetic_geological_survey
7956,Mine_07956,Limestone,0.693,0.578,0.376,4.11,34.58,synthetic_geological_survey
7957,Mine_07957,Granite,0.846,0.317,0.382,4.55,85.74,synthetic_geological_survey
7958,Mine_07958,Sandstone,0.543,0.651,0.448,1.58,125.24,synthetic_geological_survey
7959,Mine_07959,Limestone,0.685,0.571,0.272,3.69,25.15,synthetic_geological_survey
7960,Mine_07960,Salt,0.883,0.196,0.346,1.1,160.41,synthetic_geological_survey
7961,Mine_07961,Silica Sand,0.388,0.679,0.3,0.81,113.65,synthetic_geological_survey
7962,Mine_07962,Sandstone,0.484,0.581,0.292,1.42,164.45,synthetic_geological_survey
7963,Mine_07963,Limestone,0.568,0.473,0.75,4.74,121.23,synthetic_geological_survey
7964,Mine_07964,Iron Ore,0.59,0.337,0.482,3.08,55.52,synthetic_geological_survey
7965,Mine_07965,Limestone,0.561,0.468,0.717,1.03,122.86,synthetic_geological_survey
7966,Mine_07966,Sand,0.287,0.766,0.518,3.04,197.15,synthetic_geological_survey
7967,Mine_07967,Sandstone,0.446,0.536,0.367,4.86,50.51,synthetic_geological_survey
7968,Mine_07968,Sandstone,0.51,0.612,0.632,4.75,73.87,synthetic_geological_survey
7969,Mine_07969,Limestone,0.563,0.47,0.651,4.54,166.49,synthetic_geological_survey
7970,Mine_07970,Granite,0.766,0.287,0.414,1.28,194.74,synthetic_geological_survey
7971,Mine_07971,Salt,0.786,0.175,0.498,0.73,50.98,synthetic_geological_survey
7972,Mine_07972,Salt,0.779,0.173,0.489,1.55,114.02,synthetic_geological_survey
7973,Mine_07973,Sand,0.328,0.875,0.733,0.55,57.67,synthetic_geological_survey
7974,Mine_07974,Sand,0.339,0.903,0.571,1.36,51.86,synthetic_geological_survey
7975,Mine_07975,Sandstone,0.545,0.654,0.599,2.95,101.34,synthetic_geological_survey
7976,Mine_07976,Sandstone,0.584,0.701,0.566,2.08,45.06,synthetic_geological_survey
7977,Mine_07977,Salt,0.944,0.21,0.274,1.43,112.13,synthetic_geological_survey
7978,Mine_07978,Silica Sand,0.455,0.796,0.394,1.13,122.21,synthetic_geological_survey
7979,Mine_07979,Sand,0.277,0.739,0.589,3.01,99.46,synthetic_geological_survey
7980,Mine_07980,Salt,1.079,0.24,0.498,2.66,115.95,synthetic_geological_survey
7981,Mine_07981,Granite,0.652,0.245,0.381,2.7,43.51,synthetic_geological_survey
7982,Mine_07982,Sand,0.311,0.829,0.485,1.91,41.72,synthetic_geological_survey
7983,Mine_07983,Granite,0.775,0.29,0.462,3.42,188.44,synthetic_geological_survey
7984,Mine_07984,Silica Sand,0.382,0.668,0.463,1.72,113.42,synthetic_geological_survey
7985,Mine_07985,Sand,0.349,0.931,0.761,0.91,194.13,synthetic_geological_survey
7986,Mine_07986,Granite,0.777,0.291,0.662,3.02,91.9,synthetic_geological_survey
7987,Mine_07987,Salt,1.042,0.232,0.672,4.79,101.09,synthetic_geological_survey
7988,Mine_07988,Marble,0.79,0.369,0.415,4.51,73.04,synthetic_geological_survey
7989,Mine_07989,Salt,1.016,0.226,0.353,0.57,82.8,synthetic_geological_survey
7990,Mine_07990,Limestone,0.519,0.432,0.422,0.64,151.18,synthetic_geological_survey
7991,Mine_07991,Marble,0.8,0.373,0.325,3.92,64.67,synthetic_geological_survey
7992,Mine_07992,Iron Ore,0.644,0.368,0.659,3.74,53.53,synthetic_geological_survey
7993,Mine_07993,Marble,0.803,0.375,0.26,3.98,54.53,synthetic_geological_survey
7994,Mine_07994,Sand,0.317,0.845,0.399,1.65,169.95,synthetic_geological_survey
7995,Mine_07995,Marble,0.733,0.342,0.761,4.14,146.6,synthetic_geological_survey
7996,Mine_07996,Iron Ore,0.741,0.423,0.387,2.13,172.67,synthetic_geological_survey
7997,Mine_07997,Marble,0.885,0.413,0.711,2.85,116.14,synthetic_geological_survey
7998,Mine_07998,Salt,0.896,0.199,0.346,2.47,152.97,synthetic_geological_survey
7999,Mine_07999,Iron Ore,0.747,0.427,0.339,3.67,144.01,synthetic_geological_survey
8000,Mine_08000,Sand,0.317,0.845,0.425,3.69,60.37,synthetic_geological_survey
8001,Mine_08001,Iron Ore,0.681,0.389,0.761,1.11,114.85,synthetic_geological_survey
8002,Mine_08002,Granite,0.666,0.25,0.63,0.61,167.69,synthetic_geological_survey
8003,Mine_08003,Salt,1.041,0.231,0.344,1.96,60.96,synthetic_geological_survey
8004,Mine_08004,Iron Ore,0.591,0.338,0.784,3.96,96.59,synthetic_geological_survey
8005,Mine_08005,Limestone,0.54,0.45,0.31,1.62,150.0,synthetic_geological_survey
8006,Mine_08006,Salt,0.736,0.163,0.472,4.86,21.53,synthetic_geological_survey
8007,Mine_08007,Sand,0.333,0.889,0.299,4.52,69.27,synthetic_geological_survey
8008,Mine_08008,Granite,0.871,0.327,0.33,3.37,67.26,synthetic_geological_survey
8009,Mine_08009,Granite,0.64,0.24,0.229,4.19,25.45,synthetic_geological_survey
8010,Mine_08010,Salt,0.945,0.21,0.276,4.38,85.66,synthetic_geological_survey
8011,Mine_08011,Limestone,0.684,0.57,0.605,2.03,187.25,synthetic_geological_survey
8012,Mine_08012,Limestone,0.537,0.447,0.477,3.97,57.64,synthetic_geological_survey
8013,Mine_08013,Iron Ore,0.673,0.385,0.469,4.48,96.67,synthetic_geological_survey
8014,Mine_08014,Iron Ore,0.68,0.388,0.423,0.63,33.4,synthetic_geological_survey
8015,Mine_08015,Sand,0.273,0.729,0.207,1.14,143.06,synthetic_geological_survey
8016,Mine_08016,Sandstone,0.492,0.591,0.446,2.65,64.39,synthetic_geological_survey
8017,Mine_08017,Sand,0.268,0.714,0.516,1.91,153.39,synthetic_geological_survey
8018,Mine_08018,Sand,0.246,0.655,0.346,2.31,95.0,synthetic_geological_survey
8019,Mine_08019,Silica Sand,0.364,0.638,0.408,1.72,80.12,synthetic_geological_survey
8020,Mine_08020,Granite,0.696,0.261,0.74,4.3,153.67,synthetic_geological_survey
8021,Mine_08021,Silica Sand,0.387,0.677,0.742,2.92,47.6,synthetic_geological_survey
8022,Mine_08022,Limestone,0.703,0.586,0.259,4.71,183.36,synthetic_geological_survey
8023,Mine_08023,Salt,0.971,0.216,0.25,2.5,136.83,synthetic_geological_survey
8024,Mine_08024,Granite,0.674,0.253,0.455,2.12,170.18,synthetic_geological_survey
8025,Mine_08025,Marble,0.898,0.419,0.344,3.72,105.38,synthetic_geological_survey
8026,Mine_08026,Silica Sand,0.425,0.743,0.751,0.77,52.29,synthetic_geological_survey
8027,Mine_08027,Marble,0.864,0.403,0.623,2.31,161.75,synthetic_geological_survey
8028,Mine_08028,Limestone,0.599,0.499,0.342,3.06,32.36,synthetic_geological_survey
8029,Mine_08029,Granite,0.843,0.316,0.696,4.97,58.2,synthetic_geological_survey
8030,Mine_08030,Salt,0.783,0.174,0.654,4.81,106.94,synthetic_geological_survey
8031,Mine_08031,Sandstone,0.577,0.693,0.539,1.42,129.3,synthetic_geological_survey
8032,Mine_08032,Silica Sand,0.353,0.618,0.746,3.0,30.71,synthetic_geological_survey
8033,Mine_08033,Silica Sand,0.41,0.718,0.664,1.78,136.62,synthetic_geological_survey
8034,Mine_08034,Silica Sand,0.398,0.696,0.684,2.96,174.37,synthetic_geological_survey
8035,Mine_08035,Sand,0.32,0.853,0.758,3.42,110.42,synthetic_geological_survey
8036,Mine_08036,Silica Sand,0.367,0.642,0.554,2.48,34.95,synthetic_geological_survey
8037,Mine_08037,Sandstone,0.495,0.594,0.608,3.41,130.1,synthetic_geological_survey
8038,Mine_08038,Sandstone,0.534,0.641,0.473,3.79,67.7,synthetic_geological_survey
8039,Mine_08039,Silica Sand,0.439,0.769,0.572,2.25,186.77,synthetic_geological_survey
8040,Mine_08040,Salt,0.84,0.187,0.356,3.58,53.1,synthetic_geological_survey
8041,Mine_08041,Iron Ore,0.796,0.455,0.746,4.76,133.5,synthetic_geological_survey
8042,Mine_08042,Silica Sand,0.423,0.741,0.37,0.59,55.68,synthetic_geological_survey
8043,Mine_08043,Granite,0.95,0.356,0.472,2.82,82.64,synthetic_geological_survey
8044,Mine_08044,Limestone,0.499,0.415,0.264,3.47,121.2,synthetic_geological_survey
8045,Mine_08045,Granite,0.763,0.286,0.744,3.55,82.94,synthetic_geological_survey
8046,Mine_08046,Marble,0.816,0.381,0.678,3.84,75.14,synthetic_geological_survey
8047,Mine_08047,Iron Ore,0.781,0.446,0.392,4.61,194.49,synthetic_geological_survey
8048,Mine_08048,Sand,0.345,0.92,0.526,4.0,131.38,synthetic_geological_survey
8049,Mine_08049,Iron Ore,0.578,0.331,0.291,4.07,35.34,synthetic_geological_survey
8050,Mine_08050,Sand,0.327,0.871,0.21,3.02,152.36,synthetic_geological_survey
8051,Mine_08051,Silica Sand,0.392,0.685,0.569,3.89,97.95,synthetic_geological_survey
8052,Mine_08052,Marble,0.614,0.287,0.332,3.64,193.81,synthetic_geological_survey
8053,Mine_08053,Sand,0.317,0.846,0.637,3.11,122.14,synthetic_geological_survey
8054,Mine_08054,Limestone,0.686,0.572,0.556,2.56,179.18,synthetic_geological_survey
8055,Mine_08055,Sandstone,0.522,0.627,0.797,3.65,101.36,synthetic_geological_survey
8056,Mine_08056,Limestone,0.597,0.498,0.636,2.19,115.85,synthetic_geological_survey
8057,Mine_08057,Salt,1.003,0.223,0.651,3.4,112.32,synthetic_geological_survey
8058,Mine_08058,Iron Ore,0.752,0.429,0.527,2.48,74.13,synthetic_geological_survey
8059,Mine_08059,Granite,0.767,0.288,0.615,3.2,175.42,synthetic_geological_survey
8060,Mine_08060,Granite,0.695,0.261,0.525,2.18,37.54,synthetic_geological_survey
8061,Mine_08061,Granite,0.748,0.28,0.41,2.41,169.48,synthetic_geological_survey
8062,Mine_08062,Sand,0.352,0.938,0.452,2.19,171.55,synthetic_geological_survey
8063,Mine_08063,Silica Sand,0.459,0.803,0.784,3.81,92.84,synthetic_geological_survey
8064,Mine_08064,Marble,0.658,0.307,0.323,2.57,181.41,synthetic_geological_survey
8065,Mine_08065,Iron Ore,0.769,0.44,0.423,2.53,81.94,synthetic_geological_survey
8066,Mine_08066,Sand,0.262,0.699,0.301,3.33,129.03,synthetic_geological_survey
8067,Mine_08067,Limestone,0.584,0.487,0.277,1.46,65.17,synthetic_geological_survey
8068,Mine_08068,Sand,0.277,0.738,0.37,1.17,47.86,synthetic_geological_survey
8069,Mine_08069,Silica Sand,0.402,0.703,0.251,1.74,89.0,synthetic_geological_survey
8070,Mine_08070,Iron Ore,0.586,0.335,0.42,4.14,167.3,synthetic_geological_survey
8071,Mine_08071,Marble,0.887,0.414,0.678,3.1,65.45,synthetic_geological_survey
8072,Mine_08072,Iron Ore,0.648,0.37,0.487,4.91,163.56,synthetic_geological_survey
8073,Mine_08073,Limestone,0.562,0.468,0.721,4.08,188.2,synthetic_geological_survey
8074,Mine_08074,Salt,0.847,0.188,0.691,1.8,155.44,synthetic_geological_survey
8075,Mine_08075,Sandstone,0.552,0.662,0.44,4.49,165.73,synthetic_geological_survey
8076,Mine_08076,Marble,0.828,0.386,0.708,3.62,56.37,synthetic_geological_survey
8077,Mine_08077,Limestone,0.481,0.401,0.425,4.85,28.27,synthetic_geological_survey
8078,Mine_08078,Salt,0.821,0.182,0.311,3.65,145.98,synthetic_geological_survey
8079,Mine_08079,Granite,0.653,0.245,0.339,2.85,138.64,synthetic_geological_survey
8080,Mine_08080,Sandstone,0.555,0.666,0.335,1.43,144.92,synthetic_geological_survey
8081,Mine_08081,Limestone,0.609,0.507,0.212,4.22,136.51,synthetic_geological_survey
8082,Mine_08082,Silica Sand,0.472,0.826,0.63,3.34,63.25,synthetic_geological_survey
8083,Mine_08083,Sand,0.336,0.896,0.611,1.88,97.59,synthetic_geological_survey
8084,Mine_08084,Silica Sand,0.448,0.783,0.775,1.56,184.24,synthetic_geological_survey
8085,Mine_08085,Granite,0.646,0.242,0.766,0.59,113.49,synthetic_geological_survey
8086,Mine_08086,Granite,0.8,0.3,0.325,0.62,86.36,synthetic_geological_survey
8087,Mine_08087,Salt,0.731,0.162,0.452,1.01,152.2,synthetic_geological_survey
8088,Mine_08088,Sand,0.267,0.712,0.769,3.05,39.35,synthetic_geological_survey
8089,Mine_08089,Sand,0.354,0.945,0.368,3.39,128.07,synthetic_geological_survey
8090,Mine_08090,Sand,0.356,0.949,0.363,4.28,129.28,synthetic_geological_survey
8091,Mine_08091,Granite,0.858,0.322,0.477,4.49,70.25,synthetic_geological_survey
8092,Mine_08092,Sand,0.28,0.746,0.723,1.91,191.91,synthetic_geological_survey
8093,Mine_08093,Marble,0.889,0.415,0.454,2.76,78.47,synthetic_geological_survey
8094,Mine_08094,Silica Sand,0.363,0.635,0.201,3.15,182.9,synthetic_geological_survey
8095,Mine_08095,Sand,0.319,0.851,0.497,4.19,78.34,synthetic_geological_survey
8096,Mine_08096,Marble,0.887,0.414,0.761,3.25,43.32,synthetic_geological_survey
8097,Mine_08097,Marble,0.637,0.297,0.399,0.56,106.6,synthetic_geological_survey
8098,Mine_08098,Limestone,0.53,0.441,0.549,4.51,47.19,synthetic_geological_survey
8099,Mine_08099,Salt,0.972,0.216,0.237,2.43,199.16,synthetic_geological_survey
8100,Mine_08100,Iron Ore,0.735,0.42,0.266,1.04,115.07,synthetic_geological_survey
8101,Mine_08101,Silica Sand,0.382,0.668,0.221,4.56,49.43,synthetic_geological_survey
8102,Mine_08102,Silica Sand,0.331,0.578,0.649,3.38,152.01,synthetic_geological_survey
8103,Mine_08103,Granite,0.669,0.251,0.759,1.38,83.42,synthetic_geological_survey
8104,Mine_08104,Sand,0.316,0.843,0.412,3.14,132.29,synthetic_geological_survey
8105,Mine_08105,Limestone,0.572,0.476,0.375,0.94,71.73,synthetic_geological_survey
8106,Mine_08106,Salt,0.92,0.204,0.797,4.38,135.78,synthetic_geological_survey
8107,Mine_08107,Iron Ore,0.582,0.333,0.519,3.41,55.66,synthetic_geological_survey
8108,Mine_08108,Salt,0.774,0.172,0.293,4.98,135.52,synthetic_geological_survey
8109,Mine_08109,Sandstone,0.427,0.512,0.401,0.82,135.14,synthetic_geological_survey
8110,Mine_08110,Sand,0.274,0.729,0.2,1.69,143.37,synthetic_geological_survey
8111,Mine_08111,Sand,0.291,0.775,0.456,3.47,172.01,synthetic_geological_survey
8112,Mine_08112,Sand,0.336,0.896,0.236,2.58,143.98,synthetic_geological_survey
8113,Mine_08113,Sandstone,0.546,0.655,0.605,4.5,190.4,synthetic_geological_survey
8114,Mine_08114,Sand,0.335,0.893,0.584,4.6,142.5,synthetic_geological_survey
8115,Mine_08115,Sand,0.265,0.707,0.292,4.03,85.82,synthetic_geological_survey
8116,Mine_08116,Granite,0.906,0.34,0.788,1.03,92.59,synthetic_geological_survey
8117,Mine_08117,Salt,1.067,0.237,0.431,1.94,50.34,synthetic_geological_survey
8118,Mine_08118,Silica Sand,0.323,0.566,0.335,4.68,134.0,synthetic_geological_survey
8119,Mine_08119,Silica Sand,0.461,0.807,0.261,2.64,150.46,synthetic_geological_survey
8120,Mine_08120,Salt,0.909,0.202,0.765,1.63,41.17,synthetic_geological_survey
8121,Mine_08121,Sandstone,0.429,0.514,0.267,1.46,48.7,synthetic_geological_survey
8122,Mine_08122,Iron Ore,0.796,0.455,0.208,2.68,133.71,synthetic_geological_survey
8123,Mine_08123,Sand,0.354,0.944,0.31,2.88,92.37,synthetic_geological_survey
8124,Mine_08124,Iron Ore,0.596,0.34,0.748,1.27,153.84,synthetic_geological_survey
8125,Mine_08125,Sandstone,0.532,0.638,0.496,0.65,21.52,synthetic_geological_survey
8126,Mine_08126,Silica Sand,0.422,0.738,0.444,0.55,85.89,synthetic_geological_survey
8127,Mine_08127,Limestone,0.706,0.588,0.752,4.75,175.19,synthetic_geological_survey
8128,Mine_08128,Sandstone,0.455,0.546,0.782,3.94,194.39,synthetic_geological_survey
8129,Mine_08129,Limestone,0.693,0.577,0.682,0.93,53.55,synthetic_geological_survey
8130,Mine_08130,Sandstone,0.568,0.681,0.774,3.49,52.35,synthetic_geological_survey
8131,Mine_08131,Salt,0.97,0.215,0.491,0.85,119.1,synthetic_geological_survey
8132,Mine_08132,Silica Sand,0.381,0.667,0.542,3.92,128.45,synthetic_geological_survey
8133,Mine_08133,Sandstone,0.546,0.655,0.375,3.69,147.71,synthetic_geological_survey
8134,Mine_08134,Granite,0.886,0.332,0.54,1.5,95.62,synthetic_geological_survey
8135,Mine_08135,Salt,0.885,0.197,0.35,2.24,62.65,synthetic_geological_survey
8136,Mine_08136,Iron Ore,0.586,0.335,0.212,4.53,86.7,synthetic_geological_survey
8137,Mine_08137,Sandstone,0.585,0.702,0.566,1.37,48.66,synthetic_geological_survey
8138,Mine_08138,Sandstone,0.556,0.668,0.291,1.04,161.71,synthetic_geological_survey
8139,Mine_08139,Sand,0.307,0.82,0.551,3.62,88.53,synthetic_geological_survey
8140,Mine_08140,Salt,0.768,0.171,0.388,1.38,162.76,synthetic_geological_survey
8141,Mine_08141,Granite,0.67,0.251,0.774,4.45,192.46,synthetic_geological_survey
8142,Mine_08142,Sand,0.274,0.731,0.5,4.02,28.86,synthetic_geological_survey
8143,Mine_08143,Limestone,0.673,0.561,0.534,4.55,133.86,synthetic_geological_survey
8144,Mine_08144,Sand,0.245,0.653,0.4,3.58,189.15,synthetic_geological_survey
8145,Mine_08145,Silica Sand,0.43,0.752,0.511,4.68,117.23,synthetic_geological_survey
8146,Mine_08146,Iron Ore,0.768,0.439,0.399,4.03,120.74,synthetic_geological_survey
8147,Mine_08147,Limestone,0.537,0.447,0.525,4.77,65.49,synthetic_geological_survey
8148,Mine_08148,Limestone,0.518,0.432,0.633,2.82,43.92,synthetic_geological_survey
8149,Mine_08149,Sand,0.35,0.934,0.533,2.71,53.36,synthetic_geological_survey
8150,Mine_08150,Sand,0.314,0.838,0.621,0.96,173.56,synthetic_geological_survey
8151,Mine_08151,Salt,0.808,0.179,0.536,3.78,64.99,synthetic_geological_survey
8152,Mine_08152,Silica Sand,0.351,0.614,0.342,2.12,145.37,synthetic_geological_survey
8153,Mine_08153,Salt,0.797,0.177,0.385,1.17,124.98,synthetic_geological_survey
8154,Mine_08154,Silica Sand,0.444,0.777,0.429,3.88,143.17,synthetic_geological_survey
8155,Mine_08155,Limestone,0.701,0.584,0.582,3.11,41.23,synthetic_geological_survey
8156,Mine_08156,Marble,0.88,0.411,0.284,3.24,80.99,synthetic_geological_survey
8157,Mine_08157,Silica Sand,0.429,0.75,0.508,0.72,145.33,synthetic_geological_survey
8158,Mine_08158,Marble,0.894,0.417,0.74,4.92,137.98,synthetic_geological_survey
8159,Mine_08159,Sandstone,0.408,0.49,0.656,4.78,190.91,synthetic_geological_survey
8160,Mine_08160,Iron Ore,0.646,0.369,0.76,1.73,195.67,synthetic_geological_survey
8161,Mine_08161,Silica Sand,0.445,0.778,0.57,1.17,90.53,synthetic_geological_survey
8162,Mine_08162,Sandstone,0.49,0.588,0.525,0.6,158.65,synthetic_geological_survey
8163,Mine_08163,Granite,0.776,0.291,0.228,1.24,109.68,synthetic_geological_survey
8164,Mine_08164,Salt,0.923,0.205,0.531,0.85,162.83,synthetic_geological_survey
8165,Mine_08165,Sandstone,0.451,0.542,0.641,4.91,44.05,synthetic_geological_survey
8166,Mine_08166,Granite,0.782,0.293,0.3,4.03,104.24,synthetic_geological_survey
8167,Mine_08167,Granite,0.67,0.251,0.676,2.88,46.86,synthetic_geological_survey
8168,Mine_08168,Limestone,0.59,0.491,0.262,1.61,157.56,synthetic_geological_survey
8169,Mine_08169,Marble,0.681,0.318,0.794,3.15,114.41,synthetic_geological_survey
8170,Mine_08170,Limestone,0.607,0.505,0.732,4.3,155.02,synthetic_geological_survey
8171,Mine_08171,Granite,0.729,0.273,0.227,4.0,74.33,synthetic_geological_survey
8172,Mine_08172,Limestone,0.657,0.548,0.633,0.71,163.44,synthetic_geological_survey
8173,Mine_08173,Sandstone,0.596,0.715,0.528,0.86,83.38,synthetic_geological_survey
8174,Mine_08174,Limestone,0.51,0.425,0.31,4.33,78.74,synthetic_geological_survey
8175,Mine_08175,Granite,0.918,0.344,0.44,3.58,85.22,synthetic_geological_survey
8176,Mine_08176,Limestone,0.551,0.459,0.516,1.38,114.86,synthetic_geological_survey
8177,Mine_08177,Salt,0.919,0.204,0.696,1.21,57.51,synthetic_geological_survey
8178,Mine_08178,Silica Sand,0.328,0.573,0.628,0.9,74.0,synthetic_geological_survey
8179,Mine_08179,Salt,1.026,0.228,0.215,2.04,170.67,synthetic_geological_survey
8180,Mine_08180,Marble,0.716,0.334,0.67,2.45,118.28,synthetic_geological_survey
8181,Mine_08181,Limestone,0.647,0.539,0.547,4.25,27.63,synthetic_geological_survey
8182,Mine_08182,Granite,0.745,0.279,0.656,2.86,102.8,synthetic_geological_survey
8183,Mine_08183,Salt,0.849,0.189,0.761,4.69,145.35,synthetic_geological_survey
8184,Mine_08184,Silica Sand,0.371,0.649,0.323,4.76,25.19,synthetic_geological_survey
8185,Mine_08185,Sand,0.254,0.678,0.374,1.42,172.86,synthetic_geological_survey
8186,Mine_08186,Marble,0.883,0.412,0.553,2.59,54.98,synthetic_geological_survey
8187,Mine_08187,Salt,0.733,0.163,0.209,3.45,170.31,synthetic_geological_survey
8188,Mine_08188,Granite,0.879,0.329,0.49,3.26,49.32,synthetic_geological_survey
8189,Mine_08189,Granite,0.699,0.262,0.691,3.56,160.76,synthetic_geological_survey
8190,Mine_08190,Silica Sand,0.458,0.801,0.772,3.75,138.6,synthetic_geological_survey
8191,Mine_08191,Iron Ore,0.682,0.39,0.587,2.04,142.91,synthetic_geological_survey
8192,Mine_08192,Iron Ore,0.738,0.422,0.223,4.99,93.98,synthetic_geological_survey
8193,Mine_08193,Silica Sand,0.347,0.607,0.479,4.53,103.53,synthetic_geological_survey
8194,Mine_08194,Silica Sand,0.422,0.739,0.565,3.41,36.63,synthetic_geological_survey
8195,Mine_08195,Sandstone,0.411,0.494,0.603,3.97,48.34,synthetic_geological_survey
8196,Mine_08196,Marble,0.691,0.322,0.513,4.91,95.22,synthetic_geological_survey
8197,Mine_08197,Silica Sand,0.344,0.602,0.535,3.0,33.54,synthetic_geological_survey
8198,Mine_08198,Sand,0.27,0.72,0.599,3.91,182.98,synthetic_geological_survey
8199,Mine_08199,Sand,0.333,0.888,0.532,1.71,165.52,synthetic_geological_survey
8200,Mine_08200,Iron Ore,0.672,0.384,0.384,4.83,144.44,synthetic_geological_survey
8201,Mine_08201,Marble,0.679,0.317,0.228,0.89,28.64,synthetic_geological_survey
8202,Mine_08202,Granite,0.768,0.288,0.419,1.08,118.8,synthetic_geological_survey
8203,Mine_08203,Limestone,0.654,0.545,0.563,1.43,197.04,synthetic_geological_survey
8204,Mine_08204,Iron Ore,0.835,0.477,0.722,4.15,147.39,synthetic_geological_survey
8205,Mine_08205,Sandstone,0.418,0.501,0.45,1.63,114.8,synthetic_geological_survey
8206,Mine_08206,Sandstone,0.438,0.525,0.674,2.38,173.91,synthetic_geological_survey
8207,Mine_08207,Salt,1.044,0.232,0.5,2.24,25.66,synthetic_geological_survey
8208,Mine_08208,Iron Ore,0.701,0.401,0.474,2.82,82.51,synthetic_geological_survey
8209,Mine_08209,Marble,0.617,0.288,0.317,4.7,53.31,synthetic_geological_survey
8210,Mine_08210,Marble,0.64,0.299,0.469,3.65,152.22,synthetic_geological_survey
8211,Mine_08211,Silica Sand,0.372,0.651,0.767,4.83,68.18,synthetic_geological_survey
8212,Mine_08212,Limestone,0.67,0.559,0.666,4.63,138.88,synthetic_geological_survey
8213,Mine_08213,Silica Sand,0.363,0.636,0.753,3.69,137.42,synthetic_geological_survey
8214,Mine_08214,Sand,0.346,0.924,0.405,2.0,52.83,synthetic_geological_survey
8215,Mine_08215,Iron Ore,0.57,0.326,0.769,1.01,50.78,synthetic_geological_survey
8216,Mine_08216,Iron Ore,0.585,0.334,0.709,0.55,44.02,synthetic_geological_survey
8217,Mine_08217,Salt,0.734,0.163,0.339,1.4,146.29,synthetic_geological_survey
8218,Mine_08218,Sandstone,0.489,0.587,0.243,2.46,125.46,synthetic_geological_survey
8219,Mine_08219,Silica Sand,0.445,0.778,0.742,2.25,138.55,synthetic_geological_survey
8220,Mine_08220,Marble,0.712,0.332,0.549,1.76,62.02,synthetic_geological_survey
8221,Mine_08221,Iron Ore,0.628,0.359,0.377,2.34,76.84,synthetic_geological_survey
8222,Mine_08222,Iron Ore,0.826,0.472,0.597,0.75,188.56,synthetic_geological_survey
8223,Mine_08223,Sand,0.245,0.653,0.707,4.05,58.18,synthetic_geological_survey
8224,Mine_08224,Iron Ore,0.609,0.348,0.433,3.22,124.26,synthetic_geological_survey
8225,Mine_08225,Limestone,0.482,0.402,0.596,2.01,65.8,synthetic_geological_survey
8226,Mine_08226,Limestone,0.518,0.432,0.313,2.93,73.49,synthetic_geological_survey
8227,Mine_08227,Limestone,0.6,0.5,0.557,4.16,191.66,synthetic_geological_survey
8228,Mine_08228,Marble,0.714,0.333,0.753,4.49,193.39,synthetic_geological_survey
8229,Mine_08229,Limestone,0.57,0.475,0.733,1.0,71.07,synthetic_geological_survey
8230,Mine_08230,Sand,0.267,0.712,0.621,2.35,87.37,synthetic_geological_survey
8231,Mine_08231,Granite,0.916,0.344,0.756,2.6,24.9,synthetic_geological_survey
8232,Mine_08232,Granite,0.811,0.304,0.551,0.59,43.28,synthetic_geological_survey
8233,Mine_08233,Sand,0.293,0.782,0.463,4.64,146.38,synthetic_geological_survey
8234,Mine_08234,Sand,0.36,0.959,0.3,1.21,173.46,synthetic_geological_survey
8235,Mine_08235,Marble,0.829,0.387,0.325,3.37,187.4,synthetic_geological_survey
8236,Mine_08236,Marble,0.638,0.298,0.78,4.1,100.6,synthetic_geological_survey
8237,Mine_08237,Granite,0.747,0.28,0.457,4.93,98.62,synthetic_geological_survey
8238,Mine_08238,Marble,0.811,0.378,0.43,4.78,53.25,synthetic_geological_survey
8239,Mine_08239,Silica Sand,0.332,0.581,0.433,1.76,146.51,synthetic_geological_survey
8240,Mine_08240,Salt,0.886,0.197,0.588,4.06,94.63,synthetic_geological_survey
8241,Mine_08241,Salt,0.944,0.21,0.395,2.45,100.86,synthetic_geological_survey
8242,Mine_08242,Sand,0.337,0.899,0.385,2.88,86.87,synthetic_geological_survey
8243,Mine_08243,Marble,0.648,0.302,0.799,0.75,198.39,synthetic_geological_survey
8244,Mine_08244,Sandstone,0.449,0.539,0.44,3.18,155.71,synthetic_geological_survey
8245,Mine_08245,Limestone,0.578,0.482,0.551,2.52,95.55,synthetic_geological_survey
8246,Mine_08246,Sandstone,0.42,0.504,0.5,0.81,194.04,synthetic_geological_survey
8247,Mine_08247,Silica Sand,0.335,0.586,0.798,2.76,106.94,synthetic_geological_survey
8248,Mine_08248,Silica Sand,0.459,0.803,0.287,1.48,55.12,synthetic_geological_survey
8249,Mine_08249,Marble,0.717,0.334,0.69,1.89,101.62,synthetic_geological_survey
8250,Mine_08250,Granite,0.813,0.305,0.408,4.44,25.15,synthetic_geological_survey
8251,Mine_08251,Marble,0.736,0.343,0.663,1.08,129.93,synthetic_geological_survey
8252,Mine_08252,Salt,1.055,0.235,0.727,3.27,65.13,synthetic_geological_survey
8253,Mine_08253,Salt,0.736,0.163,0.732,3.08,25.7,synthetic_geological_survey
8254,Mine_08254,Salt,0.872,0.194,0.36,1.44,100.97,synthetic_geological_survey
8255,Mine_08255,Salt,0.842,0.187,0.419,1.31,144.99,synthetic_geological_survey
8256,Mine_08256,Granite,0.83,0.311,0.357,1.59,57.36,synthetic_geological_survey
8257,Mine_08257,Granite,0.793,0.297,0.4,3.93,67.49,synthetic_geological_survey
8258,Mine_08258,Silica Sand,0.344,0.602,0.751,2.79,162.96,synthetic_geological_survey
8259,Mine_08259,Silica Sand,0.365,0.638,0.488,4.56,46.63,synthetic_geological_survey
8260,Mine_08260,Sandstone,0.457,0.549,0.393,2.14,195.67,synthetic_geological_survey
8261,Mine_08261,Iron Ore,0.818,0.467,0.776,3.52,142.78,synthetic_geological_survey
8262,Mine_08262,Granite,0.781,0.293,0.767,4.64,183.37,synthetic_geological_survey
8263,Mine_08263,Silica Sand,0.461,0.806,0.61,2.11,147.67,synthetic_geological_survey
8264,Mine_08264,Marble,0.729,0.34,0.465,1.02,179.02,synthetic_geological_survey
8265,Mine_08265,Granite,0.654,0.245,0.412,3.01,164.03,synthetic_geological_survey
8266,Mine_08266,Sandstone,0.482,0.578,0.51,1.7,156.78,synthetic_geological_survey
8267,Mine_08267,Limestone,0.559,0.466,0.793,2.0,192.73,synthetic_geological_survey
8268,Mine_08268,Salt,1.029,0.229,0.351,3.46,140.47,synthetic_geological_survey
8269,Mine_08269,Iron Ore,0.597,0.341,0.2,2.5,176.49,synthetic_geological_survey
8270,Mine_08270,Silica Sand,0.402,0.704,0.674,2.04,56.69,synthetic_geological_survey
8271,Mine_08271,Limestone,0.487,0.405,0.752,2.11,65.19,synthetic_geological_survey
8272,Mine_08272,Silica Sand,0.439,0.769,0.574,1.25,121.33,synthetic_geological_survey
8273,Mine_08273,Salt,0.988,0.219,0.463,4.59,26.64,synthetic_geological_survey
8274,Mine_08274,Iron Ore,0.575,0.328,0.687,4.67,189.68,synthetic_geological_survey
8275,Mine_08275,Silica Sand,0.455,0.796,0.346,4.2,78.2,synthetic_geological_survey
8276,Mine_08276,Marble,0.786,0.367,0.59,3.52,194.71,synthetic_geological_survey
8277,Mine_08277,Sandstone,0.499,0.599,0.381,3.44,41.36,synthetic_geological_survey
8278,Mine_08278,Granite,0.956,0.359,0.79,4.61,86.39,synthetic_geological_survey
8279,Mine_08279,Sand,0.306,0.816,0.218,4.22,131.95,synthetic_geological_survey
8280,Mine_08280,Sandstone,0.43,0.516,0.715,0.91,146.82,synthetic_geological_survey
8281,Mine_08281,Granite,0.812,0.304,0.579,3.93,176.78,synthetic_geological_survey
8282,Mine_08282,Salt,0.862,0.191,0.495,4.64,197.55,synthetic_geological_survey
8283,Mine_08283,Sandstone,0.471,0.566,0.656,1.84,137.18,synthetic_geological_survey
8284,Mine_08284,Salt,0.765,0.17,0.779,4.83,87.42,synthetic_geological_survey
8285,Mine_08285,Salt,0.87,0.193,0.792,2.29,73.88,synthetic_geological_survey
8286,Mine_08286,Sandstone,0.444,0.532,0.447,3.72,196.04,synthetic_geological_survey
8287,Mine_08287,Silica Sand,0.427,0.747,0.65,3.16,57.52,synthetic_geological_survey
8288,Mine_08288,Silica Sand,0.333,0.583,0.584,3.47,131.09,synthetic_geological_survey
8289,Mine_08289,Granite,0.864,0.324,0.778,4.56,74.21,synthetic_geological_survey
8290,Mine_08290,Granite,0.912,0.342,0.694,1.45,141.0,synthetic_geological_survey
8291,Mine_08291,Granite,0.664,0.249,0.434,0.68,88.59,synthetic_geological_survey
8292,Mine_08292,Salt,0.984,0.219,0.33,2.2,29.55,synthetic_geological_survey
8293,Mine_08293,Limestone,0.552,0.46,0.392,1.7,131.73,synthetic_geological_survey
8294,Mine_08294,Sand,0.317,0.846,0.471,2.7,107.11,synthetic_geological_survey
8295,Mine_08295,Iron Ore,0.703,0.402,0.399,2.73,127.68,synthetic_geological_survey
8296,Mine_08296,Salt,0.983,0.218,0.432,0.69,119.17,synthetic_geological_survey
8297,Mine_08297,Sand,0.269,0.717,0.525,3.92,132.83,synthetic_geological_survey
8298,Mine_08298,Iron Ore,0.781,0.446,0.5,2.9,174.22,synthetic_geological_survey
8299,Mine_08299,Sand,0.35,0.933,0.796,3.13,132.62,synthetic_geological_survey
8300,Mine_08300,Sandstone,0.463,0.556,0.444,1.93,113.09,synthetic_geological_survey
8301,Mine_08301,Silica Sand,0.402,0.703,0.285,3.79,30.8,synthetic_geological_survey
8302,Mine_08302,Salt,0.804,0.179,0.716,1.65,162.84,synthetic_geological_survey
8303,Mine_08303,Iron Ore,0.621,0.355,0.306,0.95,118.28,synthetic_geological_survey
8304,Mine_08304,Granite,0.782,0.293,0.768,0.97,160.35,synthetic_geological_survey
8305,Mine_08305,Granite,0.833,0.312,0.66,1.5,139.63,synthetic_geological_survey
8306,Mine_08306,Limestone,0.69,0.575,0.565,0.65,108.58,synthetic_geological_survey
8307,Mine_08307,Sand,0.26,0.692,0.349,1.51,153.57,synthetic_geological_survey
8308,Mine_08308,Sand,0.316,0.843,0.314,0.76,54.3,synthetic_geological_survey
8309,Mine_08309,Granite,0.759,0.284,0.477,2.11,119.84,synthetic_geological_survey
8310,Mine_08310,Salt,0.877,0.195,0.787,2.33,186.71,synthetic_geological_survey
8311,Mine_08311,Limestone,0.547,0.456,0.216,0.72,130.61,synthetic_geological_survey
8312,Mine_08312,Sand,0.321,0.857,0.792,0.73,99.69,synthetic_geological_survey
8313,Mine_08313,Iron Ore,0.675,0.386,0.372,3.24,151.72,synthetic_geological_survey
8314,Mine_08314,Silica Sand,0.404,0.707,0.211,3.3,28.64,synthetic_geological_survey
8315,Mine_08315,Iron Ore,0.629,0.36,0.304,3.15,24.79,synthetic_geological_survey
8316,Mine_08316,Iron Ore,0.829,0.474,0.535,3.47,61.55,synthetic_geological_survey
8317,Mine_08317,Limestone,0.606,0.505,0.48,3.4,156.03,synthetic_geological_survey
8318,Mine_08318,Marble,0.767,0.358,0.492,4.99,154.99,synthetic_geological_survey
8319,Mine_08319,Limestone,0.557,0.464,0.426,2.92,140.22,synthetic_geological_survey
8320,Mine_08320,Iron Ore,0.76,0.434,0.204,1.42,44.07,synthetic_geological_survey
8321,Mine_08321,Salt,0.909,0.202,0.292,1.88,194.84,synthetic_geological_survey
8322,Mine_08322,Iron Ore,0.774,0.442,0.371,3.66,119.42,synthetic_geological_survey
8323,Mine_08323,Sandstone,0.562,0.674,0.799,1.66,139.64,synthetic_geological_survey
8324,Mine_08324,Marble,0.669,0.312,0.339,4.0,163.46,synthetic_geological_survey
8325,Mine_08325,Granite,0.891,0.334,0.299,1.91,147.52,synthetic_geological_survey
8326,Mine_08326,Salt,0.869,0.193,0.293,0.96,176.67,synthetic_geological_survey
8327,Mine_08327,Limestone,0.502,0.419,0.469,4.7,24.87,synthetic_geological_survey
8328,Mine_08328,Sandstone,0.503,0.604,0.548,4.14,138.64,synthetic_geological_survey
8329,Mine_08329,Marble,0.617,0.288,0.297,3.08,72.28,synthetic_geological_survey
8330,Mine_08330,Sand,0.334,0.89,0.258,4.47,35.72,synthetic_geological_survey
8331,Mine_08331,Iron Ore,0.612,0.35,0.352,2.4,147.38,synthetic_geological_survey
8332,Mine_08332,Iron Ore,0.775,0.443,0.346,3.08,48.06,synthetic_geological_survey
8333,Mine_08333,Salt,0.878,0.195,0.62,1.52,181.71,synthetic_geological_survey
8334,Mine_08334,Sandstone,0.464,0.556,0.599,1.35,45.52,synthetic_geological_survey
8335,Mine_08335,Iron Ore,0.584,0.334,0.486,4.75,144.44,synthetic_geological_survey
8336,Mine_08336,Limestone,0.526,0.438,0.389,3.96,189.96,synthetic_geological_survey
8337,Mine_08337,Marble,0.721,0.337,0.578,3.19,32.2,synthetic_geological_survey
8338,Mine_08338,Granite,0.921,0.345,0.579,2.65,141.63,synthetic_geological_survey
8339,Mine_08339,Marble,0.681,0.318,0.747,4.37,54.18,synthetic_geological_survey
8340,Mine_08340,Silica Sand,0.409,0.716,0.645,1.52,104.15,synthetic_geological_survey
8341,Mine_08341,Limestone,0.651,0.542,0.682,1.28,102.16,synthetic_geological_survey
8342,Mine_08342,Salt,0.942,0.209,0.509,1.46,144.31,synthetic_geological_survey
8343,Mine_08343,Sandstone,0.573,0.687,0.626,4.93,182.25,synthetic_geological_survey
8344,Mine_08344,Iron Ore,0.641,0.366,0.408,1.56,26.55,synthetic_geological_survey
8345,Mine_08345,Salt,0.766,0.17,0.748,4.97,138.85,synthetic_geological_survey
8346,Mine_08346,Silica Sand,0.472,0.826,0.342,0.8,128.89,synthetic_geological_survey
8347,Mine_08347,Granite,0.829,0.311,0.74,4.26,68.66,synthetic_geological_survey
8348,Mine_08348,Marble,0.848,0.396,0.269,1.08,151.53,synthetic_geological_survey
8349,Mine_08349,Salt,0.808,0.18,0.57,4.02,143.44,synthetic_geological_survey
8350,Mine_08350,Marble,0.617,0.288,0.438,2.24,167.46,synthetic_geological_survey
8351,Mine_08351,Sandstone,0.491,0.589,0.79,1.53,70.21,synthetic_geological_survey
8352,Mine_08352,Limestone,0.655,0.546,0.334,4.93,47.88,synthetic_geological_survey
8353,Mine_08353,Sandstone,0.417,0.5,0.611,2.97,195.54,synthetic_geological_survey
8354,Mine_08354,Iron Ore,0.823,0.47,0.794,4.53,183.35,synthetic_geological_survey
8355,Mine_08355,Limestone,0.72,0.6,0.332,0.99,198.87,synthetic_geological_survey
8356,Mine_08356,Silica Sand,0.406,0.71,0.488,2.69,109.14,synthetic_geological_survey
8357,Mine_08357,Sand,0.293,0.782,0.481,2.59,172.64,synthetic_geological_survey
8358,Mine_08358,Marble,0.87,0.406,0.508,3.14,161.75,synthetic_geological_survey
8359,Mine_08359,Limestone,0.606,0.505,0.498,2.91,112.66,synthetic_geological_survey
8360,Mine_08360,Sand,0.294,0.785,0.207,4.49,195.07,synthetic_geological_survey
8361,Mine_08361,Salt,0.746,0.166,0.703,1.13,176.6,synthetic_geological_survey
8362,Mine_08362,Salt,0.835,0.186,0.234,2.28,36.34,synthetic_geological_survey
8363,Mine_08363,Sand,0.332,0.886,0.234,0.59,25.47,synthetic_geological_survey
8364,Mine_08364,Sand,0.249,0.663,0.375,1.05,64.72,synthetic_geological_survey
8365,Mine_08365,Silica Sand,0.446,0.78,0.677,1.8,78.59,synthetic_geological_survey
8366,Mine_08366,Silica Sand,0.332,0.581,0.332,1.03,35.97,synthetic_geological_survey
8367,Mine_08367,Sand,0.283,0.756,0.639,3.09,157.05,synthetic_geological_survey
8368,Mine_08368,Sandstone,0.57,0.685,0.542,1.31,41.64,synthetic_geological_survey
8369,Mine_08369,Marble,0.752,0.351,0.418,1.62,116.63,synthetic_geological_survey
8370,Mine_08370,Iron Ore,0.828,0.473,0.44,1.11,100.58,synthetic_geological_survey
8371,Mine_08371,Silica Sand,0.384,0.673,0.603,2.09,116.73,synthetic_geological_survey
8372,Mine_08372,Granite,0.773,0.29,0.397,2.52,115.07,synthetic_geological_survey
8373,Mine_08373,Silica Sand,0.354,0.62,0.345,4.43,91.94,synthetic_geological_survey
8374,Mine_08374,Silica Sand,0.37,0.647,0.338,4.56,157.1,synthetic_geological_survey
8375,Mine_08375,Iron Ore,0.561,0.321,0.523,4.38,161.29,synthetic_geological_survey
8376,Mine_08376,Silica Sand,0.325,0.569,0.335,4.79,67.45,synthetic_geological_survey
8377,Mine_08377,Granite,0.766,0.287,0.77,3.28,191.72,synthetic_geological_survey
8378,Mine_08378,Sandstone,0.414,0.496,0.22,1.89,21.24,synthetic_geological_survey
8379,Mine_08379,Limestone,0.498,0.415,0.569,2.06,79.99,synthetic_geological_survey
8380,Mine_08380,Silica Sand,0.423,0.74,0.396,1.03,84.93,synthetic_geological_survey
8381,Mine_08381,Sand,0.347,0.925,0.513,3.39,47.58,synthetic_geological_survey
8382,Mine_08382,Sandstone,0.586,0.703,0.55,4.15,185.89,synthetic_geological_survey
8383,Mine_08383,Iron Ore,0.758,0.433,0.255,1.06,85.08,synthetic_geological_survey
8384,Mine_08384,Limestone,0.676,0.564,0.23,2.46,83.12,synthetic_geological_survey
8385,Mine_08385,Iron Ore,0.601,0.344,0.629,4.7,45.01,synthetic_geological_survey
8386,Mine_08386,Limestone,0.671,0.559,0.737,4.35,142.84,synthetic_geological_survey
8387,Mine_08387,Limestone,0.634,0.528,0.69,2.42,189.54,synthetic_geological_survey
8388,Mine_08388,Iron Ore,0.72,0.411,0.274,0.56,63.06,synthetic_geological_survey
8389,Mine_08389,Granite,0.866,0.325,0.616,4.96,131.07,synthetic_geological_survey
8390,Mine_08390,Limestone,0.557,0.464,0.374,0.62,181.41,synthetic_geological_survey
8391,Mine_08391,Salt,0.747,0.166,0.269,1.41,179.31,synthetic_geological_survey
8392,Mine_08392,Iron Ore,0.797,0.455,0.472,2.59,57.49,synthetic_geological_survey
8393,Mine_08393,Sandstone,0.403,0.483,0.436,3.83,105.23,synthetic_geological_survey
8394,Mine_08394,Silica Sand,0.404,0.708,0.318,1.15,148.69,synthetic_geological_survey
8395,Mine_08395,Limestone,0.614,0.511,0.792,1.07,45.38,synthetic_geological_survey
8396,Mine_08396,Granite,0.897,0.336,0.705,4.49,154.29,synthetic_geological_survey
8397,Mine_08397,Marble,0.76,0.355,0.476,1.15,148.5,synthetic_geological_survey
8398,Mine_08398,Iron Ore,0.785,0.448,0.359,1.39,198.23,synthetic_geological_survey
8399,Mine_08399,Sandstone,0.593,0.712,0.278,4.46,130.89,synthetic_geological_survey
8400,Mine_08400,Limestone,0.712,0.593,0.769,1.78,130.25,synthetic_geological_survey
8401,Mine_08401,Sandstone,0.499,0.599,0.569,4.84,124.96,synthetic_geological_survey
8402,Mine_08402,Sandstone,0.543,0.652,0.386,3.84,110.39,synthetic_geological_survey
8403,Mine_08403,Salt,1.006,0.224,0.648,4.74,80.22,synthetic_geological_survey
8404,Mine_08404,Limestone,0.632,0.527,0.624,1.14,28.32,synthetic_geological_survey
8405,Mine_08405,Iron Ore,0.567,0.324,0.655,1.65,97.05,synthetic_geological_survey
8406,Mine_08406,Salt,1.056,0.235,0.781,3.27,142.9,synthetic_geological_survey
8407,Mine_08407,Limestone,0.569,0.475,0.643,3.5,44.37,synthetic_geological_survey
8408,Mine_08408,Sandstone,0.459,0.551,0.272,1.89,77.66,synthetic_geological_survey
8409,Mine_08409,Salt,0.903,0.201,0.212,4.36,49.21,synthetic_geological_survey
8410,Mine_08410,Marble,0.866,0.404,0.308,1.86,89.22,synthetic_geological_survey
8411,Mine_08411,Silica Sand,0.42,0.734,0.667,0.82,89.57,synthetic_geological_survey
8412,Mine_08412,Sandstone,0.569,0.683,0.24,2.42,20.07,synthetic_geological_survey
8413,Mine_08413,Silica Sand,0.409,0.715,0.679,3.51,103.5,synthetic_geological_survey
8414,Mine_08414,Limestone,0.512,0.427,0.784,0.84,43.72,synthetic_geological_survey
8415,Mine_08415,Silica Sand,0.368,0.644,0.253,3.14,77.67,synthetic_geological_survey
8416,Mine_08416,Marble,0.69,0.322,0.612,2.11,46.65,synthetic_geological_survey
8417,Mine_08417,Limestone,0.616,0.513,0.413,3.36,196.41,synthetic_geological_survey
8418,Mine_08418,Sand,0.359,0.957,0.213,1.59,107.6,synthetic_geological_survey
8419,Mine_08419,Limestone,0.576,0.48,0.705,2.5,94.05,synthetic_geological_survey
8420,Mine_08420,Sandstone,0.546,0.655,0.579,4.28,40.84,synthetic_geological_survey
8421,Mine_08421,Marble,0.788,0.368,0.205,2.64,116.59,synthetic_geological_survey
8422,Mine_08422,Silica Sand,0.35,0.613,0.331,1.56,183.88,synthetic_geological_survey
8423,Mine_08423,Silica Sand,0.365,0.639,0.62,3.93,199.65,synthetic_geological_survey
8424,Mine_08424,Limestone,0.596,0.496,0.405,3.63,31.87,synthetic_geological_survey
8425,Mine_08425,Salt,0.742,0.165,0.387,3.21,126.95,synthetic_geological_survey
8426,Mine_08426,Iron Ore,0.704,0.402,0.721,4.91,106.46,synthetic_geological_survey
8427,Mine_08427,Silica Sand,0.321,0.562,0.242,2.22,196.66,synthetic_geological_survey
8428,Mine_08428,Marble,0.632,0.295,0.262,2.27,96.71,synthetic_geological_survey
8429,Mine_08429,Salt,0.738,0.164,0.754,3.94,157.13,synthetic_geological_survey
8430,Mine_08430,Sandstone,0.569,0.682,0.781,3.08,168.72,synthetic_geological_survey
8431,Mine_08431,Sandstone,0.435,0.522,0.735,2.76,37.16,synthetic_geological_survey
8432,Mine_08432,Iron Ore,0.64,0.366,0.38,1.49,77.68,synthetic_geological_survey
8433,Mine_08433,Salt,0.809,0.18,0.541,4.86,75.31,synthetic_geological_survey
8434,Mine_08434,Sandstone,0.562,0.675,0.378,1.7,180.88,synthetic_geological_survey
8435,Mine_08435,Sandstone,0.532,0.639,0.723,3.05,151.51,synthetic_geological_survey
8436,Mine_08436,Silica Sand,0.467,0.818,0.325,4.59,101.41,synthetic_geological_survey
8437,Mine_08437,Silica Sand,0.352,0.616,0.343,3.47,125.22,synthetic_geological_survey
8438,Mine_08438,Iron Ore,0.806,0.46,0.26,3.83,50.74,synthetic_geological_survey
8439,Mine_08439,Granite,0.741,0.278,0.347,1.95,72.85,synthetic_geological_survey
8440,Mine_08440,Iron Ore,0.665,0.38,0.601,2.33,82.22,synthetic_geological_survey
8441,Mine_08441,Limestone,0.592,0.493,0.688,0.88,180.96,synthetic_geological_survey
8442,Mine_08442,Limestone,0.544,0.453,0.68,0.56,183.06,synthetic_geological_survey
8443,Mine_08443,Sand,0.259,0.69,0.48,0.73,114.86,synthetic_geological_survey
8444,Mine_08444,Sandstone,0.495,0.594,0.535,3.35,191.83,synthetic_geological_survey
8445,Mine_08445,Sand,0.246,0.656,0.286,2.45,160.2,synthetic_geological_survey
8446,Mine_08446,Sand,0.301,0.803,0.447,1.06,21.62,synthetic_geological_survey
8447,Mine_08447,Marble,0.777,0.363,0.29,2.33,82.37,synthetic_geological_survey
8448,Mine_08448,Silica Sand,0.451,0.789,0.442,2.71,37.62,synthetic_geological_survey
8449,Mine_08449,Sandstone,0.411,0.493,0.294,4.03,50.32,synthetic_geological_survey
8450,Mine_08450,Limestone,0.646,0.538,0.46,0.56,141.26,synthetic_geological_survey
8451,Mine_08451,Silica Sand,0.338,0.591,0.575,3.73,87.51,synthetic_geological_survey
8452,Mine_08452,Silica Sand,0.375,0.656,0.44,1.12,47.65,synthetic_geological_survey
8453,Mine_08453,Silica Sand,0.447,0.782,0.491,2.63,77.18,synthetic_geological_survey
8454,Mine_08454,Marble,0.788,0.368,0.314,3.54,122.9,synthetic_geological_survey
8455,Mine_08455,Granite,0.798,0.299,0.775,4.69,47.46,synthetic_geological_survey
8456,Mine_08456,Granite,0.804,0.302,0.74,1.35,198.05,synthetic_geological_survey
8457,Mine_08457,Sand,0.334,0.891,0.524,4.89,98.25,synthetic_geological_survey
8458,Mine_08458,Silica Sand,0.36,0.63,0.72,4.3,166.2,synthetic_geological_survey
8459,Mine_08459,Iron Ore,0.563,0.322,0.605,4.1,170.29,synthetic_geological_survey
8460,Mine_08460,Sand,0.257,0.685,0.719,4.8,86.36,synthetic_geological_survey
8461,Mine_08461,Silica Sand,0.379,0.663,0.771,1.1,86.66,synthetic_geological_survey
8462,Mine_08462,Salt,0.804,0.179,0.363,0.83,118.17,synthetic_geological_survey
8463,Mine_08463,Limestone,0.6,0.5,0.772,4.02,47.16,synthetic_geological_survey
8464,Mine_08464,Granite,0.901,0.338,0.705,2.79,189.8,synthetic_geological_survey
8465,Mine_08465,Granite,0.731,0.274,0.776,3.35,167.98,synthetic_geological_survey
8466,Mine_08466,Sand,0.286,0.762,0.26,0.76,152.26,synthetic_geological_survey
8467,Mine_08467,Sand,0.35,0.933,0.77,2.6,80.54,synthetic_geological_survey
8468,Mine_08468,Silica Sand,0.446,0.781,0.557,0.8,44.95,synthetic_geological_survey
8469,Mine_08469,Granite,0.949,0.356,0.244,1.06,197.0,synthetic_geological_survey
8470,Mine_08470,Sandstone,0.563,0.676,0.247,1.22,105.61,synthetic_geological_survey
8471,Mine_08471,Limestone,0.51,0.425,0.558,4.05,70.35,synthetic_geological_survey
8472,Mine_08472,Sand,0.295,0.787,0.692,2.77,119.35,synthetic_geological_survey
8473,Mine_08473,Granite,0.853,0.32,0.268,1.96,158.6,synthetic_geological_survey
8474,Mine_08474,Granite,0.742,0.278,0.755,2.65,49.99,synthetic_geological_survey
8475,Mine_08475,Salt,0.875,0.194,0.208,4.96,49.1,synthetic_geological_survey
8476,Mine_08476,Marble,0.683,0.319,0.485,4.51,132.16,synthetic_geological_survey
8477,Mine_08477,Sand,0.308,0.822,0.223,4.95,77.95,synthetic_geological_survey
8478,Mine_08478,Iron Ore,0.627,0.358,0.722,3.52,23.27,synthetic_geological_survey
8479,Mine_08479,Sand,0.322,0.859,0.484,2.81,180.13,synthetic_geological_survey
8480,Mine_08480,Marble,0.682,0.318,0.202,2.62,161.03,synthetic_geological_survey
8481,Mine_08481,Granite,0.955,0.358,0.589,4.71,141.63,synthetic_geological_survey
8482,Mine_08482,Salt,0.754,0.167,0.655,2.78,72.58,synthetic_geological_survey
8483,Mine_08483,Granite,0.843,0.316,0.58,3.26,168.92,synthetic_geological_survey
8484,Mine_08484,Sandstone,0.583,0.7,0.34,3.77,32.46,synthetic_geological_survey
8485,Mine_08485,Silica Sand,0.462,0.808,0.488,1.0,121.26,synthetic_geological_survey
8486,Mine_08486,Sandstone,0.417,0.5,0.395,2.75,36.81,synthetic_geological_survey
8487,Mine_08487,Salt,0.984,0.219,0.443,1.8,193.74,synthetic_geological_survey
8488,Mine_08488,Granite,0.864,0.324,0.676,3.61,184.48,synthetic_geological_survey
8489,Mine_08489,Iron Ore,0.651,0.372,0.71,0.97,161.61,synthetic_geological_survey
8490,Mine_08490,Limestone,0.574,0.479,0.411,1.16,139.29,synthetic_geological_survey
8491,Mine_08491,Salt,0.995,0.221,0.556,3.67,84.5,synthetic_geological_survey
8492,Mine_08492,Marble,0.76,0.355,0.536,1.94,125.3,synthetic_geological_survey
8493,Mine_08493,Iron Ore,0.67,0.383,0.437,1.86,185.53,synthetic_geological_survey
8494,Mine_08494,Silica Sand,0.409,0.716,0.497,4.41,27.92,synthetic_geological_survey
8495,Mine_08495,Silica Sand,0.459,0.802,0.485,2.43,116.31,synthetic_geological_survey
8496,Mine_08496,Silica Sand,0.321,0.561,0.694,3.61,168.47,synthetic_geological_survey
8497,Mine_08497,Limestone,0.487,0.406,0.616,1.88,46.29,synthetic_geological_survey
8498,Mine_08498,Silica Sand,0.463,0.81,0.298,4.31,194.26,synthetic_geological_survey
8499,Mine_08499,Marble,0.816,0.381,0.534,1.32,99.68,synthetic_geological_survey
8500,Mine_08500,Iron Ore,0.757,0.433,0.535,4.81,97.45,synthetic_geological_survey
8501,Mine_08501,Sand,0.248,0.661,0.547,3.86,91.54,synthetic_geological_survey
8502,Mine_08502,Silica Sand,0.469,0.821,0.204,4.24,21.39,synthetic_geological_survey
8503,Mine_08503,Sandstone,0.402,0.482,0.697,0.61,64.75,synthetic_geological_survey
8504,Mine_08504,Granite,0.642,0.241,0.55,4.13,81.27,synthetic_geological_survey
8505,Mine_08505,Sand,0.313,0.834,0.218,3.82,159.62,synthetic_geological_survey
8506,Mine_08506,Sandstone,0.4,0.48,0.566,3.39,145.29,synthetic_geological_survey
8507,Mine_08507,Sand,0.292,0.778,0.744,2.84,134.86,synthetic_geological_survey
8508,Mine_08508,Silica Sand,0.393,0.689,0.404,3.94,168.91,synthetic_geological_survey
8509,Mine_08509,Silica Sand,0.33,0.577,0.643,4.26,28.92,synthetic_geological_survey
8510,Mine_08510,Marble,0.834,0.389,0.407,4.06,65.61,synthetic_geological_survey
8511,Mine_08511,Salt,1.004,0.223,0.217,3.7,102.72,synthetic_geological_survey
8512,Mine_08512,Marble,0.676,0.315,0.23,1.88,102.57,synthetic_geological_survey
8513,Mine_08513,Sandstone,0.57,0.684,0.271,2.69,26.73,synthetic_geological_survey
8514,Mine_08514,Iron Ore,0.564,0.322,0.566,4.01,69.8,synthetic_geological_survey
8515,Mine_08515,Iron Ore,0.6,0.343,0.421,1.74,137.98,synthetic_geological_survey
8516,Mine_08516,Sandstone,0.403,0.483,0.387,0.92,168.99,synthetic_geological_survey
8517,Mine_08517,Iron Ore,0.83,0.474,0.342,2.19,77.43,synthetic_geological_survey
8518,Mine_08518,Iron Ore,0.695,0.397,0.727,1.0,156.57,synthetic_geological_survey
8519,Mine_08519,Salt,1.064,0.237,0.395,1.05,162.03,synthetic_geological_survey
8520,Mine_08520,Marble,0.711,0.332,0.417,2.09,77.13,synthetic_geological_survey
8521,Mine_08521,Salt,0.895,0.199,0.291,3.96,42.44,synthetic_geological_survey
8522,Mine_08522,Marble,0.775,0.361,0.373,2.68,65.14,synthetic_geological_survey
8523,Mine_08523,Sandstone,0.564,0.677,0.644,4.05,80.4,synthetic_geological_survey
8524,Mine_08524,Marble,0.827,0.386,0.502,0.91,63.06,synthetic_geological_survey
8525,Mine_08525,Silica Sand,0.42,0.735,0.631,4.92,129.5,synthetic_geological_survey
8526,Mine_08526,Iron Ore,0.672,0.384,0.33,3.96,96.79,synthetic_geological_survey
8527,Mine_08527,Limestone,0.628,0.523,0.795,3.81,43.3,synthetic_geological_survey
8528,Mine_08528,Granite,0.702,0.263,0.385,3.47,125.69,synthetic_geological_survey
8529,Mine_08529,Salt,1.046,0.232,0.79,1.95,108.72,synthetic_geological_survey
8530,Mine_08530,Silica Sand,0.33,0.578,0.444,3.57,167.22,synthetic_geological_survey
8531,Mine_08531,Salt,0.783,0.174,0.785,1.93,43.44,synthetic_geological_survey
8532,Mine_08532,Sandstone,0.415,0.497,0.354,2.92,140.41,synthetic_geological_survey
8533,Mine_08533,Sand,0.25,0.667,0.794,4.97,136.5,synthetic_geological_survey
8534,Mine_08534,Silica Sand,0.462,0.808,0.477,1.47,130.2,synthetic_geological_survey
8535,Mine_08535,Iron Ore,0.751,0.429,0.796,3.72,146.97,synthetic_geological_survey
8536,Mine_08536,Granite,0.743,0.279,0.448,1.94,23.9,synthetic_geological_survey
8537,Mine_08537,Salt,0.957,0.213,0.6,4.81,182.75,synthetic_geological_survey
8538,Mine_08538,Sand,0.273,0.727,0.345,3.79,98.12,synthetic_geological_survey
8539,Mine_08539,Limestone,0.634,0.528,0.448,2.92,71.27,synthetic_geological_survey
8540,Mine_08540,Silica Sand,0.476,0.833,0.795,2.13,144.66,synthetic_geological_survey
8541,Mine_08541,Marble,0.634,0.296,0.793,1.51,198.74,synthetic_geological_survey
8542,Mine_08542,Sand,0.296,0.789,0.493,4.9,151.48,synthetic_geological_survey
8543,Mine_08543,Iron Ore,0.758,0.433,0.504,0.85,145.01,synthetic_geological_survey
8544,Mine_08544,Sandstone,0.592,0.71,0.741,3.91,47.51,synthetic_geological_survey
8545,Mine_08545,Iron Ore,0.588,0.336,0.226,3.94,176.18,synthetic_geological_survey
8546,Mine_08546,Sand,0.249,0.665,0.443,0.94,199.66,synthetic_geological_survey
8547,Mine_08547,Salt,1.057,0.235,0.766,1.42,37.87,synthetic_geological_survey
8548,Mine_08548,Granite,0.709,0.266,0.291,2.11,177.23,synthetic_geological_survey
8549,Mine_08549,Limestone,0.513,0.428,0.301,0.54,91.79,synthetic_geological_survey
8550,Mine_08550,Salt,1.063,0.236,0.312,4.99,165.51,synthetic_geological_survey
8551,Mine_08551,Limestone,0.498,0.415,0.698,3.77,138.84,synthetic_geological_survey
8552,Mine_08552,Limestone,0.573,0.477,0.739,3.36,180.31,synthetic_geological_survey
8553,Mine_08553,Iron Ore,0.642,0.367,0.439,1.64,97.41,synthetic_geological_survey
8554,Mine_08554,Sand,0.305,0.813,0.577,3.19,159.73,synthetic_geological_survey
8555,Mine_08555,Sand,0.249,0.665,0.317,3.58,70.53,synthetic_geological_survey
8556,Mine_08556,Salt,0.732,0.163,0.761,0.59,198.86,synthetic_geological_survey
8557,Mine_08557,Sand,0.248,0.661,0.514,0.71,139.35,synthetic_geological_survey
8558,Mine_08558,Marble,0.643,0.3,0.461,1.82,21.3,synthetic_geological_survey
8559,Mine_08559,Granite,0.675,0.253,0.686,3.14,163.87,synthetic_geological_survey
8560,Mine_08560,Marble,0.845,0.394,0.239,4.23,77.72,synthetic_geological_survey
8561,Mine_08561,Sandstone,0.507,0.608,0.646,2.4,36.14,synthetic_geological_survey
8562,Mine_08562,Iron Ore,0.744,0.425,0.56,1.86,35.38,synthetic_geological_survey
8563,Mine_08563,Granite,0.825,0.309,0.498,1.43,94.44,synthetic_geological_survey
8564,Mine_08564,Limestone,0.72,0.6,0.73,2.02,53.29,synthetic_geological_survey
8565,Mine_08565,Marble,0.788,0.368,0.318,1.39,43.29,synthetic_geological_survey
8566,Mine_08566,Limestone,0.702,0.585,0.566,3.57,39.36,synthetic_geological_survey
8567,Mine_08567,Sand,0.337,0.898,0.307,0.59,103.01,synthetic_geological_survey
8568,Mine_08568,Granite,0.912,0.342,0.395,3.46,139.43,synthetic_geological_survey
8569,Mine_08569,Limestone,0.684,0.57,0.665,4.66,198.45,synthetic_geological_survey
8570,Mine_08570,Limestone,0.499,0.416,0.535,3.67,83.66,synthetic_geological_survey
8571,Mine_08571,Granite,0.734,0.275,0.477,2.94,49.52,synthetic_geological_survey
8572,Mine_08572,Sandstone,0.585,0.702,0.244,4.58,136.23,synthetic_geological_survey
8573,Mine_08573,Sand,0.302,0.805,0.608,1.88,119.36,synthetic_geological_survey
8574,Mine_08574,Salt,0.825,0.183,0.261,3.65,198.83,synthetic_geological_survey
8575,Mine_08575,Limestone,0.613,0.511,0.247,4.72,188.27,synthetic_geological_survey
8576,Mine_08576,Marble,0.724,0.338,0.436,3.72,189.63,synthetic_geological_survey
8577,Mine_08577,Granite,0.652,0.245,0.233,2.16,51.16,synthetic_geological_survey
8578,Mine_08578,Salt,1.078,0.24,0.477,3.98,86.4,synthetic_geological_survey
8579,Mine_08579,Salt,0.789,0.175,0.489,1.34,176.31,synthetic_geological_survey
8580,Mine_08580,Limestone,0.501,0.418,0.756,3.05,39.39,synthetic_geological_survey
8581,Mine_08581,Silica Sand,0.455,0.796,0.465,4.18,135.66,synthetic_geological_survey
8582,Mine_08582,Sand,0.342,0.912,0.252,3.06,172.27,synthetic_geological_survey
8583,Mine_08583,Marble,0.673,0.314,0.287,2.55,31.34,synthetic_geological_survey
8584,Mine_08584,Limestone,0.48,0.4,0.663,4.25,129.05,synthetic_geological_survey
8585,Mine_08585,Salt,1.046,0.232,0.725,4.46,136.5,synthetic_geological_survey
8586,Mine_08586,Limestone,0.52,0.434,0.748,3.14,192.38,synthetic_geological_survey
8587,Mine_08587,Granite,0.872,0.327,0.666,3.72,192.22,synthetic_geological_survey
8588,Mine_08588,Iron Ore,0.799,0.457,0.207,3.1,182.92,synthetic_geological_survey
8589,Mine_08589,Limestone,0.547,0.456,0.594,2.15,116.84,synthetic_geological_survey
8590,Mine_08590,Limestone,0.596,0.497,0.625,1.54,48.53,synthetic_geological_survey
8591,Mine_08591,Marble,0.618,0.288,0.227,0.92,81.36,synthetic_geological_survey
8592,Mine_08592,Sand,0.306,0.815,0.613,2.57,29.3,synthetic_geological_survey
8593,Mine_08593,Sand,0.321,0.856,0.591,1.04,178.55,synthetic_geological_survey
8594,Mine_08594,Sandstone,0.476,0.571,0.598,4.07,125.61,synthetic_geological_survey
8595,Mine_08595,Iron Ore,0.636,0.364,0.286,0.92,143.78,synthetic_geological_survey
8596,Mine_08596,Iron Ore,0.662,0.378,0.213,1.94,191.94,synthetic_geological_survey
8597,Mine_08597,Marble,0.896,0.418,0.579,3.23,46.3,synthetic_geological_survey
8598,Mine_08598,Granite,0.912,0.342,0.216,0.64,179.3,synthetic_geological_survey
8599,Mine_08599,Silica Sand,0.449,0.787,0.513,0.64,33.33,synthetic_geological_survey
8600,Mine_08600,Silica Sand,0.325,0.568,0.503,1.58,110.42,synthetic_geological_survey
8601,Mine_08601,Iron Ore,0.776,0.443,0.206,1.41,162.54,synthetic_geological_survey
8602,Mine_08602,Limestone,0.485,0.404,0.308,1.3,99.41,synthetic_geological_survey
8603,Mine_08603,Salt,0.943,0.21,0.562,3.75,169.52,synthetic_geological_survey
8604,Mine_08604,Silica Sand,0.429,0.751,0.684,2.1,120.5,synthetic_geological_survey
8605,Mine_08605,Sand,0.272,0.726,0.331,1.11,69.7,synthetic_geological_survey
8606,Mine_08606,Salt,0.921,0.205,0.292,2.15,115.91,synthetic_geological_survey
8607,Mine_08607,Salt,0.951,0.211,0.765,0.85,95.91,synthetic_geological_survey
8608,Mine_08608,Granite,0.933,0.35,0.31,3.23,165.18,synthetic_geological_survey
8609,Mine_08609,Marble,0.69,0.322,0.245,3.33,23.95,synthetic_geological_survey
8610,Mine_08610,Silica Sand,0.37,0.648,0.288,2.7,89.14,synthetic_geological_survey
8611,Mine_08611,Limestone,0.697,0.581,0.519,3.64,141.73,synthetic_geological_survey
8612,Mine_08612,Sand,0.292,0.779,0.732,0.66,75.28,synthetic_geological_survey
8613,Mine_08613,Granite,0.719,0.27,0.661,1.55,62.38,synthetic_geological_survey
8614,Mine_08614,Salt,0.779,0.173,0.796,4.39,173.47,synthetic_geological_survey
8615,Mine_08615,Salt,1.065,0.237,0.656,3.93,75.26,synthetic_geological_survey
8616,Mine_08616,Silica Sand,0.378,0.661,0.431,3.83,166.43,synthetic_geological_survey
8617,Mine_08617,Sand,0.262,0.698,0.707,4.33,159.54,synthetic_geological_survey
8618,Mine_08618,Sandstone,0.421,0.505,0.685,3.7,58.39,synthetic_geological_survey
8619,Mine_08619,Sandstone,0.488,0.585,0.241,4.68,110.41,synthetic_geological_survey
8620,Mine_08620,Iron Ore,0.596,0.341,0.535,3.71,188.36,synthetic_geological_survey
8621,Mine_08621,Sandstone,0.458,0.55,0.512,2.52,61.8,synthetic_geological_survey
8622,Mine_08622,Granite,0.907,0.34,0.581,2.48,23.76,synthetic_geological_survey
8623,Mine_08623,Sand,0.314,0.836,0.234,3.79,47.62,synthetic_geological_survey
8624,Mine_08624,Granite,0.807,0.303,0.557,4.91,179.92,synthetic_geological_survey
8625,Mine_08625,Granite,0.758,0.284,0.394,1.32,31.55,synthetic_geological_survey
8626,Mine_08626,Sand,0.251,0.668,0.326,1.89,72.21,synthetic_geological_survey
8627,Mine_08627,Marble,0.799,0.373,0.608,1.56,52.15,synthetic_geological_survey
8628,Mine_08628,Silica Sand,0.346,0.605,0.72,1.57,81.39,synthetic_geological_survey
8629,Mine_08629,Salt,0.767,0.17,0.273,2.29,63.8,synthetic_geological_survey
8630,Mine_08630,Silica Sand,0.424,0.742,0.4,1.84,117.29,synthetic_geological_survey
8631,Mine_08631,Salt,0.739,0.164,0.725,0.99,142.78,synthetic_geological_survey
8632,Mine_08632,Sandstone,0.532,0.639,0.333,4.35,184.15,synthetic_geological_survey
8633,Mine_08633,Sandstone,0.555,0.666,0.451,3.43,101.01,synthetic_geological_survey
8634,Mine_08634,Limestone,0.56,0.466,0.322,0.95,47.58,synthetic_geological_survey
8635,Mine_08635,Sandstone,0.525,0.629,0.261,4.96,105.0,synthetic_geological_survey
8636,Mine_08636,Salt,0.881,0.196,0.758,1.96,50.51,synthetic_geological_survey
8637,Mine_08637,Sandstone,0.496,0.595,0.469,3.98,75.71,synthetic_geological_survey
8638,Mine_08638,Granite,0.861,0.323,0.773,4.42,164.79,synthetic_geological_survey
8639,Mine_08639,Sand,0.333,0.889,0.701,1.9,83.15,synthetic_geological_survey
8640,Mine_08640,Granite,0.945,0.354,0.23,2.28,188.16,synthetic_geological_survey
8641,Mine_08641,Sandstone,0.559,0.67,0.36,0.62,153.95,synthetic_geological_survey
8642,Mine_08642,Sandstone,0.532,0.638,0.687,1.23,20.16,synthetic_geological_survey
8643,Mine_08643,Limestone,0.657,0.548,0.248,1.98,116.19,synthetic_geological_survey
8644,Mine_08644,Sandstone,0.419,0.502,0.453,3.17,78.11,synthetic_geological_survey
8645,Mine_08645,Sand,0.266,0.71,0.733,3.55,164.84,synthetic_geological_survey
8646,Mine_08646,Sand,0.355,0.946,0.326,0.91,160.91,synthetic_geological_survey
8647,Mine_08647,Sand,0.248,0.662,0.387,4.03,24.86,synthetic_geological_survey
8648,Mine_08648,Sand,0.294,0.783,0.289,0.57,44.26,synthetic_geological_survey
8649,Mine_08649,Sandstone,0.535,0.642,0.536,0.99,139.5,synthetic_geological_survey
8650,Mine_08650,Sandstone,0.552,0.663,0.442,4.07,133.46,synthetic_geological_survey
8651,Mine_08651,Silica Sand,0.426,0.746,0.497,2.05,116.32,synthetic_geological_survey
8652,Mine_08652,Granite,0.732,0.274,0.686,4.0,190.65,synthetic_geological_survey
8653,Mine_08653,Limestone,0.518,0.432,0.771,3.23,164.48,synthetic_geological_survey
8654,Mine_08654,Iron Ore,0.622,0.356,0.786,3.19,21.35,synthetic_geological_survey
8655,Mine_08655,Iron Ore,0.782,0.447,0.322,0.91,42.54,synthetic_geological_survey
8656,Mine_08656,Limestone,0.575,0.48,0.42,1.15,143.42,synthetic_geological_survey
8657,Mine_08657,Salt,0.742,0.165,0.614,2.07,64.34,synthetic_geological_survey
8658,Mine_08658,Granite,0.933,0.35,0.285,4.76,76.04,synthetic_geological_survey
8659,Mine_08659,Limestone,0.548,0.457,0.273,2.78,141.25,synthetic_geological_survey
8660,Mine_08660,Sand,0.33,0.879,0.28,3.27,33.82,synthetic_geological_survey
8661,Mine_08661,Silica Sand,0.422,0.738,0.233,1.3,24.81,synthetic_geological_survey
8662,Mine_08662,Sandstone,0.569,0.683,0.63,2.05,111.99,synthetic_geological_survey
8663,Mine_08663,Iron Ore,0.81,0.463,0.486,2.22,93.2,synthetic_geological_survey
8664,Mine_08664,Sandstone,0.441,0.53,0.775,1.52,126.4,synthetic_geological_survey
8665,Mine_08665,Silica Sand,0.377,0.66,0.664,3.67,166.0,synthetic_geological_survey
8666,Mine_08666,Salt,0.89,0.198,0.656,2.94,177.4,synthetic_geological_survey
8667,Mine_08667,Iron Ore,0.584,0.334,0.708,2.77,119.69,synthetic_geological_survey
8668,Mine_08668,Silica Sand,0.414,0.724,0.424,1.72,83.75,synthetic_geological_survey
8669,Mine_08669,Iron Ore,0.74,0.423,0.744,4.78,40.26,synthetic_geological_survey
8670,Mine_08670,Sand,0.342,0.912,0.587,4.62,143.73,synthetic_geological_survey
8671,Mine_08671,Marble,0.716,0.334,0.754,1.81,196.51,synthetic_geological_survey
8672,Mine_08672,Iron Ore,0.718,0.41,0.408,3.02,26.76,synthetic_geological_survey
8673,Mine_08673,Limestone,0.52,0.434,0.33,2.69,78.85,synthetic_geological_survey
8674,Mine_08674,Sandstone,0.509,0.611,0.535,4.01,60.67,synthetic_geological_survey
8675,Mine_08675,Granite,0.679,0.255,0.395,3.63,61.79,synthetic_geological_survey
8676,Mine_08676,Sandstone,0.411,0.493,0.743,3.64,44.62,synthetic_geological_survey
8677,Mine_08677,Silica Sand,0.44,0.77,0.556,4.61,140.41,synthetic_geological_survey
8678,Mine_08678,Granite,0.927,0.348,0.72,2.38,34.57,synthetic_geological_survey
8679,Mine_08679,Sand,0.263,0.702,0.45,0.52,96.14,synthetic_geological_survey
8680,Mine_08680,Marble,0.893,0.417,0.438,4.39,93.69,synthetic_geological_survey
8681,Mine_08681,Sandstone,0.537,0.644,0.448,2.51,120.16,synthetic_geological_survey
8682,Mine_08682,Sand,0.286,0.763,0.723,4.16,45.94,synthetic_geological_survey
8683,Mine_08683,Silica Sand,0.364,0.637,0.568,3.04,88.43,synthetic_geological_survey
8684,Mine_08684,Salt,0.819,0.182,0.675,0.78,84.21,synthetic_geological_survey
8685,Mine_08685,Sand,0.3,0.8,0.355,3.3,160.15,synthetic_geological_survey
8686,Mine_08686,Marble,0.82,0.383,0.504,3.64,27.75,synthetic_geological_survey
8687,Mine_08687,Limestone,0.612,0.51,0.471,2.97,112.23,synthetic_geological_survey
8688,Mine_08688,Sandstone,0.564,0.677,0.552,3.7,197.82,synthetic_geological_survey
8689,Mine_08689,Salt,0.778,0.173,0.738,3.8,198.64,synthetic_geological_survey
8690,Mine_08690,Marble,0.637,0.297,0.608,4.98,43.76,synthetic_geological_survey
8691,Mine_08691,Granite,0.767,0.288,0.376,4.22,160.16,synthetic_geological_survey
8692,Mine_08692,Sandstone,0.473,0.567,0.263,4.6,71.57,synthetic_geological_survey
8693,Mine_08693,Iron Ore,0.731,0.418,0.556,4.98,24.75,synthetic_geological_survey
8694,Mine_08694,Marble,0.627,0.292,0.584,4.68,50.38,synthetic_geological_survey
8695,Mine_08695,Granite,0.946,0.355,0.669,2.27,121.15,synthetic_geological_survey
8696,Mine_08696,Sand,0.241,0.643,0.596,1.49,173.65,synthetic_geological_survey
8697,Mine_08697,Salt,0.747,0.166,0.678,0.79,51.26,synthetic_geological_survey
8698,Mine_08698,Silica Sand,0.458,0.802,0.414,0.99,170.15,synthetic_geological_survey
8699,Mine_08699,Limestone,0.489,0.408,0.431,1.89,150.94,synthetic_geological_survey
8700,Mine_08700,Sandstone,0.496,0.595,0.239,1.41,148.3,synthetic_geological_survey
8701,Mine_08701,Limestone,0.637,0.531,0.374,0.96,177.31,synthetic_geological_survey
8702,Mine_08702,Limestone,0.591,0.492,0.212,1.61,111.99,synthetic_geological_survey
8703,Mine_08703,Limestone,0.491,0.409,0.66,3.75,165.3,synthetic_geological_survey
8704,Mine_08704,Sandstone,0.499,0.599,0.419,2.88,51.93,synthetic_geological_survey
8705,Mine_08705,Granite,0.781,0.293,0.535,2.42,41.63,synthetic_geological_survey
8706,Mine_08706,Silica Sand,0.322,0.564,0.313,3.75,192.08,synthetic_geological_survey
8707,Mine_08707,Marble,0.754,0.352,0.522,4.4,126.29,synthetic_geological_survey
8708,Mine_08708,Silica Sand,0.425,0.743,0.492,2.65,27.84,synthetic_geological_survey
8709,Mine_08709,Salt,0.915,0.203,0.209,4.98,109.06,synthetic_geological_survey
8710,Mine_08710,Sandstone,0.449,0.539,0.605,4.07,105.19,synthetic_geological_survey
8711,Mine_08711,Sandstone,0.444,0.533,0.435,4.87,173.94,synthetic_geological_survey
8712,Mine_08712,Sand,0.294,0.785,0.381,4.43,100.94,synthetic_geological_survey
8713,Mine_08713,Marble,0.605,0.282,0.663,2.13,189.86,synthetic_geological_survey
8714,Mine_08714,Granite,0.91,0.341,0.395,2.27,193.89,synthetic_geological_survey
8715,Mine_08715,Sandstone,0.525,0.63,0.471,2.58,50.16,synthetic_geological_survey
8716,Mine_08716,Sand,0.333,0.888,0.397,3.39,170.53,synthetic_geological_survey
8717,Mine_08717,Granite,0.843,0.316,0.445,4.78,112.64,synthetic_geological_survey
8718,Mine_08718,Silica Sand,0.324,0.567,0.604,1.82,149.29,synthetic_geological_survey
8719,Mine_08719,Limestone,0.482,0.402,0.579,4.96,136.62,synthetic_geological_survey
8720,Mine_08720,Salt,1.032,0.229,0.557,3.02,149.04,synthetic_geological_survey
8721,Mine_08721,Salt,0.887,0.197,0.317,1.14,184.36,synthetic_geological_survey
8722,Mine_08722,Silica Sand,0.476,0.834,0.279,3.01,75.16,synthetic_geological_survey
8723,Mine_08723,Limestone,0.529,0.441,0.369,1.29,177.71,synthetic_geological_survey
8724,Mine_08724,Sandstone,0.44,0.529,0.643,4.95,100.52,synthetic_geological_survey
8725,Mine_08725,Sand,0.31,0.828,0.789,1.62,25.3,synthetic_geological_survey
8726,Mine_08726,Silica Sand,0.363,0.635,0.751,1.16,122.16,synthetic_geological_survey
8727,Mine_08727,Silica Sand,0.379,0.664,0.573,2.76,184.68,synthetic_geological_survey
8728,Mine_08728,Granite,0.804,0.302,0.339,3.48,197.28,synthetic_geological_survey
8729,Mine_08729,Silica Sand,0.404,0.706,0.29,0.81,107.9,synthetic_geological_survey
8730,Mine_08730,Iron Ore,0.782,0.447,0.249,3.1,58.39,synthetic_geological_survey
8731,Mine_08731,Limestone,0.672,0.56,0.377,2.98,161.73,synthetic_geological_survey
8732,Mine_08732,Salt,0.875,0.194,0.675,0.69,193.16,synthetic_geological_survey
8733,Mine_08733,Marble,0.758,0.354,0.338,3.09,75.62,synthetic_geological_survey
8734,Mine_08734,Iron Ore,0.799,0.457,0.58,2.86,133.08,synthetic_geological_survey
8735,Mine_08735,Limestone,0.525,0.438,0.308,3.04,108.03,synthetic_geological_survey
8736,Mine_08736,Limestone,0.668,0.557,0.322,0.8,51.66,synthetic_geological_survey
8737,Mine_08737,Iron Ore,0.838,0.479,0.445,3.14,26.89,synthetic_geological_survey
8738,Mine_08738,Limestone,0.657,0.547,0.569,3.09,163.17,synthetic_geological_survey
8739,Mine_08739,Sand,0.346,0.923,0.713,3.12,48.25,synthetic_geological_survey
8740,Mine_08740,Sand,0.278,0.742,0.352,4.55,171.62,synthetic_geological_survey
8741,Mine_08741,Sand,0.244,0.651,0.333,1.48,59.9,synthetic_geological_survey
8742,Mine_08742,Sandstone,0.586,0.703,0.356,4.93,84.69,synthetic_geological_survey
8743,Mine_08743,Sandstone,0.505,0.606,0.562,0.8,60.63,synthetic_geological_survey
8744,Mine_08744,Sandstone,0.518,0.621,0.472,1.69,197.34,synthetic_geological_survey
8745,Mine_08745,Limestone,0.501,0.418,0.257,3.02,28.27,synthetic_geological_survey
8746,Mine_08746,Iron Ore,0.578,0.33,0.556,1.35,197.66,synthetic_geological_survey
8747,Mine_08747,Marble,0.774,0.361,0.728,2.16,50.85,synthetic_geological_survey
8748,Mine_08748,Granite,0.737,0.276,0.44,2.42,68.61,synthetic_geological_survey
8749,Mine_08749,Silica Sand,0.354,0.619,0.456,2.86,137.77,synthetic_geological_survey
8750,Mine_08750,Sand,0.305,0.813,0.716,2.76,57.98,synthetic_geological_survey
8751,Mine_08751,Salt,0.899,0.2,0.454,2.68,167.19,synthetic_geological_survey
8752,Mine_08752,Granite,0.689,0.258,0.208,3.34,120.24,synthetic_geological_survey
8753,Mine_08753,Silica Sand,0.382,0.668,0.568,0.53,84.55,synthetic_geological_survey
8754,Mine_08754,Iron Ore,0.647,0.37,0.289,2.07,53.94,synthetic_geological_survey
8755,Mine_08755,Iron Ore,0.594,0.339,0.422,3.84,172.24,synthetic_geological_survey
8756,Mine_08756,Iron Ore,0.72,0.411,0.376,1.56,169.53,synthetic_geological_survey
8757,Mine_08757,Silica Sand,0.338,0.592,0.784,4.77,95.19,synthetic_geological_survey
8758,Mine_08758,Sandstone,0.565,0.678,0.679,2.82,179.37,synthetic_geological_survey
8759,Mine_08759,Sand,0.328,0.876,0.58,2.38,168.32,synthetic_geological_survey
8760,Mine_08760,Marble,0.875,0.408,0.308,2.22,153.94,synthetic_geological_survey
8761,Mine_08761,Sandstone,0.419,0.503,0.386,1.96,178.5,synthetic_geological_survey
8762,Mine_08762,Limestone,0.561,0.468,0.699,0.51,132.89,synthetic_geological_survey
8763,Mine_08763,Salt,0.919,0.204,0.497,1.41,86.75,synthetic_geological_survey
8764,Mine_08764,Sand,0.29,0.773,0.24,3.96,163.15,synthetic_geological_survey
8765,Mine_08765,Iron Ore,0.584,0.334,0.47,3.02,54.29,synthetic_geological_survey
8766,Mine_08766,Marble,0.747,0.349,0.3,4.01,165.99,synthetic_geological_survey
8767,Mine_08767,Salt,0.788,0.175,0.798,2.07,96.42,synthetic_geological_survey
8768,Mine_08768,Marble,0.667,0.311,0.223,3.36,91.41,synthetic_geological_survey
8769,Mine_08769,Limestone,0.554,0.462,0.538,2.66,155.53,synthetic_geological_survey
8770,Mine_08770,Granite,0.731,0.274,0.728,3.91,40.12,synthetic_geological_survey
8771,Mine_08771,Sand,0.34,0.907,0.738,1.65,52.97,synthetic_geological_survey
8772,Mine_08772,Iron Ore,0.593,0.339,0.458,2.14,67.15,synthetic_geological_survey
8773,Mine_08773,Granite,0.929,0.348,0.384,2.96,60.04,synthetic_geological_survey
8774,Mine_08774,Marble,0.849,0.396,0.382,2.37,162.76,synthetic_geological_survey
8775,Mine_08775,Granite,0.945,0.354,0.331,0.81,38.7,synthetic_geological_survey
8776,Mine_08776,Granite,0.846,0.317,0.396,2.44,139.04,synthetic_geological_survey
8777,Mine_08777,Salt,0.721,0.16,0.476,0.92,102.55,synthetic_geological_survey
8778,Mine_08778,Sand,0.335,0.892,0.487,3.18,70.94,synthetic_geological_survey
8779,Mine_08779,Sandstone,0.44,0.529,0.794,2.6,28.64,synthetic_geological_survey
8780,Mine_08780,Iron Ore,0.784,0.448,0.736,1.08,119.51,synthetic_geological_survey
8781,Mine_08781,Iron Ore,0.661,0.378,0.362,4.6,66.14,synthetic_geological_survey
8782,Mine_08782,Marble,0.687,0.32,0.554,2.36,199.37,synthetic_geological_survey
8783,Mine_08783,Sandstone,0.47,0.564,0.756,3.07,159.86,synthetic_geological_survey
8784,Mine_08784,Sandstone,0.597,0.716,0.789,4.35,97.81,synthetic_geological_survey
8785,Mine_08785,Limestone,0.671,0.56,0.33,4.33,154.07,synthetic_geological_survey
8786,Mine_08786,Iron Ore,0.725,0.414,0.382,2.01,92.41,synthetic_geological_survey
8787,Mine_08787,Marble,0.647,0.302,0.444,0.96,35.66,synthetic_geological_survey
8788,Mine_08788,Salt,0.783,0.174,0.231,2.02,133.76,synthetic_geological_survey
8789,Mine_08789,Salt,0.909,0.202,0.681,3.94,187.22,synthetic_geological_survey
8790,Mine_08790,Silica Sand,0.471,0.823,0.561,3.3,159.16,synthetic_geological_survey
8791,Mine_08791,Marble,0.636,0.297,0.456,1.39,151.17,synthetic_geological_survey
8792,Mine_08792,Granite,0.799,0.3,0.262,4.5,96.43,synthetic_geological_survey
8793,Mine_08793,Sandstone,0.544,0.652,0.515,2.05,139.98,synthetic_geological_survey
8794,Mine_08794,Marble,0.777,0.362,0.302,3.5,90.23,synthetic_geological_survey
8795,Mine_08795,Limestone,0.699,0.582,0.407,2.56,32.8,synthetic_geological_survey
8796,Mine_08796,Sand,0.281,0.75,0.636,3.29,149.74,synthetic_geological_survey
8797,Mine_08797,Salt,0.845,0.188,0.656,2.62,82.0,synthetic_geological_survey
8798,Mine_08798,Sandstone,0.505,0.607,0.799,3.63,159.49,synthetic_geological_survey
8799,Mine_08799,Marble,0.856,0.399,0.387,1.27,132.33,synthetic_geological_survey
8800,Mine_08800,Marble,0.775,0.362,0.756,4.97,107.71,synthetic_geological_survey
8801,Mine_08801,Limestone,0.66,0.55,0.765,1.22,175.51,synthetic_geological_survey
8802,Mine_08802,Salt,0.862,0.192,0.333,1.51,88.58,synthetic_geological_survey
8803,Mine_08803,Marble,0.873,0.408,0.7,1.14,196.29,synthetic_geological_survey
8804,Mine_08804,Sandstone,0.498,0.598,0.304,4.28,51.33,synthetic_geological_survey
8805,Mine_08805,Marble,0.829,0.387,0.203,2.37,177.27,synthetic_geological_survey
8806,Mine_08806,Sandstone,0.482,0.578,0.613,4.93,114.41,synthetic_geological_survey
8807,Mine_08807,Iron Ore,0.714,0.408,0.367,0.63,52.63,synthetic_geological_survey
8808,Mine_08808,Silica Sand,0.336,0.588,0.513,4.75,79.07,synthetic_geological_survey
8809,Mine_08809,Sand,0.304,0.809,0.466,1.77,91.78,synthetic_geological_survey
8810,Mine_08810,Sandstone,0.426,0.512,0.76,2.12,46.71,synthetic_geological_survey
8811,Mine_08811,Limestone,0.572,0.476,0.253,2.24,197.62,synthetic_geological_survey
8812,Mine_08812,Sandstone,0.544,0.653,0.739,4.92,68.04,synthetic_geological_survey
8813,Mine_08813,Iron Ore,0.823,0.47,0.775,3.84,170.31,synthetic_geological_survey
8814,Mine_08814,Marble,0.852,0.398,0.451,2.83,24.78,synthetic_geological_survey
8815,Mine_08815,Iron Ore,0.613,0.35,0.708,1.48,94.18,synthetic_geological_survey
8816,Mine_08816,Sandstone,0.475,0.57,0.48,4.89,126.07,synthetic_geological_survey
8817,Mine_08817,Iron Ore,0.817,0.467,0.523,3.65,175.35,synthetic_geological_survey
8818,Mine_08818,Sandstone,0.48,0.576,0.345,3.28,137.33,synthetic_geological_survey
8819,Mine_08819,Sand,0.299,0.796,0.271,0.86,79.71,synthetic_geological_survey
8820,Mine_08820,Sandstone,0.477,0.572,0.61,4.02,98.97,synthetic_geological_survey
8821,Mine_08821,Granite,0.822,0.308,0.788,2.64,152.98,synthetic_geological_survey
8822,Mine_08822,Sand,0.359,0.956,0.396,1.1,64.06,synthetic_geological_survey
8823,Mine_08823,Limestone,0.685,0.571,0.36,2.28,141.93,synthetic_geological_survey
8824,Mine_08824,Marble,0.643,0.3,0.643,4.61,177.78,synthetic_geological_survey
8825,Mine_08825,Marble,0.84,0.392,0.201,1.66,74.0,synthetic_geological_survey
8826,Mine_08826,Salt,1.07,0.238,0.73,1.8,110.44,synthetic_geological_survey
8827,Mine_08827,Salt,1.038,0.231,0.436,4.96,175.79,synthetic_geological_survey
8828,Mine_08828,Marble,0.67,0.313,0.298,4.4,76.14,synthetic_geological_survey
8829,Mine_08829,Limestone,0.5,0.417,0.505,1.55,97.0,synthetic_geological_survey
8830,Mine_08830,Granite,0.867,0.325,0.412,3.93,185.78,synthetic_geological_survey
8831,Mine_08831,Silica Sand,0.38,0.665,0.786,4.24,164.59,synthetic_geological_survey
8832,Mine_08832,Limestone,0.484,0.404,0.784,3.61,159.19,synthetic_geological_survey
8833,Mine_08833,Silica Sand,0.465,0.814,0.211,4.75,180.37,synthetic_geological_survey
8834,Mine_08834,Marble,0.657,0.306,0.766,3.94,121.74,synthetic_geological_survey
8835,Mine_08835,Iron Ore,0.704,0.402,0.214,2.55,129.56,synthetic_geological_survey
8836,Mine_08836,Salt,0.813,0.181,0.629,2.6,66.68,synthetic_geological_survey
8837,Mine_08837,Granite,0.663,0.249,0.28,1.13,95.3,synthetic_geological_survey
8838,Mine_08838,Sand,0.343,0.914,0.299,2.36,91.4,synthetic_geological_survey
8839,Mine_08839,Sand,0.257,0.686,0.285,2.53,176.97,synthetic_geological_survey
8840,Mine_08840,Limestone,0.629,0.524,0.232,1.28,62.62,synthetic_geological_survey
8841,Mine_08841,Salt,1.043,0.232,0.617,2.45,134.53,synthetic_geological_survey
8842,Mine_08842,Granite,0.652,0.245,0.627,1.98,113.91,synthetic_geological_survey
8843,Mine_08843,Limestone,0.606,0.505,0.606,1.47,140.87,synthetic_geological_survey
8844,Mine_08844,Marble,0.632,0.295,0.366,4.08,132.87,synthetic_geological_survey
8845,Mine_08845,Granite,0.651,0.244,0.359,2.05,184.57,synthetic_geological_survey
8846,Mine_08846,Iron Ore,0.64,0.366,0.263,4.38,180.1,synthetic_geological_survey
8847,Mine_08847,Salt,0.816,0.181,0.577,3.55,91.11,synthetic_geological_survey
8848,Mine_08848,Sandstone,0.542,0.651,0.486,4.04,183.74,synthetic_geological_survey
8849,Mine_08849,Salt,0.782,0.174,0.362,2.37,182.78,synthetic_geological_survey
8850,Mine_08850,Sandstone,0.593,0.711,0.229,3.52,106.26,synthetic_geological_survey
8851,Mine_08851,Sand,0.318,0.847,0.702,2.79,169.76,synthetic_geological_survey
8852,Mine_08852,Salt,1.022,0.227,0.245,2.06,70.22,synthetic_geological_survey
8853,Mine_08853,Salt,0.999,0.222,0.68,0.95,116.13,synthetic_geological_survey
8854,Mine_08854,Salt,0.828,0.184,0.547,1.58,89.68,synthetic_geological_survey
8855,Mine_08855,Limestone,0.663,0.552,0.42,3.73,140.03,synthetic_geological_survey
8856,Mine_08856,Granite,0.915,0.343,0.799,4.68,25.76,synthetic_geological_survey
8857,Mine_08857,Iron Ore,0.602,0.344,0.355,4.71,160.54,synthetic_geological_survey
8858,Mine_08858,Iron Ore,0.671,0.384,0.609,1.08,58.36,synthetic_geological_survey
8859,Mine_08859,Iron Ore,0.666,0.381,0.44,1.87,156.23,synthetic_geological_survey
8860,Mine_08860,Salt,1.033,0.23,0.712,3.82,60.11,synthetic_geological_survey
8861,Mine_08861,Granite,0.842,0.316,0.308,0.73,66.84,synthetic_geological_survey
8862,Mine_08862,Granite,0.879,0.33,0.421,3.61,187.06,synthetic_geological_survey
8863,Mine_08863,Salt,0.938,0.208,0.46,4.99,124.45,synthetic_geological_survey
8864,Mine_08864,Sandstone,0.586,0.703,0.382,3.84,176.63,synthetic_geological_survey
8865,Mine_08865,Silica Sand,0.45,0.788,0.402,2.29,37.51,synthetic_geological_survey
8866,Mine_08866,Sandstone,0.46,0.553,0.292,1.11,77.82,synthetic_geological_survey
8867,Mine_08867,Limestone,0.594,0.495,0.304,4.25,55.61,synthetic_geological_survey
8868,Mine_08868,Limestone,0.71,0.591,0.732,3.82,170.5,synthetic_geological_survey
8869,Mine_08869,Salt,0.722,0.16,0.232,0.62,92.36,synthetic_geological_survey
8870,Mine_08870,Sand,0.306,0.815,0.43,2.86,183.72,synthetic_geological_survey
8871,Mine_08871,Limestone,0.707,0.589,0.641,2.55,56.12,synthetic_geological_survey
8872,Mine_08872,Sandstone,0.413,0.496,0.281,0.62,38.49,synthetic_geological_survey
8873,Mine_08873,Sand,0.356,0.949,0.678,4.35,108.45,synthetic_geological_survey
8874,Mine_08874,Iron Ore,0.685,0.391,0.641,2.27,137.34,synthetic_geological_survey
8875,Mine_08875,Silica Sand,0.463,0.81,0.303,1.84,48.8,synthetic_geological_survey
8876,Mine_08876,Granite,0.855,0.321,0.534,0.83,157.76,synthetic_geological_survey
8877,Mine_08877,Sandstone,0.577,0.692,0.58,4.6,28.35,synthetic_geological_survey
8878,Mine_08878,Limestone,0.537,0.447,0.472,2.13,154.5,synthetic_geological_survey
8879,Mine_08879,Sand,0.327,0.872,0.407,1.55,186.45,synthetic_geological_survey
8880,Mine_08880,Limestone,0.657,0.547,0.436,2.1,165.9,synthetic_geological_survey
8881,Mine_08881,Salt,0.934,0.207,0.499,3.24,164.76,synthetic_geological_survey
8882,Mine_08882,Limestone,0.64,0.534,0.27,4.54,194.17,synthetic_geological_survey
8883,Mine_08883,Granite,0.668,0.25,0.309,3.66,187.88,synthetic_geological_survey
8884,Mine_08884,Granite,0.74,0.277,0.624,0.8,62.4,synthetic_geological_survey
8885,Mine_08885,Marble,0.859,0.401,0.676,2.06,46.03,synthetic_geological_survey
8886,Mine_08886,Limestone,0.676,0.564,0.643,4.79,83.63,synthetic_geological_survey
8887,Mine_08887,Silica Sand,0.444,0.777,0.5,2.18,191.84,synthetic_geological_survey
8888,Mine_08888,Salt,0.965,0.214,0.469,4.66,106.61,synthetic_geological_survey
8889,Mine_08889,Salt,1.039,0.231,0.209,1.85,106.42,synthetic_geological_survey
8890,Mine_08890,Sandstone,0.454,0.545,0.738,1.31,129.01,synthetic_geological_survey
8891,Mine_08891,Granite,0.907,0.34,0.562,3.24,52.33,synthetic_geological_survey
8892,Mine_08892,Limestone,0.485,0.404,0.626,4.76,126.1,synthetic_geological_survey
8893,Mine_08893,Salt,0.949,0.211,0.729,4.73,172.54,synthetic_geological_survey
8894,Mine_08894,Silica Sand,0.452,0.791,0.287,4.18,66.77,synthetic_geological_survey
8895,Mine_08895,Granite,0.885,0.332,0.36,3.11,27.78,synthetic_geological_survey
8896,Mine_08896,Marble,0.835,0.39,0.597,2.56,101.76,synthetic_geological_survey
8897,Mine_08897,Iron Ore,0.731,0.418,0.78,0.83,85.85,synthetic_geological_survey
8898,Mine_08898,Granite,0.858,0.322,0.711,4.96,169.73,synthetic_geological_survey
8899,Mine_08899,Iron Ore,0.664,0.379,0.607,2.49,49.91,synthetic_geological_survey
8900,Mine_08900,Sandstone,0.418,0.501,0.477,3.04,157.32,synthetic_geological_survey
8901,Mine_08901,Salt,0.824,0.183,0.731,4.22,134.52,synthetic_geological_survey
8902,Mine_08902,Granite,0.886,0.332,0.591,4.82,150.23,synthetic_geological_survey
8903,Mine_08903,Salt,1.041,0.231,0.502,4.07,30.46,synthetic_geological_survey
8904,Mine_08904,Marble,0.635,0.296,0.562,3.21,187.64,synthetic_geological_survey
8905,Mine_08905,Granite,0.789,0.296,0.569,2.03,22.34,synthetic_geological_survey
8906,Mine_08906,Salt,0.87,0.193,0.509,4.89,181.44,synthetic_geological_survey
8907,Mine_08907,Marble,0.864,0.403,0.724,2.17,146.71,synthetic_geological_survey
8908,Mine_08908,Sand,0.279,0.745,0.593,0.74,54.98,synthetic_geological_survey
8909,Mine_08909,Iron Ore,0.593,0.339,0.525,3.38,197.48,synthetic_geological_survey
8910,Mine_08910,Iron Ore,0.741,0.424,0.759,1.63,161.95,synthetic_geological_survey
8911,Mine_08911,Salt,0.895,0.199,0.449,2.29,150.61,synthetic_geological_survey
8912,Mine_08912,Sandstone,0.415,0.498,0.31,1.56,33.63,synthetic_geological_survey
8913,Mine_08913,Iron Ore,0.612,0.35,0.324,3.8,149.32,synthetic_geological_survey
8914,Mine_08914,Marble,0.887,0.414,0.623,0.57,190.03,synthetic_geological_survey
8915,Mine_08915,Silica Sand,0.45,0.788,0.614,2.14,127.3,synthetic_geological_survey
8916,Mine_08916,Granite,0.923,0.346,0.72,0.52,25.28,synthetic_geological_survey
8917,Mine_08917,Sand,0.245,0.654,0.656,1.84,25.19,synthetic_geological_survey
8918,Mine_08918,Iron Ore,0.743,0.424,0.691,3.71,44.7,synthetic_geological_survey
8919,Mine_08919,Granite,0.697,0.261,0.435,3.0,172.47,synthetic_geological_survey
8920,Mine_08920,Granite,0.844,0.317,0.423,2.17,144.24,synthetic_geological_survey
8921,Mine_08921,Marble,0.868,0.405,0.275,4.23,191.76,synthetic_geological_survey
8922,Mine_08922,Granite,0.786,0.295,0.743,0.63,83.02,synthetic_geological_survey
8923,Mine_08923,Salt,0.789,0.175,0.274,5.0,150.03,synthetic_geological_survey
8924,Mine_08924,Salt,0.9,0.2,0.556,1.47,180.45,synthetic_geological_survey
8925,Mine_08925,Marble,0.668,0.312,0.618,2.84,125.96,synthetic_geological_survey
8926,Mine_08926,Sand,0.24,0.641,0.68,2.95,90.41,synthetic_geological_survey
8927,Mine_08927,Salt,0.798,0.177,0.444,4.91,163.38,synthetic_geological_survey
8928,Mine_08928,Limestone,0.629,0.524,0.616,1.42,160.85,synthetic_geological_survey
8929,Mine_08929,Marble,0.73,0.341,0.574,4.75,96.43,synthetic_geological_survey
8930,Mine_08930,Sandstone,0.525,0.63,0.428,4.51,194.78,synthetic_geological_survey
8931,Mine_08931,Iron Ore,0.699,0.399,0.429,1.01,193.54,synthetic_geological_survey
8932,Mine_08932,Granite,0.691,0.259,0.756,2.65,147.63,synthetic_geological_survey
8933,Mine_08933,Limestone,0.566,0.471,0.264,4.82,163.87,synthetic_geological_survey
8934,Mine_08934,Salt,0.83,0.184,0.254,0.68,32.09,synthetic_geological_survey
8935,Mine_08935,Granite,0.778,0.292,0.762,4.67,27.91,synthetic_geological_survey
8936,Mine_08936,Sandstone,0.496,0.595,0.544,4.94,60.17,synthetic_geological_survey
8937,Mine_08937,Salt,1.06,0.236,0.481,2.51,66.49,synthetic_geological_survey
8938,Mine_08938,Sandstone,0.506,0.607,0.277,1.18,143.36,synthetic_geological_survey
8939,Mine_08939,Marble,0.871,0.406,0.794,1.55,142.58,synthetic_geological_survey
8940,Mine_08940,Limestone,0.556,0.463,0.434,1.95,135.49,synthetic_geological_survey
8941,Mine_08941,Silica Sand,0.341,0.597,0.249,3.84,101.76,synthetic_geological_survey
8942,Mine_08942,Sandstone,0.483,0.58,0.731,1.21,175.75,synthetic_geological_survey
8943,Mine_08943,Limestone,0.577,0.481,0.722,3.18,25.02,synthetic_geological_survey
8944,Mine_08944,Iron Ore,0.764,0.437,0.33,1.16,155.88,synthetic_geological_survey
8945,Mine_08945,Salt,1.029,0.229,0.791,1.1,111.6,synthetic_geological_survey
8946,Mine_08946,Sand,0.293,0.78,0.438,2.12,30.25,synthetic_geological_survey
8947,Mine_08947,Sand,0.321,0.857,0.694,1.35,173.45,synthetic_geological_survey
8948,Mine_08948,Iron Ore,0.786,0.449,0.287,2.78,36.16,synthetic_geological_survey
8949,Mine_08949,Silica Sand,0.342,0.599,0.309,4.81,185.11,synthetic_geological_survey
8950,Mine_08950,Silica Sand,0.36,0.63,0.654,1.72,86.21,synthetic_geological_survey
8951,Mine_08951,Limestone,0.512,0.426,0.294,2.05,130.38,synthetic_geological_survey
8952,Mine_08952,Marble,0.635,0.296,0.756,1.25,71.2,synthetic_geological_survey
8953,Mine_08953,Limestone,0.524,0.437,0.51,3.1,34.87,synthetic_geological_survey
8954,Mine_08954,Salt,1.042,0.231,0.575,2.41,144.81,synthetic_geological_survey
8955,Mine_08955,Sandstone,0.547,0.657,0.285,4.09,74.71,synthetic_geological_survey
8956,Mine_08956,Limestone,0.719,0.599,0.454,1.26,104.91,synthetic_geological_survey
8957,Mine_08957,Sandstone,0.493,0.592,0.332,3.19,159.76,synthetic_geological_survey
8958,Mine_08958,Granite,0.817,0.307,0.438,1.2,53.89,synthetic_geological_survey
8959,Mine_08959,Limestone,0.602,0.502,0.581,2.29,186.7,synthetic_geological_survey
8960,Mine_08960,Salt,0.937,0.208,0.516,2.5,176.25,synthetic_geological_survey
8961,Mine_08961,Iron Ore,0.721,0.412,0.701,2.49,56.19,synthetic_geological_survey
8962,Mine_08962,Iron Ore,0.625,0.357,0.398,3.94,81.19,synthetic_geological_survey
8963,Mine_08963,Sandstone,0.451,0.541,0.648,1.16,76.59,synthetic_geological_survey
8964,Mine_08964,Granite,0.938,0.352,0.521,1.38,50.22,synthetic_geological_survey
8965,Mine_08965,Silica Sand,0.424,0.741,0.765,0.96,154.65,synthetic_geological_survey
8966,Mine_08966,Marble,0.702,0.328,0.384,4.31,182.46,synthetic_geological_survey
8967,Mine_08967,Iron Ore,0.757,0.433,0.63,3.4,94.08,synthetic_geological_survey
8968,Mine_08968,Granite,0.731,0.274,0.718,2.38,183.63,synthetic_geological_survey
8969,Mine_08969,Limestone,0.673,0.561,0.678,1.61,29.42,synthetic_geological_survey
8970,Mine_08970,Salt,1.023,0.227,0.726,1.34,72.99,synthetic_geological_survey
8971,Mine_08971,Salt,0.753,0.167,0.483,1.35,54.39,synthetic_geological_survey
8972,Mine_08972,Silica Sand,0.467,0.817,0.272,4.43,72.69,synthetic_geological_survey
8973,Mine_08973,Sandstone,0.403,0.484,0.43,4.99,44.97,synthetic_geological_survey
8974,Mine_08974,Granite,0.901,0.338,0.351,1.87,193.78,synthetic_geological_survey
8975,Mine_08975,Granite,0.695,0.261,0.304,3.88,152.79,synthetic_geological_survey
8976,Mine_08976,Limestone,0.538,0.448,0.512,1.05,153.04,synthetic_geological_survey
8977,Mine_08977,Sand,0.244,0.651,0.335,2.6,85.41,synthetic_geological_survey
8978,Mine_08978,Sandstone,0.548,0.658,0.366,1.84,140.74,synthetic_geological_survey
8979,Mine_08979,Silica Sand,0.404,0.707,0.414,4.23,159.09,synthetic_geological_survey
8980,Mine_08980,Iron Ore,0.575,0.328,0.701,2.37,22.85,synthetic_geological_survey
8981,Mine_08981,Silica Sand,0.335,0.585,0.767,3.35,87.3,synthetic_geological_survey
8982,Mine_08982,Sandstone,0.537,0.645,0.643,1.38,44.97,synthetic_geological_survey
8983,Mine_08983,Iron Ore,0.748,0.428,0.558,1.14,109.1,synthetic_geological_survey
8984,Mine_08984,Silica Sand,0.342,0.599,0.374,3.53,70.34,synthetic_geological_survey
8985,Mine_08985,Salt,0.747,0.166,0.571,3.22,129.9,synthetic_geological_survey
8986,Mine_08986,Iron Ore,0.832,0.476,0.287,1.65,89.52,synthetic_geological_survey
8987,Mine_08987,Silica Sand,0.455,0.796,0.203,1.35,38.64,synthetic_geological_survey
8988,Mine_08988,Silica Sand,0.453,0.793,0.361,4.7,26.11,synthetic_geological_survey
8989,Mine_08989,Iron Ore,0.624,0.356,0.537,3.27,154.14,synthetic_geological_survey
8990,Mine_08990,Sand,0.258,0.687,0.492,1.15,108.86,synthetic_geological_survey
8991,Mine_08991,Sandstone,0.446,0.535,0.247,3.71,62.46,synthetic_geological_survey
8992,Mine_08992,Limestone,0.699,0.582,0.539,4.53,170.77,synthetic_geological_survey
8993,Mine_08993,Sand,0.313,0.835,0.686,2.12,171.54,synthetic_geological_survey
8994,Mine_08994,Silica Sand,0.42,0.736,0.35,3.88,148.01,synthetic_geological_survey
8995,Mine_08995,Marble,0.773,0.361,0.692,4.11,192.83,synthetic_geological_survey
8996,Mine_08996,Silica Sand,0.409,0.716,0.218,0.61,137.91,synthetic_geological_survey
8997,Mine_08997,Sandstone,0.455,0.546,0.382,3.74,131.92,synthetic_geological_survey
8998,Mine_08998,Iron Ore,0.598,0.341,0.607,1.64,73.27,synthetic_geological_survey
8999,Mine_08999,Sand,0.288,0.769,0.265,3.34,148.38,synthetic_geological_survey
9000,Mine_09000,Marble,0.87,0.406,0.511,4.97,181.95,synthetic_geological_survey
9001,Mine_09001,Sand,0.28,0.747,0.227,3.33,20.9,synthetic_geological_survey
9002,Mine_09002,Silica Sand,0.428,0.749,0.659,3.27,82.36,synthetic_geological_survey
9003,Mine_09003,Salt,1.078,0.24,0.384,4.65,153.92,synthetic_geological_survey
9004,Mine_09004,Sandstone,0.53,0.636,0.38,2.96,27.83,synthetic_geological_survey
9005,Mine_09005,Granite,0.655,0.246,0.769,2.01,133.93,synthetic_geological_survey
9006,Mine_09006,Silica Sand,0.417,0.729,0.34,1.65,95.4,synthetic_geological_survey
9007,Mine_09007,Silica Sand,0.358,0.627,0.738,0.99,50.43,synthetic_geological_survey
9008,Mine_09008,Limestone,0.621,0.517,0.686,1.61,191.17,synthetic_geological_survey
9009,Mine_09009,Granite,0.89,0.334,0.716,4.36,41.05,synthetic_geological_survey
9010,Mine_09010,Granite,0.654,0.245,0.59,0.68,63.4,synthetic_geological_survey
9011,Mine_09011,Salt,0.798,0.177,0.265,1.68,117.69,synthetic_geological_survey
9012,Mine_09012,Granite,0.775,0.291,0.742,1.26,145.68,synthetic_geological_survey
9013,Mine_09013,Granite,0.906,0.34,0.412,0.76,183.14,synthetic_geological_survey
9014,Mine_09014,Sandstone,0.558,0.67,0.515,1.32,191.55,synthetic_geological_survey
9015,Mine_09015,Sandstone,0.592,0.71,0.446,2.17,197.24,synthetic_geological_survey
9016,Mine_09016,Salt,0.864,0.192,0.759,0.73,99.25,synthetic_geological_survey
9017,Mine_09017,Granite,0.826,0.31,0.603,4.63,47.29,synthetic_geological_survey
9018,Mine_09018,Sandstone,0.42,0.504,0.264,3.56,37.75,synthetic_geological_survey
9019,Mine_09019,Silica Sand,0.439,0.768,0.25,2.15,139.1,synthetic_geological_survey
9020,Mine_09020,Sand,0.345,0.92,0.719,1.24,78.97,synthetic_geological_survey
9021,Mine_09021,Salt,0.997,0.222,0.705,0.88,149.3,synthetic_geological_survey
9022,Mine_09022,Salt,0.767,0.17,0.388,2.88,23.94,synthetic_geological_survey
9023,Mine_09023,Sandstone,0.538,0.646,0.666,2.12,129.18,synthetic_geological_survey
9024,Mine_09024,Salt,0.792,0.176,0.426,4.52,79.58,synthetic_geological_survey
9025,Mine_09025,Sandstone,0.404,0.485,0.317,2.0,191.56,synthetic_geological_survey
9026,Mine_09026,Sandstone,0.583,0.7,0.505,4.44,38.4,synthetic_geological_survey
9027,Mine_09027,Iron Ore,0.786,0.449,0.53,3.57,183.73,synthetic_geological_survey
9028,Mine_09028,Sandstone,0.406,0.488,0.62,2.36,21.97,synthetic_geological_survey
9029,Mine_09029,Marble,0.669,0.312,0.645,3.24,30.87,synthetic_geological_survey
9030,Mine_09030,Silica Sand,0.375,0.656,0.544,0.76,96.29,synthetic_geological_survey
9031,Mine_09031,Granite,0.79,0.296,0.735,0.96,177.52,synthetic_geological_survey
9032,Mine_09032,Salt,0.8,0.178,0.707,0.76,88.27,synthetic_geological_survey
9033,Mine_09033,Marble,0.645,0.301,0.519,3.49,174.6,synthetic_geological_survey
9034,Mine_09034,Limestone,0.612,0.51,0.359,3.01,105.74,synthetic_geological_survey
9035,Mine_09035,Limestone,0.613,0.511,0.281,4.85,128.45,synthetic_geological_survey
9036,Mine_09036,Granite,0.936,0.351,0.759,3.86,197.03,synthetic_geological_survey
9037,Mine_09037,Marble,0.892,0.416,0.779,4.65,41.31,synthetic_geological_survey
9038,Mine_09038,Marble,0.745,0.348,0.652,0.94,100.64,synthetic_geological_survey
9039,Mine_09039,Sand,0.278,0.742,0.796,2.47,147.22,synthetic_geological_survey
9040,Mine_09040,Marble,0.837,0.391,0.479,1.51,55.95,synthetic_geological_survey
9041,Mine_09041,Salt,1.031,0.229,0.606,3.26,185.86,synthetic_geological_survey
9042,Mine_09042,Marble,0.602,0.281,0.756,4.35,197.41,synthetic_geological_survey
9043,Mine_09043,Granite,0.79,0.296,0.226,4.53,46.02,synthetic_geological_survey
9044,Mine_09044,Marble,0.696,0.325,0.441,1.45,21.51,synthetic_geological_survey
9045,Mine_09045,Granite,0.943,0.354,0.337,4.74,122.04,synthetic_geological_survey
9046,Mine_09046,Granite,0.686,0.257,0.454,1.02,42.61,synthetic_geological_survey
9047,Mine_09047,Sandstone,0.542,0.65,0.62,0.56,122.93,synthetic_geological_survey
9048,Mine_09048,Sand,0.267,0.712,0.627,2.01,135.87,synthetic_geological_survey
9049,Mine_09049,Marble,0.625,0.292,0.421,1.35,165.37,synthetic_geological_survey
9050,Mine_09050,Marble,0.751,0.35,0.492,0.89,43.66,synthetic_geological_survey
9051,Mine_09051,Limestone,0.585,0.488,0.734,2.03,60.94,synthetic_geological_survey
9052,Mine_09052,Silica Sand,0.424,0.742,0.794,0.92,56.61,synthetic_geological_survey
9053,Mine_09053,Iron Ore,0.778,0.445,0.695,3.15,183.31,synthetic_geological_survey
9054,Mine_09054,Limestone,0.715,0.596,0.21,4.74,30.43,synthetic_geological_survey
9055,Mine_09055,Granite,0.684,0.257,0.24,4.11,110.37,synthetic_geological_survey
9056,Mine_09056,Limestone,0.672,0.56,0.796,3.81,116.24,synthetic_geological_survey
9057,Mine_09057,Iron Ore,0.572,0.327,0.482,1.98,84.71,synthetic_geological_survey
9058,Mine_09058,Granite,0.677,0.254,0.477,1.16,145.67,synthetic_geological_survey
9059,Mine_09059,Sand,0.275,0.734,0.379,3.09,173.53,synthetic_geological_survey
9060,Mine_09060,Marble,0.68,0.318,0.276,2.73,58.37,synthetic_geological_survey
9061,Mine_09061,Marble,0.613,0.286,0.376,4.02,71.03,synthetic_geological_survey
9062,Mine_09062,Sand,0.309,0.824,0.225,3.71,29.2,synthetic_geological_survey
9063,Mine_09063,Marble,0.616,0.287,0.636,1.36,124.11,synthetic_geological_survey
9064,Mine_09064,Silica Sand,0.365,0.639,0.576,1.11,58.73,synthetic_geological_survey
9065,Mine_09065,Silica Sand,0.36,0.63,0.619,3.03,195.96,synthetic_geological_survey
9066,Mine_09066,Sand,0.261,0.697,0.584,3.85,160.31,synthetic_geological_survey
9067,Mine_09067,Silica Sand,0.405,0.709,0.557,1.38,60.5,synthetic_geological_survey
9068,Mine_09068,Salt,0.801,0.178,0.575,1.06,120.56,synthetic_geological_survey
9069,Mine_09069,Silica Sand,0.428,0.749,0.341,2.24,148.84,synthetic_geological_survey
9070,Mine_09070,Sandstone,0.47,0.564,0.58,1.38,83.71,synthetic_geological_survey
9071,Mine_09071,Limestone,0.594,0.495,0.74,2.74,40.07,synthetic_geological_survey
9072,Mine_09072,Salt,0.978,0.217,0.792,2.54,57.52,synthetic_geological_survey
9073,Mine_09073,Iron Ore,0.643,0.367,0.739,4.78,37.18,synthetic_geological_survey
9074,Mine_09074,Silica Sand,0.454,0.795,0.47,1.3,68.73,synthetic_geological_survey
9075,Mine_09075,Silica Sand,0.473,0.829,0.343,0.58,100.68,synthetic_geological_survey
9076,Mine_09076,Salt,0.806,0.179,0.425,2.94,87.78,synthetic_geological_survey
9077,Mine_09077,Marble,0.801,0.374,0.251,0.86,95.15,synthetic_geological_survey
9078,Mine_09078,Marble,0.798,0.372,0.586,4.43,149.26,synthetic_geological_survey
9079,Mine_09079,Iron Ore,0.812,0.464,0.224,2.57,194.76,synthetic_geological_survey
9080,Mine_09080,Marble,0.616,0.288,0.339,2.99,198.32,synthetic_geological_survey
9081,Mine_09081,Limestone,0.559,0.465,0.293,4.49,148.77,synthetic_geological_survey
9082,Mine_09082,Salt,0.735,0.163,0.287,4.61,178.46,synthetic_geological_survey
9083,Mine_09083,Sand,0.338,0.902,0.449,2.68,164.3,synthetic_geological_survey
9084,Mine_09084,Sandstone,0.58,0.696,0.431,2.45,120.85,synthetic_geological_survey
9085,Mine_09085,Salt,0.759,0.169,0.58,2.4,89.49,synthetic_geological_survey
9086,Mine_09086,Sandstone,0.594,0.713,0.203,0.82,169.24,synthetic_geological_survey
9087,Mine_09087,Marble,0.734,0.343,0.475,3.4,151.56,synthetic_geological_survey
9088,Mine_09088,Granite,0.885,0.332,0.304,3.49,78.56,synthetic_geological_survey
9089,Mine_09089,Iron Ore,0.705,0.403,0.418,1.7,182.48,synthetic_geological_survey
9090,Mine_09090,Iron Ore,0.707,0.404,0.436,1.08,127.15,synthetic_geological_survey
9091,Mine_09091,Marble,0.796,0.371,0.347,3.89,57.53,synthetic_geological_survey
9092,Mine_09092,Silica Sand,0.435,0.761,0.755,0.8,76.61,synthetic_geological_survey
9093,Mine_09093,Salt,0.987,0.219,0.383,3.91,115.23,synthetic_geological_survey
9094,Mine_09094,Salt,0.796,0.177,0.746,1.48,98.13,synthetic_geological_survey
9095,Mine_09095,Sandstone,0.566,0.679,0.48,2.87,71.36,synthetic_geological_survey
9096,Mine_09096,Salt,0.746,0.166,0.426,2.09,159.29,synthetic_geological_survey
9097,Mine_09097,Granite,0.952,0.357,0.618,1.46,90.78,synthetic_geological_survey
9098,Mine_09098,Sandstone,0.588,0.705,0.77,0.82,87.62,synthetic_geological_survey
9099,Mine_09099,Silica Sand,0.352,0.617,0.315,2.9,64.42,synthetic_geological_survey
9100,Mine_09100,Iron Ore,0.695,0.397,0.625,2.35,170.32,synthetic_geological_survey
9101,Mine_09101,Iron Ore,0.631,0.36,0.713,2.37,93.99,synthetic_geological_survey
9102,Mine_09102,Limestone,0.613,0.51,0.582,0.6,61.99,synthetic_geological_survey
9103,Mine_09103,Sandstone,0.599,0.719,0.302,2.44,33.24,synthetic_geological_survey
9104,Mine_09104,Sand,0.268,0.715,0.639,3.44,117.36,synthetic_geological_survey
9105,Mine_09105,Sandstone,0.443,0.532,0.6,2.86,75.1,synthetic_geological_survey
9106,Mine_09106,Granite,0.934,0.35,0.22,4.99,27.3,synthetic_geological_survey
9107,Mine_09107,Limestone,0.5,0.417,0.521,4.83,147.37,synthetic_geological_survey
9108,Mine_09108,Salt,0.944,0.21,0.708,1.39,73.46,synthetic_geological_survey
9109,Mine_09109,Sandstone,0.499,0.599,0.251,2.79,105.67,synthetic_geological_survey
9110,Mine_09110,Marble,0.655,0.306,0.646,4.88,135.52,synthetic_geological_survey
9111,Mine_09111,Sand,0.358,0.955,0.574,0.87,158.29,synthetic_geological_survey
9112,Mine_09112,Limestone,0.682,0.568,0.442,3.83,59.52,synthetic_geological_survey
9113,Mine_09113,Granite,0.69,0.259,0.289,1.94,183.42,synthetic_geological_survey
9114,Mine_09114,Silica Sand,0.477,0.835,0.508,2.76,174.22,synthetic_geological_survey
9115,Mine_09115,Sand,0.352,0.938,0.327,1.93,37.83,synthetic_geological_survey
9116,Mine_09116,Granite,0.914,0.343,0.234,3.87,70.1,synthetic_geological_survey
9117,Mine_09117,Silica Sand,0.326,0.57,0.447,3.69,125.46,synthetic_geological_survey
9118,Mine_09118,Silica Sand,0.425,0.743,0.629,1.32,143.37,synthetic_geological_survey
9119,Mine_09119,Sand,0.292,0.779,0.402,0.55,91.62,synthetic_geological_survey
9120,Mine_09120,Sandstone,0.477,0.573,0.514,0.91,77.55,synthetic_geological_survey
9121,Mine_09121,Limestone,0.648,0.54,0.443,1.62,29.92,synthetic_geological_survey
9122,Mine_09122,Sand,0.283,0.755,0.573,3.57,54.44,synthetic_geological_survey
9123,Mine_09123,Marble,0.779,0.363,0.41,4.63,100.16,synthetic_geological_survey
9124,Mine_09124,Silica Sand,0.371,0.649,0.361,1.13,137.03,synthetic_geological_survey
9125,Mine_09125,Iron Ore,0.745,0.426,0.355,3.04,77.53,synthetic_geological_survey
9126,Mine_09126,Salt,1.02,0.227,0.794,2.85,103.88,synthetic_geological_survey
9127,Mine_09127,Granite,0.758,0.284,0.792,2.08,56.03,synthetic_geological_survey
9128,Mine_09128,Limestone,0.502,0.418,0.273,3.72,78.77,synthetic_geological_survey
9129,Mine_09129,Salt,1.065,0.237,0.475,0.96,195.14,synthetic_geological_survey
9130,Mine_09130,Marble,0.634,0.296,0.485,0.53,47.75,synthetic_geological_survey
9131,Mine_09131,Granite,0.943,0.354,0.656,0.54,75.81,synthetic_geological_survey
9132,Mine_09132,Silica Sand,0.351,0.614,0.79,1.92,90.06,synthetic_geological_survey
9133,Mine_09133,Sandstone,0.463,0.556,0.376,4.18,112.52,synthetic_geological_survey
9134,Mine_09134,Limestone,0.567,0.472,0.402,2.52,21.74,synthetic_geological_survey
9135,Mine_09135,Salt,0.991,0.22,0.299,1.21,87.46,synthetic_geological_survey
9136,Mine_09136,Granite,0.703,0.264,0.48,1.99,111.86,synthetic_geological_survey
9137,Mine_09137,Silica Sand,0.326,0.57,0.767,4.82,194.67,synthetic_geological_survey
9138,Mine_09138,Iron Ore,0.822,0.47,0.352,3.04,79.54,synthetic_geological_survey
9139,Mine_09139,Sand,0.359,0.957,0.554,2.88,129.86,synthetic_geological_survey
9140,Mine_09140,Granite,0.867,0.325,0.734,2.31,184.76,synthetic_geological_survey
9141,Mine_09141,Salt,1.034,0.23,0.416,4.29,182.42,synthetic_geological_survey
9142,Mine_09142,Marble,0.748,0.349,0.365,1.65,62.02,synthetic_geological_survey
9143,Mine_09143,Sand,0.265,0.707,0.726,1.93,20.9,synthetic_geological_survey
9144,Mine_09144,Limestone,0.534,0.445,0.526,3.91,56.7,synthetic_geological_survey
9145,Mine_09145,Sandstone,0.475,0.57,0.397,1.06,194.64,synthetic_geological_survey
9146,Mine_09146,Salt,0.808,0.179,0.265,2.17,167.04,synthetic_geological_survey
9147,Mine_09147,Silica Sand,0.415,0.726,0.209,3.99,168.75,synthetic_geological_survey
9148,Mine_09148,Iron Ore,0.728,0.416,0.425,3.41,26.22,synthetic_geological_survey
9149,Mine_09149,Limestone,0.697,0.581,0.283,3.05,169.25,synthetic_geological_survey
9150,Mine_09150,Sandstone,0.561,0.673,0.672,1.55,49.18,synthetic_geological_survey
9151,Mine_09151,Sand,0.243,0.647,0.588,0.69,21.39,synthetic_geological_survey
9152,Mine_09152,Sandstone,0.513,0.615,0.33,3.18,168.79,synthetic_geological_survey
9153,Mine_09153,Sandstone,0.493,0.591,0.588,0.82,192.94,synthetic_geological_survey
9154,Mine_09154,Limestone,0.588,0.49,0.384,4.01,174.64,synthetic_geological_survey
9155,Mine_09155,Sand,0.263,0.702,0.229,1.81,157.53,synthetic_geological_survey
9156,Mine_09156,Salt,0.811,0.18,0.581,4.27,93.98,synthetic_geological_survey
9157,Mine_09157,Salt,0.92,0.205,0.223,3.97,80.9,synthetic_geological_survey
9158,Mine_09158,Limestone,0.638,0.532,0.538,2.51,147.06,synthetic_geological_survey
9159,Mine_09159,Iron Ore,0.747,0.427,0.678,1.57,177.26,synthetic_geological_survey
9160,Mine_09160,Marble,0.65,0.303,0.603,4.81,66.11,synthetic_geological_survey
9161,Mine_09161,Granite,0.667,0.25,0.631,1.04,115.9,synthetic_geological_survey
9162,Mine_09162,Sand,0.268,0.714,0.715,4.64,143.43,synthetic_geological_survey
9163,Mine_09163,Marble,0.621,0.29,0.24,2.96,171.43,synthetic_geological_survey
9164,Mine_09164,Iron Ore,0.671,0.384,0.262,1.36,177.74,synthetic_geological_survey
9165,Mine_09165,Limestone,0.511,0.426,0.464,2.71,29.97,synthetic_geological_survey
9166,Mine_09166,Limestone,0.559,0.465,0.403,3.45,56.09,synthetic_geological_survey
9167,Mine_09167,Sandstone,0.494,0.593,0.565,4.0,44.36,synthetic_geological_survey
9168,Mine_09168,Sandstone,0.484,0.581,0.318,4.81,197.09,synthetic_geological_survey
9169,Mine_09169,Limestone,0.663,0.552,0.489,2.16,22.19,synthetic_geological_survey
9170,Mine_09170,Iron Ore,0.654,0.374,0.449,4.4,59.75,synthetic_geological_survey
9171,Mine_09171,Iron Ore,0.75,0.429,0.253,3.71,93.45,synthetic_geological_survey
9172,Mine_09172,Sand,0.345,0.92,0.635,3.31,26.36,synthetic_geological_survey
9173,Mine_09173,Sand,0.346,0.922,0.706,4.49,37.34,synthetic_geological_survey
9174,Mine_09174,Silica Sand,0.464,0.811,0.211,3.71,67.83,synthetic_geological_survey
9175,Mine_09175,Sandstone,0.498,0.598,0.692,1.44,96.34,synthetic_geological_survey
9176,Mine_09176,Limestone,0.691,0.576,0.719,2.78,147.15,synthetic_geological_survey
9177,Mine_09177,Granite,0.813,0.305,0.345,2.71,110.35,synthetic_geological_survey
9178,Mine_09178,Limestone,0.678,0.565,0.298,1.98,197.09,synthetic_geological_survey
9179,Mine_09179,Granite,0.664,0.249,0.205,1.83,86.49,synthetic_geological_survey
9180,Mine_09180,Sand,0.256,0.682,0.276,4.43,80.74,synthetic_geological_survey
9181,Mine_09181,Marble,0.865,0.404,0.711,2.21,125.36,synthetic_geological_survey
9182,Mine_09182,Sandstone,0.446,0.535,0.78,3.39,155.61,synthetic_geological_survey
9183,Mine_09183,Granite,0.768,0.288,0.765,1.48,94.26,synthetic_geological_survey
9184,Mine_09184,Sandstone,0.496,0.595,0.344,3.92,102.53,synthetic_geological_survey
9185,Mine_09185,Sand,0.291,0.776,0.53,2.95,142.77,synthetic_geological_survey
9186,Mine_09186,Sandstone,0.564,0.676,0.486,3.55,142.33,synthetic_geological_survey
9187,Mine_09187,Limestone,0.622,0.518,0.612,2.35,43.88,synthetic_geological_survey
9188,Mine_09188,Marble,0.874,0.408,0.445,4.72,169.03,synthetic_geological_survey
9189,Mine_09189,Silica Sand,0.345,0.603,0.245,2.41,139.38,synthetic_geological_survey
9190,Mine_09190,Granite,0.642,0.241,0.5,1.27,148.06,synthetic_geological_survey
9191,Mine_09191,Iron Ore,0.795,0.454,0.54,4.62,154.3,synthetic_geological_survey
9192,Mine_09192,Sand,0.291,0.776,0.493,2.26,28.23,synthetic_geological_survey
9193,Mine_09193,Salt,0.728,0.162,0.21,2.64,196.53,synthetic_geological_survey
9194,Mine_09194,Silica Sand,0.441,0.772,0.617,1.26,129.78,synthetic_geological_survey
9195,Mine_09195,Marble,0.893,0.417,0.454,1.48,28.75,synthetic_geological_survey
9196,Mine_09196,Iron Ore,0.789,0.451,0.333,2.82,160.63,synthetic_geological_survey
9197,Mine_09197,Granite,0.69,0.259,0.686,1.54,85.12,synthetic_geological_survey
9198,Mine_09198,Salt,0.808,0.18,0.286,2.46,103.75,synthetic_geological_survey
9199,Mine_09199,Salt,0.849,0.189,0.748,4.49,150.74,synthetic_geological_survey
9200,Mine_09200,Limestone,0.508,0.424,0.552,3.18,157.58,synthetic_geological_survey
9201,Mine_09201,Limestone,0.609,0.508,0.465,2.6,110.84,synthetic_geological_survey
9202,Mine_09202,Sandstone,0.455,0.546,0.392,4.08,123.16,synthetic_geological_survey
9203,Mine_09203,Salt,0.872,0.194,0.498,0.92,166.94,synthetic_geological_survey
9204,Mine_09204,Marble,0.783,0.365,0.234,0.83,195.2,synthetic_geological_survey
9205,Mine_09205,Iron Ore,0.641,0.366,0.424,3.36,21.6,synthetic_geological_survey
9206,Mine_09206,Granite,0.955,0.358,0.597,3.74,188.26,synthetic_geological_survey
9207,Mine_09207,Limestone,0.492,0.41,0.457,3.51,167.23,synthetic_geological_survey
9208,Mine_09208,Iron Ore,0.697,0.399,0.203,0.78,90.95,synthetic_geological_survey
9209,Mine_09209,Iron Ore,0.784,0.448,0.433,4.69,72.29,synthetic_geological_survey
9210,Mine_09210,Silica Sand,0.36,0.63,0.467,0.9,98.97,synthetic_geological_survey
9211,Mine_09211,Salt,0.91,0.202,0.217,0.77,114.27,synthetic_geological_survey
9212,Mine_09212,Marble,0.748,0.349,0.419,1.99,29.85,synthetic_geological_survey
9213,Mine_09213,Sand,0.3,0.8,0.644,1.74,106.31,synthetic_geological_survey
9214,Mine_09214,Sand,0.296,0.791,0.337,1.04,109.57,synthetic_geological_survey
9215,Mine_09215,Salt,0.845,0.188,0.697,2.54,188.8,synthetic_geological_survey
9216,Mine_09216,Sandstone,0.545,0.654,0.471,4.91,118.86,synthetic_geological_survey
9217,Mine_09217,Salt,0.844,0.187,0.206,3.57,115.24,synthetic_geological_survey
9218,Mine_09218,Limestone,0.518,0.432,0.678,1.37,67.44,synthetic_geological_survey
9219,Mine_09219,Granite,0.758,0.284,0.298,1.75,199.48,synthetic_geological_survey
9220,Mine_09220,Silica Sand,0.372,0.65,0.585,0.68,68.38,synthetic_geological_survey
9221,Mine_09221,Granite,0.863,0.324,0.613,4.0,44.42,synthetic_geological_survey
9222,Mine_09222,Silica Sand,0.461,0.807,0.522,4.28,83.51,synthetic_geological_survey
9223,Mine_09223,Limestone,0.694,0.578,0.353,2.67,177.85,synthetic_geological_survey
9224,Mine_09224,Sandstone,0.482,0.579,0.391,1.52,32.91,synthetic_geological_survey
9225,Mine_09225,Granite,0.916,0.343,0.475,0.93,176.3,synthetic_geological_survey
9226,Mine_09226,Sand,0.335,0.893,0.636,2.18,187.42,synthetic_geological_survey
9227,Mine_09227,Limestone,0.499,0.416,0.583,4.8,147.16,synthetic_geological_survey
9228,Mine_09228,Salt,0.751,0.167,0.259,2.86,58.72,synthetic_geological_survey
9229,Mine_09229,Silica Sand,0.331,0.58,0.481,2.95,50.53,synthetic_geological_survey
9230,Mine_09230,Marble,0.744,0.347,0.773,4.17,158.86,synthetic_geological_survey
9231,Mine_09231,Granite,0.867,0.325,0.301,4.01,24.76,synthetic_geological_survey
9232,Mine_09232,Silica Sand,0.463,0.811,0.336,4.12,196.48,synthetic_geological_survey
9233,Mine_09233,Iron Ore,0.618,0.353,0.534,4.29,68.3,synthetic_geological_survey
9234,Mine_09234,Salt,0.959,0.213,0.49,1.2,198.43,synthetic_geological_survey
9235,Mine_09235,Sand,0.273,0.727,0.253,1.29,90.47,synthetic_geological_survey
9236,Mine_09236,Sand,0.263,0.702,0.586,4.76,85.52,synthetic_geological_survey
9237,Mine_09237,Sand,0.331,0.884,0.758,2.77,28.45,synthetic_geological_survey
9238,Mine_09238,Sand,0.298,0.794,0.778,3.38,156.49,synthetic_geological_survey
9239,Mine_09239,Granite,0.852,0.319,0.215,1.69,179.12,synthetic_geological_survey
9240,Mine_09240,Iron Ore,0.716,0.409,0.393,4.74,111.1,synthetic_geological_survey
9241,Mine_09241,Salt,0.861,0.191,0.788,4.49,186.58,synthetic_geological_survey
9242,Mine_09242,Granite,0.812,0.304,0.703,4.82,111.25,synthetic_geological_survey
9243,Mine_09243,Marble,0.82,0.383,0.512,3.1,66.97,synthetic_geological_survey
9244,Mine_09244,Iron Ore,0.788,0.45,0.601,4.5,43.34,synthetic_geological_survey
9245,Mine_09245,Iron Ore,0.646,0.369,0.597,3.25,190.78,synthetic_geological_survey
9246,Mine_09246,Silica Sand,0.378,0.661,0.747,2.19,149.78,synthetic_geological_survey
9247,Mine_09247,Iron Ore,0.599,0.342,0.566,4.49,171.83,synthetic_geological_survey
9248,Mine_09248,Sandstone,0.497,0.597,0.267,0.56,167.79,synthetic_geological_survey
9249,Mine_09249,Marble,0.753,0.351,0.665,1.97,63.09,synthetic_geological_survey
9250,Mine_09250,Sandstone,0.454,0.545,0.46,2.59,58.64,synthetic_geological_survey
9251,Mine_09251,Limestone,0.615,0.512,0.447,3.96,119.51,synthetic_geological_survey
9252,Mine_09252,Granite,0.708,0.265,0.39,0.77,182.92,synthetic_geological_survey
9253,Mine_09253,Marble,0.664,0.31,0.79,2.72,183.19,synthetic_geological_survey
9254,Mine_09254,Granite,0.722,0.271,0.433,2.67,108.3,synthetic_geological_survey
9255,Mine_09255,Salt,0.935,0.208,0.693,4.46,24.05,synthetic_geological_survey
9256,Mine_09256,Sand,0.322,0.858,0.216,4.74,65.76,synthetic_geological_survey
9257,Mine_09257,Sand,0.322,0.859,0.573,1.78,149.81,synthetic_geological_survey
9258,Mine_09258,Limestone,0.547,0.456,0.425,4.08,60.34,synthetic_geological_survey
9259,Mine_09259,Salt,0.91,0.202,0.505,0.61,179.55,synthetic_geological_survey
9260,Mine_09260,Iron Ore,0.591,0.338,0.461,1.38,75.57,synthetic_geological_survey
9261,Mine_09261,Sandstone,0.488,0.586,0.433,5.0,27.45,synthetic_geological_survey
9262,Mine_09262,Iron Ore,0.762,0.435,0.432,2.93,58.7,synthetic_geological_survey
9263,Mine_09263,Silica Sand,0.433,0.759,0.395,3.79,82.98,synthetic_geological_survey
9264,Mine_09264,Sandstone,0.558,0.669,0.712,1.8,20.03,synthetic_geological_survey
9265,Mine_09265,Limestone,0.68,0.567,0.49,2.23,110.85,synthetic_geological_survey
9266,Mine_09266,Granite,0.936,0.351,0.475,0.75,198.85,synthetic_geological_survey
9267,Mine_09267,Granite,0.644,0.241,0.651,4.7,70.07,synthetic_geological_survey
9268,Mine_09268,Iron Ore,0.698,0.399,0.726,4.95,132.62,synthetic_geological_survey
9269,Mine_09269,Marble,0.772,0.36,0.245,0.61,103.83,synthetic_geological_survey
9270,Mine_09270,Marble,0.716,0.334,0.226,1.63,140.16,synthetic_geological_survey
9271,Mine_09271,Salt,0.832,0.185,0.643,0.71,25.01,synthetic_geological_survey
9272,Mine_09272,Marble,0.758,0.354,0.316,4.67,77.42,synthetic_geological_survey
9273,Mine_09273,Granite,0.711,0.266,0.404,1.48,135.71,synthetic_geological_survey
9274,Mine_09274,Silica Sand,0.476,0.832,0.579,2.02,110.97,synthetic_geological_survey
9275,Mine_09275,Limestone,0.625,0.521,0.203,3.39,183.48,synthetic_geological_survey
9276,Mine_09276,Granite,0.683,0.256,0.484,0.56,36.53,synthetic_geological_survey
9277,Mine_09277,Sandstone,0.446,0.535,0.416,4.77,80.33,synthetic_geological_survey
9278,Mine_09278,Marble,0.646,0.302,0.334,4.76,81.92,synthetic_geological_survey
9279,Mine_09279,Limestone,0.495,0.412,0.339,0.54,54.71,synthetic_geological_survey
9280,Mine_09280,Salt,1.073,0.239,0.79,2.32,77.58,synthetic_geological_survey
9281,Mine_09281,Marble,0.76,0.355,0.391,3.78,166.27,synthetic_geological_survey
9282,Mine_09282,Silica Sand,0.469,0.821,0.397,3.36,30.15,synthetic_geological_survey
9283,Mine_09283,Marble,0.831,0.388,0.276,3.3,57.38,synthetic_geological_survey
9284,Mine_09284,Iron Ore,0.732,0.418,0.368,2.73,190.25,synthetic_geological_survey
9285,Mine_09285,Salt,0.855,0.19,0.294,3.47,63.36,synthetic_geological_survey
9286,Mine_09286,Marble,0.786,0.367,0.401,3.38,66.91,synthetic_geological_survey
9287,Mine_09287,Sand,0.334,0.891,0.225,1.96,34.4,synthetic_geological_survey
9288,Mine_09288,Salt,0.965,0.214,0.746,1.79,84.08,synthetic_geological_survey
9289,Mine_09289,Iron Ore,0.612,0.35,0.238,2.31,65.85,synthetic_geological_survey
9290,Mine_09290,Iron Ore,0.774,0.442,0.79,2.97,96.14,synthetic_geological_survey
9291,Mine_09291,Iron Ore,0.627,0.358,0.302,4.09,185.98,synthetic_geological_survey
9292,Mine_09292,Silica Sand,0.451,0.789,0.311,3.75,80.15,synthetic_geological_survey
9293,Mine_09293,Marble,0.787,0.367,0.61,1.33,85.99,synthetic_geological_survey
9294,Mine_09294,Salt,0.766,0.17,0.316,2.48,198.25,synthetic_geological_survey
9295,Mine_09295,Marble,0.77,0.359,0.714,4.4,176.86,synthetic_geological_survey
9296,Mine_09296,Iron Ore,0.776,0.443,0.234,2.09,66.28,synthetic_geological_survey
9297,Mine_09297,Silica Sand,0.43,0.753,0.287,4.6,39.86,synthetic_geological_survey
9298,Mine_09298,Salt,1.052,0.234,0.367,1.73,122.96,synthetic_geological_survey
9299,Mine_09299,Limestone,0.68,0.566,0.574,2.61,133.48,synthetic_geological_survey
9300,Mine_09300,Silica Sand,0.325,0.568,0.562,2.58,71.21,synthetic_geological_survey
9301,Mine_09301,Iron Ore,0.772,0.441,0.778,0.78,199.35,synthetic_geological_survey
9302,Mine_09302,Sandstone,0.468,0.561,0.703,3.49,76.09,synthetic_geological_survey
9303,Mine_09303,Limestone,0.68,0.567,0.565,1.3,160.14,synthetic_geological_survey
9304,Mine_09304,Marble,0.741,0.346,0.756,4.24,144.19,synthetic_geological_survey
9305,Mine_09305,Granite,0.88,0.33,0.666,0.61,125.66,synthetic_geological_survey
9306,Mine_09306,Granite,0.712,0.267,0.334,2.04,36.89,synthetic_geological_survey
9307,Mine_09307,Salt,0.988,0.219,0.799,2.56,70.09,synthetic_geological_survey
9308,Mine_09308,Limestone,0.587,0.489,0.318,2.63,43.59,synthetic_geological_survey
9309,Mine_09309,Iron Ore,0.724,0.414,0.371,3.1,159.3,synthetic_geological_survey
9310,Mine_09310,Granite,0.886,0.332,0.565,1.56,89.72,synthetic_geological_survey
9311,Mine_09311,Granite,0.846,0.317,0.383,2.95,40.89,synthetic_geological_survey
9312,Mine_09312,Sandstone,0.437,0.524,0.529,1.26,95.41,synthetic_geological_survey
9313,Mine_09313,Limestone,0.715,0.595,0.78,4.83,175.68,synthetic_geological_survey
9314,Mine_09314,Granite,0.702,0.263,0.563,2.89,52.63,synthetic_geological_survey
9315,Mine_09315,Limestone,0.632,0.526,0.54,1.24,78.79,synthetic_geological_survey
9316,Mine_09316,Sandstone,0.498,0.597,0.357,1.63,62.91,synthetic_geological_survey
9317,Mine_09317,Limestone,0.487,0.406,0.348,4.58,69.08,synthetic_geological_survey
9318,Mine_09318,Sand,0.297,0.792,0.466,3.77,178.9,synthetic_geological_survey
9319,Mine_09319,Limestone,0.524,0.437,0.491,3.64,184.54,synthetic_geological_survey
9320,Mine_09320,Marble,0.692,0.323,0.48,4.52,81.03,synthetic_geological_survey
9321,Mine_09321,Granite,0.762,0.286,0.48,3.01,69.35,synthetic_geological_survey
9322,Mine_09322,Limestone,0.549,0.458,0.483,0.79,149.53,synthetic_geological_survey
9323,Mine_09323,Marble,0.78,0.364,0.398,4.03,162.66,synthetic_geological_survey
9324,Mine_09324,Sand,0.355,0.948,0.414,3.99,100.21,synthetic_geological_survey
9325,Mine_09325,Iron Ore,0.731,0.418,0.537,3.08,57.94,synthetic_geological_survey
9326,Mine_09326,Salt,1.033,0.229,0.691,3.66,119.44,synthetic_geological_survey
9327,Mine_09327,Sandstone,0.454,0.545,0.693,4.85,21.95,synthetic_geological_survey
9328,Mine_09328,Marble,0.718,0.335,0.633,3.53,197.72,synthetic_geological_survey
9329,Mine_09329,Iron Ore,0.657,0.376,0.371,3.22,68.55,synthetic_geological_survey
9330,Mine_09330,Silica Sand,0.346,0.606,0.748,1.11,189.34,synthetic_geological_survey
9331,Mine_09331,Silica Sand,0.329,0.576,0.496,3.37,63.62,synthetic_geological_survey
9332,Mine_09332,Silica Sand,0.354,0.62,0.329,1.33,23.7,synthetic_geological_survey
9333,Mine_09333,Iron Ore,0.777,0.444,0.364,2.44,131.17,synthetic_geological_survey
9334,Mine_09334,Sandstone,0.553,0.664,0.771,3.59,80.01,synthetic_geological_survey
9335,Mine_09335,Marble,0.665,0.31,0.692,1.07,173.2,synthetic_geological_survey
9336,Mine_09336,Granite,0.927,0.348,0.297,1.33,54.8,synthetic_geological_survey
9337,Mine_09337,Iron Ore,0.776,0.443,0.681,2.97,87.97,synthetic_geological_survey
9338,Mine_09338,Sand,0.307,0.818,0.255,0.82,64.11,synthetic_geological_survey
9339,Mine_09339,Iron Ore,0.762,0.436,0.77,2.43,178.56,synthetic_geological_survey
9340,Mine_09340,Marble,0.686,0.32,0.432,4.74,154.28,synthetic_geological_survey
9341,Mine_09341,Sandstone,0.59,0.708,0.733,0.8,175.51,synthetic_geological_survey
9342,Mine_09342,Iron Ore,0.664,0.38,0.348,1.42,175.5,synthetic_geological_survey
9343,Mine_09343,Granite,0.929,0.348,0.476,3.84,96.14,synthetic_geological_survey
9344,Mine_09344,Limestone,0.579,0.482,0.784,2.72,109.83,synthetic_geological_survey
9345,Mine_09345,Sand,0.251,0.669,0.708,4.73,156.29,synthetic_geological_survey
9346,Mine_09346,Silica Sand,0.348,0.609,0.505,4.62,39.43,synthetic_geological_survey
9347,Mine_09347,Sandstone,0.475,0.57,0.488,1.83,50.13,synthetic_geological_survey
9348,Mine_09348,Sandstone,0.528,0.633,0.429,3.3,123.22,synthetic_geological_survey
9349,Mine_09349,Marble,0.9,0.42,0.683,1.76,70.69,synthetic_geological_survey
9350,Mine_09350,Iron Ore,0.823,0.47,0.305,2.43,180.76,synthetic_geological_survey
9351,Mine_09351,Salt,0.814,0.181,0.791,1.12,125.7,synthetic_geological_survey
9352,Mine_09352,Iron Ore,0.737,0.421,0.476,4.22,60.57,synthetic_geological_survey
9353,Mine_09353,Sand,0.274,0.731,0.336,4.47,72.47,synthetic_geological_survey
9354,Mine_09354,Salt,0.968,0.215,0.566,2.98,111.24,synthetic_geological_survey
9355,Mine_09355,Granite,0.885,0.332,0.387,2.68,28.43,synthetic_geological_survey
9356,Mine_09356,Marble,0.753,0.351,0.312,0.83,107.62,synthetic_geological_survey
9357,Mine_09357,Iron Ore,0.734,0.419,0.46,1.18,157.44,synthetic_geological_survey
9358,Mine_09358,Granite,0.78,0.292,0.244,4.65,151.11,synthetic_geological_survey
9359,Mine_09359,Marble,0.778,0.363,0.661,1.11,106.08,synthetic_geological_survey
9360,Mine_09360,Iron Ore,0.74,0.423,0.345,2.79,49.2,synthetic_geological_survey
9361,Mine_09361,Silica Sand,0.324,0.566,0.3,0.58,60.45,synthetic_geological_survey
9362,Mine_09362,Iron Ore,0.695,0.397,0.224,3.03,137.67,synthetic_geological_survey
9363,Mine_09363,Silica Sand,0.458,0.801,0.453,4.26,183.68,synthetic_geological_survey
9364,Mine_09364,Granite,0.899,0.337,0.629,1.6,76.94,synthetic_geological_survey
9365,Mine_09365,Marble,0.712,0.332,0.558,4.86,177.25,synthetic_geological_survey
9366,Mine_09366,Limestone,0.551,0.459,0.214,1.56,64.43,synthetic_geological_survey
9367,Mine_09367,Sand,0.357,0.951,0.21,4.76,142.58,synthetic_geological_survey
9368,Mine_09368,Granite,0.698,0.262,0.573,2.78,111.77,synthetic_geological_survey
9369,Mine_09369,Sandstone,0.542,0.651,0.771,3.72,31.03,synthetic_geological_survey
9370,Mine_09370,Sand,0.262,0.698,0.597,4.27,165.84,synthetic_geological_survey
9371,Mine_09371,Silica Sand,0.331,0.579,0.52,3.34,187.31,synthetic_geological_survey
9372,Mine_09372,Salt,0.987,0.219,0.485,4.19,44.65,synthetic_geological_survey
9373,Mine_09373,Limestone,0.564,0.47,0.671,2.43,100.98,synthetic_geological_survey
9374,Mine_09374,Iron Ore,0.726,0.415,0.531,4.25,135.39,synthetic_geological_survey
9375,Mine_09375,Sand,0.313,0.834,0.497,1.74,97.7,synthetic_geological_survey
9376,Mine_09376,Granite,0.773,0.29,0.338,3.15,30.39,synthetic_geological_survey
9377,Mine_09377,Iron Ore,0.763,0.436,0.253,3.88,159.42,synthetic_geological_survey
9378,Mine_09378,Sand,0.35,0.933,0.691,4.25,171.4,synthetic_geological_survey
9379,Mine_09379,Granite,0.946,0.355,0.29,4.28,55.08,synthetic_geological_survey
9380,Mine_09380,Silica Sand,0.415,0.726,0.266,0.52,106.9,synthetic_geological_survey
9381,Mine_09381,Sandstone,0.575,0.69,0.78,1.6,168.77,synthetic_geological_survey
9382,Mine_09382,Iron Ore,0.59,0.337,0.374,4.57,177.47,synthetic_geological_survey
9383,Mine_09383,Sand,0.358,0.956,0.511,2.28,54.64,synthetic_geological_survey
9384,Mine_09384,Marble,0.879,0.41,0.739,4.68,115.73,synthetic_geological_survey
9385,Mine_09385,Marble,0.676,0.315,0.344,2.44,125.37,synthetic_geological_survey
9386,Mine_09386,Silica Sand,0.369,0.645,0.785,2.64,22.14,synthetic_geological_survey
9387,Mine_09387,Iron Ore,0.562,0.321,0.289,1.17,198.96,synthetic_geological_survey
9388,Mine_09388,Salt,0.796,0.177,0.749,1.96,58.69,synthetic_geological_survey
9389,Mine_09389,Limestone,0.52,0.433,0.743,2.27,20.84,synthetic_geological_survey
9390,Mine_09390,Marble,0.779,0.364,0.224,0.93,60.21,synthetic_geological_survey
9391,Mine_09391,Salt,1.002,0.223,0.508,1.24,167.25,synthetic_geological_survey
9392,Mine_09392,Granite,0.864,0.324,0.387,3.46,170.98,synthetic_geological_survey
9393,Mine_09393,Marble,0.842,0.393,0.498,2.81,122.94,synthetic_geological_survey
9394,Mine_09394,Sand,0.33,0.879,0.589,1.84,119.1,synthetic_geological_survey
9395,Mine_09395,Sand,0.343,0.916,0.355,1.96,177.85,synthetic_geological_survey
9396,Mine_09396,Sandstone,0.485,0.582,0.776,0.87,190.32,synthetic_geological_survey
9397,Mine_09397,Sand,0.286,0.763,0.236,4.91,77.96,synthetic_geological_survey
9398,Mine_09398,Sand,0.279,0.743,0.637,1.3,66.46,synthetic_geological_survey
9399,Mine_09399,Iron Ore,0.824,0.471,0.403,3.17,196.89,synthetic_geological_survey
9400,Mine_09400,Sandstone,0.471,0.565,0.388,0.91,111.27,synthetic_geological_survey
9401,Mine_09401,Granite,0.813,0.305,0.796,4.56,165.91,synthetic_geological_survey
9402,Mine_09402,Salt,0.815,0.181,0.66,3.43,79.49,synthetic_geological_survey
9403,Mine_09403,Sand,0.287,0.764,0.254,3.29,198.65,synthetic_geological_survey
9404,Mine_09404,Salt,0.889,0.197,0.665,4.25,53.4,synthetic_geological_survey
9405,Mine_09405,Salt,0.988,0.22,0.784,1.65,98.05,synthetic_geological_survey
9406,Mine_09406,Sandstone,0.445,0.534,0.692,2.97,153.52,synthetic_geological_survey
9407,Mine_09407,Silica Sand,0.465,0.814,0.47,2.9,82.71,synthetic_geological_survey
9408,Mine_09408,Limestone,0.712,0.594,0.766,2.2,116.91,synthetic_geological_survey
9409,Mine_09409,Limestone,0.621,0.518,0.47,3.22,178.93,synthetic_geological_survey
9410,Mine_09410,Limestone,0.683,0.569,0.723,3.92,63.98,synthetic_geological_survey
9411,Mine_09411,Iron Ore,0.616,0.352,0.358,2.93,113.16,synthetic_geological_survey
9412,Mine_09412,Sandstone,0.575,0.689,0.789,1.81,39.25,synthetic_geological_survey
9413,Mine_09413,Salt,0.828,0.184,0.752,3.1,197.76,synthetic_geological_survey
9414,Mine_09414,Silica Sand,0.395,0.691,0.375,3.66,105.19,synthetic_geological_survey
9415,Mine_09415,Silica Sand,0.372,0.652,0.408,1.63,76.1,synthetic_geological_survey
9416,Mine_09416,Granite,0.67,0.251,0.28,0.56,67.59,synthetic_geological_survey
9417,Mine_09417,Granite,0.666,0.25,0.611,3.93,131.69,synthetic_geological_survey
9418,Mine_09418,Silica Sand,0.335,0.587,0.24,2.55,145.83,synthetic_geological_survey
9419,Mine_09419,Silica Sand,0.454,0.795,0.439,4.85,195.59,synthetic_geological_survey
9420,Mine_09420,Limestone,0.591,0.492,0.719,2.3,75.14,synthetic_geological_survey
9421,Mine_09421,Salt,0.743,0.165,0.337,1.66,38.82,synthetic_geological_survey
9422,Mine_09422,Limestone,0.564,0.47,0.352,3.01,196.83,synthetic_geological_survey
9423,Mine_09423,Marble,0.601,0.28,0.584,1.14,80.09,synthetic_geological_survey
9424,Mine_09424,Marble,0.777,0.363,0.661,3.13,87.57,synthetic_geological_survey
9425,Mine_09425,Iron Ore,0.8,0.457,0.729,4.97,154.25,synthetic_geological_survey
9426,Mine_09426,Salt,0.963,0.214,0.713,1.24,24.46,synthetic_geological_survey
9427,Mine_09427,Granite,0.789,0.296,0.227,1.0,193.35,synthetic_geological_survey
9428,Mine_09428,Sand,0.251,0.668,0.712,0.84,148.12,synthetic_geological_survey
9429,Mine_09429,Sandstone,0.588,0.706,0.463,1.17,70.27,synthetic_geological_survey
9430,Mine_09430,Salt,0.849,0.189,0.795,2.87,188.99,synthetic_geological_survey
9431,Mine_09431,Limestone,0.505,0.421,0.667,2.74,122.41,synthetic_geological_survey
9432,Mine_09432,Silica Sand,0.39,0.683,0.281,3.73,35.73,synthetic_geological_survey
9433,Mine_09433,Sand,0.255,0.679,0.758,4.18,99.54,synthetic_geological_survey
9434,Mine_09434,Marble,0.639,0.298,0.408,3.27,84.7,synthetic_geological_survey
9435,Mine_09435,Sandstone,0.421,0.505,0.671,1.28,36.79,synthetic_geological_survey
9436,Mine_09436,Silica Sand,0.389,0.68,0.639,4.83,174.78,synthetic_geological_survey
9437,Mine_09437,Limestone,0.662,0.552,0.272,1.87,130.77,synthetic_geological_survey
9438,Mine_09438,Granite,0.769,0.289,0.287,2.42,119.86,synthetic_geological_survey
9439,Mine_09439,Limestone,0.568,0.473,0.37,3.92,180.48,synthetic_geological_survey
9440,Mine_09440,Granite,0.716,0.269,0.503,2.11,99.59,synthetic_geological_survey
9441,Mine_09441,Iron Ore,0.796,0.455,0.722,4.21,44.21,synthetic_geological_survey
9442,Mine_09442,Salt,0.919,0.204,0.609,3.08,90.3,synthetic_geological_survey
9443,Mine_09443,Silica Sand,0.382,0.668,0.271,3.08,159.71,synthetic_geological_survey
9444,Mine_09444,Granite,0.96,0.36,0.343,4.87,80.17,synthetic_geological_survey
9445,Mine_09445,Sand,0.34,0.907,0.227,4.0,114.17,synthetic_geological_survey
9446,Mine_09446,Silica Sand,0.479,0.838,0.392,4.55,24.06,synthetic_geological_survey
9447,Mine_09447,Silica Sand,0.325,0.569,0.368,4.8,109.1,synthetic_geological_survey
9448,Mine_09448,Granite,0.766,0.287,0.665,4.53,147.93,synthetic_geological_survey
9449,Mine_09449,Iron Ore,0.778,0.445,0.783,4.96,159.21,synthetic_geological_survey
9450,Mine_09450,Limestone,0.685,0.571,0.607,1.01,176.76,synthetic_geological_survey
9451,Mine_09451,Iron Ore,0.728,0.416,0.644,4.96,58.71,synthetic_geological_survey
9452,Mine_09452,Marble,0.64,0.299,0.699,4.36,100.0,synthetic_geological_survey
9453,Mine_09453,Sand,0.346,0.923,0.614,1.82,174.6,synthetic_geological_survey
9454,Mine_09454,Salt,0.75,0.167,0.707,4.32,125.26,synthetic_geological_survey
9455,Mine_09455,Sand,0.316,0.842,0.748,3.63,139.19,synthetic_geological_survey
9456,Mine_09456,Limestone,0.586,0.488,0.235,1.2,156.87,synthetic_geological_survey
9457,Mine_09457,Silica Sand,0.438,0.767,0.485,1.55,140.62,synthetic_geological_survey
9458,Mine_09458,Iron Ore,0.591,0.337,0.76,1.53,81.78,synthetic_geological_survey
9459,Mine_09459,Salt,0.868,0.193,0.248,2.77,40.58,synthetic_geological_survey
9460,Mine_09460,Silica Sand,0.434,0.76,0.327,2.29,87.27,synthetic_geological_survey
9461,Mine_09461,Marble,0.712,0.332,0.377,1.34,41.05,synthetic_geological_survey
9462,Mine_09462,Iron Ore,0.725,0.414,0.53,4.65,85.63,synthetic_geological_survey
9463,Mine_09463,Marble,0.602,0.281,0.435,1.99,120.69,synthetic_geological_survey
9464,Mine_09464,Sandstone,0.548,0.658,0.55,4.81,65.04,synthetic_geological_survey
9465,Mine_09465,Sandstone,0.473,0.568,0.744,4.04,168.03,synthetic_geological_survey
9466,Mine_09466,Sandstone,0.46,0.552,0.697,2.93,110.13,synthetic_geological_survey
9467,Mine_09467,Granite,0.846,0.317,0.422,3.18,62.32,synthetic_geological_survey
9468,Mine_09468,Salt,0.823,0.183,0.354,1.16,45.68,synthetic_geological_survey
9469,Mine_09469,Granite,0.933,0.35,0.355,4.95,50.09,synthetic_geological_survey
9470,Mine_09470,Sand,0.291,0.775,0.547,4.01,197.09,synthetic_geological_survey
9471,Mine_09471,Sandstone,0.453,0.544,0.267,1.01,191.03,synthetic_geological_survey
9472,Mine_09472,Sand,0.34,0.908,0.36,2.73,96.47,synthetic_geological_survey
9473,Mine_09473,Marble,0.606,0.283,0.263,4.79,28.33,synthetic_geological_survey
9474,Mine_09474,Iron Ore,0.705,0.403,0.57,1.26,137.38,synthetic_geological_survey
9475,Mine_09475,Marble,0.825,0.385,0.482,1.25,140.01,synthetic_geological_survey
9476,Mine_09476,Iron Ore,0.656,0.375,0.24,3.87,102.48,synthetic_geological_survey
9477,Mine_09477,Granite,0.871,0.327,0.474,1.15,163.51,synthetic_geological_survey
9478,Mine_09478,Iron Ore,0.805,0.46,0.203,1.65,78.42,synthetic_geological_survey
9479,Mine_09479,Salt,0.886,0.197,0.433,4.1,135.89,synthetic_geological_survey
9480,Mine_09480,Iron Ore,0.714,0.408,0.762,4.14,96.91,synthetic_geological_survey
9481,Mine_09481,Marble,0.792,0.37,0.452,3.22,49.07,synthetic_geological_survey
9482,Mine_09482,Marble,0.76,0.355,0.551,1.96,93.69,synthetic_geological_survey
9483,Mine_09483,Marble,0.756,0.353,0.507,1.12,177.64,synthetic_geological_survey
9484,Mine_09484,Granite,0.726,0.272,0.477,4.3,65.85,synthetic_geological_survey
9485,Mine_09485,Iron Ore,0.576,0.329,0.489,1.92,72.4,synthetic_geological_survey
9486,Mine_09486,Iron Ore,0.784,0.448,0.689,4.75,162.81,synthetic_geological_survey
9487,Mine_09487,Sandstone,0.549,0.659,0.256,2.28,168.58,synthetic_geological_survey
9488,Mine_09488,Iron Ore,0.767,0.438,0.685,4.2,155.54,synthetic_geological_survey
9489,Mine_09489,Silica Sand,0.357,0.625,0.739,0.66,161.2,synthetic_geological_survey
9490,Mine_09490,Marble,0.719,0.336,0.405,4.03,183.74,synthetic_geological_survey
9491,Mine_09491,Granite,0.704,0.264,0.661,4.97,170.15,synthetic_geological_survey
9492,Mine_09492,Sand,0.34,0.908,0.684,2.76,196.1,synthetic_geological_survey
9493,Mine_09493,Granite,0.699,0.262,0.651,1.43,34.98,synthetic_geological_survey
9494,Mine_09494,Salt,0.951,0.211,0.626,3.26,191.89,synthetic_geological_survey
9495,Mine_09495,Granite,0.945,0.354,0.439,3.8,63.98,synthetic_geological_survey
9496,Mine_09496,Sandstone,0.53,0.636,0.216,0.58,94.5,synthetic_geological_survey
9497,Mine_09497,Silica Sand,0.382,0.669,0.639,2.23,25.75,synthetic_geological_survey
9498,Mine_09498,Granite,0.905,0.34,0.772,2.05,179.17,synthetic_geological_survey
9499,Mine_09499,Iron Ore,0.644,0.368,0.603,1.62,190.56,synthetic_geological_survey
9500,Mine_09500,Sand,0.298,0.795,0.361,4.23,178.14,synthetic_geological_survey
9501,Mine_09501,Limestone,0.553,0.461,0.531,4.83,142.89,synthetic_geological_survey
9502,Mine_09502,Sand,0.249,0.663,0.312,4.35,170.19,synthetic_geological_survey
9503,Mine_09503,Granite,0.701,0.263,0.642,0.63,26.33,synthetic_geological_survey
9504,Mine_09504,Silica Sand,0.421,0.737,0.726,2.9,192.46,synthetic_geological_survey
9505,Mine_09505,Sand,0.24,0.641,0.665,4.45,137.69,synthetic_geological_survey
9506,Mine_09506,Limestone,0.667,0.556,0.63,3.2,59.7,synthetic_geological_survey
9507,Mine_09507,Sandstone,0.56,0.673,0.422,1.36,64.47,synthetic_geological_survey
9508,Mine_09508,Marble,0.747,0.349,0.436,2.45,181.72,synthetic_geological_survey
9509,Mine_09509,Granite,0.778,0.292,0.513,1.27,82.55,synthetic_geological_survey
9510,Mine_09510,Marble,0.645,0.301,0.797,2.79,80.84,synthetic_geological_survey
9511,Mine_09511,Granite,0.943,0.354,0.235,1.68,188.39,synthetic_geological_survey
9512,Mine_09512,Limestone,0.7,0.584,0.768,0.81,91.73,synthetic_geological_survey
9513,Mine_09513,Salt,1.064,0.236,0.709,2.87,35.98,synthetic_geological_survey
9514,Mine_09514,Silica Sand,0.424,0.742,0.427,2.52,199.57,synthetic_geological_survey
9515,Mine_09515,Sand,0.253,0.674,0.583,4.02,95.93,synthetic_geological_survey
9516,Mine_09516,Marble,0.764,0.356,0.778,4.55,154.98,synthetic_geological_survey
9517,Mine_09517,Marble,0.761,0.355,0.354,0.59,31.6,synthetic_geological_survey
9518,Mine_09518,Salt,1.077,0.239,0.595,1.12,51.69,synthetic_geological_survey
9519,Mine_09519,Sand,0.311,0.829,0.601,4.44,150.11,synthetic_geological_survey
9520,Mine_09520,Silica Sand,0.451,0.789,0.623,1.24,147.68,synthetic_geological_survey
9521,Mine_09521,Limestone,0.511,0.425,0.668,4.91,183.76,synthetic_geological_survey
9522,Mine_09522,Granite,0.925,0.347,0.389,0.74,62.67,synthetic_geological_survey
9523,Mine_09523,Limestone,0.488,0.406,0.392,5.0,77.19,synthetic_geological_survey
9524,Mine_09524,Salt,1.068,0.237,0.559,4.4,131.72,synthetic_geological_survey
9525,Mine_09525,Granite,0.855,0.321,0.355,3.1,191.23,synthetic_geological_survey
9526,Mine_09526,Sandstone,0.562,0.674,0.344,4.68,198.3,synthetic_geological_survey
9527,Mine_09527,Iron Ore,0.792,0.453,0.499,4.88,106.15,synthetic_geological_survey
9528,Mine_09528,Limestone,0.672,0.56,0.451,2.71,158.36,synthetic_geological_survey
9529,Mine_09529,Sand,0.337,0.899,0.645,4.45,29.97,synthetic_geological_survey
9530,Mine_09530,Granite,0.74,0.278,0.594,3.18,95.29,synthetic_geological_survey
9531,Mine_09531,Sandstone,0.578,0.693,0.617,2.74,195.7,synthetic_geological_survey
9532,Mine_09532,Salt,0.92,0.204,0.242,4.49,146.21,synthetic_geological_survey
9533,Mine_09533,Iron Ore,0.644,0.368,0.583,3.15,59.28,synthetic_geological_survey
9534,Mine_09534,Limestone,0.692,0.577,0.239,3.91,152.29,synthetic_geological_survey
9535,Mine_09535,Marble,0.662,0.309,0.631,1.1,130.1,synthetic_geological_survey
9536,Mine_09536,Salt,1.004,0.223,0.724,1.41,99.68,synthetic_geological_survey
9537,Mine_09537,Granite,0.9,0.338,0.743,1.96,136.17,synthetic_geological_survey
9538,Mine_09538,Limestone,0.714,0.595,0.694,0.55,190.31,synthetic_geological_survey
9539,Mine_09539,Marble,0.732,0.342,0.755,1.06,53.46,synthetic_geological_survey
9540,Mine_09540,Marble,0.639,0.298,0.354,1.29,83.74,synthetic_geological_survey
9541,Mine_09541,Marble,0.839,0.391,0.239,4.62,100.2,synthetic_geological_survey
9542,Mine_09542,Sandstone,0.585,0.702,0.38,0.94,160.52,synthetic_geological_survey
9543,Mine_09543,Salt,1.053,0.234,0.521,2.99,76.19,synthetic_geological_survey
9544,Mine_09544,Sandstone,0.516,0.619,0.71,1.36,117.06,synthetic_geological_survey
9545,Mine_09545,Iron Ore,0.718,0.41,0.483,2.55,113.81,synthetic_geological_survey
9546,Mine_09546,Granite,0.721,0.27,0.601,3.56,168.26,synthetic_geological_survey
9547,Mine_09547,Silica Sand,0.441,0.772,0.661,2.66,157.08,synthetic_geological_survey
9548,Mine_09548,Silica Sand,0.365,0.639,0.367,3.44,120.51,synthetic_geological_survey
9549,Mine_09549,Marble,0.684,0.319,0.312,4.67,178.88,synthetic_geological_survey
9550,Mine_09550,Sand,0.308,0.821,0.525,1.21,25.96,synthetic_geological_survey
9551,Mine_09551,Sandstone,0.431,0.517,0.466,1.27,189.83,synthetic_geological_survey
9552,Mine_09552,Salt,0.78,0.173,0.72,1.72,24.41,synthetic_geological_survey
9553,Mine_09553,Silica Sand,0.475,0.831,0.24,1.61,159.25,synthetic_geological_survey
9554,Mine_09554,Limestone,0.517,0.431,0.232,3.22,57.62,synthetic_geological_survey
9555,Mine_09555,Iron Ore,0.676,0.386,0.555,2.66,63.49,synthetic_geological_survey
9556,Mine_09556,Salt,0.885,0.197,0.72,4.02,169.58,synthetic_geological_survey
9557,Mine_09557,Iron Ore,0.712,0.407,0.719,3.84,52.01,synthetic_geological_survey
9558,Mine_09558,Silica Sand,0.348,0.609,0.474,0.88,149.03,synthetic_geological_survey
9559,Mine_09559,Iron Ore,0.582,0.333,0.534,1.02,141.77,synthetic_geological_survey
9560,Mine_09560,Limestone,0.6,0.5,0.207,2.79,71.34,synthetic_geological_survey
9561,Mine_09561,Salt,0.95,0.211,0.23,4.19,77.84,synthetic_geological_survey
9562,Mine_09562,Sand,0.24,0.64,0.675,4.22,53.95,synthetic_geological_survey
9563,Mine_09563,Limestone,0.526,0.438,0.528,2.94,24.13,synthetic_geological_survey
9564,Mine_09564,Granite,0.71,0.266,0.595,0.76,56.63,synthetic_geological_survey
9565,Mine_09565,Limestone,0.586,0.488,0.565,4.03,79.81,synthetic_geological_survey
9566,Mine_09566,Sand,0.342,0.911,0.799,2.1,31.72,synthetic_geological_survey
9567,Mine_09567,Granite,0.88,0.33,0.228,4.9,46.33,synthetic_geological_survey
9568,Mine_09568,Sand,0.293,0.781,0.392,4.75,101.81,synthetic_geological_survey
9569,Mine_09569,Salt,0.871,0.194,0.758,3.64,60.78,synthetic_geological_survey
9570,Mine_09570,Marble,0.658,0.307,0.591,2.38,175.45,synthetic_geological_survey
9571,Mine_09571,Sand,0.317,0.845,0.406,4.39,58.3,synthetic_geological_survey
9572,Mine_09572,Granite,0.85,0.319,0.333,3.97,162.18,synthetic_geological_survey
9573,Mine_09573,Marble,0.709,0.331,0.372,3.73,74.02,synthetic_geological_survey
9574,Mine_09574,Granite,0.698,0.262,0.23,1.76,160.48,synthetic_geological_survey
9575,Mine_09575,Marble,0.697,0.325,0.702,0.98,78.0,synthetic_geological_survey
9576,Mine_09576,Sand,0.242,0.646,0.514,0.93,150.53,synthetic_geological_survey
9577,Mine_09577,Silica Sand,0.365,0.639,0.322,3.09,195.44,synthetic_geological_survey
9578,Mine_09578,Marble,0.656,0.306,0.379,0.95,166.45,synthetic_geological_survey
9579,Mine_09579,Marble,0.623,0.291,0.659,4.83,58.15,synthetic_geological_survey
9580,Mine_09580,Granite,0.717,0.269,0.367,3.85,43.15,synthetic_geological_survey
9581,Mine_09581,Salt,0.789,0.175,0.741,2.71,129.19,synthetic_geological_survey
9582,Mine_09582,Silica Sand,0.356,0.623,0.517,3.21,108.63,synthetic_geological_survey
9583,Mine_09583,Sandstone,0.529,0.634,0.27,4.67,195.63,synthetic_geological_survey
9584,Mine_09584,Silica Sand,0.48,0.839,0.33,3.59,38.21,synthetic_geological_survey
9585,Mine_09585,Sand,0.314,0.838,0.629,4.66,77.48,synthetic_geological_survey
9586,Mine_09586,Limestone,0.556,0.463,0.671,2.38,126.29,synthetic_geological_survey
9587,Mine_09587,Marble,0.667,0.311,0.577,3.54,135.23,synthetic_geological_survey
9588,Mine_09588,Marble,0.734,0.343,0.736,2.0,110.9,synthetic_geological_survey
9589,Mine_09589,Silica Sand,0.468,0.818,0.419,4.44,53.25,synthetic_geological_survey
9590,Mine_09590,Salt,1.062,0.236,0.634,0.98,64.77,synthetic_geological_survey
9591,Mine_09591,Salt,1.057,0.235,0.3,2.07,135.46,synthetic_geological_survey
9592,Mine_09592,Granite,0.94,0.353,0.608,2.69,77.67,synthetic_geological_survey
9593,Mine_09593,Limestone,0.629,0.525,0.583,4.49,178.68,synthetic_geological_survey
9594,Mine_09594,Sandstone,0.491,0.589,0.371,3.9,141.32,synthetic_geological_survey
9595,Mine_09595,Silica Sand,0.328,0.575,0.643,4.18,37.5,synthetic_geological_survey
9596,Mine_09596,Marble,0.883,0.412,0.399,3.08,97.53,synthetic_geological_survey
9597,Mine_09597,Sandstone,0.575,0.69,0.77,4.93,65.52,synthetic_geological_survey
9598,Mine_09598,Sandstone,0.484,0.581,0.715,4.88,112.57,synthetic_geological_survey
9599,Mine_09599,Marble,0.849,0.396,0.389,1.35,161.39,synthetic_geological_survey
9600,Mine_09600,Silica Sand,0.417,0.73,0.619,4.27,77.15,synthetic_geological_survey
9601,Mine_09601,Iron Ore,0.62,0.354,0.593,1.68,180.38,synthetic_geological_survey
9602,Mine_09602,Marble,0.853,0.398,0.384,4.39,171.56,synthetic_geological_survey
9603,Mine_09603,Limestone,0.719,0.599,0.444,4.34,96.86,synthetic_geological_survey
9604,Mine_09604,Limestone,0.508,0.423,0.203,3.7,173.31,synthetic_geological_survey
9605,Mine_09605,Granite,0.837,0.314,0.799,2.52,57.13,synthetic_geological_survey
9606,Mine_09606,Marble,0.764,0.356,0.373,3.11,42.74,synthetic_geological_survey
9607,Mine_09607,Salt,0.813,0.181,0.503,2.48,73.7,synthetic_geological_survey
9608,Mine_09608,Limestone,0.506,0.422,0.589,1.57,26.66,synthetic_geological_survey
9609,Mine_09609,Salt,0.985,0.219,0.213,0.55,117.91,synthetic_geological_survey
9610,Mine_09610,Limestone,0.603,0.502,0.632,1.62,26.78,synthetic_geological_survey
9611,Mine_09611,Silica Sand,0.407,0.713,0.278,4.36,82.64,synthetic_geological_survey
9612,Mine_09612,Salt,0.846,0.188,0.578,3.62,162.42,synthetic_geological_survey
9613,Mine_09613,Sandstone,0.454,0.545,0.293,0.8,146.51,synthetic_geological_survey
9614,Mine_09614,Iron Ore,0.664,0.379,0.606,1.78,48.25,synthetic_geological_survey
9615,Mine_09615,Silica Sand,0.386,0.676,0.455,3.91,195.34,synthetic_geological_survey
9616,Mine_09616,Granite,0.709,0.266,0.685,4.07,139.71,synthetic_geological_survey
9617,Mine_09617,Silica Sand,0.464,0.812,0.413,0.79,74.56,synthetic_geological_survey
9618,Mine_09618,Silica Sand,0.412,0.721,0.21,3.19,148.77,synthetic_geological_survey
9619,Mine_09619,Sand,0.261,0.696,0.444,2.35,79.25,synthetic_geological_survey
9620,Mine_09620,Sand,0.281,0.751,0.532,2.28,20.58,synthetic_geological_survey
9621,Mine_09621,Limestone,0.66,0.55,0.358,3.89,180.03,synthetic_geological_survey
9622,Mine_09622,Marble,0.709,0.331,0.678,2.49,85.98,synthetic_geological_survey
9623,Mine_09623,Silica Sand,0.364,0.637,0.78,1.54,80.36,synthetic_geological_survey
9624,Mine_09624,Marble,0.762,0.356,0.73,3.65,192.79,synthetic_geological_survey
9625,Mine_09625,Limestone,0.704,0.586,0.207,4.87,183.98,synthetic_geological_survey
9626,Mine_09626,Iron Ore,0.605,0.346,0.729,2.53,138.25,synthetic_geological_survey
9627,Mine_09627,Marble,0.829,0.387,0.259,2.68,40.21,synthetic_geological_survey
9628,Mine_09628,Sand,0.296,0.788,0.279,3.56,89.48,synthetic_geological_survey
9629,Mine_09629,Granite,0.846,0.317,0.412,1.87,70.95,synthetic_geological_survey
9630,Mine_09630,Silica Sand,0.347,0.608,0.267,2.37,78.78,synthetic_geological_survey
9631,Mine_09631,Limestone,0.561,0.468,0.493,4.56,172.14,synthetic_geological_survey
9632,Mine_09632,Silica Sand,0.384,0.671,0.794,2.11,164.55,synthetic_geological_survey
9633,Mine_09633,Sandstone,0.592,0.71,0.247,4.2,73.83,synthetic_geological_survey
9634,Mine_09634,Silica Sand,0.39,0.682,0.641,1.22,21.52,synthetic_geological_survey
9635,Mine_09635,Granite,0.931,0.349,0.604,3.31,71.58,synthetic_geological_survey
9636,Mine_09636,Limestone,0.645,0.538,0.739,3.13,186.32,synthetic_geological_survey
9637,Mine_09637,Granite,0.77,0.289,0.612,4.92,125.74,synthetic_geological_survey
9638,Mine_09638,Salt,1.027,0.228,0.3,2.43,199.84,synthetic_geological_survey
9639,Mine_09639,Sand,0.333,0.888,0.753,2.45,29.32,synthetic_geological_survey
9640,Mine_09640,Granite,0.901,0.338,0.403,0.92,193.63,synthetic_geological_survey
9641,Mine_09641,Granite,0.84,0.315,0.324,4.84,88.22,synthetic_geological_survey
9642,Mine_09642,Sand,0.279,0.743,0.692,1.51,34.3,synthetic_geological_survey
9643,Mine_09643,Iron Ore,0.649,0.371,0.446,4.87,76.5,synthetic_geological_survey
9644,Mine_09644,Sandstone,0.525,0.63,0.367,4.24,132.17,synthetic_geological_survey
9645,Mine_09645,Sand,0.257,0.684,0.353,4.06,167.6,synthetic_geological_survey
9646,Mine_09646,Granite,0.868,0.326,0.793,3.23,147.51,synthetic_geological_survey
9647,Mine_09647,Silica Sand,0.423,0.741,0.229,3.0,116.54,synthetic_geological_survey
9648,Mine_09648,Silica Sand,0.414,0.725,0.38,0.5,23.34,synthetic_geological_survey
9649,Mine_09649,Silica Sand,0.351,0.615,0.762,0.58,163.64,synthetic_geological_survey
9650,Mine_09650,Sandstone,0.488,0.585,0.296,3.5,133.03,synthetic_geological_survey
9651,Mine_09651,Iron Ore,0.783,0.448,0.51,1.23,150.32,synthetic_geological_survey
9652,Mine_09652,Sand,0.33,0.881,0.469,0.62,77.16,synthetic_geological_survey
9653,Mine_09653,Iron Ore,0.696,0.398,0.731,3.27,183.82,synthetic_geological_survey
9654,Mine_09654,Granite,0.787,0.295,0.274,1.41,100.82,synthetic_geological_survey
9655,Mine_09655,Salt,1.0,0.222,0.248,3.26,91.35,synthetic_geological_survey
9656,Mine_09656,Granite,0.838,0.314,0.479,0.79,158.79,synthetic_geological_survey
9657,Mine_09657,Silica Sand,0.341,0.597,0.577,0.67,63.76,synthetic_geological_survey
9658,Mine_09658,Salt,1.036,0.23,0.328,1.89,72.44,synthetic_geological_survey
9659,Mine_09659,Sand,0.271,0.722,0.462,3.65,81.85,synthetic_geological_survey
9660,Mine_09660,Iron Ore,0.714,0.408,0.307,3.37,140.84,synthetic_geological_survey
9661,Mine_09661,Sandstone,0.508,0.609,0.391,3.62,182.23,synthetic_geological_survey
9662,Mine_09662,Iron Ore,0.723,0.413,0.677,3.46,100.58,synthetic_geological_survey
9663,Mine_09663,Salt,0.93,0.207,0.396,0.73,175.82,synthetic_geological_survey
9664,Mine_09664,Marble,0.685,0.32,0.292,1.43,78.15,synthetic_geological_survey
9665,Mine_09665,Granite,0.793,0.297,0.292,2.46,181.81,synthetic_geological_survey
9666,Mine_09666,Salt,0.867,0.193,0.458,1.41,122.7,synthetic_geological_survey
9667,Mine_09667,Silica Sand,0.335,0.587,0.748,1.96,59.63,synthetic_geological_survey
9668,Mine_09668,Limestone,0.546,0.455,0.757,2.66,114.99,synthetic_geological_survey
9669,Mine_09669,Salt,1.006,0.224,0.297,2.85,169.89,synthetic_geological_survey
9670,Mine_09670,Sand,0.279,0.743,0.419,4.17,47.28,synthetic_geological_survey
9671,Mine_09671,Iron Ore,0.721,0.412,0.789,3.44,55.79,synthetic_geological_survey
9672,Mine_09672,Marble,0.728,0.34,0.559,2.64,27.74,synthetic_geological_survey
9673,Mine_09673,Sand,0.356,0.949,0.511,2.87,36.2,synthetic_geological_survey
9674,Mine_09674,Granite,0.911,0.342,0.224,3.48,59.72,synthetic_geological_survey
9675,Mine_09675,Silica Sand,0.405,0.71,0.405,0.91,20.92,synthetic_geological_survey
9676,Mine_09676,Sandstone,0.539,0.647,0.496,0.89,140.44,synthetic_geological_survey
9677,Mine_09677,Granite,0.916,0.344,0.489,3.59,38.56,synthetic_geological_survey
9678,Mine_09678,Silica Sand,0.375,0.657,0.608,1.36,95.94,synthetic_geological_survey
9679,Mine_09679,Iron Ore,0.564,0.322,0.764,1.69,164.69,synthetic_geological_survey
9680,Mine_09680,Marble,0.604,0.282,0.674,3.01,185.28,synthetic_geological_survey
9681,Mine_09681,Sandstone,0.58,0.696,0.439,2.94,72.32,synthetic_geological_survey
9682,Mine_09682,Marble,0.677,0.316,0.622,3.38,163.86,synthetic_geological_survey
9683,Mine_09683,Granite,0.787,0.295,0.583,1.6,142.38,synthetic_geological_survey
9684,Mine_09684,Salt,0.941,0.209,0.511,1.61,167.87,synthetic_geological_survey
9685,Mine_09685,Limestone,0.574,0.478,0.708,4.39,199.43,synthetic_geological_survey
9686,Mine_09686,Limestone,0.56,0.467,0.698,1.61,30.94,synthetic_geological_survey
9687,Mine_09687,Sandstone,0.567,0.681,0.352,0.99,162.28,synthetic_geological_survey
9688,Mine_09688,Iron Ore,0.645,0.368,0.226,2.79,97.73,synthetic_geological_survey
9689,Mine_09689,Granite,0.783,0.294,0.359,3.76,117.8,synthetic_geological_survey
9690,Mine_09690,Limestone,0.534,0.445,0.458,3.45,126.87,synthetic_geological_survey
9691,Mine_09691,Marble,0.711,0.332,0.712,4.8,104.57,synthetic_geological_survey
9692,Mine_09692,Sandstone,0.517,0.62,0.349,0.64,53.41,synthetic_geological_survey
9693,Mine_09693,Limestone,0.553,0.461,0.604,1.45,128.2,synthetic_geological_survey
9694,Mine_09694,Limestone,0.606,0.505,0.561,3.7,113.21,synthetic_geological_survey
9695,Mine_09695,Granite,0.803,0.301,0.613,3.58,64.46,synthetic_geological_survey
9696,Mine_09696,Granite,0.856,0.321,0.562,2.86,106.64,synthetic_geological_survey
9697,Mine_09697,Silica Sand,0.365,0.638,0.263,3.27,91.7,synthetic_geological_survey
9698,Mine_09698,Silica Sand,0.387,0.678,0.331,3.41,163.26,synthetic_geological_survey
9699,Mine_09699,Granite,0.844,0.316,0.789,2.89,105.74,synthetic_geological_survey
9700,Mine_09700,Limestone,0.663,0.552,0.699,1.01,45.42,synthetic_geological_survey
9701,Mine_09701,Iron Ore,0.635,0.363,0.486,3.07,105.39,synthetic_geological_survey
9702,Mine_09702,Marble,0.676,0.315,0.232,1.33,96.66,synthetic_geological_survey
9703,Mine_09703,Marble,0.652,0.304,0.602,4.83,51.54,synthetic_geological_survey
9704,Mine_09704,Salt,0.931,0.207,0.665,2.92,186.48,synthetic_geological_survey
9705,Mine_09705,Marble,0.7,0.326,0.726,1.94,87.75,synthetic_geological_survey
9706,Mine_09706,Salt,0.976,0.217,0.572,3.91,159.0,synthetic_geological_survey
9707,Mine_09707,Iron Ore,0.828,0.473,0.532,4.11,183.89,synthetic_geological_survey
9708,Mine_09708,Marble,0.896,0.418,0.537,3.49,112.87,synthetic_geological_survey
9709,Mine_09709,Sand,0.327,0.873,0.309,0.65,142.49,synthetic_geological_survey
9710,Mine_09710,Limestone,0.547,0.456,0.476,2.88,156.73,synthetic_geological_survey
9711,Mine_09711,Limestone,0.49,0.408,0.69,4.72,121.84,synthetic_geological_survey
9712,Mine_09712,Marble,0.811,0.379,0.761,3.04,100.21,synthetic_geological_survey
9713,Mine_09713,Iron Ore,0.564,0.322,0.382,3.73,100.14,synthetic_geological_survey
9714,Mine_09714,Marble,0.659,0.307,0.306,4.99,137.15,synthetic_geological_survey
9715,Mine_09715,Limestone,0.683,0.569,0.598,2.18,58.6,synthetic_geological_survey
9716,Mine_09716,Silica Sand,0.469,0.82,0.598,2.09,104.33,synthetic_geological_survey
9717,Mine_09717,Marble,0.735,0.343,0.603,3.93,121.37,synthetic_geological_survey
9718,Mine_09718,Limestone,0.527,0.439,0.532,1.58,110.7,synthetic_geological_survey
9719,Mine_09719,Granite,0.879,0.33,0.337,2.06,96.3,synthetic_geological_survey
9720,Mine_09720,Salt,0.86,0.191,0.727,1.11,45.21,synthetic_geological_survey
9721,Mine_09721,Sandstone,0.557,0.668,0.359,3.43,164.2,synthetic_geological_survey
9722,Mine_09722,Granite,0.925,0.347,0.237,3.92,23.68,synthetic_geological_survey
9723,Mine_09723,Iron Ore,0.733,0.419,0.754,0.82,169.66,synthetic_geological_survey
9724,Mine_09724,Iron Ore,0.75,0.428,0.692,1.65,157.46,synthetic_geological_survey
9725,Mine_09725,Marble,0.723,0.337,0.687,2.34,57.82,synthetic_geological_survey
9726,Mine_09726,Granite,0.832,0.312,0.558,0.67,129.94,synthetic_geological_survey
9727,Mine_09727,Silica Sand,0.456,0.798,0.645,4.95,44.58,synthetic_geological_survey
9728,Mine_09728,Sand,0.293,0.782,0.361,1.18,86.18,synthetic_geological_survey
9729,Mine_09729,Iron Ore,0.78,0.446,0.719,1.91,108.22,synthetic_geological_survey
9730,Mine_09730,Silica Sand,0.407,0.712,0.463,4.52,130.82,synthetic_geological_survey
9731,Mine_09731,Granite,0.758,0.284,0.546,2.05,39.34,synthetic_geological_survey
9732,Mine_09732,Silica Sand,0.376,0.658,0.274,3.5,63.22,synthetic_geological_survey
9733,Mine_09733,Iron Ore,0.592,0.338,0.44,1.74,179.01,synthetic_geological_survey
9734,Mine_09734,Sandstone,0.424,0.509,0.225,3.98,55.34,synthetic_geological_survey
9735,Mine_09735,Sandstone,0.595,0.714,0.433,0.53,184.24,synthetic_geological_survey
9736,Mine_09736,Marble,0.898,0.419,0.792,1.88,38.44,synthetic_geological_survey
9737,Mine_09737,Sandstone,0.485,0.582,0.631,3.41,132.41,synthetic_geological_survey
9738,Mine_09738,Marble,0.769,0.359,0.39,2.68,186.59,synthetic_geological_survey
9739,Mine_09739,Salt,0.97,0.216,0.259,2.75,199.52,synthetic_geological_survey
9740,Mine_09740,Limestone,0.576,0.48,0.651,0.81,76.3,synthetic_geological_survey
9741,Mine_09741,Sandstone,0.529,0.635,0.469,1.32,36.32,synthetic_geological_survey
9742,Mine_09742,Sand,0.274,0.73,0.796,1.32,101.03,synthetic_geological_survey
9743,Mine_09743,Iron Ore,0.606,0.346,0.216,2.01,164.62,synthetic_geological_survey
9744,Mine_09744,Marble,0.845,0.394,0.666,1.25,74.63,synthetic_geological_survey
9745,Mine_09745,Marble,0.684,0.319,0.771,1.19,48.45,synthetic_geological_survey
9746,Mine_09746,Limestone,0.576,0.48,0.553,4.57,57.95,synthetic_geological_survey
9747,Mine_09747,Silica Sand,0.359,0.628,0.598,2.54,156.75,synthetic_geological_survey
9748,Mine_09748,Marble,0.726,0.339,0.226,4.75,33.04,synthetic_geological_survey
9749,Mine_09749,Salt,0.721,0.16,0.573,1.32,129.21,synthetic_geological_survey
9750,Mine_09750,Salt,1.057,0.235,0.334,0.95,189.57,synthetic_geological_survey
9751,Mine_09751,Limestone,0.569,0.474,0.23,2.41,177.05,synthetic_geological_survey
9752,Mine_09752,Salt,0.887,0.197,0.79,3.34,48.42,synthetic_geological_survey
9753,Mine_09753,Marble,0.664,0.31,0.763,3.76,123.12,synthetic_geological_survey
9754,Mine_09754,Sandstone,0.561,0.674,0.297,1.3,75.69,synthetic_geological_survey
9755,Mine_09755,Salt,0.827,0.184,0.632,1.77,115.66,synthetic_geological_survey
9756,Mine_09756,Sandstone,0.534,0.641,0.75,1.7,77.23,synthetic_geological_survey
9757,Mine_09757,Salt,0.925,0.205,0.775,3.0,107.9,synthetic_geological_survey
9758,Mine_09758,Iron Ore,0.568,0.325,0.747,4.63,29.0,synthetic_geological_survey
9759,Mine_09759,Limestone,0.614,0.512,0.737,1.79,137.03,synthetic_geological_survey
9760,Mine_09760,Limestone,0.604,0.503,0.688,0.82,75.86,synthetic_geological_survey
9761,Mine_09761,Salt,1.066,0.237,0.5,1.83,53.55,synthetic_geological_survey
9762,Mine_09762,Silica Sand,0.347,0.607,0.746,0.61,175.48,synthetic_geological_survey
9763,Mine_09763,Limestone,0.581,0.484,0.401,4.24,195.25,synthetic_geological_survey
9764,Mine_09764,Limestone,0.641,0.534,0.336,3.18,192.51,synthetic_geological_survey
9765,Mine_09765,Salt,0.936,0.208,0.506,1.63,96.96,synthetic_geological_survey
9766,Mine_09766,Granite,0.656,0.246,0.737,4.89,142.07,synthetic_geological_survey
9767,Mine_09767,Granite,0.892,0.334,0.201,2.82,174.93,synthetic_geological_survey
9768,Mine_09768,Sandstone,0.53,0.635,0.334,3.17,30.64,synthetic_geological_survey
9769,Mine_09769,Sandstone,0.576,0.691,0.252,1.87,105.8,synthetic_geological_survey
9770,Mine_09770,Iron Ore,0.766,0.438,0.408,3.59,136.39,synthetic_geological_survey
9771,Mine_09771,Sand,0.338,0.901,0.738,1.7,194.79,synthetic_geological_survey
9772,Mine_09772,Marble,0.646,0.302,0.588,4.31,59.91,synthetic_geological_survey
9773,Mine_09773,Limestone,0.666,0.555,0.318,4.78,92.25,synthetic_geological_survey
9774,Mine_09774,Sandstone,0.485,0.581,0.281,3.83,20.03,synthetic_geological_survey
9775,Mine_09775,Salt,0.816,0.181,0.293,1.75,92.9,synthetic_geological_survey
9776,Mine_09776,Iron Ore,0.611,0.349,0.506,3.29,154.81,synthetic_geological_survey
9777,Mine_09777,Iron Ore,0.663,0.379,0.504,0.96,165.61,synthetic_geological_survey
9778,Mine_09778,Salt,1.006,0.223,0.446,0.68,45.39,synthetic_geological_survey
9779,Mine_09779,Limestone,0.559,0.466,0.621,0.82,134.54,synthetic_geological_survey
9780,Mine_09780,Marble,0.893,0.417,0.528,3.63,107.29,synthetic_geological_survey
9781,Mine_09781,Granite,0.797,0.299,0.482,4.77,64.65,synthetic_geological_survey
9782,Mine_09782,Silica Sand,0.364,0.636,0.666,4.97,131.9,synthetic_geological_survey
9783,Mine_09783,Limestone,0.533,0.444,0.744,3.6,95.41,synthetic_geological_survey
9784,Mine_09784,Limestone,0.625,0.521,0.428,0.53,72.57,synthetic_geological_survey
9785,Mine_09785,Granite,0.787,0.295,0.452,2.71,33.54,synthetic_geological_survey
9786,Mine_09786,Granite,0.847,0.318,0.552,1.51,152.94,synthetic_geological_survey
9787,Mine_09787,Granite,0.928,0.348,0.424,0.78,191.45,synthetic_geological_survey
9788,Mine_09788,Granite,0.761,0.286,0.591,4.17,139.4,synthetic_geological_survey
9789,Mine_09789,Salt,0.978,0.217,0.47,1.99,137.59,synthetic_geological_survey
9790,Mine_09790,Granite,0.78,0.292,0.324,3.65,27.36,synthetic_geological_survey
9791,Mine_09791,Sand,0.345,0.919,0.262,1.29,33.39,synthetic_geological_survey
9792,Mine_09792,Marble,0.633,0.296,0.266,3.5,87.8,synthetic_geological_survey
9793,Mine_09793,Sand,0.305,0.814,0.544,3.06,43.23,synthetic_geological_survey
9794,Mine_09794,Sandstone,0.579,0.695,0.7,2.96,23.98,synthetic_geological_survey
9795,Mine_09795,Silica Sand,0.437,0.765,0.304,2.24,196.14,synthetic_geological_survey
9796,Mine_09796,Sand,0.269,0.718,0.328,3.35,195.68,synthetic_geological_survey
9797,Mine_09797,Marble,0.836,0.39,0.275,3.5,63.19,synthetic_geological_survey
9798,Mine_09798,Silica Sand,0.321,0.563,0.218,2.93,161.16,synthetic_geological_survey
9799,Mine_09799,Salt,1.037,0.23,0.75,3.06,105.99,synthetic_geological_survey
9800,Mine_09800,Sandstone,0.553,0.663,0.416,2.86,151.81,synthetic_geological_survey
9801,Mine_09801,Sandstone,0.444,0.533,0.659,2.48,152.12,synthetic_geological_survey
9802,Mine_09802,Iron Ore,0.691,0.395,0.598,0.75,56.07,synthetic_geological_survey
9803,Mine_09803,Marble,0.603,0.281,0.564,4.66,37.98,synthetic_geological_survey
9804,Mine_09804,Sand,0.265,0.707,0.407,4.29,100.95,synthetic_geological_survey
9805,Mine_09805,Sand,0.353,0.941,0.678,0.59,31.05,synthetic_geological_survey
9806,Mine_09806,Granite,0.781,0.293,0.205,2.88,130.69,synthetic_geological_survey
9807,Mine_09807,Sand,0.295,0.787,0.576,2.94,139.51,synthetic_geological_survey
9808,Mine_09808,Limestone,0.676,0.563,0.688,4.32,65.41,synthetic_geological_survey
9809,Mine_09809,Sandstone,0.433,0.52,0.238,3.06,39.26,synthetic_geological_survey
9810,Mine_09810,Salt,1.015,0.226,0.285,1.61,62.36,synthetic_geological_survey
9811,Mine_09811,Marble,0.617,0.288,0.331,3.57,23.75,synthetic_geological_survey
9812,Mine_09812,Granite,0.925,0.347,0.427,3.47,23.16,synthetic_geological_survey
9813,Mine_09813,Salt,0.748,0.166,0.796,0.54,149.74,synthetic_geological_survey
9814,Mine_09814,Salt,0.727,0.162,0.444,2.92,101.64,synthetic_geological_survey
9815,Mine_09815,Salt,0.901,0.2,0.52,0.63,101.22,synthetic_geological_survey
9816,Mine_09816,Iron Ore,0.675,0.386,0.372,3.26,20.22,synthetic_geological_survey
9817,Mine_09817,Limestone,0.56,0.466,0.476,3.28,108.53,synthetic_geological_survey
9818,Mine_09818,Iron Ore,0.839,0.479,0.616,0.55,31.74,synthetic_geological_survey
9819,Mine_09819,Marble,0.647,0.302,0.456,3.54,88.79,synthetic_geological_survey
9820,Mine_09820,Iron Ore,0.628,0.359,0.58,4.96,97.61,synthetic_geological_survey
9821,Mine_09821,Marble,0.826,0.385,0.776,4.41,87.76,synthetic_geological_survey
9822,Mine_09822,Sandstone,0.471,0.565,0.63,4.9,84.33,synthetic_geological_survey
9823,Mine_09823,Marble,0.876,0.409,0.301,4.14,154.53,synthetic_geological_survey
9824,Mine_09824,Sandstone,0.476,0.572,0.768,4.88,52.86,synthetic_geological_survey
9825,Mine_09825,Silica Sand,0.405,0.708,0.646,0.69,123.29,synthetic_geological_survey
9826,Mine_09826,Iron Ore,0.625,0.357,0.619,3.06,38.03,synthetic_geological_survey
9827,Mine_09827,Sand,0.271,0.724,0.568,4.65,189.94,synthetic_geological_survey
9828,Mine_09828,Sand,0.334,0.891,0.296,0.58,174.57,synthetic_geological_survey
9829,Mine_09829,Silica Sand,0.449,0.786,0.775,1.46,36.0,synthetic_geological_survey
9830,Mine_09830,Sand,0.342,0.912,0.603,4.44,66.69,synthetic_geological_survey
9831,Mine_09831,Salt,0.858,0.191,0.218,4.07,128.53,synthetic_geological_survey
9832,Mine_09832,Iron Ore,0.629,0.359,0.543,3.33,44.04,synthetic_geological_survey
9833,Mine_09833,Marble,0.735,0.343,0.288,3.51,150.6,synthetic_geological_survey
9834,Mine_09834,Iron Ore,0.713,0.408,0.463,0.56,149.06,synthetic_geological_survey
9835,Mine_09835,Sandstone,0.543,0.652,0.266,2.04,92.85,synthetic_geological_survey
9836,Mine_09836,Sandstone,0.402,0.483,0.69,2.85,154.65,synthetic_geological_survey
9837,Mine_09837,Silica Sand,0.441,0.771,0.493,3.59,26.09,synthetic_geological_survey
9838,Mine_09838,Salt,0.981,0.218,0.299,1.37,71.31,synthetic_geological_survey
9839,Mine_09839,Marble,0.62,0.289,0.375,2.29,136.58,synthetic_geological_survey
9840,Mine_09840,Marble,0.803,0.375,0.685,1.78,198.44,synthetic_geological_survey
9841,Mine_09841,Salt,0.936,0.208,0.395,2.89,84.83,synthetic_geological_survey
9842,Mine_09842,Limestone,0.658,0.548,0.27,1.84,76.14,synthetic_geological_survey
9843,Mine_09843,Marble,0.796,0.371,0.363,4.15,147.6,synthetic_geological_survey
9844,Mine_09844,Iron Ore,0.687,0.392,0.669,4.86,57.97,synthetic_geological_survey
9845,Mine_09845,Silica Sand,0.472,0.825,0.277,2.32,24.17,synthetic_geological_survey
9846,Mine_09846,Granite,0.732,0.274,0.601,1.43,196.2,synthetic_geological_survey
9847,Mine_09847,Salt,0.798,0.177,0.494,3.04,82.78,synthetic_geological_survey
9848,Mine_09848,Limestone,0.65,0.541,0.75,3.39,134.62,synthetic_geological_survey
9849,Mine_09849,Sandstone,0.578,0.693,0.584,3.79,142.34,synthetic_geological_survey
9850,Mine_09850,Granite,0.883,0.331,0.707,2.79,198.54,synthetic_geological_survey
9851,Mine_09851,Sand,0.267,0.712,0.399,4.83,130.72,synthetic_geological_survey
9852,Mine_09852,Silica Sand,0.432,0.757,0.408,1.75,45.95,synthetic_geological_survey
9853,Mine_09853,Sandstone,0.533,0.64,0.727,0.7,197.99,synthetic_geological_survey
9854,Mine_09854,Limestone,0.565,0.471,0.558,4.34,48.29,synthetic_geological_survey
9855,Mine_09855,Silica Sand,0.474,0.829,0.206,3.86,164.16,synthetic_geological_survey
9856,Mine_09856,Iron Ore,0.61,0.348,0.724,1.81,102.11,synthetic_geological_survey
9857,Mine_09857,Limestone,0.586,0.488,0.755,4.93,150.84,synthetic_geological_survey
9858,Mine_09858,Marble,0.746,0.348,0.747,4.26,140.71,synthetic_geological_survey
9859,Mine_09859,Salt,0.968,0.215,0.677,2.91,118.03,synthetic_geological_survey
9860,Mine_09860,Iron Ore,0.75,0.429,0.408,2.09,173.43,synthetic_geological_survey
9861,Mine_09861,Sandstone,0.484,0.581,0.472,2.05,160.62,synthetic_geological_survey
9862,Mine_09862,Sand,0.28,0.746,0.588,1.67,125.32,synthetic_geological_survey
9863,Mine_09863,Silica Sand,0.457,0.8,0.294,1.73,47.58,synthetic_geological_survey
9864,Mine_09864,Limestone,0.575,0.479,0.291,3.81,172.76,synthetic_geological_survey
9865,Mine_09865,Sand,0.27,0.72,0.403,2.77,197.56,synthetic_geological_survey
9866,Mine_09866,Limestone,0.641,0.534,0.509,2.37,29.72,synthetic_geological_survey
9867,Mine_09867,Salt,0.891,0.198,0.391,1.52,65.34,synthetic_geological_survey
9868,Mine_09868,Iron Ore,0.696,0.398,0.63,0.86,98.36,synthetic_geological_survey
9869,Mine_09869,Granite,0.786,0.295,0.496,4.03,126.6,synthetic_geological_survey
9870,Mine_09870,Granite,0.772,0.29,0.288,0.79,94.35,synthetic_geological_survey
9871,Mine_09871,Sandstone,0.574,0.689,0.279,3.44,97.79,synthetic_geological_survey
9872,Mine_09872,Marble,0.856,0.4,0.635,2.28,38.35,synthetic_geological_survey
9873,Mine_09873,Iron Ore,0.741,0.423,0.698,1.43,136.53,synthetic_geological_survey
9874,Mine_09874,Marble,0.824,0.385,0.388,3.79,33.18,synthetic_geological_survey
9875,Mine_09875,Iron Ore,0.62,0.354,0.286,3.48,106.47,synthetic_geological_survey
9876,Mine_09876,Granite,0.793,0.297,0.293,2.22,169.93,synthetic_geological_survey
9877,Mine_09877,Sandstone,0.454,0.545,0.42,3.04,54.43,synthetic_geological_survey
9878,Mine_09878,Granite,0.853,0.32,0.312,4.4,60.09,synthetic_geological_survey
9879,Mine_09879,Sandstone,0.6,0.72,0.51,4.82,199.33,synthetic_geological_survey
9880,Mine_09880,Limestone,0.594,0.495,0.407,4.32,40.26,synthetic_geological_survey
9881,Mine_09881,Limestone,0.681,0.567,0.708,3.69,65.37,synthetic_geological_survey
9882,Mine_09882,Sandstone,0.422,0.507,0.335,3.79,184.19,synthetic_geological_survey
9883,Mine_09883,Silica Sand,0.336,0.588,0.209,2.79,70.17,synthetic_geological_survey
9884,Mine_09884,Marble,0.875,0.408,0.57,1.32,189.34,synthetic_geological_survey
9885,Mine_09885,Salt,1.041,0.231,0.672,3.06,93.39,synthetic_geological_survey
9886,Mine_09886,Marble,0.881,0.411,0.296,2.08,55.05,synthetic_geological_survey
9887,Mine_09887,Limestone,0.718,0.599,0.214,2.65,123.3,synthetic_geological_survey
9888,Mine_09888,Marble,0.88,0.411,0.762,1.33,147.74,synthetic_geological_survey
9889,Mine_09889,Sand,0.251,0.67,0.346,2.38,162.83,synthetic_geological_survey
9890,Mine_09890,Salt,0.896,0.199,0.498,1.33,28.81,synthetic_geological_survey
9891,Mine_09891,Marble,0.723,0.338,0.664,3.87,132.71,synthetic_geological_survey
9892,Mine_09892,Sandstone,0.479,0.575,0.374,2.77,178.91,synthetic_geological_survey
9893,Mine_09893,Salt,0.969,0.215,0.588,0.87,28.12,synthetic_geological_survey
9894,Mine_09894,Limestone,0.646,0.538,0.706,3.5,42.52,synthetic_geological_survey
9895,Mine_09895,Marble,0.766,0.357,0.246,1.61,111.81,synthetic_geological_survey
9896,Mine_09896,Silica Sand,0.336,0.587,0.403,3.32,70.14,synthetic_geological_survey
9897,Mine_09897,Granite,0.825,0.309,0.594,2.84,178.59,synthetic_geological_survey
9898,Mine_09898,Granite,0.811,0.304,0.545,0.92,175.78,synthetic_geological_survey
9899,Mine_09899,Granite,0.812,0.305,0.345,2.03,96.6,synthetic_geological_survey
9900,Mine_09900,Limestone,0.491,0.41,0.797,4.89,38.76,synthetic_geological_survey
9901,Mine_09901,Marble,0.894,0.417,0.415,0.73,112.34,synthetic_geological_survey
9902,Mine_09902,Marble,0.835,0.39,0.286,3.88,99.87,synthetic_geological_survey
9903,Mine_09903,Silica Sand,0.339,0.593,0.433,0.63,150.42,synthetic_geological_survey
9904,Mine_09904,Iron Ore,0.617,0.352,0.759,1.16,36.26,synthetic_geological_survey
9905,Mine_09905,Silica Sand,0.401,0.702,0.376,4.67,150.24,synthetic_geological_survey
9906,Mine_09906,Granite,0.67,0.251,0.778,4.53,148.98,synthetic_geological_survey
9907,Mine_09907,Sandstone,0.584,0.701,0.245,1.51,46.78,synthetic_geological_survey
9908,Mine_09908,Salt,1.051,0.234,0.469,0.55,156.16,synthetic_geological_survey
9909,Mine_09909,Marble,0.727,0.339,0.371,0.8,111.65,synthetic_geological_survey
9910,Mine_09910,Salt,0.776,0.173,0.722,2.32,41.03,synthetic_geological_survey
9911,Mine_09911,Sand,0.316,0.843,0.768,3.8,73.73,synthetic_geological_survey
9912,Mine_09912,Sand,0.261,0.695,0.653,0.53,174.02,synthetic_geological_survey
9913,Mine_09913,Sand,0.268,0.713,0.739,3.15,38.93,synthetic_geological_survey
9914,Mine_09914,Sand,0.358,0.955,0.755,3.66,73.07,synthetic_geological_survey
9915,Mine_09915,Granite,0.78,0.292,0.49,0.63,71.42,synthetic_geological_survey
9916,Mine_09916,Sand,0.344,0.917,0.411,4.84,175.38,synthetic_geological_survey
9917,Mine_09917,Iron Ore,0.732,0.418,0.292,4.39,51.26,synthetic_geological_survey
9918,Mine_09918,Iron Ore,0.632,0.361,0.675,3.93,64.53,synthetic_geological_survey
9919,Mine_09919,Limestone,0.612,0.51,0.612,4.12,136.48,synthetic_geological_survey
9920,Mine_09920,Marble,0.658,0.307,0.386,3.7,60.47,synthetic_geological_survey
9921,Mine_09921,Silica Sand,0.325,0.569,0.75,4.51,119.22,synthetic_geological_survey
9922,Mine_09922,Salt,0.74,0.165,0.254,1.03,148.94,synthetic_geological_survey
9923,Mine_09923,Salt,0.815,0.181,0.302,1.32,175.74,synthetic_geological_survey
9924,Mine_09924,Sand,0.359,0.958,0.221,2.88,44.51,synthetic_geological_survey
9925,Mine_09925,Sand,0.267,0.712,0.444,4.06,119.69,synthetic_geological_survey
9926,Mine_09926,Sand,0.352,0.939,0.339,2.4,39.36,synthetic_geological_survey
9927,Mine_09927,Marble,0.822,0.384,0.511,2.64,73.37,synthetic_geological_survey
9928,Mine_09928,Limestone,0.519,0.433,0.301,2.52,135.41,synthetic_geological_survey
9929,Mine_09929,Iron Ore,0.6,0.343,0.54,3.9,153.44,synthetic_geological_survey
9930,Mine_09930,Iron Ore,0.67,0.383,0.449,2.42,132.28,synthetic_geological_survey
9931,Mine_09931,Sandstone,0.436,0.523,0.463,1.49,83.05,synthetic_geological_survey
9932,Mine_09932,Sandstone,0.422,0.506,0.381,2.74,62.74,synthetic_geological_survey
9933,Mine_09933,Iron Ore,0.636,0.364,0.312,0.92,58.12,synthetic_geological_survey
9934,Mine_09934,Granite,0.893,0.335,0.508,4.65,80.7,synthetic_geological_survey
9935,Mine_09935,Silica Sand,0.334,0.584,0.566,3.83,162.34,synthetic_geological_survey
9936,Mine_09936,Iron Ore,0.706,0.403,0.778,1.21,93.12,synthetic_geological_survey
9937,Mine_09937,Limestone,0.675,0.563,0.57,4.38,148.1,synthetic_geological_survey
9938,Mine_09938,Salt,0.989,0.22,0.34,1.25,155.97,synthetic_geological_survey
9939,Mine_09939,Sandstone,0.537,0.645,0.405,2.95,125.37,synthetic_geological_survey
9940,Mine_09940,Silica Sand,0.459,0.804,0.704,4.56,184.58,synthetic_geological_survey
9941,Mine_09941,Sand,0.291,0.777,0.455,3.32,41.84,synthetic_geological_survey
9942,Mine_09942,Salt,0.867,0.193,0.267,4.91,123.27,synthetic_geological_survey
9943,Mine_09943,Iron Ore,0.756,0.432,0.315,4.98,153.22,synthetic_geological_survey
9944,Mine_09944,Sand,0.327,0.871,0.756,4.88,139.71,synthetic_geological_survey
9945,Mine_09945,Sandstone,0.591,0.71,0.676,1.71,54.89,synthetic_geological_survey
9946,Mine_09946,Salt,1.029,0.229,0.334,3.38,66.19,synthetic_geological_survey
9947,Mine_09947,Salt,0.722,0.16,0.67,4.69,174.65,synthetic_geological_survey
9948,Mine_09948,Limestone,0.525,0.437,0.365,1.06,30.56,synthetic_geological_survey
9949,Mine_09949,Salt,1.04,0.231,0.501,3.48,85.67,synthetic_geological_survey
9950,Mine_09950,Limestone,0.503,0.42,0.481,2.39,175.52,synthetic_geological_survey
9951,Mine_09951,Limestone,0.645,0.537,0.648,2.48,101.29,synthetic_geological_survey
9952,Mine_09952,Salt,0.745,0.166,0.502,2.04,167.85,synthetic_geological_survey
9953,Mine_09953,Silica Sand,0.336,0.587,0.226,3.68,98.27,synthetic_geological_survey
9954,Mine_09954,Sandstone,0.435,0.522,0.718,1.99,186.69,synthetic_geological_survey
9955,Mine_09955,Granite,0.824,0.309,0.283,3.44,152.12,synthetic_geological_survey
9956,Mine_09956,Sand,0.258,0.688,0.434,2.88,105.0,synthetic_geological_survey
9957,Mine_09957,Granite,0.661,0.248,0.359,3.27,164.98,synthetic_geological_survey
9958,Mine_09958,Sand,0.314,0.836,0.457,3.7,97.5,synthetic_geological_survey
9959,Mine_09959,Marble,0.672,0.314,0.329,2.25,91.17,synthetic_geological_survey
9960,Mine_09960,Iron Ore,0.778,0.445,0.53,0.94,136.04,synthetic_geological_survey
9961,Mine_09961,Salt,0.903,0.201,0.301,4.36,181.77,synthetic_geological_survey
9962,Mine_09962,Granite,0.875,0.328,0.407,4.11,92.34,synthetic_geological_survey
9963,Mine_09963,Silica Sand,0.338,0.592,0.223,2.2,118.2,synthetic_geological_survey
9964,Mine_09964,Salt,0.743,0.165,0.642,0.66,69.13,synthetic_geological_survey
9965,Mine_09965,Granite,0.896,0.336,0.201,2.03,96.34,synthetic_geological_survey
9966,Mine_09966,Limestone,0.59,0.491,0.252,4.85,162.6,synthetic_geological_survey
9967,Mine_09967,Granite,0.76,0.285,0.695,0.73,24.75,synthetic_geological_survey
9968,Mine_09968,Iron Ore,0.783,0.447,0.214,2.26,29.73,synthetic_geological_survey
9969,Mine_09969,Limestone,0.566,0.472,0.472,1.79,74.92,synthetic_geological_survey
9970,Mine_09970,Iron Ore,0.764,0.437,0.31,0.59,182.7,synthetic_geological_survey
9971,Mine_09971,Sandstone,0.51,0.612,0.218,4.22,30.04,synthetic_geological_survey
9972,Mine_09972,Silica Sand,0.427,0.747,0.67,4.55,115.38,synthetic_geological_survey
9973,Mine_09973,Sandstone,0.504,0.605,0.508,5.0,48.53,synthetic_geological_survey
9974,Mine_09974,Iron Ore,0.567,0.324,0.451,4.07,168.78,synthetic_geological_survey
9975,Mine_09975,Iron Ore,0.688,0.393,0.709,2.79,22.09,synthetic_geological_survey
9976,Mine_09976,Marble,0.777,0.363,0.7,3.7,165.89,synthetic_geological_survey
9977,Mine_09977,Salt,0.784,0.174,0.307,5.0,129.85,synthetic_geological_survey
9978,Mine_09978,Granite,0.688,0.258,0.439,1.48,27.96,synthetic_geological_survey
9979,Mine_09979,Iron Ore,0.718,0.41,0.789,4.87,170.43,synthetic_geological_survey
9980,Mine_09980,Silica Sand,0.422,0.738,0.599,4.79,141.76,synthetic_geological_survey
9981,Mine_09981,Silica Sand,0.411,0.719,0.558,2.29,149.21,synthetic_geological_survey
9982,Mine_09982,Iron Ore,0.834,0.477,0.49,2.88,112.91,synthetic_geological_survey
9983,Mine_09983,Limestone,0.552,0.46,0.438,4.83,65.67,synthetic_geological_survey
9984,Mine_09984,Granite,0.795,0.298,0.243,4.45,127.57,synthetic_geological_survey
9985,Mine_09985,Salt,0.763,0.17,0.285,1.07,75.46,synthetic_geological_survey
9986,Mine_09986,Salt,0.876,0.195,0.405,0.58,187.48,synthetic_geological_survey
9987,Mine_09987,Sand,0.243,0.649,0.311,2.35,32.94,synthetic_geological_survey
9988,Mine_09988,Marble,0.624,0.291,0.374,0.96,176.06,synthetic_geological_survey
9989,Mine_09989,Silica Sand,0.321,0.561,0.453,1.43,32.69,synthetic_geological_survey
9990,Mine_09990,Salt,0.821,0.183,0.344,4.22,94.11,synthetic_geological_survey
9991,Mine_09991,Iron Ore,0.822,0.47,0.61,4.12,109.95,synthetic_geological_survey
9992,Mine_09992,Sand,0.332,0.886,0.297,2.28,64.87,synthetic_geological_survey
9993,Mine_09993,Limestone,0.649,0.541,0.607,3.84,143.32,synthetic_geological_survey
9994,Mine_09994,Iron Ore,0.7,0.4,0.606,1.91,104.37,synthetic_geological_survey
9995,Mine_09995,Salt,1.027,0.228,0.35,2.06,65.32,synthetic_geological_survey
9996,Mine_09996,Silica Sand,0.353,0.618,0.239,3.67,142.58,synthetic_geological_survey
9997,Mine_09997,Granite,0.854,0.32,0.238,1.53,38.61,synthetic_geological_survey
9998,Mine_09998,Granite,0.932,0.35,0.321,3.76,129.55,synthetic_geological_survey
9999,Mine_09999,Limestone,0.602,0.501,0.439,2.43,34.47,synthetic_geological_survey
10000,Mine_10000,Limestone,0.701,0.584,0.464,1.83,82.14,synthetic_geological_survey
